property_id,owner_id,title,locality,city,property_type,listing_type,bhk,area_sqft,price,near_metro,metro_distance_km,occupancy_type,gender_preference,food_included,food_type,description_text,created_at
PROP1001,OWN1058,2 BHK Apartment in North Delhi,North Delhi,Delhi NCR,APARTMENT,RENT,2,970,25434,False,6.6,FULL_FLAT,ANY,False,NONE,"Spacious 2 BHK Apartment Available for Rent in North Delhi. Covered area is 970 sq.ft. Listed price is ₹25,434. Proximity to metro: 6.6 km.",2026-03-11 14:04:18
PROP1002,OWN1280,1 BHK Apartment in Dwarka Sector 21,Dwarka Sector 21,Delhi NCR,APARTMENT,RENT,1,473,40657,True,1.36,FULL_FLAT,ANY,False,NONE,"Spacious 1 BHK Apartment Available for Rent in Dwarka Sector 21. Covered area is 473 sq.ft. Listed price is ₹40,657. Proximity to metro: 1.36 km.",2025-07-30 04:14:53
PROP1003,OWN1014,4 BHK Independent House in Pitampura,Pitampura,Delhi NCR,INDEPENDENT_HOUSE,RENT,4,2024,70878,False,4.1,FULL_FLAT,ANY,False,NONE,"Spacious 4 BHK Independent House Available for Rent in Pitampura. Covered area is 2024 sq.ft. Listed price is ₹70,878. Proximity to metro: 4.1 km.",2025-10-29 11:51:03
PROP1004,OWN1004,3 BHK Builder Floor in Janakpuri,Janakpuri,Delhi NCR,BUILDER_FLOOR,RENT,3,1467,40221,True,0.44,FULL_FLAT,ANY,False,NONE,"Spacious 3 BHK Builder Floor Available for Rent in Janakpuri. Covered area is 1467 sq.ft. Listed price is ₹40,221. Proximity to metro: 0.44 km.",2025-10-10 13:37:18
PROP1005,OWN1195,5 BHK Builder Floor in Vasant Kunj,Vasant Kunj,Delhi NCR,BUILDER_FLOOR,SALE,5,3175,7415909,False,5.08,FULL_FLAT,ANY,False,NONE,"Spacious 5 BHK Builder Floor Available for Sale in Vasant Kunj. Covered area is 3175 sq.ft. Listed price is ₹7,415,909. Proximity to metro: 5.08 km.",2026-04-16 00:44:23
PROP1006,OWN1064,5 BHK Builder Floor in Noida Sector 18,Noida Sector 18,Delhi NCR,BUILDER_FLOOR,SALE,5,3425,43245446,True,1.82,FULL_FLAT,ANY,False,NONE,"Spacious 5 BHK Builder Floor Available for Sale in Noida Sector 18. Covered area is 3425 sq.ft. Listed price is ₹43,245,446. Proximity to metro: 1.82 km.",2026-03-25 04:47:43
PROP1007,OWN1024,2 BHK Apartment in Gurgaon Sector 56,Gurgaon Sector 56,Delhi NCR,APARTMENT,RENT,2,950,61823,True,1.24,FULL_FLAT,ANY,False,NONE,"Spacious 2 BHK Apartment Available for Rent in Gurgaon Sector 56. Covered area is 950 sq.ft. Listed price is ₹61,823. Proximity to metro: 1.24 km.",2026-06-11 21:38:31
PROP1008,OWN1187,3 BHK Apartment in Janakpuri,Janakpuri,Delhi NCR,APARTMENT,SALE,3,1608,15984920,False,6.54,FULL_FLAT,ANY,False,NONE,"Spacious 3 BHK Apartment Available for Sale in Janakpuri. Covered area is 1608 sq.ft. Listed price is ₹15,984,920. Proximity to metro: 6.54 km.",2025-08-21 19:05:41
PROP1009,OWN1084,5 BHK Independent House in Ghaziabad Vasundhara,Ghaziabad Vasundhara,Delhi NCR,INDEPENDENT_HOUSE,SALE,5,3060,26262245,True,0.73,FULL_FLAT,ANY,False,NONE,"Spacious 5 BHK Independent House Available for Sale in Ghaziabad Vasundhara. Covered area is 3060 sq.ft. Listed price is ₹26,262,245. Proximity to metro: 0.73 km.",2025-12-22 03:28:31
PROP1010,OWN1017,2 BHK Apartment in DLF Phase 5,DLF Phase 5,Delhi NCR,APARTMENT,RENT,2,1190,53245,True,1.71,FULL_FLAT,ANY,False,NONE,"Spacious 2 BHK Apartment Available for Rent in DLF Phase 5. Covered area is 1190 sq.ft. Listed price is ₹53,245. Proximity to metro: 1.71 km.",2025-07-31 22:12:18
PROP1011,OWN1203,2 BHK Apartment in Ghaziabad Vasundhara,Ghaziabad Vasundhara,Delhi NCR,APARTMENT,SALE,2,1574,40670153,True,1.92,FULL_FLAT,ANY,False,NONE,"Spacious 2 BHK Apartment Available for Sale in Ghaziabad Vasundhara. Covered area is 1574 sq.ft. Listed price is ₹40,670,153. Proximity to metro: 1.92 km.",2025-10-08 21:32:16
PROP1012,OWN1220,5 BHK Apartment in Noida Sector 76,Noida Sector 76,Delhi NCR,APARTMENT,SALE,5,3760,10600827,True,2.18,FULL_FLAT,ANY,False,NONE,"Spacious 5 BHK Apartment Available for Sale in Noida Sector 76. Covered area is 3760 sq.ft. Listed price is ₹10,600,827. Proximity to metro: 2.18 km.",2026-01-21 14:49:59
PROP1013,OWN1079,1 BHK Builder Floor in Janakpuri,Janakpuri,Delhi NCR,BUILDER_FLOOR,RENT,1,548,62019,False,7.98,FULL_FLAT,ANY,False,NONE,"Spacious 1 BHK Builder Floor Available for Rent in Janakpuri. Covered area is 548 sq.ft. Listed price is ₹62,019. Proximity to metro: 7.98 km.",2025-07-30 17:37:04
PROP1014,OWN1271,1 BHK Pg in Cyber City Gurgaon,Cyber City Gurgaon,Delhi NCR,PG,PG,1,340,7376,False,4.44,TRIPLE_SHARING,UNISEX,True,BOTH,"Well-maintained triple sharing PG for unisexs located at Cyber City Gurgaon. Monthly rent is ₹7,376. Food is included (both). Nearest metro station is 4.44 km away.",2025-10-01 15:58:23
PROP1015,OWN1151,3 BHK Apartment in Greater Noida Pari Chowk,Greater Noida Pari Chowk,Delhi NCR,APARTMENT,SALE,3,2268,16489124,False,7.53,FULL_FLAT,ANY,False,NONE,"Spacious 3 BHK Apartment Available for Sale in Greater Noida Pari Chowk. Covered area is 2268 sq.ft. Listed price is ₹16,489,124. Proximity to metro: 7.53 km.",2026-03-15 09:44:27
PROP1016,OWN1153,3 BHK Apartment in Faridabad Sector 81,Faridabad Sector 81,Delhi NCR,APARTMENT,RENT,3,1935,33174,False,7.75,FULL_FLAT,ANY,False,NONE,"Spacious 3 BHK Apartment Available for Rent in Faridabad Sector 81. Covered area is 1935 sq.ft. Listed price is ₹33,174. Proximity to metro: 7.75 km.",2026-02-05 01:50:10
PROP1017,OWN1272,1 BHK Builder Floor in South Delhi,South Delhi,Delhi NCR,BUILDER_FLOOR,RENT,1,478,59576,True,0.75,FULL_FLAT,ANY,False,NONE,"Spacious 1 BHK Builder Floor Available for Rent in South Delhi. Covered area is 478 sq.ft. Listed price is ₹59,576. Proximity to metro: 0.75 km.",2025-10-09 13:20:22
PROP1018,OWN1124,1 BHK Builder Floor in Dwarka Sector 21,Dwarka Sector 21,Delhi NCR,BUILDER_FLOOR,SALE,1,772,12939645,True,1.72,FULL_FLAT,ANY,False,NONE,"Spacious 1 BHK Builder Floor Available for Sale in Dwarka Sector 21. Covered area is 772 sq.ft. Listed price is ₹12,939,645. Proximity to metro: 1.72 km.",2026-02-21 06:22:17
PROP1019,OWN1282,4 BHK Independent House in Janakpuri,Janakpuri,Delhi NCR,INDEPENDENT_HOUSE,SALE,4,2432,40691547,False,6.33,FULL_FLAT,ANY,False,NONE,"Spacious 4 BHK Independent House Available for Sale in Janakpuri. Covered area is 2432 sq.ft. Listed price is ₹40,691,547. Proximity to metro: 6.33 km.",2026-05-12 16:16:59
PROP1020,OWN1160,1 BHK Pg in Noida Sector 76,Noida Sector 76,Delhi NCR,PG,PG,1,286,19236,True,0.77,DOUBLE_SHARING,UNISEX,False,NONE,"Well-maintained double sharing PG for unisexs located at Noida Sector 76. Monthly rent is ₹19,236. Food is not included. Nearest metro station is 0.77 km away.",2025-07-23 09:58:35
PROP1021,OWN1033,2 BHK Independent House in Noida Sector 62,Noida Sector 62,Delhi NCR,INDEPENDENT_HOUSE,SALE,2,1224,4982569,True,1.83,FULL_FLAT,ANY,False,NONE,"Spacious 2 BHK Independent House Available for Sale in Noida Sector 62. Covered area is 1224 sq.ft. Listed price is ₹4,982,569. Proximity to metro: 1.83 km.",2026-05-11 08:37:41
PROP1022,OWN1031,3 BHK Apartment in Gurgaon Sector 56,Gurgaon Sector 56,Delhi NCR,APARTMENT,SALE,3,1608,39004433,True,0.84,FULL_FLAT,ANY,False,NONE,"Spacious 3 BHK Apartment Available for Sale in Gurgaon Sector 56. Covered area is 1608 sq.ft. Listed price is ₹39,004,433. Proximity to metro: 0.84 km.",2026-04-02 00:43:56
PROP1023,OWN1249,4 BHK Independent House in Preet Vihar,Preet Vihar,Delhi NCR,INDEPENDENT_HOUSE,RENT,4,2048,73993,True,0.64,FULL_FLAT,ANY,False,NONE,"Spacious 4 BHK Independent House Available for Rent in Preet Vihar. Covered area is 2048 sq.ft. Listed price is ₹73,993. Proximity to metro: 0.64 km.",2025-11-22 07:33:51
PROP1024,OWN1050,4 BHK Builder Floor in Greater Noida Pari Chowk,Greater Noida Pari Chowk,Delhi NCR,BUILDER_FLOOR,SALE,4,2108,11104711,True,1.13,FULL_FLAT,ANY,False,NONE,"Spacious 4 BHK Builder Floor Available for Sale in Greater Noida Pari Chowk. Covered area is 2108 sq.ft. Listed price is ₹11,104,711. Proximity to metro: 1.13 km.",2025-09-15 19:54:21
PROP1025,OWN1174,5 BHK Apartment in Vasant Kunj,Vasant Kunj,Delhi NCR,APARTMENT,SALE,5,3645,13907474,True,0.62,FULL_FLAT,ANY,False,NONE,"Spacious 5 BHK Apartment Available for Sale in Vasant Kunj. Covered area is 3645 sq.ft. Listed price is ₹13,907,474. Proximity to metro: 0.62 km.",2026-07-05 15:42:36
PROP1026,OWN1237,1 BHK Pg in Gurgaon Golf Course Road,Gurgaon Golf Course Road,Delhi NCR,PG,PG,1,139,21520,True,2.33,TRIPLE_SHARING,MALE,True,VEG,"Well-maintained triple sharing PG for males located at Gurgaon Golf Course Road. Monthly rent is ₹21,520. Food is included (veg). Nearest metro station is 2.33 km away.",2025-11-20 23:31:01
PROP1027,OWN1122,2 BHK Builder Floor in Janakpuri,Janakpuri,Delhi NCR,BUILDER_FLOOR,RENT,2,1104,19685,True,1.07,FULL_FLAT,ANY,False,NONE,"Spacious 2 BHK Builder Floor Available for Rent in Janakpuri. Covered area is 1104 sq.ft. Listed price is ₹19,685. Proximity to metro: 1.07 km.",2025-08-23 21:59:52
PROP1028,OWN1200,1 BHK Pg in Cyber City Gurgaon,Cyber City Gurgaon,Delhi NCR,PG,PG,1,320,21909,True,0.64,DOUBLE_SHARING,FEMALE,False,NONE,"Well-maintained double sharing PG for females located at Cyber City Gurgaon. Monthly rent is ₹21,909. Food is not included. Nearest metro station is 0.64 km away.",2025-08-25 08:48:09
PROP1029,OWN1112,1 BHK Independent House in West Delhi,West Delhi,Delhi NCR,INDEPENDENT_HOUSE,RENT,1,641,53104,True,0.32,FULL_FLAT,ANY,False,NONE,"Spacious 1 BHK Independent House Available for Rent in West Delhi. Covered area is 641 sq.ft. Listed price is ₹53,104. Proximity to metro: 0.32 km.",2026-05-26 13:56:31
PROP1030,OWN1245,1 BHK Pg in Faridabad Sector 81,Faridabad Sector 81,Delhi NCR,PG,PG,1,255,12158,True,1.57,SINGLE,UNISEX,True,VEG,"Well-maintained single PG for unisexs located at Faridabad Sector 81. Monthly rent is ₹12,158. Food is included (veg). Nearest metro station is 1.57 km away.",2026-02-26 13:07:38
PROP1031,OWN1121,2 BHK Independent House in Noida Sector 76,Noida Sector 76,Delhi NCR,INDEPENDENT_HOUSE,SALE,2,1592,44397505,True,1.62,FULL_FLAT,ANY,False,NONE,"Spacious 2 BHK Independent House Available for Sale in Noida Sector 76. Covered area is 1592 sq.ft. Listed price is ₹44,397,505. Proximity to metro: 1.62 km.",2026-05-11 20:06:09
PROP1032,OWN1215,2 BHK Builder Floor in Faridabad Neharpar,Faridabad Neharpar,Delhi NCR,BUILDER_FLOOR,SALE,2,1320,20517943,True,1.11,FULL_FLAT,ANY,False,NONE,"Spacious 2 BHK Builder Floor Available for Sale in Faridabad Neharpar. Covered area is 1320 sq.ft. Listed price is ₹20,517,943. Proximity to metro: 1.11 km.",2026-04-13 13:39:49
PROP1033,OWN1154,1 BHK Apartment in Ghaziabad Vasundhara,Ghaziabad Vasundhara,Delhi NCR,APARTMENT,SALE,1,734,42281863,True,0.37,FULL_FLAT,ANY,False,NONE,"Spacious 1 BHK Apartment Available for Sale in Ghaziabad Vasundhara. Covered area is 734 sq.ft. Listed price is ₹42,281,863. Proximity to metro: 0.37 km.",2026-02-01 21:27:24
PROP1034,OWN1110,1 BHK Builder Floor in Faridabad Sector 81,Faridabad Sector 81,Delhi NCR,BUILDER_FLOOR,SALE,1,625,29298543,True,0.56,FULL_FLAT,ANY,False,NONE,"Spacious 1 BHK Builder Floor Available for Sale in Faridabad Sector 81. Covered area is 625 sq.ft. Listed price is ₹29,298,543. Proximity to metro: 0.56 km.",2026-07-11 11:06:33
PROP1035,OWN1279,1 BHK Independent House in Sohna Road Gurgaon,Sohna Road Gurgaon,Delhi NCR,INDEPENDENT_HOUSE,RENT,1,620,84692,True,2.34,FULL_FLAT,ANY,False,NONE,"Spacious 1 BHK Independent House Available for Rent in Sohna Road Gurgaon. Covered area is 620 sq.ft. Listed price is ₹84,692. Proximity to metro: 2.34 km.",2025-12-06 07:09:05
PROP1036,OWN1054,5 BHK Apartment in Hauz Khas,Hauz Khas,Delhi NCR,APARTMENT,SALE,5,2895,22776979,True,1.59,FULL_FLAT,ANY,False,NONE,"Spacious 5 BHK Apartment Available for Sale in Hauz Khas. Covered area is 2895 sq.ft. Listed price is ₹22,776,979. Proximity to metro: 1.59 km.",2026-02-07 16:03:56
PROP1037,OWN1176,4 BHK Builder Floor in Preet Vihar,Preet Vihar,Delhi NCR,BUILDER_FLOOR,RENT,4,2056,18658,True,1.66,FULL_FLAT,ANY,False,NONE,"Spacious 4 BHK Builder Floor Available for Rent in Preet Vihar. Covered area is 2056 sq.ft. Listed price is ₹18,658. Proximity to metro: 1.66 km.",2026-05-19 23:22:20
PROP1038,OWN1142,3 BHK Apartment in East Delhi,East Delhi,Delhi NCR,APARTMENT,SALE,3,1746,34151079,False,6.41,FULL_FLAT,ANY,False,NONE,"Spacious 3 BHK Apartment Available for Sale in East Delhi. Covered area is 1746 sq.ft. Listed price is ₹34,151,079. Proximity to metro: 6.41 km.",2026-03-03 22:48:20
PROP1039,OWN1288,2 BHK Independent House in South Delhi,South Delhi,Delhi NCR,INDEPENDENT_HOUSE,SALE,2,1558,6917807,True,1.54,FULL_FLAT,ANY,False,NONE,"Spacious 2 BHK Independent House Available for Sale in South Delhi. Covered area is 1558 sq.ft. Listed price is ₹6,917,807. Proximity to metro: 1.54 km.",2026-05-31 18:31:33
PROP1040,OWN1076,3 BHK Builder Floor in Greater Noida Pari Chowk,Greater Noida Pari Chowk,Delhi NCR,BUILDER_FLOOR,SALE,3,1560,28512171,True,1.77,FULL_FLAT,ANY,False,NONE,"Spacious 3 BHK Builder Floor Available for Sale in Greater Noida Pari Chowk. Covered area is 1560 sq.ft. Listed price is ₹28,512,171. Proximity to metro: 1.77 km.",2026-02-16 21:56:25
PROP1041,OWN1053,2 BHK Builder Floor in Noida Sector 150,Noida Sector 150,Delhi NCR,BUILDER_FLOOR,RENT,2,1020,33299,True,2.23,FULL_FLAT,ANY,False,NONE,"Spacious 2 BHK Builder Floor Available for Rent in Noida Sector 150. Covered area is 1020 sq.ft. Listed price is ₹33,299. Proximity to metro: 2.23 km.",2026-04-04 09:07:03
PROP1042,OWN1013,4 BHK Builder Floor in Lajpat Nagar,Lajpat Nagar,Delhi NCR,BUILDER_FLOOR,RENT,4,2484,44527,True,0.57,FULL_FLAT,ANY,False,NONE,"Spacious 4 BHK Builder Floor Available for Rent in Lajpat Nagar. Covered area is 2484 sq.ft. Listed price is ₹44,527. Proximity to metro: 0.57 km.",2025-08-06 18:41:43
PROP1043,OWN1056,1 BHK Pg in Noida Sector 18,Noida Sector 18,Delhi NCR,PG,PG,1,339,22423,True,0.9,SINGLE,MALE,False,NONE,"Well-maintained single PG for males located at Noida Sector 18. Monthly rent is ₹22,423. Food is not included. Nearest metro station is 0.9 km away.",2025-10-12 06:42:41
PROP1044,OWN1117,4 BHK Apartment in Gurgaon Sector 56,Gurgaon Sector 56,Delhi NCR,APARTMENT,SALE,4,2672,23196734,True,2.42,FULL_FLAT,ANY,False,NONE,"Spacious 4 BHK Apartment Available for Sale in Gurgaon Sector 56. Covered area is 2672 sq.ft. Listed price is ₹23,196,734. Proximity to metro: 2.42 km.",2025-11-03 17:42:55
PROP1045,OWN1143,3 BHK Builder Floor in Noida Sector 150,Noida Sector 150,Delhi NCR,BUILDER_FLOOR,RENT,3,1371,27118,True,0.61,FULL_FLAT,ANY,False,NONE,"Spacious 3 BHK Builder Floor Available for Rent in Noida Sector 150. Covered area is 1371 sq.ft. Listed price is ₹27,118. Proximity to metro: 0.61 km.",2025-08-19 04:26:50
PROP1046,OWN1136,3 BHK Builder Floor in East Delhi,East Delhi,Delhi NCR,BUILDER_FLOOR,SALE,3,1980,33785897,False,7.91,FULL_FLAT,ANY,False,NONE,"Spacious 3 BHK Builder Floor Available for Sale in East Delhi. Covered area is 1980 sq.ft. Listed price is ₹33,785,897. Proximity to metro: 7.91 km.",2025-10-14 01:35:56
PROP1047,OWN1060,1 BHK Pg in Noida Sector 18,Noida Sector 18,Delhi NCR,PG,PG,1,168,15346,True,1.4,SINGLE,UNISEX,False,NONE,"Well-maintained single PG for unisexs located at Noida Sector 18. Monthly rent is ₹15,346. Food is not included. Nearest metro station is 1.4 km away.",2025-08-26 22:21:51
PROP1048,OWN1276,3 BHK Apartment in Pitampura,Pitampura,Delhi NCR,APARTMENT,SALE,3,1980,12863463,False,7.46,FULL_FLAT,ANY,False,NONE,"Spacious 3 BHK Apartment Available for Sale in Pitampura. Covered area is 1980 sq.ft. Listed price is ₹12,863,463. Proximity to metro: 7.46 km.",2025-10-30 13:39:35
PROP1049,OWN1260,4 BHK Builder Floor in Sohna Road Gurgaon,Sohna Road Gurgaon,Delhi NCR,BUILDER_FLOOR,RENT,4,2512,50752,False,3.29,FULL_FLAT,ANY,False,NONE,"Spacious 4 BHK Builder Floor Available for Rent in Sohna Road Gurgaon. Covered area is 2512 sq.ft. Listed price is ₹50,752. Proximity to metro: 3.29 km.",2026-03-10 05:16:02
PROP1050,OWN1216,3 BHK Apartment in Noida Sector 18,Noida Sector 18,Delhi NCR,APARTMENT,RENT,3,1659,83819,True,0.9,FULL_FLAT,ANY,False,NONE,"Spacious 3 BHK Apartment Available for Rent in Noida Sector 18. Covered area is 1659 sq.ft. Listed price is ₹83,819. Proximity to metro: 0.9 km.",2025-12-01 07:02:28
PROP1051,OWN1108,3 BHK Independent House in Greater Noida Pari Chowk,Greater Noida Pari Chowk,Delhi NCR,INDEPENDENT_HOUSE,RENT,3,1707,69905,True,1.75,FULL_FLAT,ANY,False,NONE,"Spacious 3 BHK Independent House Available for Rent in Greater Noida Pari Chowk. Covered area is 1707 sq.ft. Listed price is ₹69,905. Proximity to metro: 1.75 km.",2025-12-03 05:55:39
PROP1052,OWN1262,2 BHK Independent House in Ghaziabad Raj Nagar Extension,Ghaziabad Raj Nagar Extension,Delhi NCR,INDEPENDENT_HOUSE,RENT,2,1236,23114,True,1.39,FULL_FLAT,ANY,False,NONE,"Spacious 2 BHK Independent House Available for Rent in Ghaziabad Raj Nagar Extension. Covered area is 1236 sq.ft. Listed price is ₹23,114. Proximity to metro: 1.39 km.",2025-10-05 13:29:54
PROP1053,OWN1172,1 BHK Pg in Dwarka Sector 21,Dwarka Sector 21,Delhi NCR,PG,PG,1,312,14696,True,0.26,TRIPLE_SHARING,FEMALE,True,VEG,"Well-maintained triple sharing PG for females located at Dwarka Sector 21. Monthly rent is ₹14,696. Food is included (veg). Nearest metro station is 0.26 km away.",2025-10-26 13:16:24
PROP1054,OWN1126,4 BHK Apartment in Ghaziabad Raj Nagar Extension,Ghaziabad Raj Nagar Extension,Delhi NCR,APARTMENT,RENT,4,2224,37485,False,6.36,FULL_FLAT,ANY,False,NONE,"Spacious 4 BHK Apartment Available for Rent in Ghaziabad Raj Nagar Extension. Covered area is 2224 sq.ft. Listed price is ₹37,485. Proximity to metro: 6.36 km.",2026-06-28 03:29:57
PROP1055,OWN1254,1 BHK Independent House in Noida Sector 76,Noida Sector 76,Delhi NCR,INDEPENDENT_HOUSE,SALE,1,554,33031078,True,0.6,FULL_FLAT,ANY,False,NONE,"Spacious 1 BHK Independent House Available for Sale in Noida Sector 76. Covered area is 554 sq.ft. Listed price is ₹33,031,078. Proximity to metro: 0.6 km.",2026-03-14 17:31:57
PROP1056,OWN1266,1 BHK Apartment in Ghaziabad Vasundhara,Ghaziabad Vasundhara,Delhi NCR,APARTMENT,SALE,1,733,13448235,True,1.74,FULL_FLAT,ANY,False,NONE,"Spacious 1 BHK Apartment Available for Sale in Ghaziabad Vasundhara. Covered area is 733 sq.ft. Listed price is ₹13,448,235. Proximity to metro: 1.74 km.",2026-02-28 12:30:22
PROP1057,OWN1287,1 BHK Pg in DLF Phase 5,DLF Phase 5,Delhi NCR,PG,PG,1,348,21502,False,5.01,TRIPLE_SHARING,UNISEX,False,NONE,"Well-maintained triple sharing PG for unisexs located at DLF Phase 5. Monthly rent is ₹21,502. Food is not included. Nearest metro station is 5.01 km away.",2025-09-21 13:10:13
PROP1058,OWN1082,3 BHK Apartment in Ghaziabad Raj Nagar Extension,Ghaziabad Raj Nagar Extension,Delhi NCR,APARTMENT,RENT,3,1938,80327,True,1.64,FULL_FLAT,ANY,False,NONE,"Spacious 3 BHK Apartment Available for Rent in Ghaziabad Raj Nagar Extension. Covered area is 1938 sq.ft. Listed price is ₹80,327. Proximity to metro: 1.64 km.",2026-04-13 08:21:37
PROP1059,OWN1141,2 BHK Builder Floor in Ghaziabad Indirapuram,Ghaziabad Indirapuram,Delhi NCR,BUILDER_FLOOR,SALE,2,1278,27038346,True,2.25,FULL_FLAT,ANY,False,NONE,"Spacious 2 BHK Builder Floor Available for Sale in Ghaziabad Indirapuram. Covered area is 1278 sq.ft. Listed price is ₹27,038,346. Proximity to metro: 2.25 km.",2025-09-18 17:21:25
PROP1060,OWN1042,2 BHK Builder Floor in Hauz Khas,Hauz Khas,Delhi NCR,BUILDER_FLOOR,SALE,2,1218,8810325,True,1.14,FULL_FLAT,ANY,False,NONE,"Spacious 2 BHK Builder Floor Available for Sale in Hauz Khas. Covered area is 1218 sq.ft. Listed price is ₹8,810,325. Proximity to metro: 1.14 km.",2025-12-06 15:13:31
PROP1061,OWN1278,4 BHK Apartment in Ghaziabad Vasundhara,Ghaziabad Vasundhara,Delhi NCR,APARTMENT,RENT,4,2196,14560,False,4.65,FULL_FLAT,ANY,False,NONE,"Spacious 4 BHK Apartment Available for Rent in Ghaziabad Vasundhara. Covered area is 2196 sq.ft. Listed price is ₹14,560. Proximity to metro: 4.65 km.",2026-07-17 10:56:03
PROP1062,OWN1004,4 BHK Builder Floor in Noida Sector 150,Noida Sector 150,Delhi NCR,BUILDER_FLOOR,SALE,4,3100,41150318,False,7.45,FULL_FLAT,ANY,False,NONE,"Spacious 4 BHK Builder Floor Available for Sale in Noida Sector 150. Covered area is 3100 sq.ft. Listed price is ₹41,150,318. Proximity to metro: 7.45 km.",2026-03-11 19:05:39
PROP1063,OWN1250,1 BHK Builder Floor in Gurgaon Sector 56,Gurgaon Sector 56,Delhi NCR,BUILDER_FLOOR,SALE,1,699,27057271,False,6.27,FULL_FLAT,ANY,False,NONE,"Spacious 1 BHK Builder Floor Available for Sale in Gurgaon Sector 56. Covered area is 699 sq.ft. Listed price is ₹27,057,271. Proximity to metro: 6.27 km.",2026-02-09 11:05:52
PROP1064,OWN1208,1 BHK Pg in Janakpuri,Janakpuri,Delhi NCR,PG,PG,1,152,24502,False,4.91,SINGLE,FEMALE,True,VEG,"Well-maintained single PG for females located at Janakpuri. Monthly rent is ₹24,502. Food is included (veg). Nearest metro station is 4.91 km away.",2026-03-28 02:10:27
PROP1065,OWN1237,3 BHK Builder Floor in Lajpat Nagar,Lajpat Nagar,Delhi NCR,BUILDER_FLOOR,SALE,3,1824,35014355,True,0.98,FULL_FLAT,ANY,False,NONE,"Spacious 3 BHK Builder Floor Available for Sale in Lajpat Nagar. Covered area is 1824 sq.ft. Listed price is ₹35,014,355. Proximity to metro: 0.98 km.",2026-05-24 21:14:51
PROP1066,OWN1195,3 BHK Builder Floor in Golf Course Extension Road,Golf Course Extension Road,Delhi NCR,BUILDER_FLOOR,RENT,3,1410,73644,True,1.92,FULL_FLAT,ANY,False,NONE,"Spacious 3 BHK Builder Floor Available for Rent in Golf Course Extension Road. Covered area is 1410 sq.ft. Listed price is ₹73,644. Proximity to metro: 1.92 km.",2026-04-30 11:14:20
PROP1067,OWN1027,1 BHK Apartment in Noida Sector 150,Noida Sector 150,Delhi NCR,APARTMENT,SALE,1,515,21094901,True,2.13,FULL_FLAT,ANY,False,NONE,"Spacious 1 BHK Apartment Available for Sale in Noida Sector 150. Covered area is 515 sq.ft. Listed price is ₹21,094,901. Proximity to metro: 2.13 km.",2025-10-12 16:47:25
PROP1068,OWN1079,1 BHK Independent House in Gurgaon Golf Course Road,Gurgaon Golf Course Road,Delhi NCR,INDEPENDENT_HOUSE,SALE,1,788,19127352,True,1.81,FULL_FLAT,ANY,False,NONE,"Spacious 1 BHK Independent House Available for Sale in Gurgaon Golf Course Road. Covered area is 788 sq.ft. Listed price is ₹19,127,352. Proximity to metro: 1.81 km.",2025-08-01 18:23:34
PROP1069,OWN1189,1 BHK Independent House in Janakpuri,Janakpuri,Delhi NCR,INDEPENDENT_HOUSE,RENT,1,649,33465,True,0.45,FULL_FLAT,ANY,False,NONE,"Spacious 1 BHK Independent House Available for Rent in Janakpuri. Covered area is 649 sq.ft. Listed price is ₹33,465. Proximity to metro: 0.45 km.",2025-11-13 06:11:44
PROP1070,OWN1014,4 BHK Builder Floor in Sohna Road Gurgaon,Sohna Road Gurgaon,Delhi NCR,BUILDER_FLOOR,RENT,4,2532,37995,True,1.56,FULL_FLAT,ANY,False,NONE,"Spacious 4 BHK Builder Floor Available for Rent in Sohna Road Gurgaon. Covered area is 2532 sq.ft. Listed price is ₹37,995. Proximity to metro: 1.56 km.",2025-10-26 19:57:44
PROP1071,OWN1125,1 BHK Builder Floor in Vasant Kunj,Vasant Kunj,Delhi NCR,BUILDER_FLOOR,RENT,1,594,17383,True,1.43,FULL_FLAT,ANY,False,NONE,"Spacious 1 BHK Builder Floor Available for Rent in Vasant Kunj. Covered area is 594 sq.ft. Listed price is ₹17,383. Proximity to metro: 1.43 km.",2025-10-06 02:26:05
PROP1072,OWN1190,1 BHK Builder Floor in Central Delhi,Central Delhi,Delhi NCR,BUILDER_FLOOR,RENT,1,557,76251,True,1.2,FULL_FLAT,ANY,False,NONE,"Spacious 1 BHK Builder Floor Available for Rent in Central Delhi. Covered area is 557 sq.ft. Listed price is ₹76,251. Proximity to metro: 1.2 km.",2026-06-30 10:19:48
PROP1073,OWN1186,2 BHK Builder Floor in Ghaziabad Vasundhara,Ghaziabad Vasundhara,Delhi NCR,BUILDER_FLOOR,RENT,2,1274,80386,False,4.06,FULL_FLAT,ANY,False,NONE,"Spacious 2 BHK Builder Floor Available for Rent in Ghaziabad Vasundhara. Covered area is 1274 sq.ft. Listed price is ₹80,386. Proximity to metro: 4.06 km.",2026-06-06 03:02:17
PROP1074,OWN1276,3 BHK Independent House in Ghaziabad Raj Nagar Extension,Ghaziabad Raj Nagar Extension,Delhi NCR,INDEPENDENT_HOUSE,RENT,3,1596,44177,True,0.84,FULL_FLAT,ANY,False,NONE,"Spacious 3 BHK Independent House Available for Rent in Ghaziabad Raj Nagar Extension. Covered area is 1596 sq.ft. Listed price is ₹44,177. Proximity to metro: 0.84 km.",2025-11-12 23:24:02
PROP1075,OWN1231,4 BHK Independent House in Gurgaon Golf Course Road,Gurgaon Golf Course Road,Delhi NCR,INDEPENDENT_HOUSE,RENT,4,2144,15761,True,2.16,FULL_FLAT,ANY,False,NONE,"Spacious 4 BHK Independent House Available for Rent in Gurgaon Golf Course Road. Covered area is 2144 sq.ft. Listed price is ₹15,761. Proximity to metro: 2.16 km.",2026-03-17 10:25:40
PROP1076,OWN1094,3 BHK Builder Floor in Faridabad Sector 15,Faridabad Sector 15,Delhi NCR,BUILDER_FLOOR,SALE,3,1929,44507285,False,7.35,FULL_FLAT,ANY,False,NONE,"Spacious 3 BHK Builder Floor Available for Sale in Faridabad Sector 15. Covered area is 1929 sq.ft. Listed price is ₹44,507,285. Proximity to metro: 7.35 km.",2025-12-12 13:01:27
PROP1077,OWN1285,1 BHK Apartment in South Delhi,South Delhi,Delhi NCR,APARTMENT,RENT,1,511,65271,True,1.48,FULL_FLAT,ANY,False,NONE,"Spacious 1 BHK Apartment Available for Rent in South Delhi. Covered area is 511 sq.ft. Listed price is ₹65,271. Proximity to metro: 1.48 km.",2026-06-20 01:42:52
PROP1078,OWN1124,4 BHK Builder Floor in Ghaziabad Raj Nagar Extension,Ghaziabad Raj Nagar Extension,Delhi NCR,BUILDER_FLOOR,RENT,4,1816,24196,True,0.71,FULL_FLAT,ANY,False,NONE,"Spacious 4 BHK Builder Floor Available for Rent in Ghaziabad Raj Nagar Extension. Covered area is 1816 sq.ft. Listed price is ₹24,196. Proximity to metro: 0.71 km.",2026-01-04 15:11:42
PROP1079,OWN1125,4 BHK Builder Floor in Sohna Road Gurgaon,Sohna Road Gurgaon,Delhi NCR,BUILDER_FLOOR,RENT,4,2364,81588,True,1.18,FULL_FLAT,ANY,False,NONE,"Spacious 4 BHK Builder Floor Available for Rent in Sohna Road Gurgaon. Covered area is 2364 sq.ft. Listed price is ₹81,588. Proximity to metro: 1.18 km.",2025-10-25 18:53:09
PROP1080,OWN1282,3 BHK Builder Floor in Noida Sector 62,Noida Sector 62,Delhi NCR,BUILDER_FLOOR,SALE,3,1968,21371415,True,0.48,FULL_FLAT,ANY,False,NONE,"Spacious 3 BHK Builder Floor Available for Sale in Noida Sector 62. Covered area is 1968 sq.ft. Listed price is ₹21,371,415. Proximity to metro: 0.48 km.",2025-10-19 02:53:15
PROP1081,OWN1099,2 BHK Independent House in DLF Phase 5,DLF Phase 5,Delhi NCR,INDEPENDENT_HOUSE,SALE,2,1196,19021327,False,5.21,FULL_FLAT,ANY,False,NONE,"Spacious 2 BHK Independent House Available for Sale in DLF Phase 5. Covered area is 1196 sq.ft. Listed price is ₹19,021,327. Proximity to metro: 5.21 km.",2026-02-11 01:49:42
PROP1082,OWN1269,1 BHK Pg in Gurgaon Sector 45,Gurgaon Sector 45,Delhi NCR,PG,PG,1,333,13360,True,0.9,DOUBLE_SHARING,MALE,False,NONE,"Well-maintained double sharing PG for males located at Gurgaon Sector 45. Monthly rent is ₹13,360. Food is not included. Nearest metro station is 0.9 km away.",2025-10-25 00:08:23
PROP1083,OWN1274,5 BHK Apartment in Hauz Khas,Hauz Khas,Delhi NCR,APARTMENT,SALE,5,3245,12974473,False,7.29,FULL_FLAT,ANY,False,NONE,"Spacious 5 BHK Apartment Available for Sale in Hauz Khas. Covered area is 3245 sq.ft. Listed price is ₹12,974,473. Proximity to metro: 7.29 km.",2026-02-19 13:21:01
PROP1084,OWN1252,1 BHK Pg in Vasant Kunj,Vasant Kunj,Delhi NCR,PG,PG,1,266,16317,True,0.62,DOUBLE_SHARING,FEMALE,False,NONE,"Well-maintained double sharing PG for females located at Vasant Kunj. Monthly rent is ₹16,317. Food is not included. Nearest metro station is 0.62 km away.",2026-06-13 23:06:35
PROP1085,OWN1027,1 BHK Pg in Cyber City Gurgaon,Cyber City Gurgaon,Delhi NCR,PG,PG,1,242,10738,True,1.53,SINGLE,FEMALE,False,NONE,"Well-maintained single PG for females located at Cyber City Gurgaon. Monthly rent is ₹10,738. Food is not included. Nearest metro station is 1.53 km away.",2025-12-13 22:03:32
PROP1086,OWN1028,3 BHK Independent House in Rohini Sector 10,Rohini Sector 10,Delhi NCR,INDEPENDENT_HOUSE,SALE,3,1629,21155813,True,1.48,FULL_FLAT,ANY,False,NONE,"Spacious 3 BHK Independent House Available for Sale in Rohini Sector 10. Covered area is 1629 sq.ft. Listed price is ₹21,155,813. Proximity to metro: 1.48 km.",2025-10-09 03:31:23
PROP1087,OWN1214,4 BHK Builder Floor in Gurgaon Sector 56,Gurgaon Sector 56,Delhi NCR,BUILDER_FLOOR,RENT,4,2252,50974,False,7.95,FULL_FLAT,ANY,False,NONE,"Spacious 4 BHK Builder Floor Available for Rent in Gurgaon Sector 56. Covered area is 2252 sq.ft. Listed price is ₹50,974. Proximity to metro: 7.95 km.",2026-07-20 09:11:06
PROP1088,OWN1157,1 BHK Independent House in West Delhi,West Delhi,Delhi NCR,INDEPENDENT_HOUSE,RENT,1,645,39235,False,3.74,FULL_FLAT,ANY,False,NONE,"Spacious 1 BHK Independent House Available for Rent in West Delhi. Covered area is 645 sq.ft. Listed price is ₹39,235. Proximity to metro: 3.74 km.",2026-01-23 03:23:42
PROP1089,OWN1042,1 BHK Independent House in Janakpuri,Janakpuri,Delhi NCR,INDEPENDENT_HOUSE,SALE,1,580,4679564,True,1.24,FULL_FLAT,ANY,False,NONE,"Spacious 1 BHK Independent House Available for Sale in Janakpuri. Covered area is 580 sq.ft. Listed price is ₹4,679,564. Proximity to metro: 1.24 km.",2025-08-23 05:54:00
PROP1090,OWN1241,3 BHK Builder Floor in Gurgaon Sector 45,Gurgaon Sector 45,Delhi NCR,BUILDER_FLOOR,SALE,3,2196,9276792,False,3.86,FULL_FLAT,ANY,False,NONE,"Spacious 3 BHK Builder Floor Available for Sale in Gurgaon Sector 45. Covered area is 2196 sq.ft. Listed price is ₹9,276,792. Proximity to metro: 3.86 km.",2025-08-07 06:01:15
PROP1091,OWN1136,2 BHK Independent House in Pitampura,Pitampura,Delhi NCR,INDEPENDENT_HOUSE,RENT,2,1230,31528,True,2.1,FULL_FLAT,ANY,False,NONE,"Spacious 2 BHK Independent House Available for Rent in Pitampura. Covered area is 1230 sq.ft. Listed price is ₹31,528. Proximity to metro: 2.1 km.",2025-08-30 02:10:04
PROP1092,OWN1037,5 BHK Builder Floor in West Delhi,West Delhi,Delhi NCR,BUILDER_FLOOR,SALE,5,3955,23868328,True,0.49,FULL_FLAT,ANY,False,NONE,"Spacious 5 BHK Builder Floor Available for Sale in West Delhi. Covered area is 3955 sq.ft. Listed price is ₹23,868,328. Proximity to metro: 0.49 km.",2026-03-07 05:03:05
PROP1093,OWN1156,1 BHK Pg in Noida Sector 76,Noida Sector 76,Delhi NCR,PG,PG,1,248,24694,True,1.89,DOUBLE_SHARING,FEMALE,True,VEG,"Well-maintained double sharing PG for females located at Noida Sector 76. Monthly rent is ₹24,694. Food is included (veg). Nearest metro station is 1.89 km away.",2026-05-06 08:11:15
PROP1094,OWN1129,5 BHK Independent House in North Delhi,North Delhi,Delhi NCR,INDEPENDENT_HOUSE,SALE,5,4000,5892203,False,7.04,FULL_FLAT,ANY,False,NONE,"Spacious 5 BHK Independent House Available for Sale in North Delhi. Covered area is 4000 sq.ft. Listed price is ₹5,892,203. Proximity to metro: 7.04 km.",2025-12-22 05:33:46
PROP1095,OWN1296,4 BHK Apartment in East Delhi,East Delhi,Delhi NCR,APARTMENT,RENT,4,2328,69963,True,0.62,FULL_FLAT,ANY,False,NONE,"Spacious 4 BHK Apartment Available for Rent in East Delhi. Covered area is 2328 sq.ft. Listed price is ₹69,963. Proximity to metro: 0.62 km.",2025-08-13 05:52:43
PROP1096,OWN1224,1 BHK Pg in Faridabad Sector 15,Faridabad Sector 15,Delhi NCR,PG,PG,1,240,18401,False,3.16,DOUBLE_SHARING,FEMALE,False,NONE,"Well-maintained double sharing PG for females located at Faridabad Sector 15. Monthly rent is ₹18,401. Food is not included. Nearest metro station is 3.16 km away.",2025-12-07 10:11:35
PROP1097,OWN1083,3 BHK Builder Floor in Noida Sector 62,Noida Sector 62,Delhi NCR,BUILDER_FLOOR,RENT,3,1857,64488,False,2.8,FULL_FLAT,ANY,False,NONE,"Spacious 3 BHK Builder Floor Available for Rent in Noida Sector 62. Covered area is 1857 sq.ft. Listed price is ₹64,488. Proximity to metro: 2.8 km.",2026-07-19 20:46:15
PROP1098,OWN1046,4 BHK Apartment in DLF Phase 5,DLF Phase 5,Delhi NCR,APARTMENT,SALE,4,3052,4577246,False,7.29,FULL_FLAT,ANY,False,NONE,"Spacious 4 BHK Apartment Available for Sale in DLF Phase 5. Covered area is 3052 sq.ft. Listed price is ₹4,577,246. Proximity to metro: 7.29 km.",2026-01-30 07:05:57
PROP1099,OWN1237,3 BHK Independent House in Greater Noida,Greater Noida,Delhi NCR,INDEPENDENT_HOUSE,SALE,3,2265,34164866,True,0.67,FULL_FLAT,ANY,False,NONE,"Spacious 3 BHK Independent House Available for Sale in Greater Noida. Covered area is 2265 sq.ft. Listed price is ₹34,164,866. Proximity to metro: 0.67 km.",2026-07-10 17:14:59
PROP1100,OWN1282,1 BHK Pg in Hauz Khas,Hauz Khas,Delhi NCR,PG,PG,1,232,22883,True,1.47,SINGLE,MALE,True,VEG,"Well-maintained single PG for males located at Hauz Khas. Monthly rent is ₹22,883. Food is included (veg). Nearest metro station is 1.47 km away.",2026-05-31 10:23:53
PROP1101,OWN1283,4 BHK Apartment in Greater Noida,Greater Noida,Delhi NCR,APARTMENT,SALE,4,2240,14832827,True,2.35,FULL_FLAT,ANY,False,NONE,"Spacious 4 BHK Apartment Available for Sale in Greater Noida. Covered area is 2240 sq.ft. Listed price is ₹14,832,827. Proximity to metro: 2.35 km.",2025-07-25 05:38:59
PROP1102,OWN1150,4 BHK Builder Floor in Faridabad Sector 81,Faridabad Sector 81,Delhi NCR,BUILDER_FLOOR,RENT,4,2280,43946,True,1.47,FULL_FLAT,ANY,False,NONE,"Spacious 4 BHK Builder Floor Available for Rent in Faridabad Sector 81. Covered area is 2280 sq.ft. Listed price is ₹43,946. Proximity to metro: 1.47 km.",2026-04-10 06:41:04
PROP1103,OWN1197,1 BHK Pg in Pitampura,Pitampura,Delhi NCR,PG,PG,1,250,11473,True,2.35,SINGLE,FEMALE,False,NONE,"Well-maintained single PG for females located at Pitampura. Monthly rent is ₹11,473. Food is not included. Nearest metro station is 2.35 km away.",2026-03-27 00:43:10
PROP1104,OWN1260,1 BHK Pg in Golf Course Extension Road,Golf Course Extension Road,Delhi NCR,PG,PG,1,192,16783,True,1.23,TRIPLE_SHARING,UNISEX,False,NONE,"Well-maintained triple sharing PG for unisexs located at Golf Course Extension Road. Monthly rent is ₹16,783. Food is not included. Nearest metro station is 1.23 km away.",2026-02-02 03:57:46
PROP1105,OWN1248,4 BHK Independent House in Noida Sector 150,Noida Sector 150,Delhi NCR,INDEPENDENT_HOUSE,SALE,4,2932,26094112,True,2.46,FULL_FLAT,ANY,False,NONE,"Spacious 4 BHK Independent House Available for Sale in Noida Sector 150. Covered area is 2932 sq.ft. Listed price is ₹26,094,112. Proximity to metro: 2.46 km.",2025-10-26 11:56:08
PROP1106,OWN1123,1 BHK Builder Floor in Noida Sector 18,Noida Sector 18,Delhi NCR,BUILDER_FLOOR,SALE,1,662,36240898,False,7.53,FULL_FLAT,ANY,False,NONE,"Spacious 1 BHK Builder Floor Available for Sale in Noida Sector 18. Covered area is 662 sq.ft. Listed price is ₹36,240,898. Proximity to metro: 7.53 km.",2026-03-12 03:31:38
PROP1107,OWN1196,1 BHK Pg in Noida Sector 18,Noida Sector 18,Delhi NCR,PG,PG,1,322,11984,True,2.21,DOUBLE_SHARING,MALE,True,BOTH,"Well-maintained double sharing PG for males located at Noida Sector 18. Monthly rent is ₹11,984. Food is included (both). Nearest metro station is 2.21 km away.",2025-08-30 18:50:58
PROP1108,OWN1226,1 BHK Builder Floor in Vasant Kunj,Vasant Kunj,Delhi NCR,BUILDER_FLOOR,RENT,1,634,30894,True,2.2,FULL_FLAT,ANY,False,NONE,"Spacious 1 BHK Builder Floor Available for Rent in Vasant Kunj. Covered area is 634 sq.ft. Listed price is ₹30,894. Proximity to metro: 2.2 km.",2025-12-26 20:03:28
PROP1109,OWN1080,3 BHK Builder Floor in Central Delhi,Central Delhi,Delhi NCR,BUILDER_FLOOR,RENT,3,1827,64098,False,3.03,FULL_FLAT,ANY,False,NONE,"Spacious 3 BHK Builder Floor Available for Rent in Central Delhi. Covered area is 1827 sq.ft. Listed price is ₹64,098. Proximity to metro: 3.03 km.",2026-01-02 18:14:35
PROP1110,OWN1169,1 BHK Pg in Noida Sector 18,Noida Sector 18,Delhi NCR,PG,PG,1,280,22989,False,6.3,TRIPLE_SHARING,MALE,True,VEG,"Well-maintained triple sharing PG for males located at Noida Sector 18. Monthly rent is ₹22,989. Food is included (veg). Nearest metro station is 6.3 km away.",2026-07-04 09:55:53
PROP1111,OWN1148,1 BHK Builder Floor in Gurgaon Sector 56,Gurgaon Sector 56,Delhi NCR,BUILDER_FLOOR,RENT,1,644,25173,True,0.58,FULL_FLAT,ANY,False,NONE,"Spacious 1 BHK Builder Floor Available for Rent in Gurgaon Sector 56. Covered area is 644 sq.ft. Listed price is ₹25,173. Proximity to metro: 0.58 km.",2026-06-05 22:31:36
PROP1112,OWN1154,3 BHK Apartment in North Delhi,North Delhi,Delhi NCR,APARTMENT,SALE,3,2049,29655159,True,0.53,FULL_FLAT,ANY,False,NONE,"Spacious 3 BHK Apartment Available for Sale in North Delhi. Covered area is 2049 sq.ft. Listed price is ₹29,655,159. Proximity to metro: 0.53 km.",2025-10-25 05:48:54
PROP1113,OWN1272,2 BHK Apartment in Greater Noida,Greater Noida,Delhi NCR,APARTMENT,RENT,2,988,22350,False,7.3,FULL_FLAT,ANY,False,NONE,"Spacious 2 BHK Apartment Available for Rent in Greater Noida. Covered area is 988 sq.ft. Listed price is ₹22,350. Proximity to metro: 7.3 km.",2026-01-19 21:01:39
PROP1114,OWN1124,1 BHK Pg in Faridabad Sector 15,Faridabad Sector 15,Delhi NCR,PG,PG,1,156,14608,True,0.79,DOUBLE_SHARING,UNISEX,False,NONE,"Well-maintained double sharing PG for unisexs located at Faridabad Sector 15. Monthly rent is ₹14,608. Food is not included. Nearest metro station is 0.79 km away.",2025-09-24 07:01:46
PROP1115,OWN1005,1 BHK Pg in Ghaziabad Vasundhara,Ghaziabad Vasundhara,Delhi NCR,PG,PG,1,293,24910,True,2.47,SINGLE,MALE,False,NONE,"Well-maintained single PG for males located at Ghaziabad Vasundhara. Monthly rent is ₹24,910. Food is not included. Nearest metro station is 2.47 km away.",2026-06-19 08:53:11
PROP1116,OWN1154,3 BHK Builder Floor in Greater Noida Pari Chowk,Greater Noida Pari Chowk,Delhi NCR,BUILDER_FLOOR,RENT,3,1500,62422,True,0.45,FULL_FLAT,ANY,False,NONE,"Spacious 3 BHK Builder Floor Available for Rent in Greater Noida Pari Chowk. Covered area is 1500 sq.ft. Listed price is ₹62,422. Proximity to metro: 0.45 km.",2026-06-03 23:46:00
PROP1117,OWN1196,3 BHK Independent House in Noida Sector 150,Noida Sector 150,Delhi NCR,INDEPENDENT_HOUSE,RENT,3,1365,63879,True,0.22,FULL_FLAT,ANY,False,NONE,"Spacious 3 BHK Independent House Available for Rent in Noida Sector 150. Covered area is 1365 sq.ft. Listed price is ₹63,879. Proximity to metro: 0.22 km.",2025-11-07 01:06:19
PROP1118,OWN1026,1 BHK Pg in Faridabad Sector 15,Faridabad Sector 15,Delhi NCR,PG,PG,1,193,14540,False,3.95,TRIPLE_SHARING,FEMALE,True,VEG,"Well-maintained triple sharing PG for females located at Faridabad Sector 15. Monthly rent is ₹14,540. Food is included (veg). Nearest metro station is 3.95 km away.",2026-03-11 09:53:16
PROP1119,OWN1071,1 BHK Pg in Vasant Kunj,Vasant Kunj,Delhi NCR,PG,PG,1,285,8291,False,3.31,DOUBLE_SHARING,FEMALE,True,BOTH,"Well-maintained double sharing PG for females located at Vasant Kunj. Monthly rent is ₹8,291. Food is included (both). Nearest metro station is 3.31 km away.",2026-02-28 11:05:48
PROP1120,OWN1152,2 BHK Apartment in DLF Phase 5,DLF Phase 5,Delhi NCR,APARTMENT,RENT,2,966,82701,True,1.42,FULL_FLAT,ANY,False,NONE,"Spacious 2 BHK Apartment Available for Rent in DLF Phase 5. Covered area is 966 sq.ft. Listed price is ₹82,701. Proximity to metro: 1.42 km.",2025-09-14 20:45:44
PROP1121,OWN1140,3 BHK Builder Floor in Janakpuri,Janakpuri,Delhi NCR,BUILDER_FLOOR,SALE,3,2019,12228908,True,2.41,FULL_FLAT,ANY,False,NONE,"Spacious 3 BHK Builder Floor Available for Sale in Janakpuri. Covered area is 2019 sq.ft. Listed price is ₹12,228,908. Proximity to metro: 2.41 km.",2026-04-25 12:59:48
PROP1122,OWN1073,1 BHK Pg in Gurgaon Sector 56,Gurgaon Sector 56,Delhi NCR,PG,PG,1,305,20022,True,0.81,TRIPLE_SHARING,FEMALE,True,BOTH,"Well-maintained triple sharing PG for females located at Gurgaon Sector 56. Monthly rent is ₹20,022. Food is included (both). Nearest metro station is 0.81 km away.",2026-02-03 01:04:37
PROP1123,OWN1064,3 BHK Independent House in Ghaziabad Vasundhara,Ghaziabad Vasundhara,Delhi NCR,INDEPENDENT_HOUSE,SALE,3,2397,30070188,False,7.68,FULL_FLAT,ANY,False,NONE,"Spacious 3 BHK Independent House Available for Sale in Ghaziabad Vasundhara. Covered area is 2397 sq.ft. Listed price is ₹30,070,188. Proximity to metro: 7.68 km.",2026-05-01 10:15:46
PROP1124,OWN1056,3 BHK Independent House in Gurgaon Sector 56,Gurgaon Sector 56,Delhi NCR,INDEPENDENT_HOUSE,RENT,3,1818,41015,False,2.94,FULL_FLAT,ANY,False,NONE,"Spacious 3 BHK Independent House Available for Rent in Gurgaon Sector 56. Covered area is 1818 sq.ft. Listed price is ₹41,015. Proximity to metro: 2.94 km.",2026-01-30 17:57:46
PROP1125,OWN1238,2 BHK Apartment in Sohna Road Gurgaon,Sohna Road Gurgaon,Delhi NCR,APARTMENT,RENT,2,922,16877,True,2.49,FULL_FLAT,ANY,False,NONE,"Spacious 2 BHK Apartment Available for Rent in Sohna Road Gurgaon. Covered area is 922 sq.ft. Listed price is ₹16,877. Proximity to metro: 2.49 km.",2025-07-21 06:01:23
PROP1126,OWN1060,2 BHK Independent House in Vasant Kunj,Vasant Kunj,Delhi NCR,INDEPENDENT_HOUSE,SALE,2,1396,34943517,True,1.74,FULL_FLAT,ANY,False,NONE,"Spacious 2 BHK Independent House Available for Sale in Vasant Kunj. Covered area is 1396 sq.ft. Listed price is ₹34,943,517. Proximity to metro: 1.74 km.",2025-11-16 10:29:03
PROP1127,OWN1277,2 BHK Independent House in Greater Noida,Greater Noida,Delhi NCR,INDEPENDENT_HOUSE,RENT,2,1112,24978,True,1.62,FULL_FLAT,ANY,False,NONE,"Spacious 2 BHK Independent House Available for Rent in Greater Noida. Covered area is 1112 sq.ft. Listed price is ₹24,978. Proximity to metro: 1.62 km.",2025-07-28 03:44:18
PROP1128,OWN1144,4 BHK Apartment in East Delhi,East Delhi,Delhi NCR,APARTMENT,RENT,4,2252,42947,True,0.43,FULL_FLAT,ANY,False,NONE,"Spacious 4 BHK Apartment Available for Rent in East Delhi. Covered area is 2252 sq.ft. Listed price is ₹42,947. Proximity to metro: 0.43 km.",2026-06-25 09:15:55
PROP1129,OWN1189,2 BHK Builder Floor in Noida Sector 150,Noida Sector 150,Delhi NCR,BUILDER_FLOOR,SALE,2,1124,35015566,True,1.72,FULL_FLAT,ANY,False,NONE,"Spacious 2 BHK Builder Floor Available for Sale in Noida Sector 150. Covered area is 1124 sq.ft. Listed price is ₹35,015,566. Proximity to metro: 1.72 km.",2026-06-06 23:40:30
PROP1130,OWN1011,2 BHK Apartment in West Delhi,West Delhi,Delhi NCR,APARTMENT,RENT,2,1188,38896,True,2.11,FULL_FLAT,ANY,False,NONE,"Spacious 2 BHK Apartment Available for Rent in West Delhi. Covered area is 1188 sq.ft. Listed price is ₹38,896. Proximity to metro: 2.11 km.",2026-05-20 19:11:25
PROP1131,OWN1284,3 BHK Apartment in Preet Vihar,Preet Vihar,Delhi NCR,APARTMENT,RENT,3,1944,31340,False,2.62,FULL_FLAT,ANY,False,NONE,"Spacious 3 BHK Apartment Available for Rent in Preet Vihar. Covered area is 1944 sq.ft. Listed price is ₹31,340. Proximity to metro: 2.62 km.",2025-11-10 08:36:18
PROP1132,OWN1075,1 BHK Apartment in Hauz Khas,Hauz Khas,Delhi NCR,APARTMENT,RENT,1,619,15379,True,0.23,FULL_FLAT,ANY,False,NONE,"Spacious 1 BHK Apartment Available for Rent in Hauz Khas. Covered area is 619 sq.ft. Listed price is ₹15,379. Proximity to metro: 0.23 km.",2025-08-11 04:46:05
PROP1133,OWN1122,1 BHK Builder Floor in DLF Phase 5,DLF Phase 5,Delhi NCR,BUILDER_FLOOR,SALE,1,564,32750184,False,3.21,FULL_FLAT,ANY,False,NONE,"Spacious 1 BHK Builder Floor Available for Sale in DLF Phase 5. Covered area is 564 sq.ft. Listed price is ₹32,750,184. Proximity to metro: 3.21 km.",2026-06-06 17:25:53
PROP1134,OWN1033,1 BHK Builder Floor in Ghaziabad Raj Nagar Extension,Ghaziabad Raj Nagar Extension,Delhi NCR,BUILDER_FLOOR,RENT,1,565,78039,True,2.37,FULL_FLAT,ANY,False,NONE,"Spacious 1 BHK Builder Floor Available for Rent in Ghaziabad Raj Nagar Extension. Covered area is 565 sq.ft. Listed price is ₹78,039. Proximity to metro: 2.37 km.",2026-07-01 21:44:29
PROP1135,OWN1023,1 BHK Independent House in Faridabad Neharpar,Faridabad Neharpar,Delhi NCR,INDEPENDENT_HOUSE,SALE,1,531,36643931,True,1.18,FULL_FLAT,ANY,False,NONE,"Spacious 1 BHK Independent House Available for Sale in Faridabad Neharpar. Covered area is 531 sq.ft. Listed price is ₹36,643,931. Proximity to metro: 1.18 km.",2025-08-21 07:49:39
PROP1136,OWN1056,1 BHK Builder Floor in Faridabad Sector 15,Faridabad Sector 15,Delhi NCR,BUILDER_FLOOR,RENT,1,470,54219,False,3.4,FULL_FLAT,ANY,False,NONE,"Spacious 1 BHK Builder Floor Available for Rent in Faridabad Sector 15. Covered area is 470 sq.ft. Listed price is ₹54,219. Proximity to metro: 3.4 km.",2026-01-14 13:05:08
PROP1137,OWN1065,3 BHK Independent House in Golf Course Extension Road,Golf Course Extension Road,Delhi NCR,INDEPENDENT_HOUSE,RENT,3,1641,81541,True,1.24,FULL_FLAT,ANY,False,NONE,"Spacious 3 BHK Independent House Available for Rent in Golf Course Extension Road. Covered area is 1641 sq.ft. Listed price is ₹81,541. Proximity to metro: 1.24 km.",2025-08-15 07:42:37
PROP1138,OWN1221,2 BHK Apartment in Vasant Kunj,Vasant Kunj,Delhi NCR,APARTMENT,RENT,2,1120,71186,True,1.15,FULL_FLAT,ANY,False,NONE,"Spacious 2 BHK Apartment Available for Rent in Vasant Kunj. Covered area is 1120 sq.ft. Listed price is ₹71,186. Proximity to metro: 1.15 km.",2026-04-24 20:15:57
PROP1139,OWN1233,3 BHK Apartment in Noida Sector 76,Noida Sector 76,Delhi NCR,APARTMENT,RENT,3,1677,52963,False,3.98,FULL_FLAT,ANY,False,NONE,"Spacious 3 BHK Apartment Available for Rent in Noida Sector 76. Covered area is 1677 sq.ft. Listed price is ₹52,963. Proximity to metro: 3.98 km.",2026-04-26 18:07:50
PROP1140,OWN1079,1 BHK Apartment in Ghaziabad Raj Nagar Extension,Ghaziabad Raj Nagar Extension,Delhi NCR,APARTMENT,SALE,1,721,10980329,False,6.59,FULL_FLAT,ANY,False,NONE,"Spacious 1 BHK Apartment Available for Sale in Ghaziabad Raj Nagar Extension. Covered area is 721 sq.ft. Listed price is ₹10,980,329. Proximity to metro: 6.59 km.",2025-09-05 22:27:31
PROP1141,OWN1067,3 BHK Independent House in West Delhi,West Delhi,Delhi NCR,INDEPENDENT_HOUSE,RENT,3,1863,28021,True,1.01,FULL_FLAT,ANY,False,NONE,"Spacious 3 BHK Independent House Available for Rent in West Delhi. Covered area is 1863 sq.ft. Listed price is ₹28,021. Proximity to metro: 1.01 km.",2026-01-10 15:13:16
PROP1142,OWN1217,1 BHK Pg in West Delhi,West Delhi,Delhi NCR,PG,PG,1,273,17238,False,5.2,DOUBLE_SHARING,MALE,True,VEG,"Well-maintained double sharing PG for males located at West Delhi. Monthly rent is ₹17,238. Food is included (veg). Nearest metro station is 5.2 km away.",2026-02-06 20:27:22
PROP1143,OWN1056,1 BHK Pg in Noida Sector 150,Noida Sector 150,Delhi NCR,PG,PG,1,214,10764,False,7.86,DOUBLE_SHARING,UNISEX,True,BOTH,"Well-maintained double sharing PG for unisexs located at Noida Sector 150. Monthly rent is ₹10,764. Food is included (both). Nearest metro station is 7.86 km away.",2025-10-25 20:25:58
PROP1144,OWN1286,3 BHK Independent House in North Delhi,North Delhi,Delhi NCR,INDEPENDENT_HOUSE,RENT,3,1371,35647,True,1.82,FULL_FLAT,ANY,False,NONE,"Spacious 3 BHK Independent House Available for Rent in North Delhi. Covered area is 1371 sq.ft. Listed price is ₹35,647. Proximity to metro: 1.82 km.",2026-06-04 16:32:55
PROP1145,OWN1159,2 BHK Apartment in Noida Sector 62,Noida Sector 62,Delhi NCR,APARTMENT,SALE,2,1578,31396182,True,0.53,FULL_FLAT,ANY,False,NONE,"Spacious 2 BHK Apartment Available for Sale in Noida Sector 62. Covered area is 1578 sq.ft. Listed price is ₹31,396,182. Proximity to metro: 0.53 km.",2025-12-22 14:08:08
PROP1146,OWN1016,4 BHK Apartment in Dwarka Sector 21,Dwarka Sector 21,Delhi NCR,APARTMENT,RENT,4,2228,71460,True,0.56,FULL_FLAT,ANY,False,NONE,"Spacious 4 BHK Apartment Available for Rent in Dwarka Sector 21. Covered area is 2228 sq.ft. Listed price is ₹71,460. Proximity to metro: 0.56 km.",2025-10-06 09:34:56
PROP1147,OWN1160,1 BHK Independent House in DLF Phase 5,DLF Phase 5,Delhi NCR,INDEPENDENT_HOUSE,RENT,1,463,32392,True,1.94,FULL_FLAT,ANY,False,NONE,"Spacious 1 BHK Independent House Available for Rent in DLF Phase 5. Covered area is 463 sq.ft. Listed price is ₹32,392. Proximity to metro: 1.94 km.",2026-02-03 00:21:00
PROP1148,OWN1026,4 BHK Independent House in Dwarka Sector 21,Dwarka Sector 21,Delhi NCR,INDEPENDENT_HOUSE,SALE,4,2992,34165083,True,0.83,FULL_FLAT,ANY,False,NONE,"Spacious 4 BHK Independent House Available for Sale in Dwarka Sector 21. Covered area is 2992 sq.ft. Listed price is ₹34,165,083. Proximity to metro: 0.83 km.",2026-04-13 15:24:38
PROP1149,OWN1263,3 BHK Apartment in Saket,Saket,Delhi NCR,APARTMENT,SALE,3,2247,39861949,False,4.27,FULL_FLAT,ANY,False,NONE,"Spacious 3 BHK Apartment Available for Sale in Saket. Covered area is 2247 sq.ft. Listed price is ₹39,861,949. Proximity to metro: 4.27 km.",2025-10-02 12:15:07
PROP1150,OWN1113,1 BHK Pg in Noida Sector 76,Noida Sector 76,Delhi NCR,PG,PG,1,134,7251,True,0.87,SINGLE,FEMALE,True,VEG,"Well-maintained single PG for females located at Noida Sector 76. Monthly rent is ₹7,251. Food is included (veg). Nearest metro station is 0.87 km away.",2025-11-11 21:26:24
PROP1151,OWN1062,2 BHK Builder Floor in South Delhi,South Delhi,Delhi NCR,BUILDER_FLOOR,RENT,2,966,61834,False,6.4,FULL_FLAT,ANY,False,NONE,"Spacious 2 BHK Builder Floor Available for Rent in South Delhi. Covered area is 966 sq.ft. Listed price is ₹61,834. Proximity to metro: 6.4 km.",2026-07-19 12:15:01
PROP1152,OWN1257,1 BHK Independent House in Noida Sector 150,Noida Sector 150,Delhi NCR,INDEPENDENT_HOUSE,SALE,1,723,5757723,True,2.32,FULL_FLAT,ANY,False,NONE,"Spacious 1 BHK Independent House Available for Sale in Noida Sector 150. Covered area is 723 sq.ft. Listed price is ₹5,757,723. Proximity to metro: 2.32 km.",2026-03-15 09:41:06
PROP1153,OWN1161,4 BHK Independent House in Greater Noida Pari Chowk,Greater Noida Pari Chowk,Delhi NCR,INDEPENDENT_HOUSE,RENT,4,2096,27096,True,0.25,FULL_FLAT,ANY,False,NONE,"Spacious 4 BHK Independent House Available for Rent in Greater Noida Pari Chowk. Covered area is 2096 sq.ft. Listed price is ₹27,096. Proximity to metro: 0.25 km.",2025-12-28 01:17:24
PROP1154,OWN1167,1 BHK Pg in Janakpuri,Janakpuri,Delhi NCR,PG,PG,1,278,22076,True,0.76,TRIPLE_SHARING,FEMALE,True,BOTH,"Well-maintained triple sharing PG for females located at Janakpuri. Monthly rent is ₹22,076. Food is included (both). Nearest metro station is 0.76 km away.",2026-01-26 01:57:20
PROP1155,OWN1206,3 BHK Builder Floor in Faridabad Neharpar,Faridabad Neharpar,Delhi NCR,BUILDER_FLOOR,SALE,3,1839,26851856,True,0.38,FULL_FLAT,ANY,False,NONE,"Spacious 3 BHK Builder Floor Available for Sale in Faridabad Neharpar. Covered area is 1839 sq.ft. Listed price is ₹26,851,856. Proximity to metro: 0.38 km.",2025-09-03 05:42:13
PROP1156,OWN1059,3 BHK Builder Floor in Faridabad Neharpar,Faridabad Neharpar,Delhi NCR,BUILDER_FLOOR,RENT,3,1908,31358,True,0.44,FULL_FLAT,ANY,False,NONE,"Spacious 3 BHK Builder Floor Available for Rent in Faridabad Neharpar. Covered area is 1908 sq.ft. Listed price is ₹31,358. Proximity to metro: 0.44 km.",2025-10-11 02:39:10
PROP1157,OWN1132,1 BHK Apartment in Pitampura,Pitampura,Delhi NCR,APARTMENT,SALE,1,590,37659632,True,1.94,FULL_FLAT,ANY,False,NONE,"Spacious 1 BHK Apartment Available for Sale in Pitampura. Covered area is 590 sq.ft. Listed price is ₹37,659,632. Proximity to metro: 1.94 km.",2025-11-21 12:35:12
PROP1158,OWN1297,3 BHK Independent House in Ghaziabad Indirapuram,Ghaziabad Indirapuram,Delhi NCR,INDEPENDENT_HOUSE,RENT,3,1830,53436,True,1.21,FULL_FLAT,ANY,False,NONE,"Spacious 3 BHK Independent House Available for Rent in Ghaziabad Indirapuram. Covered area is 1830 sq.ft. Listed price is ₹53,436. Proximity to metro: 1.21 km.",2026-02-20 21:58:58
PROP1159,OWN1241,1 BHK Builder Floor in Ghaziabad Indirapuram,Ghaziabad Indirapuram,Delhi NCR,BUILDER_FLOOR,RENT,1,540,78497,True,0.91,FULL_FLAT,ANY,False,NONE,"Spacious 1 BHK Builder Floor Available for Rent in Ghaziabad Indirapuram. Covered area is 540 sq.ft. Listed price is ₹78,497. Proximity to metro: 0.91 km.",2025-10-13 02:08:25
PROP1160,OWN1232,1 BHK Builder Floor in East Delhi,East Delhi,Delhi NCR,BUILDER_FLOOR,SALE,1,546,44368021,False,4.68,FULL_FLAT,ANY,False,NONE,"Spacious 1 BHK Builder Floor Available for Sale in East Delhi. Covered area is 546 sq.ft. Listed price is ₹44,368,021. Proximity to metro: 4.68 km.",2025-10-09 11:22:57
PROP1161,OWN1298,2 BHK Independent House in East Delhi,East Delhi,Delhi NCR,INDEPENDENT_HOUSE,RENT,2,1064,74341,False,3.41,FULL_FLAT,ANY,False,NONE,"Spacious 2 BHK Independent House Available for Rent in East Delhi. Covered area is 1064 sq.ft. Listed price is ₹74,341. Proximity to metro: 3.41 km.",2025-08-15 23:19:06
PROP1162,OWN1032,1 BHK Builder Floor in Ghaziabad Indirapuram,Ghaziabad Indirapuram,Delhi NCR,BUILDER_FLOOR,SALE,1,758,16080232,True,0.77,FULL_FLAT,ANY,False,NONE,"Spacious 1 BHK Builder Floor Available for Sale in Ghaziabad Indirapuram. Covered area is 758 sq.ft. Listed price is ₹16,080,232. Proximity to metro: 0.77 km.",2026-03-08 13:06:25
PROP1163,OWN1225,2 BHK Independent House in Ghaziabad Indirapuram,Ghaziabad Indirapuram,Delhi NCR,INDEPENDENT_HOUSE,RENT,2,1086,60870,True,1.09,FULL_FLAT,ANY,False,NONE,"Spacious 2 BHK Independent House Available for Rent in Ghaziabad Indirapuram. Covered area is 1086 sq.ft. Listed price is ₹60,870. Proximity to metro: 1.09 km.",2025-10-12 15:51:31
PROP1164,OWN1174,3 BHK Independent House in West Delhi,West Delhi,Delhi NCR,INDEPENDENT_HOUSE,RENT,3,1398,55213,True,1.48,FULL_FLAT,ANY,False,NONE,"Spacious 3 BHK Independent House Available for Rent in West Delhi. Covered area is 1398 sq.ft. Listed price is ₹55,213. Proximity to metro: 1.48 km.",2026-06-16 17:42:16
PROP1165,OWN1198,5 BHK Independent House in Gurgaon Sector 45,Gurgaon Sector 45,Delhi NCR,INDEPENDENT_HOUSE,SALE,5,2880,26871547,True,1.54,FULL_FLAT,ANY,False,NONE,"Spacious 5 BHK Independent House Available for Sale in Gurgaon Sector 45. Covered area is 2880 sq.ft. Listed price is ₹26,871,547. Proximity to metro: 1.54 km.",2026-05-31 00:22:03
PROP1166,OWN1073,4 BHK Independent House in Noida Sector 150,Noida Sector 150,Delhi NCR,INDEPENDENT_HOUSE,SALE,4,2264,44432540,False,7.67,FULL_FLAT,ANY,False,NONE,"Spacious 4 BHK Independent House Available for Sale in Noida Sector 150. Covered area is 2264 sq.ft. Listed price is ₹44,432,540. Proximity to metro: 7.67 km.",2025-08-15 22:07:42
PROP1167,OWN1159,2 BHK Builder Floor in Noida Sector 18,Noida Sector 18,Delhi NCR,BUILDER_FLOOR,RENT,2,1242,80995,True,1.69,FULL_FLAT,ANY,False,NONE,"Spacious 2 BHK Builder Floor Available for Rent in Noida Sector 18. Covered area is 1242 sq.ft. Listed price is ₹80,995. Proximity to metro: 1.69 km.",2025-10-15 23:18:05
PROP1168,OWN1217,3 BHK Builder Floor in Faridabad Sector 81,Faridabad Sector 81,Delhi NCR,BUILDER_FLOOR,SALE,3,1776,18874226,True,2.38,FULL_FLAT,ANY,False,NONE,"Spacious 3 BHK Builder Floor Available for Sale in Faridabad Sector 81. Covered area is 1776 sq.ft. Listed price is ₹18,874,226. Proximity to metro: 2.38 km.",2026-03-22 09:06:31
PROP1169,OWN1249,2 BHK Apartment in Pitampura,Pitampura,Delhi NCR,APARTMENT,SALE,2,1078,24350271,True,1.37,FULL_FLAT,ANY,False,NONE,"Spacious 2 BHK Apartment Available for Sale in Pitampura. Covered area is 1078 sq.ft. Listed price is ₹24,350,271. Proximity to metro: 1.37 km.",2025-10-07 06:57:30
PROP1170,OWN1277,5 BHK Builder Floor in Faridabad Neharpar,Faridabad Neharpar,Delhi NCR,BUILDER_FLOOR,SALE,5,2835,44580530,True,0.55,FULL_FLAT,ANY,False,NONE,"Spacious 5 BHK Builder Floor Available for Sale in Faridabad Neharpar. Covered area is 2835 sq.ft. Listed price is ₹44,580,530. Proximity to metro: 0.55 km.",2025-09-07 08:49:26
PROP1171,OWN1093,4 BHK Apartment in Janakpuri,Janakpuri,Delhi NCR,APARTMENT,RENT,4,2172,43133,True,1.6,FULL_FLAT,ANY,False,NONE,"Spacious 4 BHK Apartment Available for Rent in Janakpuri. Covered area is 2172 sq.ft. Listed price is ₹43,133. Proximity to metro: 1.6 km.",2026-06-27 17:30:11
PROP1172,OWN1230,4 BHK Builder Floor in Gurgaon Sector 56,Gurgaon Sector 56,Delhi NCR,BUILDER_FLOOR,RENT,4,1996,60213,False,7.71,FULL_FLAT,ANY,False,NONE,"Spacious 4 BHK Builder Floor Available for Rent in Gurgaon Sector 56. Covered area is 1996 sq.ft. Listed price is ₹60,213. Proximity to metro: 7.71 km.",2026-02-14 14:38:12
PROP1173,OWN1226,4 BHK Builder Floor in Ghaziabad Vasundhara,Ghaziabad Vasundhara,Delhi NCR,BUILDER_FLOOR,RENT,4,1964,38174,False,3.35,FULL_FLAT,ANY,False,NONE,"Spacious 4 BHK Builder Floor Available for Rent in Ghaziabad Vasundhara. Covered area is 1964 sq.ft. Listed price is ₹38,174. Proximity to metro: 3.35 km.",2026-01-09 16:19:50
PROP1174,OWN1129,1 BHK Builder Floor in West Delhi,West Delhi,Delhi NCR,BUILDER_FLOOR,RENT,1,632,79621,True,0.86,FULL_FLAT,ANY,False,NONE,"Spacious 1 BHK Builder Floor Available for Rent in West Delhi. Covered area is 632 sq.ft. Listed price is ₹79,621. Proximity to metro: 0.86 km.",2026-05-03 14:47:44
PROP1175,OWN1083,2 BHK Independent House in Golf Course Extension Road,Golf Course Extension Road,Delhi NCR,INDEPENDENT_HOUSE,RENT,2,1122,24021,True,2.08,FULL_FLAT,ANY,False,NONE,"Spacious 2 BHK Independent House Available for Rent in Golf Course Extension Road. Covered area is 1122 sq.ft. Listed price is ₹24,021. Proximity to metro: 2.08 km.",2026-05-11 23:20:05
PROP1176,OWN1179,3 BHK Builder Floor in North Delhi,North Delhi,Delhi NCR,BUILDER_FLOOR,RENT,3,1530,62615,True,1.06,FULL_FLAT,ANY,False,NONE,"Spacious 3 BHK Builder Floor Available for Rent in North Delhi. Covered area is 1530 sq.ft. Listed price is ₹62,615. Proximity to metro: 1.06 km.",2025-09-28 14:05:51
PROP1177,OWN1015,1 BHK Pg in DLF Phase 5,DLF Phase 5,Delhi NCR,PG,PG,1,334,17986,True,1.8,SINGLE,MALE,True,BOTH,"Well-maintained single PG for males located at DLF Phase 5. Monthly rent is ₹17,986. Food is included (both). Nearest metro station is 1.8 km away.",2025-08-25 10:40:56
PROP1178,OWN1072,1 BHK Apartment in Ghaziabad Raj Nagar Extension,Ghaziabad Raj Nagar Extension,Delhi NCR,APARTMENT,RENT,1,454,45544,True,2.12,FULL_FLAT,ANY,False,NONE,"Spacious 1 BHK Apartment Available for Rent in Ghaziabad Raj Nagar Extension. Covered area is 454 sq.ft. Listed price is ₹45,544. Proximity to metro: 2.12 km.",2025-12-25 11:30:04
PROP1179,OWN1281,2 BHK Builder Floor in Faridabad Neharpar,Faridabad Neharpar,Delhi NCR,BUILDER_FLOOR,RENT,2,1054,27970,True,0.75,FULL_FLAT,ANY,False,NONE,"Spacious 2 BHK Builder Floor Available for Rent in Faridabad Neharpar. Covered area is 1054 sq.ft. Listed price is ₹27,970. Proximity to metro: 0.75 km.",2025-12-22 17:59:54
PROP1180,OWN1235,5 BHK Builder Floor in Central Delhi,Central Delhi,Delhi NCR,BUILDER_FLOOR,SALE,5,3870,5602957,False,5.38,FULL_FLAT,ANY,False,NONE,"Spacious 5 BHK Builder Floor Available for Sale in Central Delhi. Covered area is 3870 sq.ft. Listed price is ₹5,602,957. Proximity to metro: 5.38 km.",2026-01-07 14:50:10
PROP1181,OWN1124,5 BHK Apartment in Rohini Sector 10,Rohini Sector 10,Delhi NCR,APARTMENT,SALE,5,3400,20643992,False,4.85,FULL_FLAT,ANY,False,NONE,"Spacious 5 BHK Apartment Available for Sale in Rohini Sector 10. Covered area is 3400 sq.ft. Listed price is ₹20,643,992. Proximity to metro: 4.85 km.",2026-04-13 07:54:50
PROP1182,OWN1044,1 BHK Pg in Faridabad Neharpar,Faridabad Neharpar,Delhi NCR,PG,PG,1,137,24237,True,0.3,TRIPLE_SHARING,UNISEX,True,BOTH,"Well-maintained triple sharing PG for unisexs located at Faridabad Neharpar. Monthly rent is ₹24,237. Food is included (both). Nearest metro station is 0.3 km away.",2026-03-23 23:33:43
PROP1183,OWN1199,3 BHK Apartment in Noida Extension,Noida Extension,Delhi NCR,APARTMENT,SALE,3,1602,27639303,True,1.89,FULL_FLAT,ANY,False,NONE,"Spacious 3 BHK Apartment Available for Sale in Noida Extension. Covered area is 1602 sq.ft. Listed price is ₹27,639,303. Proximity to metro: 1.89 km.",2026-07-15 11:57:57
PROP1184,OWN1054,5 BHK Builder Floor in Noida Sector 62,Noida Sector 62,Delhi NCR,BUILDER_FLOOR,SALE,5,3365,16250032,False,5.11,FULL_FLAT,ANY,False,NONE,"Spacious 5 BHK Builder Floor Available for Sale in Noida Sector 62. Covered area is 3365 sq.ft. Listed price is ₹16,250,032. Proximity to metro: 5.11 km.",2025-08-25 23:43:02
PROP1185,OWN1246,1 BHK Pg in Lajpat Nagar,Lajpat Nagar,Delhi NCR,PG,PG,1,136,21997,True,2.24,SINGLE,FEMALE,True,VEG,"Well-maintained single PG for females located at Lajpat Nagar. Monthly rent is ₹21,997. Food is included (veg). Nearest metro station is 2.24 km away.",2025-12-15 02:17:29
PROP1186,OWN1162,4 BHK Independent House in Sohna Road Gurgaon,Sohna Road Gurgaon,Delhi NCR,INDEPENDENT_HOUSE,RENT,4,2056,16799,False,3.63,FULL_FLAT,ANY,False,NONE,"Spacious 4 BHK Independent House Available for Rent in Sohna Road Gurgaon. Covered area is 2056 sq.ft. Listed price is ₹16,799. Proximity to metro: 3.63 km.",2025-11-21 23:15:18
PROP1187,OWN1183,1 BHK Pg in West Delhi,West Delhi,Delhi NCR,PG,PG,1,204,15952,True,1.91,SINGLE,FEMALE,False,NONE,"Well-maintained single PG for females located at West Delhi. Monthly rent is ₹15,952. Food is not included. Nearest metro station is 1.91 km away.",2026-05-31 18:13:28
PROP1188,OWN1198,1 BHK Pg in Noida Sector 62,Noida Sector 62,Delhi NCR,PG,PG,1,247,23302,True,1.87,DOUBLE_SHARING,UNISEX,False,NONE,"Well-maintained double sharing PG for unisexs located at Noida Sector 62. Monthly rent is ₹23,302. Food is not included. Nearest metro station is 1.87 km away.",2025-10-19 20:40:18
PROP1189,OWN1041,3 BHK Apartment in Greater Noida Pari Chowk,Greater Noida Pari Chowk,Delhi NCR,APARTMENT,RENT,3,1596,25447,True,0.95,FULL_FLAT,ANY,False,NONE,"Spacious 3 BHK Apartment Available for Rent in Greater Noida Pari Chowk. Covered area is 1596 sq.ft. Listed price is ₹25,447. Proximity to metro: 0.95 km.",2025-09-28 12:20:08
PROP1190,OWN1152,4 BHK Independent House in Sohna Road Gurgaon,Sohna Road Gurgaon,Delhi NCR,INDEPENDENT_HOUSE,RENT,4,1968,70183,True,1.23,FULL_FLAT,ANY,False,NONE,"Spacious 4 BHK Independent House Available for Rent in Sohna Road Gurgaon. Covered area is 1968 sq.ft. Listed price is ₹70,183. Proximity to metro: 1.23 km.",2025-12-31 21:26:55
PROP1191,OWN1181,1 BHK Apartment in Greater Noida Pari Chowk,Greater Noida Pari Chowk,Delhi NCR,APARTMENT,SALE,1,707,28881397,False,6.93,FULL_FLAT,ANY,False,NONE,"Spacious 1 BHK Apartment Available for Sale in Greater Noida Pari Chowk. Covered area is 707 sq.ft. Listed price is ₹28,881,397. Proximity to metro: 6.93 km.",2025-12-22 03:07:23
PROP1192,OWN1082,4 BHK Independent House in North Delhi,North Delhi,Delhi NCR,INDEPENDENT_HOUSE,SALE,4,2068,12971153,True,0.74,FULL_FLAT,ANY,False,NONE,"Spacious 4 BHK Independent House Available for Sale in North Delhi. Covered area is 2068 sq.ft. Listed price is ₹12,971,153. Proximity to metro: 0.74 km.",2025-10-30 18:40:11
PROP1193,OWN1188,1 BHK Independent House in Noida Extension,Noida Extension,Delhi NCR,INDEPENDENT_HOUSE,SALE,1,578,34693792,True,1.06,FULL_FLAT,ANY,False,NONE,"Spacious 1 BHK Independent House Available for Sale in Noida Extension. Covered area is 578 sq.ft. Listed price is ₹34,693,792. Proximity to metro: 1.06 km.",2025-10-20 06:45:12
PROP1194,OWN1040,3 BHK Builder Floor in Hauz Khas,Hauz Khas,Delhi NCR,BUILDER_FLOOR,RENT,3,1848,48528,True,2.41,FULL_FLAT,ANY,False,NONE,"Spacious 3 BHK Builder Floor Available for Rent in Hauz Khas. Covered area is 1848 sq.ft. Listed price is ₹48,528. Proximity to metro: 2.41 km.",2026-06-23 06:08:04
PROP1195,OWN1014,1 BHK Builder Floor in Lajpat Nagar,Lajpat Nagar,Delhi NCR,BUILDER_FLOOR,RENT,1,517,46116,False,5.01,FULL_FLAT,ANY,False,NONE,"Spacious 1 BHK Builder Floor Available for Rent in Lajpat Nagar. Covered area is 517 sq.ft. Listed price is ₹46,116. Proximity to metro: 5.01 km.",2025-12-29 21:23:15
PROP1196,OWN1147,1 BHK Apartment in Faridabad Sector 15,Faridabad Sector 15,Delhi NCR,APARTMENT,SALE,1,731,16086772,False,5.0,FULL_FLAT,ANY,False,NONE,"Spacious 1 BHK Apartment Available for Sale in Faridabad Sector 15. Covered area is 731 sq.ft. Listed price is ₹16,086,772. Proximity to metro: 5.0 km.",2026-05-31 15:23:22
PROP1197,OWN1045,1 BHK Independent House in DLF Phase 5,DLF Phase 5,Delhi NCR,INDEPENDENT_HOUSE,RENT,1,590,83063,True,2.25,FULL_FLAT,ANY,False,NONE,"Spacious 1 BHK Independent House Available for Rent in DLF Phase 5. Covered area is 590 sq.ft. Listed price is ₹83,063. Proximity to metro: 2.25 km.",2026-02-07 01:01:46
PROP1198,OWN1081,2 BHK Independent House in Lajpat Nagar,Lajpat Nagar,Delhi NCR,INDEPENDENT_HOUSE,RENT,2,962,38342,True,0.74,FULL_FLAT,ANY,False,NONE,"Spacious 2 BHK Independent House Available for Rent in Lajpat Nagar. Covered area is 962 sq.ft. Listed price is ₹38,342. Proximity to metro: 0.74 km.",2025-08-08 12:27:18
PROP1199,OWN1253,3 BHK Independent House in North Delhi,North Delhi,Delhi NCR,INDEPENDENT_HOUSE,SALE,3,2217,41520399,True,1.61,FULL_FLAT,ANY,False,NONE,"Spacious 3 BHK Independent House Available for Sale in North Delhi. Covered area is 2217 sq.ft. Listed price is ₹41,520,399. Proximity to metro: 1.61 km.",2026-07-21 00:28:49
PROP1200,OWN1045,4 BHK Independent House in Central Delhi,Central Delhi,Delhi NCR,INDEPENDENT_HOUSE,SALE,4,3076,32067993,True,2.09,FULL_FLAT,ANY,False,NONE,"Spacious 4 BHK Independent House Available for Sale in Central Delhi. Covered area is 3076 sq.ft. Listed price is ₹32,067,993. Proximity to metro: 2.09 km.",2026-05-22 09:25:37
PROP1201,OWN1038,1 BHK Pg in Hauz Khas,Hauz Khas,Delhi NCR,PG,PG,1,284,9430,True,2.22,DOUBLE_SHARING,FEMALE,False,NONE,"Well-maintained double sharing PG for females located at Hauz Khas. Monthly rent is ₹9,430. Food is not included. Nearest metro station is 2.22 km away.",2026-07-09 22:59:55
PROP1202,OWN1283,4 BHK Apartment in Lajpat Nagar,Lajpat Nagar,Delhi NCR,APARTMENT,RENT,4,2312,19263,True,1.39,FULL_FLAT,ANY,False,NONE,"Spacious 4 BHK Apartment Available for Rent in Lajpat Nagar. Covered area is 2312 sq.ft. Listed price is ₹19,263. Proximity to metro: 1.39 km.",2026-06-24 09:19:14
PROP1203,OWN1156,2 BHK Independent House in Janakpuri,Janakpuri,Delhi NCR,INDEPENDENT_HOUSE,SALE,2,1354,39322641,True,2.15,FULL_FLAT,ANY,False,NONE,"Spacious 2 BHK Independent House Available for Sale in Janakpuri. Covered area is 1354 sq.ft. Listed price is ₹39,322,641. Proximity to metro: 2.15 km.",2026-05-27 00:28:23
PROP1204,OWN1129,3 BHK Independent House in Pitampura,Pitampura,Delhi NCR,INDEPENDENT_HOUSE,RENT,3,1446,51691,False,5.48,FULL_FLAT,ANY,False,NONE,"Spacious 3 BHK Independent House Available for Rent in Pitampura. Covered area is 1446 sq.ft. Listed price is ₹51,691. Proximity to metro: 5.48 km.",2025-09-19 18:51:11
PROP1205,OWN1258,2 BHK Independent House in Janakpuri,Janakpuri,Delhi NCR,INDEPENDENT_HOUSE,RENT,2,986,56252,False,2.82,FULL_FLAT,ANY,False,NONE,"Spacious 2 BHK Independent House Available for Rent in Janakpuri. Covered area is 986 sq.ft. Listed price is ₹56,252. Proximity to metro: 2.82 km.",2026-01-14 10:01:24
PROP1206,OWN1015,5 BHK Independent House in Dwarka Sector 21,Dwarka Sector 21,Delhi NCR,INDEPENDENT_HOUSE,SALE,5,3175,18647110,False,4.85,FULL_FLAT,ANY,False,NONE,"Spacious 5 BHK Independent House Available for Sale in Dwarka Sector 21. Covered area is 3175 sq.ft. Listed price is ₹18,647,110. Proximity to metro: 4.85 km.",2025-10-07 02:40:03
PROP1207,OWN1016,1 BHK Pg in Faridabad Sector 15,Faridabad Sector 15,Delhi NCR,PG,PG,1,259,16491,True,2.05,TRIPLE_SHARING,FEMALE,False,NONE,"Well-maintained triple sharing PG for females located at Faridabad Sector 15. Monthly rent is ₹16,491. Food is not included. Nearest metro station is 2.05 km away.",2025-12-14 12:25:58
PROP1208,OWN1208,1 BHK Independent House in Sohna Road Gurgaon,Sohna Road Gurgaon,Delhi NCR,INDEPENDENT_HOUSE,RENT,1,490,69619,True,1.31,FULL_FLAT,ANY,False,NONE,"Spacious 1 BHK Independent House Available for Rent in Sohna Road Gurgaon. Covered area is 490 sq.ft. Listed price is ₹69,619. Proximity to metro: 1.31 km.",2025-08-11 10:59:37
PROP1209,OWN1105,3 BHK Builder Floor in Noida Sector 62,Noida Sector 62,Delhi NCR,BUILDER_FLOOR,RENT,3,1911,57268,True,0.5,FULL_FLAT,ANY,False,NONE,"Spacious 3 BHK Builder Floor Available for Rent in Noida Sector 62. Covered area is 1911 sq.ft. Listed price is ₹57,268. Proximity to metro: 0.5 km.",2025-12-06 10:59:50
PROP1210,OWN1190,2 BHK Builder Floor in Faridabad Sector 81,Faridabad Sector 81,Delhi NCR,BUILDER_FLOOR,RENT,2,1138,28059,True,1.23,FULL_FLAT,ANY,False,NONE,"Spacious 2 BHK Builder Floor Available for Rent in Faridabad Sector 81. Covered area is 1138 sq.ft. Listed price is ₹28,059. Proximity to metro: 1.23 km.",2026-07-15 21:59:27
PROP1211,OWN1073,5 BHK Builder Floor in Vasant Kunj,Vasant Kunj,Delhi NCR,BUILDER_FLOOR,SALE,5,3570,21161136,True,2.07,FULL_FLAT,ANY,False,NONE,"Spacious 5 BHK Builder Floor Available for Sale in Vasant Kunj. Covered area is 3570 sq.ft. Listed price is ₹21,161,136. Proximity to metro: 2.07 km.",2025-10-25 21:42:58
PROP1212,OWN1296,4 BHK Apartment in DLF Phase 5,DLF Phase 5,Delhi NCR,APARTMENT,SALE,4,3052,35827432,True,2.22,FULL_FLAT,ANY,False,NONE,"Spacious 4 BHK Apartment Available for Sale in DLF Phase 5. Covered area is 3052 sq.ft. Listed price is ₹35,827,432. Proximity to metro: 2.22 km.",2026-05-03 09:59:04
PROP1213,OWN1255,5 BHK Builder Floor in North Delhi,North Delhi,Delhi NCR,BUILDER_FLOOR,SALE,5,3670,20655025,True,1.54,FULL_FLAT,ANY,False,NONE,"Spacious 5 BHK Builder Floor Available for Sale in North Delhi. Covered area is 3670 sq.ft. Listed price is ₹20,655,025. Proximity to metro: 1.54 km.",2026-01-03 05:30:14
PROP1214,OWN1025,4 BHK Independent House in West Delhi,West Delhi,Delhi NCR,INDEPENDENT_HOUSE,SALE,4,2584,40516706,True,2.15,FULL_FLAT,ANY,False,NONE,"Spacious 4 BHK Independent House Available for Sale in West Delhi. Covered area is 2584 sq.ft. Listed price is ₹40,516,706. Proximity to metro: 2.15 km.",2025-12-22 12:59:31
PROP1215,OWN1221,1 BHK Pg in Hauz Khas,Hauz Khas,Delhi NCR,PG,PG,1,306,18985,True,1.51,DOUBLE_SHARING,FEMALE,True,BOTH,"Well-maintained double sharing PG for females located at Hauz Khas. Monthly rent is ₹18,985. Food is included (both). Nearest metro station is 1.51 km away.",2026-07-05 16:37:36
PROP1216,OWN1100,4 BHK Apartment in Noida Extension,Noida Extension,Delhi NCR,APARTMENT,RENT,4,2316,71028,False,4.11,FULL_FLAT,ANY,False,NONE,"Spacious 4 BHK Apartment Available for Rent in Noida Extension. Covered area is 2316 sq.ft. Listed price is ₹71,028. Proximity to metro: 4.11 km.",2026-07-19 14:38:47
PROP1217,OWN1061,1 BHK Pg in Hauz Khas,Hauz Khas,Delhi NCR,PG,PG,1,220,19228,True,0.66,DOUBLE_SHARING,UNISEX,False,NONE,"Well-maintained double sharing PG for unisexs located at Hauz Khas. Monthly rent is ₹19,228. Food is not included. Nearest metro station is 0.66 km away.",2026-02-09 00:44:30
PROP1218,OWN1261,1 BHK Apartment in Noida Sector 76,Noida Sector 76,Delhi NCR,APARTMENT,RENT,1,485,55652,True,1.39,FULL_FLAT,ANY,False,NONE,"Spacious 1 BHK Apartment Available for Rent in Noida Sector 76. Covered area is 485 sq.ft. Listed price is ₹55,652. Proximity to metro: 1.39 km.",2026-04-09 10:24:16
PROP1219,OWN1077,3 BHK Independent House in Faridabad Sector 81,Faridabad Sector 81,Delhi NCR,INDEPENDENT_HOUSE,SALE,3,1749,30870735,False,6.59,FULL_FLAT,ANY,False,NONE,"Spacious 3 BHK Independent House Available for Sale in Faridabad Sector 81. Covered area is 1749 sq.ft. Listed price is ₹30,870,735. Proximity to metro: 6.59 km.",2025-09-15 13:55:18
PROP1220,OWN1154,4 BHK Independent House in Noida Sector 62,Noida Sector 62,Delhi NCR,INDEPENDENT_HOUSE,RENT,4,2524,51294,True,2.08,FULL_FLAT,ANY,False,NONE,"Spacious 4 BHK Independent House Available for Rent in Noida Sector 62. Covered area is 2524 sq.ft. Listed price is ₹51,294. Proximity to metro: 2.08 km.",2025-11-06 09:52:46
PROP1221,OWN1189,3 BHK Builder Floor in Noida Sector 62,Noida Sector 62,Delhi NCR,BUILDER_FLOOR,RENT,3,1905,15492,False,5.16,FULL_FLAT,ANY,False,NONE,"Spacious 3 BHK Builder Floor Available for Rent in Noida Sector 62. Covered area is 1905 sq.ft. Listed price is ₹15,492. Proximity to metro: 5.16 km.",2026-07-09 20:29:01
PROP1222,OWN1297,4 BHK Independent House in Gurgaon Sector 56,Gurgaon Sector 56,Delhi NCR,INDEPENDENT_HOUSE,RENT,4,1972,80712,False,6.49,FULL_FLAT,ANY,False,NONE,"Spacious 4 BHK Independent House Available for Rent in Gurgaon Sector 56. Covered area is 1972 sq.ft. Listed price is ₹80,712. Proximity to metro: 6.49 km.",2026-02-17 13:57:55
PROP1223,OWN1195,1 BHK Pg in Rohini Sector 10,Rohini Sector 10,Delhi NCR,PG,PG,1,182,8034,True,1.21,TRIPLE_SHARING,UNISEX,True,VEG,"Well-maintained triple sharing PG for unisexs located at Rohini Sector 10. Monthly rent is ₹8,034. Food is included (veg). Nearest metro station is 1.21 km away.",2026-02-04 01:45:46
PROP1224,OWN1215,4 BHK Apartment in Rohini Sector 10,Rohini Sector 10,Delhi NCR,APARTMENT,RENT,4,2312,73814,False,6.53,FULL_FLAT,ANY,False,NONE,"Spacious 4 BHK Apartment Available for Rent in Rohini Sector 10. Covered area is 2312 sq.ft. Listed price is ₹73,814. Proximity to metro: 6.53 km.",2026-04-20 05:35:03
PROP1225,OWN1071,4 BHK Builder Floor in Faridabad Neharpar,Faridabad Neharpar,Delhi NCR,BUILDER_FLOOR,SALE,4,3076,29788282,True,2.4,FULL_FLAT,ANY,False,NONE,"Spacious 4 BHK Builder Floor Available for Sale in Faridabad Neharpar. Covered area is 3076 sq.ft. Listed price is ₹29,788,282. Proximity to metro: 2.4 km.",2025-08-10 22:06:25
PROP1226,OWN1236,3 BHK Independent House in Noida Sector 62,Noida Sector 62,Delhi NCR,INDEPENDENT_HOUSE,RENT,3,1818,75462,True,2.4,FULL_FLAT,ANY,False,NONE,"Spacious 3 BHK Independent House Available for Rent in Noida Sector 62. Covered area is 1818 sq.ft. Listed price is ₹75,462. Proximity to metro: 2.4 km.",2026-02-19 09:46:14
PROP1227,OWN1143,3 BHK Builder Floor in Sohna Road Gurgaon,Sohna Road Gurgaon,Delhi NCR,BUILDER_FLOOR,SALE,3,1818,37316441,True,1.3,FULL_FLAT,ANY,False,NONE,"Spacious 3 BHK Builder Floor Available for Sale in Sohna Road Gurgaon. Covered area is 1818 sq.ft. Listed price is ₹37,316,441. Proximity to metro: 1.3 km.",2026-01-20 16:52:32
PROP1228,OWN1287,5 BHK Independent House in Golf Course Extension Road,Golf Course Extension Road,Delhi NCR,INDEPENDENT_HOUSE,SALE,5,3470,30976624,True,2.4,FULL_FLAT,ANY,False,NONE,"Spacious 5 BHK Independent House Available for Sale in Golf Course Extension Road. Covered area is 3470 sq.ft. Listed price is ₹30,976,624. Proximity to metro: 2.4 km.",2026-05-28 11:44:52
PROP1229,OWN1075,1 BHK Independent House in Gurgaon Sector 45,Gurgaon Sector 45,Delhi NCR,INDEPENDENT_HOUSE,SALE,1,677,34187358,False,3.98,FULL_FLAT,ANY,False,NONE,"Spacious 1 BHK Independent House Available for Sale in Gurgaon Sector 45. Covered area is 677 sq.ft. Listed price is ₹34,187,358. Proximity to metro: 3.98 km.",2025-09-16 13:01:39
PROP1230,OWN1246,3 BHK Independent House in Preet Vihar,Preet Vihar,Delhi NCR,INDEPENDENT_HOUSE,SALE,3,2361,22728208,True,0.45,FULL_FLAT,ANY,False,NONE,"Spacious 3 BHK Independent House Available for Sale in Preet Vihar. Covered area is 2361 sq.ft. Listed price is ₹22,728,208. Proximity to metro: 0.45 km.",2026-07-06 22:58:02
PROP1231,OWN1123,2 BHK Independent House in Gurgaon Golf Course Road,Gurgaon Golf Course Road,Delhi NCR,INDEPENDENT_HOUSE,SALE,2,1238,8022618,True,1.15,FULL_FLAT,ANY,False,NONE,"Spacious 2 BHK Independent House Available for Sale in Gurgaon Golf Course Road. Covered area is 1238 sq.ft. Listed price is ₹8,022,618. Proximity to metro: 1.15 km.",2025-08-19 07:14:52
PROP1232,OWN1242,1 BHK Apartment in Vasant Kunj,Vasant Kunj,Delhi NCR,APARTMENT,RENT,1,590,32701,True,1.7,FULL_FLAT,ANY,False,NONE,"Spacious 1 BHK Apartment Available for Rent in Vasant Kunj. Covered area is 590 sq.ft. Listed price is ₹32,701. Proximity to metro: 1.7 km.",2025-09-26 21:54:25
PROP1233,OWN1244,3 BHK Builder Floor in Ghaziabad Raj Nagar Extension,Ghaziabad Raj Nagar Extension,Delhi NCR,BUILDER_FLOOR,RENT,3,1569,19754,True,1.7,FULL_FLAT,ANY,False,NONE,"Spacious 3 BHK Builder Floor Available for Rent in Ghaziabad Raj Nagar Extension. Covered area is 1569 sq.ft. Listed price is ₹19,754. Proximity to metro: 1.7 km.",2026-02-23 08:56:41
PROP1234,OWN1119,1 BHK Pg in East Delhi,East Delhi,Delhi NCR,PG,PG,1,164,20693,True,0.63,SINGLE,MALE,False,NONE,"Well-maintained single PG for males located at East Delhi. Monthly rent is ₹20,693. Food is not included. Nearest metro station is 0.63 km away.",2026-03-24 15:45:40
PROP1235,OWN1149,5 BHK Independent House in East Delhi,East Delhi,Delhi NCR,INDEPENDENT_HOUSE,SALE,5,2770,26984295,True,1.25,FULL_FLAT,ANY,False,NONE,"Spacious 5 BHK Independent House Available for Sale in East Delhi. Covered area is 2770 sq.ft. Listed price is ₹26,984,295. Proximity to metro: 1.25 km.",2025-10-14 22:45:03
PROP1236,OWN1279,4 BHK Apartment in Faridabad Neharpar,Faridabad Neharpar,Delhi NCR,APARTMENT,RENT,4,2076,37272,True,0.96,FULL_FLAT,ANY,False,NONE,"Spacious 4 BHK Apartment Available for Rent in Faridabad Neharpar. Covered area is 2076 sq.ft. Listed price is ₹37,272. Proximity to metro: 0.96 km.",2025-09-02 19:54:26
PROP1237,OWN1235,3 BHK Apartment in Cyber City Gurgaon,Cyber City Gurgaon,Delhi NCR,APARTMENT,RENT,3,1575,37318,True,1.61,FULL_FLAT,ANY,False,NONE,"Spacious 3 BHK Apartment Available for Rent in Cyber City Gurgaon. Covered area is 1575 sq.ft. Listed price is ₹37,318. Proximity to metro: 1.61 km.",2026-06-11 05:03:17
PROP1238,OWN1208,4 BHK Apartment in Greater Noida Pari Chowk,Greater Noida Pari Chowk,Delhi NCR,APARTMENT,RENT,4,2484,24502,True,2.46,FULL_FLAT,ANY,False,NONE,"Spacious 4 BHK Apartment Available for Rent in Greater Noida Pari Chowk. Covered area is 2484 sq.ft. Listed price is ₹24,502. Proximity to metro: 2.46 km.",2025-10-18 23:16:28
PROP1239,OWN1245,1 BHK Pg in DLF Phase 5,DLF Phase 5,Delhi NCR,PG,PG,1,121,15545,True,2.39,DOUBLE_SHARING,MALE,False,NONE,"Well-maintained double sharing PG for males located at DLF Phase 5. Monthly rent is ₹15,545. Food is not included. Nearest metro station is 2.39 km away.",2026-02-23 04:25:19
PROP1240,OWN1155,2 BHK Builder Floor in South Delhi,South Delhi,Delhi NCR,BUILDER_FLOOR,SALE,2,1062,12433935,True,0.91,FULL_FLAT,ANY,False,NONE,"Spacious 2 BHK Builder Floor Available for Sale in South Delhi. Covered area is 1062 sq.ft. Listed price is ₹12,433,935. Proximity to metro: 0.91 km.",2026-03-04 06:21:34
PROP1241,OWN1208,1 BHK Pg in Faridabad Sector 81,Faridabad Sector 81,Delhi NCR,PG,PG,1,347,17190,True,1.61,TRIPLE_SHARING,MALE,False,NONE,"Well-maintained triple sharing PG for males located at Faridabad Sector 81. Monthly rent is ₹17,190. Food is not included. Nearest metro station is 1.61 km away.",2025-12-21 03:50:05
PROP1242,OWN1113,3 BHK Builder Floor in Hauz Khas,Hauz Khas,Delhi NCR,BUILDER_FLOOR,RENT,3,1668,83989,True,1.94,FULL_FLAT,ANY,False,NONE,"Spacious 3 BHK Builder Floor Available for Rent in Hauz Khas. Covered area is 1668 sq.ft. Listed price is ₹83,989. Proximity to metro: 1.94 km.",2026-02-19 05:20:28
PROP1243,OWN1112,1 BHK Independent House in Gurgaon Golf Course Road,Gurgaon Golf Course Road,Delhi NCR,INDEPENDENT_HOUSE,RENT,1,584,70556,False,6.4,FULL_FLAT,ANY,False,NONE,"Spacious 1 BHK Independent House Available for Rent in Gurgaon Golf Course Road. Covered area is 584 sq.ft. Listed price is ₹70,556. Proximity to metro: 6.4 km.",2026-01-27 23:35:52
PROP1244,OWN1040,5 BHK Independent House in Saket,Saket,Delhi NCR,INDEPENDENT_HOUSE,SALE,5,3015,42933358,False,3.41,FULL_FLAT,ANY,False,NONE,"Spacious 5 BHK Independent House Available for Sale in Saket. Covered area is 3015 sq.ft. Listed price is ₹42,933,358. Proximity to metro: 3.41 km.",2026-06-27 10:25:14
PROP1245,OWN1168,2 BHK Independent House in Faridabad Neharpar,Faridabad Neharpar,Delhi NCR,INDEPENDENT_HOUSE,RENT,2,1266,76071,True,2.27,FULL_FLAT,ANY,False,NONE,"Spacious 2 BHK Independent House Available for Rent in Faridabad Neharpar. Covered area is 1266 sq.ft. Listed price is ₹76,071. Proximity to metro: 2.27 km.",2025-10-03 15:29:49
PROP1246,OWN1229,4 BHK Independent House in West Delhi,West Delhi,Delhi NCR,INDEPENDENT_HOUSE,RENT,4,2264,19567,False,5.1,FULL_FLAT,ANY,False,NONE,"Spacious 4 BHK Independent House Available for Rent in West Delhi. Covered area is 2264 sq.ft. Listed price is ₹19,567. Proximity to metro: 5.1 km.",2026-04-08 14:58:31
PROP1247,OWN1158,2 BHK Apartment in North Delhi,North Delhi,Delhi NCR,APARTMENT,SALE,2,1592,9400928,True,1.17,FULL_FLAT,ANY,False,NONE,"Spacious 2 BHK Apartment Available for Sale in North Delhi. Covered area is 1592 sq.ft. Listed price is ₹9,400,928. Proximity to metro: 1.17 km.",2025-10-16 05:16:25
PROP1248,OWN1033,1 BHK Pg in West Delhi,West Delhi,Delhi NCR,PG,PG,1,137,22468,True,1.97,SINGLE,FEMALE,False,NONE,"Well-maintained single PG for females located at West Delhi. Monthly rent is ₹22,468. Food is not included. Nearest metro station is 1.97 km away.",2025-12-12 14:22:25
PROP1249,OWN1216,1 BHK Pg in Noida Extension,Noida Extension,Delhi NCR,PG,PG,1,217,21697,False,7.25,DOUBLE_SHARING,FEMALE,True,VEG,"Well-maintained double sharing PG for females located at Noida Extension. Monthly rent is ₹21,697. Food is included (veg). Nearest metro station is 7.25 km away.",2026-03-23 08:53:07
PROP1250,OWN1061,1 BHK Pg in Lajpat Nagar,Lajpat Nagar,Delhi NCR,PG,PG,1,220,24329,True,2.45,SINGLE,UNISEX,True,VEG,"Well-maintained single PG for unisexs located at Lajpat Nagar. Monthly rent is ₹24,329. Food is included (veg). Nearest metro station is 2.45 km away.",2025-11-07 14:42:44
PROP1251,OWN1238,2 BHK Apartment in Greater Noida Pari Chowk,Greater Noida Pari Chowk,Delhi NCR,APARTMENT,RENT,2,1134,57371,True,0.83,FULL_FLAT,ANY,False,NONE,"Spacious 2 BHK Apartment Available for Rent in Greater Noida Pari Chowk. Covered area is 1134 sq.ft. Listed price is ₹57,371. Proximity to metro: 0.83 km.",2025-11-13 12:32:36
PROP1252,OWN1058,1 BHK Pg in East Delhi,East Delhi,Delhi NCR,PG,PG,1,227,7512,False,2.78,SINGLE,MALE,True,VEG,"Well-maintained single PG for males located at East Delhi. Monthly rent is ₹7,512. Food is included (veg). Nearest metro station is 2.78 km away.",2026-04-21 15:40:25
PROP1253,OWN1025,4 BHK Builder Floor in Gurgaon Golf Course Road,Gurgaon Golf Course Road,Delhi NCR,BUILDER_FLOOR,RENT,4,2036,82747,True,1.94,FULL_FLAT,ANY,False,NONE,"Spacious 4 BHK Builder Floor Available for Rent in Gurgaon Golf Course Road. Covered area is 2036 sq.ft. Listed price is ₹82,747. Proximity to metro: 1.94 km.",2025-08-16 12:54:19
PROP1254,OWN1029,2 BHK Builder Floor in Hauz Khas,Hauz Khas,Delhi NCR,BUILDER_FLOOR,RENT,2,1274,53799,False,5.83,FULL_FLAT,ANY,False,NONE,"Spacious 2 BHK Builder Floor Available for Rent in Hauz Khas. Covered area is 1274 sq.ft. Listed price is ₹53,799. Proximity to metro: 5.83 km.",2026-01-04 10:13:51
PROP1255,OWN1165,5 BHK Apartment in Gurgaon Golf Course Road,Gurgaon Golf Course Road,Delhi NCR,APARTMENT,SALE,5,3065,32253555,True,0.83,FULL_FLAT,ANY,False,NONE,"Spacious 5 BHK Apartment Available for Sale in Gurgaon Golf Course Road. Covered area is 3065 sq.ft. Listed price is ₹32,253,555. Proximity to metro: 0.83 km.",2026-07-20 17:13:19
PROP1256,OWN1286,4 BHK Builder Floor in Lajpat Nagar,Lajpat Nagar,Delhi NCR,BUILDER_FLOOR,RENT,4,1848,57143,False,6.23,FULL_FLAT,ANY,False,NONE,"Spacious 4 BHK Builder Floor Available for Rent in Lajpat Nagar. Covered area is 1848 sq.ft. Listed price is ₹57,143. Proximity to metro: 6.23 km.",2026-07-19 20:33:08
PROP1257,OWN1269,2 BHK Builder Floor in DLF Phase 5,DLF Phase 5,Delhi NCR,BUILDER_FLOOR,RENT,2,1052,61343,True,1.94,FULL_FLAT,ANY,False,NONE,"Spacious 2 BHK Builder Floor Available for Rent in DLF Phase 5. Covered area is 1052 sq.ft. Listed price is ₹61,343. Proximity to metro: 1.94 km.",2025-08-16 19:11:45
PROP1258,OWN1243,1 BHK Pg in Gurgaon Golf Course Road,Gurgaon Golf Course Road,Delhi NCR,PG,PG,1,196,11730,True,1.48,DOUBLE_SHARING,MALE,False,NONE,"Well-maintained double sharing PG for males located at Gurgaon Golf Course Road. Monthly rent is ₹11,730. Food is not included. Nearest metro station is 1.48 km away.",2025-10-06 21:28:10
PROP1259,OWN1069,3 BHK Apartment in Noida Sector 18,Noida Sector 18,Delhi NCR,APARTMENT,SALE,3,1620,34684682,True,0.41,FULL_FLAT,ANY,False,NONE,"Spacious 3 BHK Apartment Available for Sale in Noida Sector 18. Covered area is 1620 sq.ft. Listed price is ₹34,684,682. Proximity to metro: 0.41 km.",2025-10-25 21:41:35
PROP1260,OWN1098,5 BHK Independent House in West Delhi,West Delhi,Delhi NCR,INDEPENDENT_HOUSE,SALE,5,2600,9384473,True,2.05,FULL_FLAT,ANY,False,NONE,"Spacious 5 BHK Independent House Available for Sale in West Delhi. Covered area is 2600 sq.ft. Listed price is ₹9,384,473. Proximity to metro: 2.05 km.",2026-06-26 21:44:15
PROP1261,OWN1287,3 BHK Builder Floor in Preet Vihar,Preet Vihar,Delhi NCR,BUILDER_FLOOR,RENT,3,1359,39762,True,2.41,FULL_FLAT,ANY,False,NONE,"Spacious 3 BHK Builder Floor Available for Rent in Preet Vihar. Covered area is 1359 sq.ft. Listed price is ₹39,762. Proximity to metro: 2.41 km.",2026-06-07 18:27:14
PROP1262,OWN1061,1 BHK Pg in Ghaziabad Raj Nagar Extension,Ghaziabad Raj Nagar Extension,Delhi NCR,PG,PG,1,298,13701,True,1.08,DOUBLE_SHARING,MALE,False,NONE,"Well-maintained double sharing PG for males located at Ghaziabad Raj Nagar Extension. Monthly rent is ₹13,701. Food is not included. Nearest metro station is 1.08 km away.",2026-06-07 04:28:54
PROP1263,OWN1274,5 BHK Builder Floor in Noida Sector 150,Noida Sector 150,Delhi NCR,BUILDER_FLOOR,SALE,5,3770,35773003,True,2.05,FULL_FLAT,ANY,False,NONE,"Spacious 5 BHK Builder Floor Available for Sale in Noida Sector 150. Covered area is 3770 sq.ft. Listed price is ₹35,773,003. Proximity to metro: 2.05 km.",2025-12-03 00:11:44
PROP1264,OWN1241,1 BHK Pg in DLF Phase 5,DLF Phase 5,Delhi NCR,PG,PG,1,214,17253,True,0.8,DOUBLE_SHARING,MALE,True,VEG,"Well-maintained double sharing PG for males located at DLF Phase 5. Monthly rent is ₹17,253. Food is included (veg). Nearest metro station is 0.8 km away.",2025-09-16 15:46:51
PROP1265,OWN1297,3 BHK Apartment in Greater Noida,Greater Noida,Delhi NCR,APARTMENT,SALE,3,1851,29990615,False,7.1,FULL_FLAT,ANY,False,NONE,"Spacious 3 BHK Apartment Available for Sale in Greater Noida. Covered area is 1851 sq.ft. Listed price is ₹29,990,615. Proximity to metro: 7.1 km.",2026-05-21 13:25:05
PROP1266,OWN1256,4 BHK Builder Floor in Noida Sector 62,Noida Sector 62,Delhi NCR,BUILDER_FLOOR,SALE,4,2940,15789968,False,6.89,FULL_FLAT,ANY,False,NONE,"Spacious 4 BHK Builder Floor Available for Sale in Noida Sector 62. Covered area is 2940 sq.ft. Listed price is ₹15,789,968. Proximity to metro: 6.89 km.",2026-04-04 00:04:19
PROP1267,OWN1087,2 BHK Builder Floor in Hauz Khas,Hauz Khas,Delhi NCR,BUILDER_FLOOR,RENT,2,1176,19698,False,2.78,FULL_FLAT,ANY,False,NONE,"Spacious 2 BHK Builder Floor Available for Rent in Hauz Khas. Covered area is 1176 sq.ft. Listed price is ₹19,698. Proximity to metro: 2.78 km.",2026-03-01 10:49:49
PROP1268,OWN1039,2 BHK Builder Floor in West Delhi,West Delhi,Delhi NCR,BUILDER_FLOOR,RENT,2,1222,42334,True,1.83,FULL_FLAT,ANY,False,NONE,"Spacious 2 BHK Builder Floor Available for Rent in West Delhi. Covered area is 1222 sq.ft. Listed price is ₹42,334. Proximity to metro: 1.83 km.",2026-07-16 14:51:29
PROP1269,OWN1005,1 BHK Builder Floor in Preet Vihar,Preet Vihar,Delhi NCR,BUILDER_FLOOR,RENT,1,608,75334,False,5.23,FULL_FLAT,ANY,False,NONE,"Spacious 1 BHK Builder Floor Available for Rent in Preet Vihar. Covered area is 608 sq.ft. Listed price is ₹75,334. Proximity to metro: 5.23 km.",2026-03-16 21:36:34
PROP1270,OWN1004,3 BHK Independent House in Greater Noida,Greater Noida,Delhi NCR,INDEPENDENT_HOUSE,SALE,3,2322,23739342,True,1.36,FULL_FLAT,ANY,False,NONE,"Spacious 3 BHK Independent House Available for Sale in Greater Noida. Covered area is 2322 sq.ft. Listed price is ₹23,739,342. Proximity to metro: 1.36 km.",2025-07-23 21:35:07
PROP1271,OWN1221,5 BHK Apartment in Lajpat Nagar,Lajpat Nagar,Delhi NCR,APARTMENT,SALE,5,2880,20671144,True,1.63,FULL_FLAT,ANY,False,NONE,"Spacious 5 BHK Apartment Available for Sale in Lajpat Nagar. Covered area is 2880 sq.ft. Listed price is ₹20,671,144. Proximity to metro: 1.63 km.",2026-05-15 11:32:55
PROP1272,OWN1130,1 BHK Builder Floor in Noida Sector 150,Noida Sector 150,Delhi NCR,BUILDER_FLOOR,SALE,1,691,31748038,True,1.5,FULL_FLAT,ANY,False,NONE,"Spacious 1 BHK Builder Floor Available for Sale in Noida Sector 150. Covered area is 691 sq.ft. Listed price is ₹31,748,038. Proximity to metro: 1.5 km.",2025-11-07 09:17:32
PROP1273,OWN1116,1 BHK Apartment in Sohna Road Gurgaon,Sohna Road Gurgaon,Delhi NCR,APARTMENT,RENT,1,473,65120,True,1.07,FULL_FLAT,ANY,False,NONE,"Spacious 1 BHK Apartment Available for Rent in Sohna Road Gurgaon. Covered area is 473 sq.ft. Listed price is ₹65,120. Proximity to metro: 1.07 km.",2026-03-20 08:06:58
PROP1274,OWN1244,2 BHK Independent House in West Delhi,West Delhi,Delhi NCR,INDEPENDENT_HOUSE,RENT,2,942,77517,True,1.68,FULL_FLAT,ANY,False,NONE,"Spacious 2 BHK Independent House Available for Rent in West Delhi. Covered area is 942 sq.ft. Listed price is ₹77,517. Proximity to metro: 1.68 km.",2026-06-28 23:26:42
PROP1275,OWN1170,1 BHK Pg in Vasant Kunj,Vasant Kunj,Delhi NCR,PG,PG,1,130,14528,True,0.31,SINGLE,UNISEX,False,NONE,"Well-maintained single PG for unisexs located at Vasant Kunj. Monthly rent is ₹14,528. Food is not included. Nearest metro station is 0.31 km away.",2025-09-08 02:10:25
PROP1276,OWN1039,1 BHK Pg in Golf Course Extension Road,Golf Course Extension Road,Delhi NCR,PG,PG,1,264,8078,False,3.38,SINGLE,FEMALE,True,VEG,"Well-maintained single PG for females located at Golf Course Extension Road. Monthly rent is ₹8,078. Food is included (veg). Nearest metro station is 3.38 km away.",2025-09-01 04:49:48
PROP1277,OWN1204,2 BHK Independent House in Central Delhi,Central Delhi,Delhi NCR,INDEPENDENT_HOUSE,SALE,2,1580,30615857,False,7.44,FULL_FLAT,ANY,False,NONE,"Spacious 2 BHK Independent House Available for Sale in Central Delhi. Covered area is 1580 sq.ft. Listed price is ₹30,615,857. Proximity to metro: 7.44 km.",2025-08-29 03:15:42
PROP1278,OWN1170,1 BHK Apartment in Noida Sector 18,Noida Sector 18,Delhi NCR,APARTMENT,RENT,1,578,57332,True,0.42,FULL_FLAT,ANY,False,NONE,"Spacious 1 BHK Apartment Available for Rent in Noida Sector 18. Covered area is 578 sq.ft. Listed price is ₹57,332. Proximity to metro: 0.42 km.",2026-02-08 02:26:08
PROP1279,OWN1119,5 BHK Independent House in Central Delhi,Central Delhi,Delhi NCR,INDEPENDENT_HOUSE,SALE,5,3515,26402766,True,1.66,FULL_FLAT,ANY,False,NONE,"Spacious 5 BHK Independent House Available for Sale in Central Delhi. Covered area is 3515 sq.ft. Listed price is ₹26,402,766. Proximity to metro: 1.66 km.",2025-10-28 12:20:56
PROP1280,OWN1231,4 BHK Independent House in Faridabad Sector 15,Faridabad Sector 15,Delhi NCR,INDEPENDENT_HOUSE,SALE,4,2884,16964655,False,5.76,FULL_FLAT,ANY,False,NONE,"Spacious 4 BHK Independent House Available for Sale in Faridabad Sector 15. Covered area is 2884 sq.ft. Listed price is ₹16,964,655. Proximity to metro: 5.76 km.",2026-02-26 22:48:11
PROP1281,OWN1195,2 BHK Builder Floor in Dwarka Sector 21,Dwarka Sector 21,Delhi NCR,BUILDER_FLOOR,RENT,2,1264,21634,True,0.82,FULL_FLAT,ANY,False,NONE,"Spacious 2 BHK Builder Floor Available for Rent in Dwarka Sector 21. Covered area is 1264 sq.ft. Listed price is ₹21,634. Proximity to metro: 0.82 km.",2026-04-09 03:25:34
PROP1282,OWN1195,3 BHK Builder Floor in Rohini Sector 10,Rohini Sector 10,Delhi NCR,BUILDER_FLOOR,RENT,3,1431,23995,True,2.37,FULL_FLAT,ANY,False,NONE,"Spacious 3 BHK Builder Floor Available for Rent in Rohini Sector 10. Covered area is 1431 sq.ft. Listed price is ₹23,995. Proximity to metro: 2.37 km.",2025-10-03 09:41:42
PROP1283,OWN1228,2 BHK Apartment in Noida Extension,Noida Extension,Delhi NCR,APARTMENT,RENT,2,944,36561,True,1.23,FULL_FLAT,ANY,False,NONE,"Spacious 2 BHK Apartment Available for Rent in Noida Extension. Covered area is 944 sq.ft. Listed price is ₹36,561. Proximity to metro: 1.23 km.",2026-03-09 16:35:15
PROP1284,OWN1285,1 BHK Apartment in Faridabad Sector 81,Faridabad Sector 81,Delhi NCR,APARTMENT,RENT,1,540,84642,True,1.57,FULL_FLAT,ANY,False,NONE,"Spacious 1 BHK Apartment Available for Rent in Faridabad Sector 81. Covered area is 540 sq.ft. Listed price is ₹84,642. Proximity to metro: 1.57 km.",2025-10-25 11:01:46
PROP1285,OWN1167,4 BHK Builder Floor in Noida Sector 18,Noida Sector 18,Delhi NCR,BUILDER_FLOOR,SALE,4,2172,42049861,True,1.52,FULL_FLAT,ANY,False,NONE,"Spacious 4 BHK Builder Floor Available for Sale in Noida Sector 18. Covered area is 2172 sq.ft. Listed price is ₹42,049,861. Proximity to metro: 1.52 km.",2026-01-15 11:21:46
PROP1286,OWN1087,3 BHK Builder Floor in Noida Sector 18,Noida Sector 18,Delhi NCR,BUILDER_FLOOR,SALE,3,1911,37592987,True,0.35,FULL_FLAT,ANY,False,NONE,"Spacious 3 BHK Builder Floor Available for Sale in Noida Sector 18. Covered area is 1911 sq.ft. Listed price is ₹37,592,987. Proximity to metro: 0.35 km.",2026-06-16 16:58:20
PROP1287,OWN1223,1 BHK Builder Floor in Golf Course Extension Road,Golf Course Extension Road,Delhi NCR,BUILDER_FLOOR,RENT,1,542,44990,True,1.86,FULL_FLAT,ANY,False,NONE,"Spacious 1 BHK Builder Floor Available for Rent in Golf Course Extension Road. Covered area is 542 sq.ft. Listed price is ₹44,990. Proximity to metro: 1.86 km.",2026-05-26 01:45:07
PROP1288,OWN1254,3 BHK Apartment in Pitampura,Pitampura,Delhi NCR,APARTMENT,RENT,3,1353,63864,True,2.14,FULL_FLAT,ANY,False,NONE,"Spacious 3 BHK Apartment Available for Rent in Pitampura. Covered area is 1353 sq.ft. Listed price is ₹63,864. Proximity to metro: 2.14 km.",2025-08-23 18:04:34
PROP1289,OWN1195,2 BHK Builder Floor in Noida Sector 62,Noida Sector 62,Delhi NCR,BUILDER_FLOOR,RENT,2,1052,54030,False,7.72,FULL_FLAT,ANY,False,NONE,"Spacious 2 BHK Builder Floor Available for Rent in Noida Sector 62. Covered area is 1052 sq.ft. Listed price is ₹54,030. Proximity to metro: 7.72 km.",2025-12-22 17:58:24
PROP1290,OWN1103,3 BHK Builder Floor in Ghaziabad Raj Nagar Extension,Ghaziabad Raj Nagar Extension,Delhi NCR,BUILDER_FLOOR,SALE,3,1947,37450942,False,6.82,FULL_FLAT,ANY,False,NONE,"Spacious 3 BHK Builder Floor Available for Sale in Ghaziabad Raj Nagar Extension. Covered area is 1947 sq.ft. Listed price is ₹37,450,942. Proximity to metro: 6.82 km.",2025-10-30 02:19:20
PROP1291,OWN1167,3 BHK Builder Floor in Noida Sector 18,Noida Sector 18,Delhi NCR,BUILDER_FLOOR,SALE,3,1674,42339367,True,1.56,FULL_FLAT,ANY,False,NONE,"Spacious 3 BHK Builder Floor Available for Sale in Noida Sector 18. Covered area is 1674 sq.ft. Listed price is ₹42,339,367. Proximity to metro: 1.56 km.",2025-07-22 08:05:26
PROP1292,OWN1280,1 BHK Independent House in Lajpat Nagar,Lajpat Nagar,Delhi NCR,INDEPENDENT_HOUSE,RENT,1,636,72505,False,3.73,FULL_FLAT,ANY,False,NONE,"Spacious 1 BHK Independent House Available for Rent in Lajpat Nagar. Covered area is 636 sq.ft. Listed price is ₹72,505. Proximity to metro: 3.73 km.",2026-04-28 16:27:21
PROP1293,OWN1150,1 BHK Pg in Central Delhi,Central Delhi,Delhi NCR,PG,PG,1,323,20406,True,0.78,TRIPLE_SHARING,FEMALE,True,BOTH,"Well-maintained triple sharing PG for females located at Central Delhi. Monthly rent is ₹20,406. Food is included (both). Nearest metro station is 0.78 km away.",2026-03-10 17:47:34
PROP1294,OWN1079,4 BHK Apartment in Greater Noida Pari Chowk,Greater Noida Pari Chowk,Delhi NCR,APARTMENT,RENT,4,2412,74814,False,4.76,FULL_FLAT,ANY,False,NONE,"Spacious 4 BHK Apartment Available for Rent in Greater Noida Pari Chowk. Covered area is 2412 sq.ft. Listed price is ₹74,814. Proximity to metro: 4.76 km.",2025-10-24 17:14:49
PROP1295,OWN1260,1 BHK Builder Floor in Greater Noida,Greater Noida,Delhi NCR,BUILDER_FLOOR,RENT,1,477,44536,False,6.19,FULL_FLAT,ANY,False,NONE,"Spacious 1 BHK Builder Floor Available for Rent in Greater Noida. Covered area is 477 sq.ft. Listed price is ₹44,536. Proximity to metro: 6.19 km.",2026-04-17 18:27:44
PROP1296,OWN1086,4 BHK Independent House in East Delhi,East Delhi,Delhi NCR,INDEPENDENT_HOUSE,RENT,4,2568,55463,True,0.44,FULL_FLAT,ANY,False,NONE,"Spacious 4 BHK Independent House Available for Rent in East Delhi. Covered area is 2568 sq.ft. Listed price is ₹55,463. Proximity to metro: 0.44 km.",2026-02-07 12:54:29
PROP1297,OWN1051,5 BHK Independent House in Cyber City Gurgaon,Cyber City Gurgaon,Delhi NCR,INDEPENDENT_HOUSE,SALE,5,3925,43457923,False,5.71,FULL_FLAT,ANY,False,NONE,"Spacious 5 BHK Independent House Available for Sale in Cyber City Gurgaon. Covered area is 3925 sq.ft. Listed price is ₹43,457,923. Proximity to metro: 5.71 km.",2025-12-24 06:00:39
PROP1298,OWN1229,5 BHK Independent House in Noida Extension,Noida Extension,Delhi NCR,INDEPENDENT_HOUSE,SALE,5,3780,14616321,True,2.49,FULL_FLAT,ANY,False,NONE,"Spacious 5 BHK Independent House Available for Sale in Noida Extension. Covered area is 3780 sq.ft. Listed price is ₹14,616,321. Proximity to metro: 2.49 km.",2025-07-24 13:46:20
PROP1299,OWN1248,1 BHK Apartment in Vasant Kunj,Vasant Kunj,Delhi NCR,APARTMENT,SALE,1,572,27875940,True,0.99,FULL_FLAT,ANY,False,NONE,"Spacious 1 BHK Apartment Available for Sale in Vasant Kunj. Covered area is 572 sq.ft. Listed price is ₹27,875,940. Proximity to metro: 0.99 km.",2025-08-17 12:34:46
PROP1300,OWN1106,1 BHK Builder Floor in Faridabad Neharpar,Faridabad Neharpar,Delhi NCR,BUILDER_FLOOR,RENT,1,562,71303,True,0.35,FULL_FLAT,ANY,False,NONE,"Spacious 1 BHK Builder Floor Available for Rent in Faridabad Neharpar. Covered area is 562 sq.ft. Listed price is ₹71,303. Proximity to metro: 0.35 km.",2026-06-08 14:06:31
PROP1301,OWN1023,1 BHK Builder Floor in Saket,Saket,Delhi NCR,BUILDER_FLOOR,SALE,1,584,20868720,False,3.54,FULL_FLAT,ANY,False,NONE,"Spacious 1 BHK Builder Floor Available for Sale in Saket. Covered area is 584 sq.ft. Listed price is ₹20,868,720. Proximity to metro: 3.54 km.",2026-06-16 04:37:51
PROP1302,OWN1082,2 BHK Builder Floor in Noida Sector 62,Noida Sector 62,Delhi NCR,BUILDER_FLOOR,RENT,2,1106,36176,True,1.67,FULL_FLAT,ANY,False,NONE,"Spacious 2 BHK Builder Floor Available for Rent in Noida Sector 62. Covered area is 1106 sq.ft. Listed price is ₹36,176. Proximity to metro: 1.67 km.",2026-02-05 07:31:24
PROP1303,OWN1222,2 BHK Independent House in Noida Sector 76,Noida Sector 76,Delhi NCR,INDEPENDENT_HOUSE,SALE,2,1460,44242081,True,1.09,FULL_FLAT,ANY,False,NONE,"Spacious 2 BHK Independent House Available for Sale in Noida Sector 76. Covered area is 1460 sq.ft. Listed price is ₹44,242,081. Proximity to metro: 1.09 km.",2026-05-21 20:52:10
PROP1304,OWN1110,1 BHK Independent House in Preet Vihar,Preet Vihar,Delhi NCR,INDEPENDENT_HOUSE,SALE,1,795,11328464,False,3.61,FULL_FLAT,ANY,False,NONE,"Spacious 1 BHK Independent House Available for Sale in Preet Vihar. Covered area is 795 sq.ft. Listed price is ₹11,328,464. Proximity to metro: 3.61 km.",2026-02-18 19:08:56
PROP1305,OWN1167,4 BHK Builder Floor in Pitampura,Pitampura,Delhi NCR,BUILDER_FLOOR,RENT,4,2340,53078,False,4.7,FULL_FLAT,ANY,False,NONE,"Spacious 4 BHK Builder Floor Available for Rent in Pitampura. Covered area is 2340 sq.ft. Listed price is ₹53,078. Proximity to metro: 4.7 km.",2025-09-13 03:09:52
PROP1306,OWN1201,5 BHK Builder Floor in Saket,Saket,Delhi NCR,BUILDER_FLOOR,SALE,5,2940,24461184,False,5.79,FULL_FLAT,ANY,False,NONE,"Spacious 5 BHK Builder Floor Available for Sale in Saket. Covered area is 2940 sq.ft. Listed price is ₹24,461,184. Proximity to metro: 5.79 km.",2025-09-05 14:10:00
PROP1307,OWN1069,1 BHK Builder Floor in DLF Phase 5,DLF Phase 5,Delhi NCR,BUILDER_FLOOR,SALE,1,593,29552146,False,3.36,FULL_FLAT,ANY,False,NONE,"Spacious 1 BHK Builder Floor Available for Sale in DLF Phase 5. Covered area is 593 sq.ft. Listed price is ₹29,552,146. Proximity to metro: 3.36 km.",2025-11-10 15:07:43
PROP1308,OWN1199,4 BHK Independent House in Greater Noida,Greater Noida,Delhi NCR,INDEPENDENT_HOUSE,RENT,4,2232,36347,True,1.66,FULL_FLAT,ANY,False,NONE,"Spacious 4 BHK Independent House Available for Rent in Greater Noida. Covered area is 2232 sq.ft. Listed price is ₹36,347. Proximity to metro: 1.66 km.",2026-06-14 09:15:57
PROP1309,OWN1089,2 BHK Apartment in Janakpuri,Janakpuri,Delhi NCR,APARTMENT,RENT,2,1060,71113,False,2.89,FULL_FLAT,ANY,False,NONE,"Spacious 2 BHK Apartment Available for Rent in Janakpuri. Covered area is 1060 sq.ft. Listed price is ₹71,113. Proximity to metro: 2.89 km.",2026-05-07 19:37:37
PROP1310,OWN1184,4 BHK Apartment in South Delhi,South Delhi,Delhi NCR,APARTMENT,RENT,4,2372,78248,False,5.27,FULL_FLAT,ANY,False,NONE,"Spacious 4 BHK Apartment Available for Rent in South Delhi. Covered area is 2372 sq.ft. Listed price is ₹78,248. Proximity to metro: 5.27 km.",2026-05-31 09:43:20
PROP1311,OWN1252,4 BHK Builder Floor in Greater Noida,Greater Noida,Delhi NCR,BUILDER_FLOOR,RENT,4,1968,22835,False,2.77,FULL_FLAT,ANY,False,NONE,"Spacious 4 BHK Builder Floor Available for Rent in Greater Noida. Covered area is 1968 sq.ft. Listed price is ₹22,835. Proximity to metro: 2.77 km.",2026-06-14 08:46:03
PROP1312,OWN1113,5 BHK Apartment in Gurgaon Sector 45,Gurgaon Sector 45,Delhi NCR,APARTMENT,SALE,5,3235,15788313,True,1.5,FULL_FLAT,ANY,False,NONE,"Spacious 5 BHK Apartment Available for Sale in Gurgaon Sector 45. Covered area is 3235 sq.ft. Listed price is ₹15,788,313. Proximity to metro: 1.5 km.",2025-10-05 18:29:25
PROP1313,OWN1254,3 BHK Apartment in Faridabad Sector 81,Faridabad Sector 81,Delhi NCR,APARTMENT,SALE,3,2334,29119676,False,7.04,FULL_FLAT,ANY,False,NONE,"Spacious 3 BHK Apartment Available for Sale in Faridabad Sector 81. Covered area is 2334 sq.ft. Listed price is ₹29,119,676. Proximity to metro: 7.04 km.",2025-10-20 04:19:40
PROP1314,OWN1022,1 BHK Builder Floor in Ghaziabad Indirapuram,Ghaziabad Indirapuram,Delhi NCR,BUILDER_FLOOR,RENT,1,638,44444,True,2.21,FULL_FLAT,ANY,False,NONE,"Spacious 1 BHK Builder Floor Available for Rent in Ghaziabad Indirapuram. Covered area is 638 sq.ft. Listed price is ₹44,444. Proximity to metro: 2.21 km.",2025-08-27 14:04:27
PROP1315,OWN1017,4 BHK Apartment in Ghaziabad Indirapuram,Ghaziabad Indirapuram,Delhi NCR,APARTMENT,SALE,4,2240,20401180,True,2.06,FULL_FLAT,ANY,False,NONE,"Spacious 4 BHK Apartment Available for Sale in Ghaziabad Indirapuram. Covered area is 2240 sq.ft. Listed price is ₹20,401,180. Proximity to metro: 2.06 km.",2026-05-01 23:19:18
PROP1316,OWN1180,2 BHK Apartment in Greater Noida Pari Chowk,Greater Noida Pari Chowk,Delhi NCR,APARTMENT,SALE,2,1210,8483436,False,4.49,FULL_FLAT,ANY,False,NONE,"Spacious 2 BHK Apartment Available for Sale in Greater Noida Pari Chowk. Covered area is 1210 sq.ft. Listed price is ₹8,483,436. Proximity to metro: 4.49 km.",2026-06-08 23:07:21
PROP1317,OWN1144,3 BHK Independent House in Janakpuri,Janakpuri,Delhi NCR,INDEPENDENT_HOUSE,SALE,3,1944,42935634,True,2.39,FULL_FLAT,ANY,False,NONE,"Spacious 3 BHK Independent House Available for Sale in Janakpuri. Covered area is 1944 sq.ft. Listed price is ₹42,935,634. Proximity to metro: 2.39 km.",2025-12-16 11:13:00
PROP1318,OWN1264,1 BHK Builder Floor in Vasant Kunj,Vasant Kunj,Delhi NCR,BUILDER_FLOOR,SALE,1,641,13015320,False,7.28,FULL_FLAT,ANY,False,NONE,"Spacious 1 BHK Builder Floor Available for Sale in Vasant Kunj. Covered area is 641 sq.ft. Listed price is ₹13,015,320. Proximity to metro: 7.28 km.",2026-03-04 17:34:47
PROP1319,OWN1128,4 BHK Apartment in Rohini Sector 10,Rohini Sector 10,Delhi NCR,APARTMENT,RENT,4,2300,30634,False,6.01,FULL_FLAT,ANY,False,NONE,"Spacious 4 BHK Apartment Available for Rent in Rohini Sector 10. Covered area is 2300 sq.ft. Listed price is ₹30,634. Proximity to metro: 6.01 km.",2025-09-15 11:47:14
PROP1320,OWN1213,1 BHK Independent House in Noida Sector 18,Noida Sector 18,Delhi NCR,INDEPENDENT_HOUSE,RENT,1,553,79582,False,4.1,FULL_FLAT,ANY,False,NONE,"Spacious 1 BHK Independent House Available for Rent in Noida Sector 18. Covered area is 553 sq.ft. Listed price is ₹79,582. Proximity to metro: 4.1 km.",2026-06-25 16:07:25
PROP1321,OWN1189,1 BHK Pg in Ghaziabad Vasundhara,Ghaziabad Vasundhara,Delhi NCR,PG,PG,1,203,7081,False,6.19,TRIPLE_SHARING,MALE,False,NONE,"Well-maintained triple sharing PG for males located at Ghaziabad Vasundhara. Monthly rent is ₹7,081. Food is not included. Nearest metro station is 6.19 km away.",2026-06-01 19:56:09
PROP1322,OWN1184,2 BHK Builder Floor in Central Delhi,Central Delhi,Delhi NCR,BUILDER_FLOOR,RENT,2,1118,39767,True,0.82,FULL_FLAT,ANY,False,NONE,"Spacious 2 BHK Builder Floor Available for Rent in Central Delhi. Covered area is 1118 sq.ft. Listed price is ₹39,767. Proximity to metro: 0.82 km.",2026-07-12 14:11:52
PROP1323,OWN1146,4 BHK Apartment in Noida Sector 62,Noida Sector 62,Delhi NCR,APARTMENT,RENT,4,2148,18345,True,0.43,FULL_FLAT,ANY,False,NONE,"Spacious 4 BHK Apartment Available for Rent in Noida Sector 62. Covered area is 2148 sq.ft. Listed price is ₹18,345. Proximity to metro: 0.43 km.",2026-05-13 04:02:25
PROP1324,OWN1236,4 BHK Apartment in North Delhi,North Delhi,Delhi NCR,APARTMENT,SALE,4,2932,4545360,True,0.67,FULL_FLAT,ANY,False,NONE,"Spacious 4 BHK Apartment Available for Sale in North Delhi. Covered area is 2932 sq.ft. Listed price is ₹4,545,360. Proximity to metro: 0.67 km.",2026-06-07 23:17:34
PROP1325,OWN1068,1 BHK Builder Floor in Sohna Road Gurgaon,Sohna Road Gurgaon,Delhi NCR,BUILDER_FLOOR,SALE,1,684,21303340,True,1.06,FULL_FLAT,ANY,False,NONE,"Spacious 1 BHK Builder Floor Available for Sale in Sohna Road Gurgaon. Covered area is 684 sq.ft. Listed price is ₹21,303,340. Proximity to metro: 1.06 km.",2025-07-30 02:16:52
PROP1326,OWN1085,2 BHK Builder Floor in West Delhi,West Delhi,Delhi NCR,BUILDER_FLOOR,SALE,2,1438,10620273,False,3.11,FULL_FLAT,ANY,False,NONE,"Spacious 2 BHK Builder Floor Available for Sale in West Delhi. Covered area is 1438 sq.ft. Listed price is ₹10,620,273. Proximity to metro: 3.11 km.",2026-04-16 01:33:26
PROP1327,OWN1110,2 BHK Independent House in Ghaziabad Raj Nagar Extension,Ghaziabad Raj Nagar Extension,Delhi NCR,INDEPENDENT_HOUSE,SALE,2,1530,34367932,True,0.22,FULL_FLAT,ANY,False,NONE,"Spacious 2 BHK Independent House Available for Sale in Ghaziabad Raj Nagar Extension. Covered area is 1530 sq.ft. Listed price is ₹34,367,932. Proximity to metro: 0.22 km.",2025-11-19 08:52:05
PROP1328,OWN1176,1 BHK Pg in Saket,Saket,Delhi NCR,PG,PG,1,228,11331,True,1.88,DOUBLE_SHARING,MALE,True,BOTH,"Well-maintained double sharing PG for males located at Saket. Monthly rent is ₹11,331. Food is included (both). Nearest metro station is 1.88 km away.",2026-06-26 00:19:07
PROP1329,OWN1053,2 BHK Builder Floor in Vasant Kunj,Vasant Kunj,Delhi NCR,BUILDER_FLOOR,SALE,2,1390,13435292,False,7.96,FULL_FLAT,ANY,False,NONE,"Spacious 2 BHK Builder Floor Available for Sale in Vasant Kunj. Covered area is 1390 sq.ft. Listed price is ₹13,435,292. Proximity to metro: 7.96 km.",2026-05-10 01:12:38
PROP1330,OWN1074,2 BHK Apartment in Central Delhi,Central Delhi,Delhi NCR,APARTMENT,RENT,2,1124,58030,False,3.75,FULL_FLAT,ANY,False,NONE,"Spacious 2 BHK Apartment Available for Rent in Central Delhi. Covered area is 1124 sq.ft. Listed price is ₹58,030. Proximity to metro: 3.75 km.",2026-06-01 15:11:16
PROP1331,OWN1078,2 BHK Builder Floor in Greater Noida,Greater Noida,Delhi NCR,BUILDER_FLOOR,RENT,2,944,25168,True,1.93,FULL_FLAT,ANY,False,NONE,"Spacious 2 BHK Builder Floor Available for Rent in Greater Noida. Covered area is 944 sq.ft. Listed price is ₹25,168. Proximity to metro: 1.93 km.",2026-05-13 03:50:38
PROP1332,OWN1197,1 BHK Pg in Noida Sector 150,Noida Sector 150,Delhi NCR,PG,PG,1,200,11581,False,5.85,SINGLE,FEMALE,True,VEG,"Well-maintained single PG for females located at Noida Sector 150. Monthly rent is ₹11,581. Food is included (veg). Nearest metro station is 5.85 km away.",2025-10-26 11:45:53
PROP1333,OWN1146,1 BHK Pg in North Delhi,North Delhi,Delhi NCR,PG,PG,1,288,16884,True,1.69,SINGLE,UNISEX,True,BOTH,"Well-maintained single PG for unisexs located at North Delhi. Monthly rent is ₹16,884. Food is included (both). Nearest metro station is 1.69 km away.",2026-05-04 14:56:45
PROP1334,OWN1123,4 BHK Apartment in Faridabad Sector 15,Faridabad Sector 15,Delhi NCR,APARTMENT,SALE,4,2144,39952706,True,2.47,FULL_FLAT,ANY,False,NONE,"Spacious 4 BHK Apartment Available for Sale in Faridabad Sector 15. Covered area is 2144 sq.ft. Listed price is ₹39,952,706. Proximity to metro: 2.47 km.",2025-08-29 12:33:01
PROP1335,OWN1163,4 BHK Independent House in Hauz Khas,Hauz Khas,Delhi NCR,INDEPENDENT_HOUSE,SALE,4,2748,41165345,False,3.53,FULL_FLAT,ANY,False,NONE,"Spacious 4 BHK Independent House Available for Sale in Hauz Khas. Covered area is 2748 sq.ft. Listed price is ₹41,165,345. Proximity to metro: 3.53 km.",2026-06-04 14:12:52
PROP1336,OWN1242,1 BHK Apartment in Central Delhi,Central Delhi,Delhi NCR,APARTMENT,SALE,1,634,18978263,True,2.32,FULL_FLAT,ANY,False,NONE,"Spacious 1 BHK Apartment Available for Sale in Central Delhi. Covered area is 634 sq.ft. Listed price is ₹18,978,263. Proximity to metro: 2.32 km.",2026-05-30 15:13:56
PROP1337,OWN1204,5 BHK Independent House in Faridabad Sector 81,Faridabad Sector 81,Delhi NCR,INDEPENDENT_HOUSE,SALE,5,3560,32925652,False,4.77,FULL_FLAT,ANY,False,NONE,"Spacious 5 BHK Independent House Available for Sale in Faridabad Sector 81. Covered area is 3560 sq.ft. Listed price is ₹32,925,652. Proximity to metro: 4.77 km.",2025-10-10 06:48:38
PROP1338,OWN1275,1 BHK Builder Floor in Rohini Sector 10,Rohini Sector 10,Delhi NCR,BUILDER_FLOOR,SALE,1,761,18136352,True,1.43,FULL_FLAT,ANY,False,NONE,"Spacious 1 BHK Builder Floor Available for Sale in Rohini Sector 10. Covered area is 761 sq.ft. Listed price is ₹18,136,352. Proximity to metro: 1.43 km.",2026-05-15 07:00:43
PROP1339,OWN1201,2 BHK Builder Floor in Central Delhi,Central Delhi,Delhi NCR,BUILDER_FLOOR,SALE,2,1058,20906758,True,2.33,FULL_FLAT,ANY,False,NONE,"Spacious 2 BHK Builder Floor Available for Sale in Central Delhi. Covered area is 1058 sq.ft. Listed price is ₹20,906,758. Proximity to metro: 2.33 km.",2026-01-05 03:55:03
PROP1340,OWN1060,3 BHK Apartment in Ghaziabad Vasundhara,Ghaziabad Vasundhara,Delhi NCR,APARTMENT,RENT,3,1860,35022,True,0.23,FULL_FLAT,ANY,False,NONE,"Spacious 3 BHK Apartment Available for Rent in Ghaziabad Vasundhara. Covered area is 1860 sq.ft. Listed price is ₹35,022. Proximity to metro: 0.23 km.",2025-11-09 12:14:23
PROP1341,OWN1071,5 BHK Builder Floor in South Delhi,South Delhi,Delhi NCR,BUILDER_FLOOR,SALE,5,3820,21897769,True,1.06,FULL_FLAT,ANY,False,NONE,"Spacious 5 BHK Builder Floor Available for Sale in South Delhi. Covered area is 3820 sq.ft. Listed price is ₹21,897,769. Proximity to metro: 1.06 km.",2026-05-07 12:49:03
PROP1342,OWN1138,3 BHK Apartment in Saket,Saket,Delhi NCR,APARTMENT,RENT,3,1677,47649,False,2.94,FULL_FLAT,ANY,False,NONE,"Spacious 3 BHK Apartment Available for Rent in Saket. Covered area is 1677 sq.ft. Listed price is ₹47,649. Proximity to metro: 2.94 km.",2025-10-12 04:03:26
PROP1343,OWN1296,3 BHK Independent House in Central Delhi,Central Delhi,Delhi NCR,INDEPENDENT_HOUSE,RENT,3,1392,77484,False,3.5,FULL_FLAT,ANY,False,NONE,"Spacious 3 BHK Independent House Available for Rent in Central Delhi. Covered area is 1392 sq.ft. Listed price is ₹77,484. Proximity to metro: 3.5 km.",2025-07-29 16:26:48
PROP1344,OWN1081,1 BHK Independent House in Cyber City Gurgaon,Cyber City Gurgaon,Delhi NCR,INDEPENDENT_HOUSE,RENT,1,508,78692,True,0.3,FULL_FLAT,ANY,False,NONE,"Spacious 1 BHK Independent House Available for Rent in Cyber City Gurgaon. Covered area is 508 sq.ft. Listed price is ₹78,692. Proximity to metro: 0.3 km.",2025-09-29 13:56:21
PROP1345,OWN1007,4 BHK Builder Floor in Gurgaon Golf Course Road,Gurgaon Golf Course Road,Delhi NCR,BUILDER_FLOOR,SALE,4,2304,16509864,True,1.47,FULL_FLAT,ANY,False,NONE,"Spacious 4 BHK Builder Floor Available for Sale in Gurgaon Golf Course Road. Covered area is 2304 sq.ft. Listed price is ₹16,509,864. Proximity to metro: 1.47 km.",2025-11-17 22:28:31
PROP1346,OWN1215,3 BHK Builder Floor in Gurgaon Sector 56,Gurgaon Sector 56,Delhi NCR,BUILDER_FLOOR,SALE,3,1914,9726912,False,4.61,FULL_FLAT,ANY,False,NONE,"Spacious 3 BHK Builder Floor Available for Sale in Gurgaon Sector 56. Covered area is 1914 sq.ft. Listed price is ₹9,726,912. Proximity to metro: 4.61 km.",2026-06-01 17:43:13
PROP1347,OWN1258,1 BHK Independent House in West Delhi,West Delhi,Delhi NCR,INDEPENDENT_HOUSE,SALE,1,705,9125574,True,2.19,FULL_FLAT,ANY,False,NONE,"Spacious 1 BHK Independent House Available for Sale in West Delhi. Covered area is 705 sq.ft. Listed price is ₹9,125,574. Proximity to metro: 2.19 km.",2026-07-09 04:31:40
PROP1348,OWN1160,1 BHK Builder Floor in DLF Phase 5,DLF Phase 5,Delhi NCR,BUILDER_FLOOR,SALE,1,688,17966813,True,1.5,FULL_FLAT,ANY,False,NONE,"Spacious 1 BHK Builder Floor Available for Sale in DLF Phase 5. Covered area is 688 sq.ft. Listed price is ₹17,966,813. Proximity to metro: 1.5 km.",2025-10-30 23:45:09
PROP1349,OWN1156,4 BHK Independent House in Gurgaon Golf Course Road,Gurgaon Golf Course Road,Delhi NCR,INDEPENDENT_HOUSE,RENT,4,2588,37614,False,7.46,FULL_FLAT,ANY,False,NONE,"Spacious 4 BHK Independent House Available for Rent in Gurgaon Golf Course Road. Covered area is 2588 sq.ft. Listed price is ₹37,614. Proximity to metro: 7.46 km.",2026-03-12 08:05:05
PROP1350,OWN1126,1 BHK Builder Floor in Rohini Sector 10,Rohini Sector 10,Delhi NCR,BUILDER_FLOOR,SALE,1,619,40842483,True,1.66,FULL_FLAT,ANY,False,NONE,"Spacious 1 BHK Builder Floor Available for Sale in Rohini Sector 10. Covered area is 619 sq.ft. Listed price is ₹40,842,483. Proximity to metro: 1.66 km.",2025-12-14 00:29:41
PROP1351,OWN1005,4 BHK Independent House in Noida Sector 62,Noida Sector 62,Delhi NCR,INDEPENDENT_HOUSE,SALE,4,2628,11475900,True,1.42,FULL_FLAT,ANY,False,NONE,"Spacious 4 BHK Independent House Available for Sale in Noida Sector 62. Covered area is 2628 sq.ft. Listed price is ₹11,475,900. Proximity to metro: 1.42 km.",2026-07-14 09:31:57
PROP1352,OWN1122,2 BHK Apartment in Greater Noida,Greater Noida,Delhi NCR,APARTMENT,RENT,2,1264,48677,True,0.3,FULL_FLAT,ANY,False,NONE,"Spacious 2 BHK Apartment Available for Rent in Greater Noida. Covered area is 1264 sq.ft. Listed price is ₹48,677. Proximity to metro: 0.3 km.",2026-02-01 21:20:54
PROP1353,OWN1119,4 BHK Builder Floor in Faridabad Neharpar,Faridabad Neharpar,Delhi NCR,BUILDER_FLOOR,RENT,4,2564,23128,False,3.12,FULL_FLAT,ANY,False,NONE,"Spacious 4 BHK Builder Floor Available for Rent in Faridabad Neharpar. Covered area is 2564 sq.ft. Listed price is ₹23,128. Proximity to metro: 3.12 km.",2026-06-29 02:08:14
PROP1354,OWN1069,1 BHK Independent House in Noida Sector 76,Noida Sector 76,Delhi NCR,INDEPENDENT_HOUSE,SALE,1,722,13271684,True,0.87,FULL_FLAT,ANY,False,NONE,"Spacious 1 BHK Independent House Available for Sale in Noida Sector 76. Covered area is 722 sq.ft. Listed price is ₹13,271,684. Proximity to metro: 0.87 km.",2025-09-01 04:04:05
PROP1355,OWN1162,3 BHK Independent House in Noida Sector 76,Noida Sector 76,Delhi NCR,INDEPENDENT_HOUSE,RENT,3,1593,71343,True,0.74,FULL_FLAT,ANY,False,NONE,"Spacious 3 BHK Independent House Available for Rent in Noida Sector 76. Covered area is 1593 sq.ft. Listed price is ₹71,343. Proximity to metro: 0.74 km.",2026-07-10 11:18:31
PROP1356,OWN1104,1 BHK Independent House in Hauz Khas,Hauz Khas,Delhi NCR,INDEPENDENT_HOUSE,RENT,1,489,25848,True,1.23,FULL_FLAT,ANY,False,NONE,"Spacious 1 BHK Independent House Available for Rent in Hauz Khas. Covered area is 489 sq.ft. Listed price is ₹25,848. Proximity to metro: 1.23 km.",2025-09-24 06:17:33
PROP1357,OWN1161,2 BHK Builder Floor in Greater Noida,Greater Noida,Delhi NCR,BUILDER_FLOOR,SALE,2,1462,25190180,True,0.81,FULL_FLAT,ANY,False,NONE,"Spacious 2 BHK Builder Floor Available for Sale in Greater Noida. Covered area is 1462 sq.ft. Listed price is ₹25,190,180. Proximity to metro: 0.81 km.",2026-07-07 14:21:17
PROP1358,OWN1062,3 BHK Independent House in Dwarka Sector 21,Dwarka Sector 21,Delhi NCR,INDEPENDENT_HOUSE,SALE,3,1560,18929800,True,0.54,FULL_FLAT,ANY,False,NONE,"Spacious 3 BHK Independent House Available for Sale in Dwarka Sector 21. Covered area is 1560 sq.ft. Listed price is ₹18,929,800. Proximity to metro: 0.54 km.",2025-10-26 00:01:27
PROP1359,OWN1128,3 BHK Apartment in Noida Sector 150,Noida Sector 150,Delhi NCR,APARTMENT,SALE,3,1899,16168066,True,2.39,FULL_FLAT,ANY,False,NONE,"Spacious 3 BHK Apartment Available for Sale in Noida Sector 150. Covered area is 1899 sq.ft. Listed price is ₹16,168,066. Proximity to metro: 2.39 km.",2025-08-29 15:14:26
PROP1360,OWN1232,2 BHK Apartment in Gurgaon Golf Course Road,Gurgaon Golf Course Road,Delhi NCR,APARTMENT,SALE,2,1124,5302415,True,2.11,FULL_FLAT,ANY,False,NONE,"Spacious 2 BHK Apartment Available for Sale in Gurgaon Golf Course Road. Covered area is 1124 sq.ft. Listed price is ₹5,302,415. Proximity to metro: 2.11 km.",2025-12-26 18:17:29
PROP1361,OWN1114,3 BHK Builder Floor in Hauz Khas,Hauz Khas,Delhi NCR,BUILDER_FLOOR,SALE,3,1629,43579088,False,4.0,FULL_FLAT,ANY,False,NONE,"Spacious 3 BHK Builder Floor Available for Sale in Hauz Khas. Covered area is 1629 sq.ft. Listed price is ₹43,579,088. Proximity to metro: 4.0 km.",2026-04-13 03:15:40
PROP1362,OWN1039,1 BHK Pg in North Delhi,North Delhi,Delhi NCR,PG,PG,1,170,21530,True,0.3,SINGLE,MALE,False,NONE,"Well-maintained single PG for males located at North Delhi. Monthly rent is ₹21,530. Food is not included. Nearest metro station is 0.3 km away.",2025-11-12 14:37:48
PROP1363,OWN1237,4 BHK Independent House in West Delhi,West Delhi,Delhi NCR,INDEPENDENT_HOUSE,SALE,4,2808,37794478,True,1.08,FULL_FLAT,ANY,False,NONE,"Spacious 4 BHK Independent House Available for Sale in West Delhi. Covered area is 2808 sq.ft. Listed price is ₹37,794,478. Proximity to metro: 1.08 km.",2026-02-27 10:53:28
PROP1364,OWN1219,3 BHK Apartment in Lajpat Nagar,Lajpat Nagar,Delhi NCR,APARTMENT,SALE,3,1929,34431320,True,0.28,FULL_FLAT,ANY,False,NONE,"Spacious 3 BHK Apartment Available for Sale in Lajpat Nagar. Covered area is 1929 sq.ft. Listed price is ₹34,431,320. Proximity to metro: 0.28 km.",2026-01-23 20:01:18
PROP1365,OWN1126,4 BHK Independent House in Gurgaon Sector 45,Gurgaon Sector 45,Delhi NCR,INDEPENDENT_HOUSE,RENT,4,1860,23497,True,1.08,FULL_FLAT,ANY,False,NONE,"Spacious 4 BHK Independent House Available for Rent in Gurgaon Sector 45. Covered area is 1860 sq.ft. Listed price is ₹23,497. Proximity to metro: 1.08 km.",2025-12-08 17:32:26
PROP1366,OWN1215,2 BHK Independent House in Pitampura,Pitampura,Delhi NCR,INDEPENDENT_HOUSE,RENT,2,1222,83258,True,2.48,FULL_FLAT,ANY,False,NONE,"Spacious 2 BHK Independent House Available for Rent in Pitampura. Covered area is 1222 sq.ft. Listed price is ₹83,258. Proximity to metro: 2.48 km.",2026-02-16 15:14:32
PROP1367,OWN1184,3 BHK Builder Floor in Ghaziabad Raj Nagar Extension,Ghaziabad Raj Nagar Extension,Delhi NCR,BUILDER_FLOOR,RENT,3,1782,77849,True,1.09,FULL_FLAT,ANY,False,NONE,"Spacious 3 BHK Builder Floor Available for Rent in Ghaziabad Raj Nagar Extension. Covered area is 1782 sq.ft. Listed price is ₹77,849. Proximity to metro: 1.09 km.",2025-10-22 01:50:46
PROP1368,OWN1093,1 BHK Apartment in North Delhi,North Delhi,Delhi NCR,APARTMENT,SALE,1,643,8431990,True,1.42,FULL_FLAT,ANY,False,NONE,"Spacious 1 BHK Apartment Available for Sale in North Delhi. Covered area is 643 sq.ft. Listed price is ₹8,431,990. Proximity to metro: 1.42 km.",2026-04-05 22:03:06
PROP1369,OWN1120,2 BHK Independent House in Janakpuri,Janakpuri,Delhi NCR,INDEPENDENT_HOUSE,SALE,2,1272,40315300,False,2.9,FULL_FLAT,ANY,False,NONE,"Spacious 2 BHK Independent House Available for Sale in Janakpuri. Covered area is 1272 sq.ft. Listed price is ₹40,315,300. Proximity to metro: 2.9 km.",2025-07-21 15:50:07
PROP1370,OWN1113,2 BHK Apartment in Noida Sector 18,Noida Sector 18,Delhi NCR,APARTMENT,SALE,2,1242,44263311,True,2.05,FULL_FLAT,ANY,False,NONE,"Spacious 2 BHK Apartment Available for Sale in Noida Sector 18. Covered area is 1242 sq.ft. Listed price is ₹44,263,311. Proximity to metro: 2.05 km.",2026-06-24 02:22:47
PROP1371,OWN1184,2 BHK Builder Floor in North Delhi,North Delhi,Delhi NCR,BUILDER_FLOOR,RENT,2,1188,36672,True,1.45,FULL_FLAT,ANY,False,NONE,"Spacious 2 BHK Builder Floor Available for Rent in North Delhi. Covered area is 1188 sq.ft. Listed price is ₹36,672. Proximity to metro: 1.45 km.",2026-02-02 16:57:03
PROP1372,OWN1090,2 BHK Apartment in Faridabad Sector 15,Faridabad Sector 15,Delhi NCR,APARTMENT,SALE,2,1224,5837344,False,5.18,FULL_FLAT,ANY,False,NONE,"Spacious 2 BHK Apartment Available for Sale in Faridabad Sector 15. Covered area is 1224 sq.ft. Listed price is ₹5,837,344. Proximity to metro: 5.18 km.",2026-04-09 19:21:38
PROP1373,OWN1170,1 BHK Pg in Pitampura,Pitampura,Delhi NCR,PG,PG,1,207,12815,False,6.41,DOUBLE_SHARING,MALE,True,VEG,"Well-maintained double sharing PG for males located at Pitampura. Monthly rent is ₹12,815. Food is included (veg). Nearest metro station is 6.41 km away.",2026-04-18 00:45:58
PROP1374,OWN1073,1 BHK Pg in Saket,Saket,Delhi NCR,PG,PG,1,340,18956,False,3.15,SINGLE,FEMALE,False,NONE,"Well-maintained single PG for females located at Saket. Monthly rent is ₹18,956. Food is not included. Nearest metro station is 3.15 km away.",2026-03-22 23:34:42
PROP1375,OWN1155,4 BHK Apartment in DLF Phase 5,DLF Phase 5,Delhi NCR,APARTMENT,SALE,4,2996,25792528,True,1.83,FULL_FLAT,ANY,False,NONE,"Spacious 4 BHK Apartment Available for Sale in DLF Phase 5. Covered area is 2996 sq.ft. Listed price is ₹25,792,528. Proximity to metro: 1.83 km.",2025-12-01 01:41:16
PROP1376,OWN1288,2 BHK Independent House in Noida Sector 150,Noida Sector 150,Delhi NCR,INDEPENDENT_HOUSE,SALE,2,1386,25090558,False,6.32,FULL_FLAT,ANY,False,NONE,"Spacious 2 BHK Independent House Available for Sale in Noida Sector 150. Covered area is 1386 sq.ft. Listed price is ₹25,090,558. Proximity to metro: 6.32 km.",2025-08-15 14:23:01
PROP1377,OWN1066,4 BHK Independent House in Lajpat Nagar,Lajpat Nagar,Delhi NCR,INDEPENDENT_HOUSE,RENT,4,2588,16244,True,1.59,FULL_FLAT,ANY,False,NONE,"Spacious 4 BHK Independent House Available for Rent in Lajpat Nagar. Covered area is 2588 sq.ft. Listed price is ₹16,244. Proximity to metro: 1.59 km.",2026-03-20 15:33:29
PROP1378,OWN1114,1 BHK Pg in Vasant Kunj,Vasant Kunj,Delhi NCR,PG,PG,1,156,17851,True,0.59,TRIPLE_SHARING,MALE,True,BOTH,"Well-maintained triple sharing PG for males located at Vasant Kunj. Monthly rent is ₹17,851. Food is included (both). Nearest metro station is 0.59 km away.",2025-11-18 15:27:51
PROP1379,OWN1046,2 BHK Builder Floor in Noida Sector 62,Noida Sector 62,Delhi NCR,BUILDER_FLOOR,RENT,2,1026,20885,True,0.79,FULL_FLAT,ANY,False,NONE,"Spacious 2 BHK Builder Floor Available for Rent in Noida Sector 62. Covered area is 1026 sq.ft. Listed price is ₹20,885. Proximity to metro: 0.79 km.",2025-11-12 16:43:09
PROP1380,OWN1056,4 BHK Builder Floor in South Delhi,South Delhi,Delhi NCR,BUILDER_FLOOR,SALE,4,2340,32284355,True,2.23,FULL_FLAT,ANY,False,NONE,"Spacious 4 BHK Builder Floor Available for Sale in South Delhi. Covered area is 2340 sq.ft. Listed price is ₹32,284,355. Proximity to metro: 2.23 km.",2026-05-26 18:30:30
PROP1381,OWN1180,5 BHK Builder Floor in Noida Sector 18,Noida Sector 18,Delhi NCR,BUILDER_FLOOR,SALE,5,3075,15415693,True,0.37,FULL_FLAT,ANY,False,NONE,"Spacious 5 BHK Builder Floor Available for Sale in Noida Sector 18. Covered area is 3075 sq.ft. Listed price is ₹15,415,693. Proximity to metro: 0.37 km.",2026-04-09 22:12:11
PROP1382,OWN1018,1 BHK Builder Floor in Gurgaon Sector 45,Gurgaon Sector 45,Delhi NCR,BUILDER_FLOOR,SALE,1,537,27438360,True,2.24,FULL_FLAT,ANY,False,NONE,"Spacious 1 BHK Builder Floor Available for Sale in Gurgaon Sector 45. Covered area is 537 sq.ft. Listed price is ₹27,438,360. Proximity to metro: 2.24 km.",2025-11-07 17:33:46
PROP1383,OWN1083,3 BHK Apartment in Central Delhi,Central Delhi,Delhi NCR,APARTMENT,RENT,3,1806,75273,False,2.77,FULL_FLAT,ANY,False,NONE,"Spacious 3 BHK Apartment Available for Rent in Central Delhi. Covered area is 1806 sq.ft. Listed price is ₹75,273. Proximity to metro: 2.77 km.",2025-11-11 00:07:30
PROP1384,OWN1085,3 BHK Apartment in Greater Noida Pari Chowk,Greater Noida Pari Chowk,Delhi NCR,APARTMENT,SALE,3,1815,17249627,True,1.8,FULL_FLAT,ANY,False,NONE,"Spacious 3 BHK Apartment Available for Sale in Greater Noida Pari Chowk. Covered area is 1815 sq.ft. Listed price is ₹17,249,627. Proximity to metro: 1.8 km.",2025-12-17 04:53:03
PROP1385,OWN1277,2 BHK Builder Floor in Cyber City Gurgaon,Cyber City Gurgaon,Delhi NCR,BUILDER_FLOOR,RENT,2,948,18505,True,1.52,FULL_FLAT,ANY,False,NONE,"Spacious 2 BHK Builder Floor Available for Rent in Cyber City Gurgaon. Covered area is 948 sq.ft. Listed price is ₹18,505. Proximity to metro: 1.52 km.",2025-12-15 00:21:18
PROP1386,OWN1252,4 BHK Apartment in Rohini Sector 10,Rohini Sector 10,Delhi NCR,APARTMENT,SALE,4,2176,24266878,False,5.98,FULL_FLAT,ANY,False,NONE,"Spacious 4 BHK Apartment Available for Sale in Rohini Sector 10. Covered area is 2176 sq.ft. Listed price is ₹24,266,878. Proximity to metro: 5.98 km.",2025-11-06 00:39:09
PROP1387,OWN1246,2 BHK Apartment in Pitampura,Pitampura,Delhi NCR,APARTMENT,SALE,2,1298,9998638,True,2.14,FULL_FLAT,ANY,False,NONE,"Spacious 2 BHK Apartment Available for Sale in Pitampura. Covered area is 1298 sq.ft. Listed price is ₹9,998,638. Proximity to metro: 2.14 km.",2025-09-05 12:47:03
PROP1388,OWN1158,3 BHK Independent House in Noida Sector 76,Noida Sector 76,Delhi NCR,INDEPENDENT_HOUSE,RENT,3,1419,83319,True,0.63,FULL_FLAT,ANY,False,NONE,"Spacious 3 BHK Independent House Available for Rent in Noida Sector 76. Covered area is 1419 sq.ft. Listed price is ₹83,319. Proximity to metro: 0.63 km.",2025-12-21 14:32:29
PROP1389,OWN1196,3 BHK Apartment in Noida Extension,Noida Extension,Delhi NCR,APARTMENT,SALE,3,2175,35709511,True,0.72,FULL_FLAT,ANY,False,NONE,"Spacious 3 BHK Apartment Available for Sale in Noida Extension. Covered area is 2175 sq.ft. Listed price is ₹35,709,511. Proximity to metro: 0.72 km.",2026-06-29 12:00:44
PROP1390,OWN1138,1 BHK Independent House in West Delhi,West Delhi,Delhi NCR,INDEPENDENT_HOUSE,SALE,1,543,27571449,False,4.84,FULL_FLAT,ANY,False,NONE,"Spacious 1 BHK Independent House Available for Sale in West Delhi. Covered area is 543 sq.ft. Listed price is ₹27,571,449. Proximity to metro: 4.84 km.",2026-03-25 10:12:59
PROP1391,OWN1117,1 BHK Pg in West Delhi,West Delhi,Delhi NCR,PG,PG,1,329,24123,False,7.36,DOUBLE_SHARING,UNISEX,False,NONE,"Well-maintained double sharing PG for unisexs located at West Delhi. Monthly rent is ₹24,123. Food is not included. Nearest metro station is 7.36 km away.",2026-06-15 18:47:12
PROP1392,OWN1244,1 BHK Independent House in Sohna Road Gurgaon,Sohna Road Gurgaon,Delhi NCR,INDEPENDENT_HOUSE,SALE,1,757,42833920,False,6.92,FULL_FLAT,ANY,False,NONE,"Spacious 1 BHK Independent House Available for Sale in Sohna Road Gurgaon. Covered area is 757 sq.ft. Listed price is ₹42,833,920. Proximity to metro: 6.92 km.",2026-03-02 20:27:57
PROP1393,OWN1076,1 BHK Pg in Saket,Saket,Delhi NCR,PG,PG,1,234,12664,True,1.17,SINGLE,MALE,True,VEG,"Well-maintained single PG for males located at Saket. Monthly rent is ₹12,664. Food is included (veg). Nearest metro station is 1.17 km away.",2025-11-07 23:03:51
PROP1394,OWN1223,1 BHK Pg in Pitampura,Pitampura,Delhi NCR,PG,PG,1,280,11845,False,7.54,TRIPLE_SHARING,FEMALE,False,NONE,"Well-maintained triple sharing PG for females located at Pitampura. Monthly rent is ₹11,845. Food is not included. Nearest metro station is 7.54 km away.",2026-02-06 04:05:45
PROP1395,OWN1035,5 BHK Builder Floor in Dwarka Sector 21,Dwarka Sector 21,Delhi NCR,BUILDER_FLOOR,SALE,5,3330,23035523,False,5.07,FULL_FLAT,ANY,False,NONE,"Spacious 5 BHK Builder Floor Available for Sale in Dwarka Sector 21. Covered area is 3330 sq.ft. Listed price is ₹23,035,523. Proximity to metro: 5.07 km.",2025-07-21 04:34:06
PROP1396,OWN1007,4 BHK Apartment in Faridabad Neharpar,Faridabad Neharpar,Delhi NCR,APARTMENT,RENT,4,1952,31424,False,5.77,FULL_FLAT,ANY,False,NONE,"Spacious 4 BHK Apartment Available for Rent in Faridabad Neharpar. Covered area is 1952 sq.ft. Listed price is ₹31,424. Proximity to metro: 5.77 km.",2025-11-02 20:01:36
PROP1397,OWN1052,3 BHK Apartment in Vasant Kunj,Vasant Kunj,Delhi NCR,APARTMENT,RENT,3,1761,57071,True,0.81,FULL_FLAT,ANY,False,NONE,"Spacious 3 BHK Apartment Available for Rent in Vasant Kunj. Covered area is 1761 sq.ft. Listed price is ₹57,071. Proximity to metro: 0.81 km.",2025-12-25 01:18:22
PROP1398,OWN1249,4 BHK Builder Floor in Ghaziabad Raj Nagar Extension,Ghaziabad Raj Nagar Extension,Delhi NCR,BUILDER_FLOOR,SALE,4,2292,31458966,True,1.11,FULL_FLAT,ANY,False,NONE,"Spacious 4 BHK Builder Floor Available for Sale in Ghaziabad Raj Nagar Extension. Covered area is 2292 sq.ft. Listed price is ₹31,458,966. Proximity to metro: 1.11 km.",2026-02-17 21:01:02
PROP1399,OWN1170,3 BHK Builder Floor in Gurgaon Golf Course Road,Gurgaon Golf Course Road,Delhi NCR,BUILDER_FLOOR,SALE,3,2070,5857806,True,2.08,FULL_FLAT,ANY,False,NONE,"Spacious 3 BHK Builder Floor Available for Sale in Gurgaon Golf Course Road. Covered area is 2070 sq.ft. Listed price is ₹5,857,806. Proximity to metro: 2.08 km.",2026-03-17 04:00:08
PROP1400,OWN1156,1 BHK Builder Floor in Sohna Road Gurgaon,Sohna Road Gurgaon,Delhi NCR,BUILDER_FLOOR,SALE,1,616,13518459,True,2.44,FULL_FLAT,ANY,False,NONE,"Spacious 1 BHK Builder Floor Available for Sale in Sohna Road Gurgaon. Covered area is 616 sq.ft. Listed price is ₹13,518,459. Proximity to metro: 2.44 km.",2026-01-06 20:59:05
PROP1401,OWN1227,5 BHK Builder Floor in DLF Phase 5,DLF Phase 5,Delhi NCR,BUILDER_FLOOR,SALE,5,2725,17112150,True,0.69,FULL_FLAT,ANY,False,NONE,"Spacious 5 BHK Builder Floor Available for Sale in DLF Phase 5. Covered area is 2725 sq.ft. Listed price is ₹17,112,150. Proximity to metro: 0.69 km.",2025-12-29 12:52:36
PROP1402,OWN1209,1 BHK Builder Floor in Faridabad Sector 15,Faridabad Sector 15,Delhi NCR,BUILDER_FLOOR,RENT,1,581,32836,True,0.92,FULL_FLAT,ANY,False,NONE,"Spacious 1 BHK Builder Floor Available for Rent in Faridabad Sector 15. Covered area is 581 sq.ft. Listed price is ₹32,836. Proximity to metro: 0.92 km.",2025-10-07 02:15:54
PROP1403,OWN1260,5 BHK Independent House in Noida Sector 76,Noida Sector 76,Delhi NCR,INDEPENDENT_HOUSE,SALE,5,2570,16159316,True,2.21,FULL_FLAT,ANY,False,NONE,"Spacious 5 BHK Independent House Available for Sale in Noida Sector 76. Covered area is 2570 sq.ft. Listed price is ₹16,159,316. Proximity to metro: 2.21 km.",2026-01-09 20:50:47
PROP1404,OWN1103,1 BHK Builder Floor in West Delhi,West Delhi,Delhi NCR,BUILDER_FLOOR,SALE,1,684,17862030,True,1.05,FULL_FLAT,ANY,False,NONE,"Spacious 1 BHK Builder Floor Available for Sale in West Delhi. Covered area is 684 sq.ft. Listed price is ₹17,862,030. Proximity to metro: 1.05 km.",2026-06-15 04:32:41
PROP1405,OWN1238,1 BHK Apartment in Faridabad Sector 81,Faridabad Sector 81,Delhi NCR,APARTMENT,SALE,1,623,29495821,True,1.57,FULL_FLAT,ANY,False,NONE,"Spacious 1 BHK Apartment Available for Sale in Faridabad Sector 81. Covered area is 623 sq.ft. Listed price is ₹29,495,821. Proximity to metro: 1.57 km.",2026-05-07 18:46:19
PROP1406,OWN1091,3 BHK Builder Floor in Ghaziabad Raj Nagar Extension,Ghaziabad Raj Nagar Extension,Delhi NCR,BUILDER_FLOOR,RENT,3,1473,45903,False,7.09,FULL_FLAT,ANY,False,NONE,"Spacious 3 BHK Builder Floor Available for Rent in Ghaziabad Raj Nagar Extension. Covered area is 1473 sq.ft. Listed price is ₹45,903. Proximity to metro: 7.09 km.",2025-09-21 00:29:02
PROP1407,OWN1047,2 BHK Apartment in Gurgaon Sector 45,Gurgaon Sector 45,Delhi NCR,APARTMENT,SALE,2,1584,18882676,True,1.69,FULL_FLAT,ANY,False,NONE,"Spacious 2 BHK Apartment Available for Sale in Gurgaon Sector 45. Covered area is 1584 sq.ft. Listed price is ₹18,882,676. Proximity to metro: 1.69 km.",2025-08-21 00:18:26
PROP1408,OWN1106,1 BHK Independent House in Golf Course Extension Road,Golf Course Extension Road,Delhi NCR,INDEPENDENT_HOUSE,RENT,1,649,13166,True,2.3,FULL_FLAT,ANY,False,NONE,"Spacious 1 BHK Independent House Available for Rent in Golf Course Extension Road. Covered area is 649 sq.ft. Listed price is ₹13,166. Proximity to metro: 2.3 km.",2026-01-25 07:20:18
PROP1409,OWN1089,3 BHK Independent House in South Delhi,South Delhi,Delhi NCR,INDEPENDENT_HOUSE,SALE,3,1920,32941192,True,2.16,FULL_FLAT,ANY,False,NONE,"Spacious 3 BHK Independent House Available for Sale in South Delhi. Covered area is 1920 sq.ft. Listed price is ₹32,941,192. Proximity to metro: 2.16 km.",2026-03-09 05:13:03
PROP1410,OWN1236,5 BHK Builder Floor in Cyber City Gurgaon,Cyber City Gurgaon,Delhi NCR,BUILDER_FLOOR,SALE,5,3515,43724269,True,0.22,FULL_FLAT,ANY,False,NONE,"Spacious 5 BHK Builder Floor Available for Sale in Cyber City Gurgaon. Covered area is 3515 sq.ft. Listed price is ₹43,724,269. Proximity to metro: 0.22 km.",2025-11-20 11:11:23
PROP1411,OWN1192,4 BHK Apartment in Gurgaon Sector 45,Gurgaon Sector 45,Delhi NCR,APARTMENT,SALE,4,2128,27067613,True,1.67,FULL_FLAT,ANY,False,NONE,"Spacious 4 BHK Apartment Available for Sale in Gurgaon Sector 45. Covered area is 2128 sq.ft. Listed price is ₹27,067,613. Proximity to metro: 1.67 km.",2026-05-15 23:06:49
PROP1412,OWN1142,3 BHK Independent House in Cyber City Gurgaon,Cyber City Gurgaon,Delhi NCR,INDEPENDENT_HOUSE,RENT,3,1494,31651,False,6.73,FULL_FLAT,ANY,False,NONE,"Spacious 3 BHK Independent House Available for Rent in Cyber City Gurgaon. Covered area is 1494 sq.ft. Listed price is ₹31,651. Proximity to metro: 6.73 km.",2026-04-21 09:18:23
PROP1413,OWN1030,2 BHK Independent House in Noida Sector 76,Noida Sector 76,Delhi NCR,INDEPENDENT_HOUSE,RENT,2,1268,15336,False,5.29,FULL_FLAT,ANY,False,NONE,"Spacious 2 BHK Independent House Available for Rent in Noida Sector 76. Covered area is 1268 sq.ft. Listed price is ₹15,336. Proximity to metro: 5.29 km.",2026-03-23 18:34:31
PROP1414,OWN1152,1 BHK Pg in Cyber City Gurgaon,Cyber City Gurgaon,Delhi NCR,PG,PG,1,223,19722,False,6.45,TRIPLE_SHARING,MALE,True,BOTH,"Well-maintained triple sharing PG for males located at Cyber City Gurgaon. Monthly rent is ₹19,722. Food is included (both). Nearest metro station is 6.45 km away.",2025-10-11 02:09:22
PROP1415,OWN1274,1 BHK Pg in Ghaziabad Raj Nagar Extension,Ghaziabad Raj Nagar Extension,Delhi NCR,PG,PG,1,291,18747,True,0.42,TRIPLE_SHARING,FEMALE,True,VEG,"Well-maintained triple sharing PG for females located at Ghaziabad Raj Nagar Extension. Monthly rent is ₹18,747. Food is included (veg). Nearest metro station is 0.42 km away.",2025-10-01 18:32:06
PROP1416,OWN1066,2 BHK Independent House in Cyber City Gurgaon,Cyber City Gurgaon,Delhi NCR,INDEPENDENT_HOUSE,RENT,2,1248,55992,False,3.08,FULL_FLAT,ANY,False,NONE,"Spacious 2 BHK Independent House Available for Rent in Cyber City Gurgaon. Covered area is 1248 sq.ft. Listed price is ₹55,992. Proximity to metro: 3.08 km.",2025-07-29 23:07:01
PROP1417,OWN1182,4 BHK Builder Floor in Gurgaon Sector 56,Gurgaon Sector 56,Delhi NCR,BUILDER_FLOOR,RENT,4,2136,60717,True,1.55,FULL_FLAT,ANY,False,NONE,"Spacious 4 BHK Builder Floor Available for Rent in Gurgaon Sector 56. Covered area is 2136 sq.ft. Listed price is ₹60,717. Proximity to metro: 1.55 km.",2025-10-18 11:14:27
PROP1418,OWN1238,1 BHK Independent House in Saket,Saket,Delhi NCR,INDEPENDENT_HOUSE,RENT,1,570,37499,False,3.25,FULL_FLAT,ANY,False,NONE,"Spacious 1 BHK Independent House Available for Rent in Saket. Covered area is 570 sq.ft. Listed price is ₹37,499. Proximity to metro: 3.25 km.",2026-01-10 13:56:28
PROP1419,OWN1196,2 BHK Apartment in Faridabad Neharpar,Faridabad Neharpar,Delhi NCR,APARTMENT,SALE,2,1140,17941676,True,1.14,FULL_FLAT,ANY,False,NONE,"Spacious 2 BHK Apartment Available for Sale in Faridabad Neharpar. Covered area is 1140 sq.ft. Listed price is ₹17,941,676. Proximity to metro: 1.14 km.",2026-05-27 09:36:24
PROP1420,OWN1292,2 BHK Independent House in Ghaziabad Vasundhara,Ghaziabad Vasundhara,Delhi NCR,INDEPENDENT_HOUSE,SALE,2,1082,37220996,True,1.65,FULL_FLAT,ANY,False,NONE,"Spacious 2 BHK Independent House Available for Sale in Ghaziabad Vasundhara. Covered area is 1082 sq.ft. Listed price is ₹37,220,996. Proximity to metro: 1.65 km.",2025-08-16 15:24:17
PROP1421,OWN1091,4 BHK Apartment in DLF Phase 5,DLF Phase 5,Delhi NCR,APARTMENT,RENT,4,2080,39444,True,1.53,FULL_FLAT,ANY,False,NONE,"Spacious 4 BHK Apartment Available for Rent in DLF Phase 5. Covered area is 2080 sq.ft. Listed price is ₹39,444. Proximity to metro: 1.53 km.",2025-12-19 09:54:01
PROP1422,OWN1082,2 BHK Apartment in Faridabad Sector 15,Faridabad Sector 15,Delhi NCR,APARTMENT,RENT,2,1214,68847,False,4.92,FULL_FLAT,ANY,False,NONE,"Spacious 2 BHK Apartment Available for Rent in Faridabad Sector 15. Covered area is 1214 sq.ft. Listed price is ₹68,847. Proximity to metro: 4.92 km.",2026-03-08 01:22:55
PROP1423,OWN1220,5 BHK Apartment in Ghaziabad Raj Nagar Extension,Ghaziabad Raj Nagar Extension,Delhi NCR,APARTMENT,SALE,5,3010,29538411,True,2.25,FULL_FLAT,ANY,False,NONE,"Spacious 5 BHK Apartment Available for Sale in Ghaziabad Raj Nagar Extension. Covered area is 3010 sq.ft. Listed price is ₹29,538,411. Proximity to metro: 2.25 km.",2025-09-30 01:22:57
PROP1424,OWN1272,2 BHK Apartment in Pitampura,Pitampura,Delhi NCR,APARTMENT,SALE,2,1230,27608922,True,0.5,FULL_FLAT,ANY,False,NONE,"Spacious 2 BHK Apartment Available for Sale in Pitampura. Covered area is 1230 sq.ft. Listed price is ₹27,608,922. Proximity to metro: 0.5 km.",2026-04-01 09:05:03
PROP1425,OWN1197,1 BHK Apartment in Faridabad Sector 81,Faridabad Sector 81,Delhi NCR,APARTMENT,RENT,1,461,51085,True,1.25,FULL_FLAT,ANY,False,NONE,"Spacious 1 BHK Apartment Available for Rent in Faridabad Sector 81. Covered area is 461 sq.ft. Listed price is ₹51,085. Proximity to metro: 1.25 km.",2026-01-17 14:36:05
PROP1426,OWN1267,2 BHK Independent House in Faridabad Neharpar,Faridabad Neharpar,Delhi NCR,INDEPENDENT_HOUSE,SALE,2,1350,37395334,True,1.93,FULL_FLAT,ANY,False,NONE,"Spacious 2 BHK Independent House Available for Sale in Faridabad Neharpar. Covered area is 1350 sq.ft. Listed price is ₹37,395,334. Proximity to metro: 1.93 km.",2025-10-18 03:43:08
PROP1427,OWN1085,2 BHK Apartment in Noida Sector 76,Noida Sector 76,Delhi NCR,APARTMENT,SALE,2,1216,5970574,False,5.33,FULL_FLAT,ANY,False,NONE,"Spacious 2 BHK Apartment Available for Sale in Noida Sector 76. Covered area is 1216 sq.ft. Listed price is ₹5,970,574. Proximity to metro: 5.33 km.",2026-03-17 15:51:25
PROP1428,OWN1064,4 BHK Apartment in Noida Extension,Noida Extension,Delhi NCR,APARTMENT,RENT,4,2452,45526,False,5.96,FULL_FLAT,ANY,False,NONE,"Spacious 4 BHK Apartment Available for Rent in Noida Extension. Covered area is 2452 sq.ft. Listed price is ₹45,526. Proximity to metro: 5.96 km.",2025-07-23 01:36:52
PROP1429,OWN1025,1 BHK Apartment in Vasant Kunj,Vasant Kunj,Delhi NCR,APARTMENT,RENT,1,626,27176,True,1.22,FULL_FLAT,ANY,False,NONE,"Spacious 1 BHK Apartment Available for Rent in Vasant Kunj. Covered area is 626 sq.ft. Listed price is ₹27,176. Proximity to metro: 1.22 km.",2026-04-21 07:47:03
PROP1430,OWN1064,2 BHK Apartment in Cyber City Gurgaon,Cyber City Gurgaon,Delhi NCR,APARTMENT,RENT,2,1254,13219,True,1.17,FULL_FLAT,ANY,False,NONE,"Spacious 2 BHK Apartment Available for Rent in Cyber City Gurgaon. Covered area is 1254 sq.ft. Listed price is ₹13,219. Proximity to metro: 1.17 km.",2026-04-28 07:03:00
PROP1431,OWN1052,2 BHK Independent House in Faridabad Neharpar,Faridabad Neharpar,Delhi NCR,INDEPENDENT_HOUSE,SALE,2,1428,11540675,False,6.48,FULL_FLAT,ANY,False,NONE,"Spacious 2 BHK Independent House Available for Sale in Faridabad Neharpar. Covered area is 1428 sq.ft. Listed price is ₹11,540,675. Proximity to metro: 6.48 km.",2025-08-28 23:19:43
PROP1432,OWN1061,4 BHK Apartment in Gurgaon Sector 45,Gurgaon Sector 45,Delhi NCR,APARTMENT,SALE,4,2404,17904954,True,2.11,FULL_FLAT,ANY,False,NONE,"Spacious 4 BHK Apartment Available for Sale in Gurgaon Sector 45. Covered area is 2404 sq.ft. Listed price is ₹17,904,954. Proximity to metro: 2.11 km.",2025-12-23 07:44:22
PROP1433,OWN1104,2 BHK Builder Floor in Noida Sector 150,Noida Sector 150,Delhi NCR,BUILDER_FLOOR,RENT,2,920,83845,True,2.29,FULL_FLAT,ANY,False,NONE,"Spacious 2 BHK Builder Floor Available for Rent in Noida Sector 150. Covered area is 920 sq.ft. Listed price is ₹83,845. Proximity to metro: 2.29 km.",2025-09-23 06:47:25
PROP1434,OWN1247,1 BHK Apartment in Noida Sector 62,Noida Sector 62,Delhi NCR,APARTMENT,SALE,1,556,43030739,False,5.27,FULL_FLAT,ANY,False,NONE,"Spacious 1 BHK Apartment Available for Sale in Noida Sector 62. Covered area is 556 sq.ft. Listed price is ₹43,030,739. Proximity to metro: 5.27 km.",2026-07-05 22:18:37
PROP1435,OWN1047,1 BHK Independent House in Faridabad Sector 81,Faridabad Sector 81,Delhi NCR,INDEPENDENT_HOUSE,SALE,1,631,20012904,True,2.47,FULL_FLAT,ANY,False,NONE,"Spacious 1 BHK Independent House Available for Sale in Faridabad Sector 81. Covered area is 631 sq.ft. Listed price is ₹20,012,904. Proximity to metro: 2.47 km.",2026-01-26 05:18:11
PROP1436,OWN1152,2 BHK Apartment in Cyber City Gurgaon,Cyber City Gurgaon,Delhi NCR,APARTMENT,RENT,2,920,50085,True,2.04,FULL_FLAT,ANY,False,NONE,"Spacious 2 BHK Apartment Available for Rent in Cyber City Gurgaon. Covered area is 920 sq.ft. Listed price is ₹50,085. Proximity to metro: 2.04 km.",2025-08-08 09:12:44
PROP1437,OWN1161,1 BHK Apartment in Greater Noida Pari Chowk,Greater Noida Pari Chowk,Delhi NCR,APARTMENT,RENT,1,452,30139,False,6.09,FULL_FLAT,ANY,False,NONE,"Spacious 1 BHK Apartment Available for Rent in Greater Noida Pari Chowk. Covered area is 452 sq.ft. Listed price is ₹30,139. Proximity to metro: 6.09 km.",2025-10-20 01:25:20
PROP1438,OWN1169,1 BHK Pg in Noida Sector 150,Noida Sector 150,Delhi NCR,PG,PG,1,279,15791,True,0.62,TRIPLE_SHARING,MALE,False,NONE,"Well-maintained triple sharing PG for males located at Noida Sector 150. Monthly rent is ₹15,791. Food is not included. Nearest metro station is 0.62 km away.",2026-05-26 21:19:22
PROP1439,OWN1206,1 BHK Pg in Noida Sector 76,Noida Sector 76,Delhi NCR,PG,PG,1,189,19639,False,7.39,TRIPLE_SHARING,FEMALE,False,NONE,"Well-maintained triple sharing PG for females located at Noida Sector 76. Monthly rent is ₹19,639. Food is not included. Nearest metro station is 7.39 km away.",2026-01-03 18:14:41
PROP1440,OWN1086,1 BHK Independent House in Saket,Saket,Delhi NCR,INDEPENDENT_HOUSE,SALE,1,581,11460068,True,2.3,FULL_FLAT,ANY,False,NONE,"Spacious 1 BHK Independent House Available for Sale in Saket. Covered area is 581 sq.ft. Listed price is ₹11,460,068. Proximity to metro: 2.3 km.",2026-05-09 18:02:08
PROP1441,OWN1248,3 BHK Builder Floor in Ghaziabad Indirapuram,Ghaziabad Indirapuram,Delhi NCR,BUILDER_FLOOR,SALE,3,1542,13268130,True,2.32,FULL_FLAT,ANY,False,NONE,"Spacious 3 BHK Builder Floor Available for Sale in Ghaziabad Indirapuram. Covered area is 1542 sq.ft. Listed price is ₹13,268,130. Proximity to metro: 2.32 km.",2026-03-21 20:50:10
PROP1442,OWN1058,3 BHK Apartment in Greater Noida,Greater Noida,Delhi NCR,APARTMENT,RENT,3,1851,53187,True,1.82,FULL_FLAT,ANY,False,NONE,"Spacious 3 BHK Apartment Available for Rent in Greater Noida. Covered area is 1851 sq.ft. Listed price is ₹53,187. Proximity to metro: 1.82 km.",2026-07-16 20:38:17
PROP1443,OWN1269,1 BHK Pg in Gurgaon Sector 56,Gurgaon Sector 56,Delhi NCR,PG,PG,1,291,18085,False,6.52,TRIPLE_SHARING,UNISEX,True,BOTH,"Well-maintained triple sharing PG for unisexs located at Gurgaon Sector 56. Monthly rent is ₹18,085. Food is included (both). Nearest metro station is 6.52 km away.",2026-02-23 12:36:07
PROP1444,OWN1247,4 BHK Independent House in Noida Sector 150,Noida Sector 150,Delhi NCR,INDEPENDENT_HOUSE,RENT,4,1952,19152,True,1.68,FULL_FLAT,ANY,False,NONE,"Spacious 4 BHK Independent House Available for Rent in Noida Sector 150. Covered area is 1952 sq.ft. Listed price is ₹19,152. Proximity to metro: 1.68 km.",2026-07-03 00:49:45
PROP1445,OWN1081,1 BHK Pg in Faridabad Sector 81,Faridabad Sector 81,Delhi NCR,PG,PG,1,338,23247,True,0.75,SINGLE,MALE,False,NONE,"Well-maintained single PG for males located at Faridabad Sector 81. Monthly rent is ₹23,247. Food is not included. Nearest metro station is 0.75 km away.",2026-06-11 15:02:08
PROP1446,OWN1143,4 BHK Independent House in West Delhi,West Delhi,Delhi NCR,INDEPENDENT_HOUSE,RENT,4,2212,42801,True,1.26,FULL_FLAT,ANY,False,NONE,"Spacious 4 BHK Independent House Available for Rent in West Delhi. Covered area is 2212 sq.ft. Listed price is ₹42,801. Proximity to metro: 1.26 km.",2026-03-01 19:22:23
PROP1447,OWN1294,4 BHK Builder Floor in Ghaziabad Indirapuram,Ghaziabad Indirapuram,Delhi NCR,BUILDER_FLOOR,SALE,4,2644,12466281,True,1.91,FULL_FLAT,ANY,False,NONE,"Spacious 4 BHK Builder Floor Available for Sale in Ghaziabad Indirapuram. Covered area is 2644 sq.ft. Listed price is ₹12,466,281. Proximity to metro: 1.91 km.",2026-04-09 17:59:34
PROP1448,OWN1010,1 BHK Apartment in Vasant Kunj,Vasant Kunj,Delhi NCR,APARTMENT,RENT,1,473,51924,False,5.64,FULL_FLAT,ANY,False,NONE,"Spacious 1 BHK Apartment Available for Rent in Vasant Kunj. Covered area is 473 sq.ft. Listed price is ₹51,924. Proximity to metro: 5.64 km.",2026-01-21 09:46:27
PROP1449,OWN1234,2 BHK Apartment in Noida Sector 62,Noida Sector 62,Delhi NCR,APARTMENT,SALE,2,1464,26778305,False,6.74,FULL_FLAT,ANY,False,NONE,"Spacious 2 BHK Apartment Available for Sale in Noida Sector 62. Covered area is 1464 sq.ft. Listed price is ₹26,778,305. Proximity to metro: 6.74 km.",2026-05-20 09:34:48
PROP1450,OWN1243,1 BHK Apartment in Noida Extension,Noida Extension,Delhi NCR,APARTMENT,RENT,1,644,41064,True,0.99,FULL_FLAT,ANY,False,NONE,"Spacious 1 BHK Apartment Available for Rent in Noida Extension. Covered area is 644 sq.ft. Listed price is ₹41,064. Proximity to metro: 0.99 km.",2026-02-06 03:31:26
PROP1451,OWN1150,1 BHK Apartment in Faridabad Neharpar,Faridabad Neharpar,Delhi NCR,APARTMENT,SALE,1,584,37545890,True,2.09,FULL_FLAT,ANY,False,NONE,"Spacious 1 BHK Apartment Available for Sale in Faridabad Neharpar. Covered area is 584 sq.ft. Listed price is ₹37,545,890. Proximity to metro: 2.09 km.",2026-06-13 17:43:15
PROP1452,OWN1210,2 BHK Apartment in Vasant Kunj,Vasant Kunj,Delhi NCR,APARTMENT,SALE,2,1122,30866837,True,1.25,FULL_FLAT,ANY,False,NONE,"Spacious 2 BHK Apartment Available for Sale in Vasant Kunj. Covered area is 1122 sq.ft. Listed price is ₹30,866,837. Proximity to metro: 1.25 km.",2026-04-18 15:42:54
PROP1453,OWN1098,1 BHK Builder Floor in Noida Sector 62,Noida Sector 62,Delhi NCR,BUILDER_FLOOR,SALE,1,563,34732851,True,1.71,FULL_FLAT,ANY,False,NONE,"Spacious 1 BHK Builder Floor Available for Sale in Noida Sector 62. Covered area is 563 sq.ft. Listed price is ₹34,732,851. Proximity to metro: 1.71 km.",2026-01-10 09:53:31
PROP1454,OWN1259,1 BHK Pg in Hauz Khas,Hauz Khas,Delhi NCR,PG,PG,1,121,24378,False,5.21,TRIPLE_SHARING,MALE,False,NONE,"Well-maintained triple sharing PG for males located at Hauz Khas. Monthly rent is ₹24,378. Food is not included. Nearest metro station is 5.21 km away.",2025-10-23 17:01:15
PROP1455,OWN1261,2 BHK Apartment in Lajpat Nagar,Lajpat Nagar,Delhi NCR,APARTMENT,RENT,2,952,62778,False,5.84,FULL_FLAT,ANY,False,NONE,"Spacious 2 BHK Apartment Available for Rent in Lajpat Nagar. Covered area is 952 sq.ft. Listed price is ₹62,778. Proximity to metro: 5.84 km.",2025-10-19 08:15:15
PROP1456,OWN1165,1 BHK Pg in Faridabad Sector 81,Faridabad Sector 81,Delhi NCR,PG,PG,1,227,15134,True,1.24,DOUBLE_SHARING,FEMALE,False,NONE,"Well-maintained double sharing PG for females located at Faridabad Sector 81. Monthly rent is ₹15,134. Food is not included. Nearest metro station is 1.24 km away.",2026-03-10 22:35:49
PROP1457,OWN1069,3 BHK Independent House in Hauz Khas,Hauz Khas,Delhi NCR,INDEPENDENT_HOUSE,RENT,3,1887,83802,True,1.84,FULL_FLAT,ANY,False,NONE,"Spacious 3 BHK Independent House Available for Rent in Hauz Khas. Covered area is 1887 sq.ft. Listed price is ₹83,802. Proximity to metro: 1.84 km.",2026-04-26 17:56:56
PROP1458,OWN1284,3 BHK Independent House in Preet Vihar,Preet Vihar,Delhi NCR,INDEPENDENT_HOUSE,SALE,3,2028,13403448,False,6.11,FULL_FLAT,ANY,False,NONE,"Spacious 3 BHK Independent House Available for Sale in Preet Vihar. Covered area is 2028 sq.ft. Listed price is ₹13,403,448. Proximity to metro: 6.11 km.",2026-01-27 10:35:56
PROP1459,OWN1092,3 BHK Independent House in Faridabad Sector 81,Faridabad Sector 81,Delhi NCR,INDEPENDENT_HOUSE,RENT,3,1893,27126,True,1.49,FULL_FLAT,ANY,False,NONE,"Spacious 3 BHK Independent House Available for Rent in Faridabad Sector 81. Covered area is 1893 sq.ft. Listed price is ₹27,126. Proximity to metro: 1.49 km.",2026-03-06 22:56:10
PROP1460,OWN1299,3 BHK Independent House in Greater Noida,Greater Noida,Delhi NCR,INDEPENDENT_HOUSE,RENT,3,1674,13673,False,3.17,FULL_FLAT,ANY,False,NONE,"Spacious 3 BHK Independent House Available for Rent in Greater Noida. Covered area is 1674 sq.ft. Listed price is ₹13,673. Proximity to metro: 3.17 km.",2025-10-29 08:03:55
PROP1461,OWN1196,2 BHK Apartment in Rohini Sector 10,Rohini Sector 10,Delhi NCR,APARTMENT,SALE,2,1272,15300191,True,1.77,FULL_FLAT,ANY,False,NONE,"Spacious 2 BHK Apartment Available for Sale in Rohini Sector 10. Covered area is 1272 sq.ft. Listed price is ₹15,300,191. Proximity to metro: 1.77 km.",2025-08-18 08:12:37
PROP1462,OWN1075,2 BHK Builder Floor in West Delhi,West Delhi,Delhi NCR,BUILDER_FLOOR,RENT,2,1284,82932,True,1.02,FULL_FLAT,ANY,False,NONE,"Spacious 2 BHK Builder Floor Available for Rent in West Delhi. Covered area is 1284 sq.ft. Listed price is ₹82,932. Proximity to metro: 1.02 km.",2025-11-02 09:38:03
PROP1463,OWN1232,2 BHK Independent House in Vasant Kunj,Vasant Kunj,Delhi NCR,INDEPENDENT_HOUSE,RENT,2,1280,62972,True,1.38,FULL_FLAT,ANY,False,NONE,"Spacious 2 BHK Independent House Available for Rent in Vasant Kunj. Covered area is 1280 sq.ft. Listed price is ₹62,972. Proximity to metro: 1.38 km.",2025-10-28 06:47:57
PROP1464,OWN1148,1 BHK Pg in West Delhi,West Delhi,Delhi NCR,PG,PG,1,219,20650,False,3.96,TRIPLE_SHARING,FEMALE,True,VEG,"Well-maintained triple sharing PG for females located at West Delhi. Monthly rent is ₹20,650. Food is included (veg). Nearest metro station is 3.96 km away.",2025-11-14 19:30:26
PROP1465,OWN1227,1 BHK Pg in Gurgaon Sector 56,Gurgaon Sector 56,Delhi NCR,PG,PG,1,300,19050,True,1.23,TRIPLE_SHARING,UNISEX,True,VEG,"Well-maintained triple sharing PG for unisexs located at Gurgaon Sector 56. Monthly rent is ₹19,050. Food is included (veg). Nearest metro station is 1.23 km away.",2026-02-03 07:51:17
PROP1466,OWN1039,1 BHK Pg in Lajpat Nagar,Lajpat Nagar,Delhi NCR,PG,PG,1,308,23837,True,1.48,SINGLE,FEMALE,True,BOTH,"Well-maintained single PG for females located at Lajpat Nagar. Monthly rent is ₹23,837. Food is included (both). Nearest metro station is 1.48 km away.",2025-09-09 13:57:49
PROP1467,OWN1067,1 BHK Builder Floor in Janakpuri,Janakpuri,Delhi NCR,BUILDER_FLOOR,RENT,1,534,73122,False,7.66,FULL_FLAT,ANY,False,NONE,"Spacious 1 BHK Builder Floor Available for Rent in Janakpuri. Covered area is 534 sq.ft. Listed price is ₹73,122. Proximity to metro: 7.66 km.",2025-10-13 12:11:33
PROP1468,OWN1021,1 BHK Pg in Rohini Sector 10,Rohini Sector 10,Delhi NCR,PG,PG,1,272,8666,True,2.02,TRIPLE_SHARING,UNISEX,False,NONE,"Well-maintained triple sharing PG for unisexs located at Rohini Sector 10. Monthly rent is ₹8,666. Food is not included. Nearest metro station is 2.02 km away.",2026-03-31 12:00:27
PROP1469,OWN1282,3 BHK Independent House in Noida Sector 150,Noida Sector 150,Delhi NCR,INDEPENDENT_HOUSE,SALE,3,2307,19261400,True,1.4,FULL_FLAT,ANY,False,NONE,"Spacious 3 BHK Independent House Available for Sale in Noida Sector 150. Covered area is 2307 sq.ft. Listed price is ₹19,261,400. Proximity to metro: 1.4 km.",2026-04-05 01:18:38
PROP1470,OWN1259,4 BHK Independent House in Janakpuri,Janakpuri,Delhi NCR,INDEPENDENT_HOUSE,RENT,4,1892,57796,True,2.23,FULL_FLAT,ANY,False,NONE,"Spacious 4 BHK Independent House Available for Rent in Janakpuri. Covered area is 1892 sq.ft. Listed price is ₹57,796. Proximity to metro: 2.23 km.",2025-08-13 12:01:28
PROP1471,OWN1170,5 BHK Apartment in Noida Sector 62,Noida Sector 62,Delhi NCR,APARTMENT,SALE,5,3855,36367126,False,7.05,FULL_FLAT,ANY,False,NONE,"Spacious 5 BHK Apartment Available for Sale in Noida Sector 62. Covered area is 3855 sq.ft. Listed price is ₹36,367,126. Proximity to metro: 7.05 km.",2025-12-16 21:55:41
PROP1472,OWN1005,2 BHK Builder Floor in Saket,Saket,Delhi NCR,BUILDER_FLOOR,RENT,2,1228,43958,True,1.77,FULL_FLAT,ANY,False,NONE,"Spacious 2 BHK Builder Floor Available for Rent in Saket. Covered area is 1228 sq.ft. Listed price is ₹43,958. Proximity to metro: 1.77 km.",2026-02-04 05:24:32
PROP1473,OWN1165,1 BHK Pg in Noida Sector 18,Noida Sector 18,Delhi NCR,PG,PG,1,149,19644,True,2.3,DOUBLE_SHARING,UNISEX,False,NONE,"Well-maintained double sharing PG for unisexs located at Noida Sector 18. Monthly rent is ₹19,644. Food is not included. Nearest metro station is 2.3 km away.",2025-12-19 21:35:13
PROP1474,OWN1192,1 BHK Pg in Faridabad Sector 81,Faridabad Sector 81,Delhi NCR,PG,PG,1,234,22951,False,3.04,SINGLE,FEMALE,True,BOTH,"Well-maintained single PG for females located at Faridabad Sector 81. Monthly rent is ₹22,951. Food is included (both). Nearest metro station is 3.04 km away.",2025-10-04 14:04:14
PROP1475,OWN1050,1 BHK Pg in Janakpuri,Janakpuri,Delhi NCR,PG,PG,1,317,24628,False,6.0,TRIPLE_SHARING,MALE,True,VEG,"Well-maintained triple sharing PG for males located at Janakpuri. Monthly rent is ₹24,628. Food is included (veg). Nearest metro station is 6.0 km away.",2025-12-21 11:53:14
PROP1476,OWN1110,1 BHK Pg in Greater Noida Pari Chowk,Greater Noida Pari Chowk,Delhi NCR,PG,PG,1,172,24621,False,7.01,TRIPLE_SHARING,UNISEX,False,NONE,"Well-maintained triple sharing PG for unisexs located at Greater Noida Pari Chowk. Monthly rent is ₹24,621. Food is not included. Nearest metro station is 7.01 km away.",2026-06-16 12:36:24
PROP1477,OWN1037,3 BHK Independent House in Rohini Sector 10,Rohini Sector 10,Delhi NCR,INDEPENDENT_HOUSE,SALE,3,1557,10373428,True,0.32,FULL_FLAT,ANY,False,NONE,"Spacious 3 BHK Independent House Available for Sale in Rohini Sector 10. Covered area is 1557 sq.ft. Listed price is ₹10,373,428. Proximity to metro: 0.32 km.",2026-02-19 08:54:35
PROP1478,OWN1129,3 BHK Apartment in Central Delhi,Central Delhi,Delhi NCR,APARTMENT,RENT,3,1662,62860,True,1.65,FULL_FLAT,ANY,False,NONE,"Spacious 3 BHK Apartment Available for Rent in Central Delhi. Covered area is 1662 sq.ft. Listed price is ₹62,860. Proximity to metro: 1.65 km.",2026-04-01 01:47:51
PROP1479,OWN1222,1 BHK Independent House in DLF Phase 5,DLF Phase 5,Delhi NCR,INDEPENDENT_HOUSE,SALE,1,773,4895870,False,6.49,FULL_FLAT,ANY,False,NONE,"Spacious 1 BHK Independent House Available for Sale in DLF Phase 5. Covered area is 773 sq.ft. Listed price is ₹4,895,870. Proximity to metro: 6.49 km.",2026-05-29 22:55:02
PROP1480,OWN1033,3 BHK Apartment in East Delhi,East Delhi,Delhi NCR,APARTMENT,RENT,3,1734,25911,True,2.01,FULL_FLAT,ANY,False,NONE,"Spacious 3 BHK Apartment Available for Rent in East Delhi. Covered area is 1734 sq.ft. Listed price is ₹25,911. Proximity to metro: 2.01 km.",2026-04-26 16:01:41
PROP1481,OWN1155,4 BHK Builder Floor in Dwarka Sector 21,Dwarka Sector 21,Delhi NCR,BUILDER_FLOOR,SALE,4,2808,6568238,True,0.56,FULL_FLAT,ANY,False,NONE,"Spacious 4 BHK Builder Floor Available for Sale in Dwarka Sector 21. Covered area is 2808 sq.ft. Listed price is ₹6,568,238. Proximity to metro: 0.56 km.",2025-12-06 23:20:19
PROP1482,OWN1113,3 BHK Independent House in Hauz Khas,Hauz Khas,Delhi NCR,INDEPENDENT_HOUSE,RENT,3,1836,30884,True,1.76,FULL_FLAT,ANY,False,NONE,"Spacious 3 BHK Independent House Available for Rent in Hauz Khas. Covered area is 1836 sq.ft. Listed price is ₹30,884. Proximity to metro: 1.76 km.",2025-07-23 04:41:37
PROP1483,OWN1192,2 BHK Independent House in South Delhi,South Delhi,Delhi NCR,INDEPENDENT_HOUSE,RENT,2,962,17475,True,1.52,FULL_FLAT,ANY,False,NONE,"Spacious 2 BHK Independent House Available for Rent in South Delhi. Covered area is 962 sq.ft. Listed price is ₹17,475. Proximity to metro: 1.52 km.",2025-11-26 12:26:35
PROP1484,OWN1202,3 BHK Independent House in Dwarka Sector 21,Dwarka Sector 21,Delhi NCR,INDEPENDENT_HOUSE,SALE,3,1824,32192774,False,7.2,FULL_FLAT,ANY,False,NONE,"Spacious 3 BHK Independent House Available for Sale in Dwarka Sector 21. Covered area is 1824 sq.ft. Listed price is ₹32,192,774. Proximity to metro: 7.2 km.",2026-04-22 05:47:31
PROP1485,OWN1073,3 BHK Independent House in Janakpuri,Janakpuri,Delhi NCR,INDEPENDENT_HOUSE,SALE,3,1797,12192188,True,1.74,FULL_FLAT,ANY,False,NONE,"Spacious 3 BHK Independent House Available for Sale in Janakpuri. Covered area is 1797 sq.ft. Listed price is ₹12,192,188. Proximity to metro: 1.74 km.",2026-05-28 18:07:47
PROP1486,OWN1291,1 BHK Pg in West Delhi,West Delhi,Delhi NCR,PG,PG,1,260,22114,False,2.96,TRIPLE_SHARING,UNISEX,True,BOTH,"Well-maintained triple sharing PG for unisexs located at West Delhi. Monthly rent is ₹22,114. Food is included (both). Nearest metro station is 2.96 km away.",2026-07-04 06:33:05
PROP1487,OWN1051,3 BHK Builder Floor in Pitampura,Pitampura,Delhi NCR,BUILDER_FLOOR,RENT,3,1623,28805,False,6.14,FULL_FLAT,ANY,False,NONE,"Spacious 3 BHK Builder Floor Available for Rent in Pitampura. Covered area is 1623 sq.ft. Listed price is ₹28,805. Proximity to metro: 6.14 km.",2025-12-21 02:02:59
PROP1488,OWN1052,3 BHK Apartment in Gurgaon Sector 45,Gurgaon Sector 45,Delhi NCR,APARTMENT,RENT,3,1722,71067,True,1.62,FULL_FLAT,ANY,False,NONE,"Spacious 3 BHK Apartment Available for Rent in Gurgaon Sector 45. Covered area is 1722 sq.ft. Listed price is ₹71,067. Proximity to metro: 1.62 km.",2026-04-20 01:33:10
PROP1489,OWN1157,3 BHK Builder Floor in Rohini Sector 10,Rohini Sector 10,Delhi NCR,BUILDER_FLOOR,RENT,3,1677,34103,True,0.92,FULL_FLAT,ANY,False,NONE,"Spacious 3 BHK Builder Floor Available for Rent in Rohini Sector 10. Covered area is 1677 sq.ft. Listed price is ₹34,103. Proximity to metro: 0.92 km.",2026-02-05 12:16:29
PROP1490,OWN1114,2 BHK Builder Floor in Greater Noida Pari Chowk,Greater Noida Pari Chowk,Delhi NCR,BUILDER_FLOOR,SALE,2,1338,36709165,True,1.22,FULL_FLAT,ANY,False,NONE,"Spacious 2 BHK Builder Floor Available for Sale in Greater Noida Pari Chowk. Covered area is 1338 sq.ft. Listed price is ₹36,709,165. Proximity to metro: 1.22 km.",2026-02-26 08:58:38
PROP1491,OWN1157,1 BHK Apartment in Faridabad Sector 15,Faridabad Sector 15,Delhi NCR,APARTMENT,RENT,1,521,30350,False,3.66,FULL_FLAT,ANY,False,NONE,"Spacious 1 BHK Apartment Available for Rent in Faridabad Sector 15. Covered area is 521 sq.ft. Listed price is ₹30,350. Proximity to metro: 3.66 km.",2025-10-09 14:11:57
PROP1492,OWN1040,1 BHK Pg in Central Delhi,Central Delhi,Delhi NCR,PG,PG,1,337,23619,False,3.75,TRIPLE_SHARING,MALE,False,NONE,"Well-maintained triple sharing PG for males located at Central Delhi. Monthly rent is ₹23,619. Food is not included. Nearest metro station is 3.75 km away.",2025-10-09 04:24:26
PROP1493,OWN1019,4 BHK Independent House in Cyber City Gurgaon,Cyber City Gurgaon,Delhi NCR,INDEPENDENT_HOUSE,RENT,4,2468,31481,True,1.1,FULL_FLAT,ANY,False,NONE,"Spacious 4 BHK Independent House Available for Rent in Cyber City Gurgaon. Covered area is 2468 sq.ft. Listed price is ₹31,481. Proximity to metro: 1.1 km.",2025-12-27 05:26:36
PROP1494,OWN1149,1 BHK Independent House in Hauz Khas,Hauz Khas,Delhi NCR,INDEPENDENT_HOUSE,RENT,1,551,59692,False,2.66,FULL_FLAT,ANY,False,NONE,"Spacious 1 BHK Independent House Available for Rent in Hauz Khas. Covered area is 551 sq.ft. Listed price is ₹59,692. Proximity to metro: 2.66 km.",2025-07-31 15:26:04
PROP1495,OWN1123,4 BHK Apartment in Janakpuri,Janakpuri,Delhi NCR,APARTMENT,RENT,4,1960,35480,False,7.72,FULL_FLAT,ANY,False,NONE,"Spacious 4 BHK Apartment Available for Rent in Janakpuri. Covered area is 1960 sq.ft. Listed price is ₹35,480. Proximity to metro: 7.72 km.",2025-11-20 19:26:27
PROP1496,OWN1075,1 BHK Pg in Ghaziabad Raj Nagar Extension,Ghaziabad Raj Nagar Extension,Delhi NCR,PG,PG,1,130,14170,True,0.74,DOUBLE_SHARING,MALE,True,BOTH,"Well-maintained double sharing PG for males located at Ghaziabad Raj Nagar Extension. Monthly rent is ₹14,170. Food is included (both). Nearest metro station is 0.74 km away.",2026-03-26 02:12:17
PROP1497,OWN1106,1 BHK Pg in Faridabad Neharpar,Faridabad Neharpar,Delhi NCR,PG,PG,1,212,19717,False,4.35,DOUBLE_SHARING,FEMALE,True,VEG,"Well-maintained double sharing PG for females located at Faridabad Neharpar. Monthly rent is ₹19,717. Food is included (veg). Nearest metro station is 4.35 km away.",2025-12-15 17:09:10
PROP1498,OWN1267,1 BHK Pg in Golf Course Extension Road,Golf Course Extension Road,Delhi NCR,PG,PG,1,187,24837,False,4.64,TRIPLE_SHARING,MALE,False,NONE,"Well-maintained triple sharing PG for males located at Golf Course Extension Road. Monthly rent is ₹24,837. Food is not included. Nearest metro station is 4.64 km away.",2025-09-19 07:45:09
PROP1499,OWN1040,5 BHK Apartment in Faridabad Neharpar,Faridabad Neharpar,Delhi NCR,APARTMENT,SALE,5,3535,28182584,True,1.32,FULL_FLAT,ANY,False,NONE,"Spacious 5 BHK Apartment Available for Sale in Faridabad Neharpar. Covered area is 3535 sq.ft. Listed price is ₹28,182,584. Proximity to metro: 1.32 km.",2026-01-07 18:02:23
PROP1500,OWN1247,4 BHK Apartment in South Delhi,South Delhi,Delhi NCR,APARTMENT,RENT,4,1968,42145,True,1.38,FULL_FLAT,ANY,False,NONE,"Spacious 4 BHK Apartment Available for Rent in South Delhi. Covered area is 1968 sq.ft. Listed price is ₹42,145. Proximity to metro: 1.38 km.",2025-09-05 15:45:52
PROP1501,OWN1144,3 BHK Apartment in Preet Vihar,Preet Vihar,Delhi NCR,APARTMENT,SALE,3,1680,19958280,True,2.07,FULL_FLAT,ANY,False,NONE,"Spacious 3 BHK Apartment Available for Sale in Preet Vihar. Covered area is 1680 sq.ft. Listed price is ₹19,958,280. Proximity to metro: 2.07 km.",2026-03-05 07:33:54
PROP1502,OWN1059,2 BHK Builder Floor in Ghaziabad Raj Nagar Extension,Ghaziabad Raj Nagar Extension,Delhi NCR,BUILDER_FLOOR,RENT,2,1202,33134,False,7.1,FULL_FLAT,ANY,False,NONE,"Spacious 2 BHK Builder Floor Available for Rent in Ghaziabad Raj Nagar Extension. Covered area is 1202 sq.ft. Listed price is ₹33,134. Proximity to metro: 7.1 km.",2025-07-30 21:23:29
PROP1503,OWN1012,5 BHK Independent House in Gurgaon Golf Course Road,Gurgaon Golf Course Road,Delhi NCR,INDEPENDENT_HOUSE,SALE,5,2910,13541177,False,5.37,FULL_FLAT,ANY,False,NONE,"Spacious 5 BHK Independent House Available for Sale in Gurgaon Golf Course Road. Covered area is 2910 sq.ft. Listed price is ₹13,541,177. Proximity to metro: 5.37 km.",2025-12-11 22:53:49
PROP1504,OWN1294,2 BHK Builder Floor in Rohini Sector 10,Rohini Sector 10,Delhi NCR,BUILDER_FLOOR,SALE,2,1528,31709712,False,7.83,FULL_FLAT,ANY,False,NONE,"Spacious 2 BHK Builder Floor Available for Sale in Rohini Sector 10. Covered area is 1528 sq.ft. Listed price is ₹31,709,712. Proximity to metro: 7.83 km.",2026-02-12 04:20:04
PROP1505,OWN1010,1 BHK Pg in Gurgaon Sector 45,Gurgaon Sector 45,Delhi NCR,PG,PG,1,175,21719,True,0.7,TRIPLE_SHARING,FEMALE,False,NONE,"Well-maintained triple sharing PG for females located at Gurgaon Sector 45. Monthly rent is ₹21,719. Food is not included. Nearest metro station is 0.7 km away.",2025-07-30 22:34:48
PROP1506,OWN1211,3 BHK Apartment in Rohini Sector 10,Rohini Sector 10,Delhi NCR,APARTMENT,RENT,3,1476,56914,True,1.57,FULL_FLAT,ANY,False,NONE,"Spacious 3 BHK Apartment Available for Rent in Rohini Sector 10. Covered area is 1476 sq.ft. Listed price is ₹56,914. Proximity to metro: 1.57 km.",2026-03-12 19:11:56
PROP1507,OWN1036,1 BHK Apartment in Gurgaon Sector 56,Gurgaon Sector 56,Delhi NCR,APARTMENT,SALE,1,508,18079381,False,7.24,FULL_FLAT,ANY,False,NONE,"Spacious 1 BHK Apartment Available for Sale in Gurgaon Sector 56. Covered area is 508 sq.ft. Listed price is ₹18,079,381. Proximity to metro: 7.24 km.",2025-09-08 14:31:08
PROP1508,OWN1259,1 BHK Pg in Greater Noida,Greater Noida,Delhi NCR,PG,PG,1,275,10155,True,1.31,SINGLE,FEMALE,True,VEG,"Well-maintained single PG for females located at Greater Noida. Monthly rent is ₹10,155. Food is included (veg). Nearest metro station is 1.31 km away.",2026-01-05 16:08:51
PROP1509,OWN1067,1 BHK Pg in South Delhi,South Delhi,Delhi NCR,PG,PG,1,318,21139,True,1.8,TRIPLE_SHARING,FEMALE,False,NONE,"Well-maintained triple sharing PG for females located at South Delhi. Monthly rent is ₹21,139. Food is not included. Nearest metro station is 1.8 km away.",2025-08-08 09:47:34
PROP1510,OWN1220,1 BHK Pg in Gurgaon Sector 56,Gurgaon Sector 56,Delhi NCR,PG,PG,1,243,19492,True,0.79,DOUBLE_SHARING,UNISEX,True,BOTH,"Well-maintained double sharing PG for unisexs located at Gurgaon Sector 56. Monthly rent is ₹19,492. Food is included (both). Nearest metro station is 0.79 km away.",2025-12-06 12:08:36
PROP1511,OWN1120,4 BHK Independent House in Dwarka Sector 21,Dwarka Sector 21,Delhi NCR,INDEPENDENT_HOUSE,SALE,4,2524,17184985,True,1.83,FULL_FLAT,ANY,False,NONE,"Spacious 4 BHK Independent House Available for Sale in Dwarka Sector 21. Covered area is 2524 sq.ft. Listed price is ₹17,184,985. Proximity to metro: 1.83 km.",2025-10-06 08:22:23
PROP1512,OWN1004,4 BHK Apartment in Faridabad Neharpar,Faridabad Neharpar,Delhi NCR,APARTMENT,SALE,4,2420,25699805,True,1.03,FULL_FLAT,ANY,False,NONE,"Spacious 4 BHK Apartment Available for Sale in Faridabad Neharpar. Covered area is 2420 sq.ft. Listed price is ₹25,699,805. Proximity to metro: 1.03 km.",2025-11-17 10:03:42
PROP1513,OWN1080,3 BHK Builder Floor in Greater Noida Pari Chowk,Greater Noida Pari Chowk,Delhi NCR,BUILDER_FLOOR,RENT,3,1761,67517,False,4.57,FULL_FLAT,ANY,False,NONE,"Spacious 3 BHK Builder Floor Available for Rent in Greater Noida Pari Chowk. Covered area is 1761 sq.ft. Listed price is ₹67,517. Proximity to metro: 4.57 km.",2026-04-25 01:46:00
PROP1514,OWN1142,4 BHK Builder Floor in Noida Sector 76,Noida Sector 76,Delhi NCR,BUILDER_FLOOR,RENT,4,1980,60524,False,5.6,FULL_FLAT,ANY,False,NONE,"Spacious 4 BHK Builder Floor Available for Rent in Noida Sector 76. Covered area is 1980 sq.ft. Listed price is ₹60,524. Proximity to metro: 5.6 km.",2025-12-06 12:20:21
PROP1515,OWN1130,4 BHK Independent House in Sohna Road Gurgaon,Sohna Road Gurgaon,Delhi NCR,INDEPENDENT_HOUSE,RENT,4,2552,30096,False,3.24,FULL_FLAT,ANY,False,NONE,"Spacious 4 BHK Independent House Available for Rent in Sohna Road Gurgaon. Covered area is 2552 sq.ft. Listed price is ₹30,096. Proximity to metro: 3.24 km.",2026-04-21 16:56:51
PROP1516,OWN1118,1 BHK Apartment in Ghaziabad Indirapuram,Ghaziabad Indirapuram,Delhi NCR,APARTMENT,RENT,1,504,78629,True,2.01,FULL_FLAT,ANY,False,NONE,"Spacious 1 BHK Apartment Available for Rent in Ghaziabad Indirapuram. Covered area is 504 sq.ft. Listed price is ₹78,629. Proximity to metro: 2.01 km.",2026-05-20 21:27:31
PROP1517,OWN1282,1 BHK Independent House in West Delhi,West Delhi,Delhi NCR,INDEPENDENT_HOUSE,SALE,1,546,14252826,True,2.33,FULL_FLAT,ANY,False,NONE,"Spacious 1 BHK Independent House Available for Sale in West Delhi. Covered area is 546 sq.ft. Listed price is ₹14,252,826. Proximity to metro: 2.33 km.",2025-10-21 04:21:42
PROP1518,OWN1223,3 BHK Apartment in Dwarka Sector 21,Dwarka Sector 21,Delhi NCR,APARTMENT,SALE,3,1620,7033717,False,4.68,FULL_FLAT,ANY,False,NONE,"Spacious 3 BHK Apartment Available for Sale in Dwarka Sector 21. Covered area is 1620 sq.ft. Listed price is ₹7,033,717. Proximity to metro: 4.68 km.",2025-08-19 22:58:49
PROP1519,OWN1206,1 BHK Independent House in Faridabad Neharpar,Faridabad Neharpar,Delhi NCR,INDEPENDENT_HOUSE,SALE,1,589,37676500,True,0.22,FULL_FLAT,ANY,False,NONE,"Spacious 1 BHK Independent House Available for Sale in Faridabad Neharpar. Covered area is 589 sq.ft. Listed price is ₹37,676,500. Proximity to metro: 0.22 km.",2025-07-28 02:55:09
PROP1520,OWN1266,5 BHK Independent House in Gurgaon Sector 45,Gurgaon Sector 45,Delhi NCR,INDEPENDENT_HOUSE,SALE,5,3820,20047175,False,3.52,FULL_FLAT,ANY,False,NONE,"Spacious 5 BHK Independent House Available for Sale in Gurgaon Sector 45. Covered area is 3820 sq.ft. Listed price is ₹20,047,175. Proximity to metro: 3.52 km.",2026-02-03 01:25:40
PROP1521,OWN1019,2 BHK Apartment in Noida Extension,Noida Extension,Delhi NCR,APARTMENT,SALE,2,1088,23017809,True,1.01,FULL_FLAT,ANY,False,NONE,"Spacious 2 BHK Apartment Available for Sale in Noida Extension. Covered area is 1088 sq.ft. Listed price is ₹23,017,809. Proximity to metro: 1.01 km.",2026-07-21 05:57:43
PROP1522,OWN1203,1 BHK Independent House in Noida Sector 76,Noida Sector 76,Delhi NCR,INDEPENDENT_HOUSE,RENT,1,638,20993,True,1.46,FULL_FLAT,ANY,False,NONE,"Spacious 1 BHK Independent House Available for Rent in Noida Sector 76. Covered area is 638 sq.ft. Listed price is ₹20,993. Proximity to metro: 1.46 km.",2025-11-25 20:40:42
PROP1523,OWN1287,2 BHK Builder Floor in Noida Sector 150,Noida Sector 150,Delhi NCR,BUILDER_FLOOR,SALE,2,1198,35018360,True,1.52,FULL_FLAT,ANY,False,NONE,"Spacious 2 BHK Builder Floor Available for Sale in Noida Sector 150. Covered area is 1198 sq.ft. Listed price is ₹35,018,360. Proximity to metro: 1.52 km.",2026-03-15 12:01:01
PROP1524,OWN1134,1 BHK Apartment in Lajpat Nagar,Lajpat Nagar,Delhi NCR,APARTMENT,RENT,1,578,50568,True,2.38,FULL_FLAT,ANY,False,NONE,"Spacious 1 BHK Apartment Available for Rent in Lajpat Nagar. Covered area is 578 sq.ft. Listed price is ₹50,568. Proximity to metro: 2.38 km.",2026-05-02 09:06:41
PROP1525,OWN1263,1 BHK Pg in Cyber City Gurgaon,Cyber City Gurgaon,Delhi NCR,PG,PG,1,328,15196,False,5.21,TRIPLE_SHARING,FEMALE,False,NONE,"Well-maintained triple sharing PG for females located at Cyber City Gurgaon. Monthly rent is ₹15,196. Food is not included. Nearest metro station is 5.21 km away.",2026-03-16 02:08:05
PROP1526,OWN1125,1 BHK Pg in Noida Sector 62,Noida Sector 62,Delhi NCR,PG,PG,1,237,22096,True,0.79,TRIPLE_SHARING,MALE,False,NONE,"Well-maintained triple sharing PG for males located at Noida Sector 62. Monthly rent is ₹22,096. Food is not included. Nearest metro station is 0.79 km away.",2026-04-22 12:26:14
PROP1527,OWN1196,3 BHK Apartment in Gurgaon Sector 56,Gurgaon Sector 56,Delhi NCR,APARTMENT,RENT,3,1665,58281,False,5.49,FULL_FLAT,ANY,False,NONE,"Spacious 3 BHK Apartment Available for Rent in Gurgaon Sector 56. Covered area is 1665 sq.ft. Listed price is ₹58,281. Proximity to metro: 5.49 km.",2026-07-02 21:04:42
PROP1528,OWN1135,3 BHK Builder Floor in Gurgaon Golf Course Road,Gurgaon Golf Course Road,Delhi NCR,BUILDER_FLOOR,SALE,3,1614,41715321,True,1.3,FULL_FLAT,ANY,False,NONE,"Spacious 3 BHK Builder Floor Available for Sale in Gurgaon Golf Course Road. Covered area is 1614 sq.ft. Listed price is ₹41,715,321. Proximity to metro: 1.3 km.",2025-10-01 20:33:28
PROP1529,OWN1182,1 BHK Pg in Preet Vihar,Preet Vihar,Delhi NCR,PG,PG,1,188,12989,False,3.68,TRIPLE_SHARING,UNISEX,True,BOTH,"Well-maintained triple sharing PG for unisexs located at Preet Vihar. Monthly rent is ₹12,989. Food is included (both). Nearest metro station is 3.68 km away.",2025-07-28 11:39:22
PROP1530,OWN1124,2 BHK Apartment in Cyber City Gurgaon,Cyber City Gurgaon,Delhi NCR,APARTMENT,SALE,2,1364,14968685,True,0.48,FULL_FLAT,ANY,False,NONE,"Spacious 2 BHK Apartment Available for Sale in Cyber City Gurgaon. Covered area is 1364 sq.ft. Listed price is ₹14,968,685. Proximity to metro: 0.48 km.",2025-09-14 16:45:25
PROP1531,OWN1041,1 BHK Independent House in Faridabad Sector 15,Faridabad Sector 15,Delhi NCR,INDEPENDENT_HOUSE,RENT,1,573,60653,False,4.3,FULL_FLAT,ANY,False,NONE,"Spacious 1 BHK Independent House Available for Rent in Faridabad Sector 15. Covered area is 573 sq.ft. Listed price is ₹60,653. Proximity to metro: 4.3 km.",2025-09-05 03:25:57
PROP1532,OWN1295,3 BHK Independent House in Golf Course Extension Road,Golf Course Extension Road,Delhi NCR,INDEPENDENT_HOUSE,RENT,3,1653,41110,False,3.29,FULL_FLAT,ANY,False,NONE,"Spacious 3 BHK Independent House Available for Rent in Golf Course Extension Road. Covered area is 1653 sq.ft. Listed price is ₹41,110. Proximity to metro: 3.29 km.",2026-03-22 13:19:32
PROP1533,OWN1270,1 BHK Independent House in Greater Noida Pari Chowk,Greater Noida Pari Chowk,Delhi NCR,INDEPENDENT_HOUSE,RENT,1,578,57519,True,2.18,FULL_FLAT,ANY,False,NONE,"Spacious 1 BHK Independent House Available for Rent in Greater Noida Pari Chowk. Covered area is 578 sq.ft. Listed price is ₹57,519. Proximity to metro: 2.18 km.",2026-02-12 00:37:55
PROP1534,OWN1090,1 BHK Pg in Ghaziabad Vasundhara,Ghaziabad Vasundhara,Delhi NCR,PG,PG,1,298,23980,False,3.74,DOUBLE_SHARING,FEMALE,True,VEG,"Well-maintained double sharing PG for females located at Ghaziabad Vasundhara. Monthly rent is ₹23,980. Food is included (veg). Nearest metro station is 3.74 km away.",2025-10-08 15:38:05
PROP1535,OWN1298,3 BHK Independent House in Vasant Kunj,Vasant Kunj,Delhi NCR,INDEPENDENT_HOUSE,SALE,3,1785,41313466,True,0.75,FULL_FLAT,ANY,False,NONE,"Spacious 3 BHK Independent House Available for Sale in Vasant Kunj. Covered area is 1785 sq.ft. Listed price is ₹41,313,466. Proximity to metro: 0.75 km.",2026-04-02 12:21:07
PROP1536,OWN1242,4 BHK Builder Floor in Noida Sector 62,Noida Sector 62,Delhi NCR,BUILDER_FLOOR,SALE,4,2428,32624851,False,6.66,FULL_FLAT,ANY,False,NONE,"Spacious 4 BHK Builder Floor Available for Sale in Noida Sector 62. Covered area is 2428 sq.ft. Listed price is ₹32,624,851. Proximity to metro: 6.66 km.",2026-04-27 03:27:16
PROP1537,OWN1187,5 BHK Apartment in Noida Sector 76,Noida Sector 76,Delhi NCR,APARTMENT,SALE,5,2835,43147506,False,3.83,FULL_FLAT,ANY,False,NONE,"Spacious 5 BHK Apartment Available for Sale in Noida Sector 76. Covered area is 2835 sq.ft. Listed price is ₹43,147,506. Proximity to metro: 3.83 km.",2025-09-20 07:48:33
PROP1538,OWN1052,1 BHK Pg in Golf Course Extension Road,Golf Course Extension Road,Delhi NCR,PG,PG,1,262,21162,True,2.05,DOUBLE_SHARING,MALE,True,VEG,"Well-maintained double sharing PG for males located at Golf Course Extension Road. Monthly rent is ₹21,162. Food is included (veg). Nearest metro station is 2.05 km away.",2026-02-27 19:59:44
PROP1539,OWN1091,3 BHK Independent House in Greater Noida,Greater Noida,Delhi NCR,INDEPENDENT_HOUSE,RENT,3,1722,51326,True,1.49,FULL_FLAT,ANY,False,NONE,"Spacious 3 BHK Independent House Available for Rent in Greater Noida. Covered area is 1722 sq.ft. Listed price is ₹51,326. Proximity to metro: 1.49 km.",2026-04-20 05:08:48
PROP1540,OWN1291,2 BHK Independent House in West Delhi,West Delhi,Delhi NCR,INDEPENDENT_HOUSE,SALE,2,1060,18959767,True,1.3,FULL_FLAT,ANY,False,NONE,"Spacious 2 BHK Independent House Available for Sale in West Delhi. Covered area is 1060 sq.ft. Listed price is ₹18,959,767. Proximity to metro: 1.3 km.",2025-08-31 20:58:39
PROP1541,OWN1050,3 BHK Builder Floor in Ghaziabad Indirapuram,Ghaziabad Indirapuram,Delhi NCR,BUILDER_FLOOR,RENT,3,1626,45779,True,0.25,FULL_FLAT,ANY,False,NONE,"Spacious 3 BHK Builder Floor Available for Rent in Ghaziabad Indirapuram. Covered area is 1626 sq.ft. Listed price is ₹45,779. Proximity to metro: 0.25 km.",2026-05-16 06:48:26
PROP1542,OWN1063,1 BHK Pg in Noida Sector 150,Noida Sector 150,Delhi NCR,PG,PG,1,275,13519,True,0.95,TRIPLE_SHARING,UNISEX,True,BOTH,"Well-maintained triple sharing PG for unisexs located at Noida Sector 150. Monthly rent is ₹13,519. Food is included (both). Nearest metro station is 0.95 km away.",2026-07-08 09:31:14
PROP1543,OWN1262,1 BHK Builder Floor in Faridabad Sector 15,Faridabad Sector 15,Delhi NCR,BUILDER_FLOOR,RENT,1,547,49555,True,1.65,FULL_FLAT,ANY,False,NONE,"Spacious 1 BHK Builder Floor Available for Rent in Faridabad Sector 15. Covered area is 547 sq.ft. Listed price is ₹49,555. Proximity to metro: 1.65 km.",2025-08-29 12:34:39
PROP1544,OWN1075,4 BHK Builder Floor in Janakpuri,Janakpuri,Delhi NCR,BUILDER_FLOOR,RENT,4,2444,65054,True,0.38,FULL_FLAT,ANY,False,NONE,"Spacious 4 BHK Builder Floor Available for Rent in Janakpuri. Covered area is 2444 sq.ft. Listed price is ₹65,054. Proximity to metro: 0.38 km.",2025-07-30 10:06:03
PROP1545,OWN1176,3 BHK Independent House in Gurgaon Sector 56,Gurgaon Sector 56,Delhi NCR,INDEPENDENT_HOUSE,SALE,3,1908,31038557,True,2.24,FULL_FLAT,ANY,False,NONE,"Spacious 3 BHK Independent House Available for Sale in Gurgaon Sector 56. Covered area is 1908 sq.ft. Listed price is ₹31,038,557. Proximity to metro: 2.24 km.",2025-11-11 23:33:08
PROP1546,OWN1186,1 BHK Pg in Faridabad Neharpar,Faridabad Neharpar,Delhi NCR,PG,PG,1,225,12482,False,3.96,SINGLE,MALE,True,VEG,"Well-maintained single PG for males located at Faridabad Neharpar. Monthly rent is ₹12,482. Food is included (veg). Nearest metro station is 3.96 km away.",2026-03-25 10:28:25
PROP1547,OWN1041,1 BHK Apartment in Preet Vihar,Preet Vihar,Delhi NCR,APARTMENT,SALE,1,532,36254961,False,2.89,FULL_FLAT,ANY,False,NONE,"Spacious 1 BHK Apartment Available for Sale in Preet Vihar. Covered area is 532 sq.ft. Listed price is ₹36,254,961. Proximity to metro: 2.89 km.",2026-07-06 00:07:23
PROP1548,OWN1204,1 BHK Apartment in Faridabad Neharpar,Faridabad Neharpar,Delhi NCR,APARTMENT,RENT,1,517,32352,True,1.71,FULL_FLAT,ANY,False,NONE,"Spacious 1 BHK Apartment Available for Rent in Faridabad Neharpar. Covered area is 517 sq.ft. Listed price is ₹32,352. Proximity to metro: 1.71 km.",2025-12-12 21:59:15
PROP1549,OWN1200,3 BHK Independent House in Sohna Road Gurgaon,Sohna Road Gurgaon,Delhi NCR,INDEPENDENT_HOUSE,SALE,3,2178,12983346,True,1.41,FULL_FLAT,ANY,False,NONE,"Spacious 3 BHK Independent House Available for Sale in Sohna Road Gurgaon. Covered area is 2178 sq.ft. Listed price is ₹12,983,346. Proximity to metro: 1.41 km.",2026-04-08 04:39:26
PROP1550,OWN1088,3 BHK Builder Floor in North Delhi,North Delhi,Delhi NCR,BUILDER_FLOOR,SALE,3,2229,35852823,False,7.65,FULL_FLAT,ANY,False,NONE,"Spacious 3 BHK Builder Floor Available for Sale in North Delhi. Covered area is 2229 sq.ft. Listed price is ₹35,852,823. Proximity to metro: 7.65 km.",2025-08-17 19:10:36
PROP1551,OWN1281,5 BHK Independent House in Ghaziabad Indirapuram,Ghaziabad Indirapuram,Delhi NCR,INDEPENDENT_HOUSE,SALE,5,2950,44149992,False,5.07,FULL_FLAT,ANY,False,NONE,"Spacious 5 BHK Independent House Available for Sale in Ghaziabad Indirapuram. Covered area is 2950 sq.ft. Listed price is ₹44,149,992. Proximity to metro: 5.07 km.",2026-03-30 06:46:12
PROP1552,OWN1289,3 BHK Independent House in Greater Noida Pari Chowk,Greater Noida Pari Chowk,Delhi NCR,INDEPENDENT_HOUSE,RENT,3,1614,75131,False,3.83,FULL_FLAT,ANY,False,NONE,"Spacious 3 BHK Independent House Available for Rent in Greater Noida Pari Chowk. Covered area is 1614 sq.ft. Listed price is ₹75,131. Proximity to metro: 3.83 km.",2026-03-07 03:15:58
PROP1553,OWN1046,3 BHK Builder Floor in Ghaziabad Indirapuram,Ghaziabad Indirapuram,Delhi NCR,BUILDER_FLOOR,SALE,3,1737,24872433,True,0.2,FULL_FLAT,ANY,False,NONE,"Spacious 3 BHK Builder Floor Available for Sale in Ghaziabad Indirapuram. Covered area is 1737 sq.ft. Listed price is ₹24,872,433. Proximity to metro: 0.2 km.",2025-08-27 06:15:08
PROP1554,OWN1070,1 BHK Independent House in Noida Sector 150,Noida Sector 150,Delhi NCR,INDEPENDENT_HOUSE,SALE,1,751,36515429,True,0.22,FULL_FLAT,ANY,False,NONE,"Spacious 1 BHK Independent House Available for Sale in Noida Sector 150. Covered area is 751 sq.ft. Listed price is ₹36,515,429. Proximity to metro: 0.22 km.",2026-04-29 04:23:31
PROP1555,OWN1221,3 BHK Apartment in Gurgaon Sector 45,Gurgaon Sector 45,Delhi NCR,APARTMENT,RENT,3,1494,65967,False,4.96,FULL_FLAT,ANY,False,NONE,"Spacious 3 BHK Apartment Available for Rent in Gurgaon Sector 45. Covered area is 1494 sq.ft. Listed price is ₹65,967. Proximity to metro: 4.96 km.",2026-05-27 14:28:35
PROP1556,OWN1128,4 BHK Independent House in Janakpuri,Janakpuri,Delhi NCR,INDEPENDENT_HOUSE,RENT,4,2184,40913,True,0.38,FULL_FLAT,ANY,False,NONE,"Spacious 4 BHK Independent House Available for Rent in Janakpuri. Covered area is 2184 sq.ft. Listed price is ₹40,913. Proximity to metro: 0.38 km.",2026-02-25 08:04:26
PROP1557,OWN1123,3 BHK Independent House in Faridabad Neharpar,Faridabad Neharpar,Delhi NCR,INDEPENDENT_HOUSE,RENT,3,1566,81722,True,1.15,FULL_FLAT,ANY,False,NONE,"Spacious 3 BHK Independent House Available for Rent in Faridabad Neharpar. Covered area is 1566 sq.ft. Listed price is ₹81,722. Proximity to metro: 1.15 km.",2025-09-03 06:08:58
PROP1558,OWN1036,4 BHK Apartment in Lajpat Nagar,Lajpat Nagar,Delhi NCR,APARTMENT,SALE,4,2924,22762612,False,5.96,FULL_FLAT,ANY,False,NONE,"Spacious 4 BHK Apartment Available for Sale in Lajpat Nagar. Covered area is 2924 sq.ft. Listed price is ₹22,762,612. Proximity to metro: 5.96 km.",2026-07-15 09:09:12
PROP1559,OWN1097,5 BHK Apartment in DLF Phase 5,DLF Phase 5,Delhi NCR,APARTMENT,SALE,5,2555,16978060,True,0.85,FULL_FLAT,ANY,False,NONE,"Spacious 5 BHK Apartment Available for Sale in DLF Phase 5. Covered area is 2555 sq.ft. Listed price is ₹16,978,060. Proximity to metro: 0.85 km.",2026-05-02 21:24:13
PROP1560,OWN1065,1 BHK Apartment in Ghaziabad Indirapuram,Ghaziabad Indirapuram,Delhi NCR,APARTMENT,RENT,1,488,13930,True,0.7,FULL_FLAT,ANY,False,NONE,"Spacious 1 BHK Apartment Available for Rent in Ghaziabad Indirapuram. Covered area is 488 sq.ft. Listed price is ₹13,930. Proximity to metro: 0.7 km.",2025-11-24 20:30:53
PROP1561,OWN1216,3 BHK Builder Floor in Sohna Road Gurgaon,Sohna Road Gurgaon,Delhi NCR,BUILDER_FLOOR,RENT,3,1704,16159,True,0.38,FULL_FLAT,ANY,False,NONE,"Spacious 3 BHK Builder Floor Available for Rent in Sohna Road Gurgaon. Covered area is 1704 sq.ft. Listed price is ₹16,159. Proximity to metro: 0.38 km.",2025-12-24 12:04:07
PROP1562,OWN1075,1 BHK Builder Floor in West Delhi,West Delhi,Delhi NCR,BUILDER_FLOOR,SALE,1,778,36051016,True,0.64,FULL_FLAT,ANY,False,NONE,"Spacious 1 BHK Builder Floor Available for Sale in West Delhi. Covered area is 778 sq.ft. Listed price is ₹36,051,016. Proximity to metro: 0.64 km.",2025-12-03 09:20:43
PROP1563,OWN1129,1 BHK Pg in Noida Sector 18,Noida Sector 18,Delhi NCR,PG,PG,1,151,15157,True,1.26,DOUBLE_SHARING,FEMALE,True,VEG,"Well-maintained double sharing PG for females located at Noida Sector 18. Monthly rent is ₹15,157. Food is included (veg). Nearest metro station is 1.26 km away.",2026-01-21 20:08:27
PROP1564,OWN1049,4 BHK Apartment in Faridabad Neharpar,Faridabad Neharpar,Delhi NCR,APARTMENT,RENT,4,2196,52908,True,0.56,FULL_FLAT,ANY,False,NONE,"Spacious 4 BHK Apartment Available for Rent in Faridabad Neharpar. Covered area is 2196 sq.ft. Listed price is ₹52,908. Proximity to metro: 0.56 km.",2025-11-22 16:09:38
PROP1565,OWN1022,3 BHK Builder Floor in Faridabad Neharpar,Faridabad Neharpar,Delhi NCR,BUILDER_FLOOR,SALE,3,1803,28687823,True,2.19,FULL_FLAT,ANY,False,NONE,"Spacious 3 BHK Builder Floor Available for Sale in Faridabad Neharpar. Covered area is 1803 sq.ft. Listed price is ₹28,687,823. Proximity to metro: 2.19 km.",2026-05-27 08:11:09
PROP1566,OWN1112,3 BHK Builder Floor in Saket,Saket,Delhi NCR,BUILDER_FLOOR,SALE,3,1521,15731363,True,1.54,FULL_FLAT,ANY,False,NONE,"Spacious 3 BHK Builder Floor Available for Sale in Saket. Covered area is 1521 sq.ft. Listed price is ₹15,731,363. Proximity to metro: 1.54 km.",2026-05-17 09:21:55
PROP1567,OWN1203,5 BHK Apartment in Gurgaon Golf Course Road,Gurgaon Golf Course Road,Delhi NCR,APARTMENT,SALE,5,3715,44511129,True,1.05,FULL_FLAT,ANY,False,NONE,"Spacious 5 BHK Apartment Available for Sale in Gurgaon Golf Course Road. Covered area is 3715 sq.ft. Listed price is ₹44,511,129. Proximity to metro: 1.05 km.",2025-08-28 14:08:18
PROP1568,OWN1046,5 BHK Apartment in Gurgaon Golf Course Road,Gurgaon Golf Course Road,Delhi NCR,APARTMENT,SALE,5,3365,8530044,True,1.02,FULL_FLAT,ANY,False,NONE,"Spacious 5 BHK Apartment Available for Sale in Gurgaon Golf Course Road. Covered area is 3365 sq.ft. Listed price is ₹8,530,044. Proximity to metro: 1.02 km.",2026-07-06 23:02:35
PROP1569,OWN1079,3 BHK Apartment in Vasant Kunj,Vasant Kunj,Delhi NCR,APARTMENT,SALE,3,2355,27808098,True,1.89,FULL_FLAT,ANY,False,NONE,"Spacious 3 BHK Apartment Available for Sale in Vasant Kunj. Covered area is 2355 sq.ft. Listed price is ₹27,808,098. Proximity to metro: 1.89 km.",2026-03-10 04:23:47
PROP1570,OWN1011,3 BHK Apartment in Noida Sector 18,Noida Sector 18,Delhi NCR,APARTMENT,SALE,3,1560,37068074,False,4.96,FULL_FLAT,ANY,False,NONE,"Spacious 3 BHK Apartment Available for Sale in Noida Sector 18. Covered area is 1560 sq.ft. Listed price is ₹37,068,074. Proximity to metro: 4.96 km.",2026-05-19 17:15:33
PROP1571,OWN1151,5 BHK Apartment in Faridabad Sector 15,Faridabad Sector 15,Delhi NCR,APARTMENT,SALE,5,3390,26221855,False,5.13,FULL_FLAT,ANY,False,NONE,"Spacious 5 BHK Apartment Available for Sale in Faridabad Sector 15. Covered area is 3390 sq.ft. Listed price is ₹26,221,855. Proximity to metro: 5.13 km.",2026-04-05 09:06:28
PROP1572,OWN1284,4 BHK Apartment in Janakpuri,Janakpuri,Delhi NCR,APARTMENT,SALE,4,2604,22173070,False,4.58,FULL_FLAT,ANY,False,NONE,"Spacious 4 BHK Apartment Available for Sale in Janakpuri. Covered area is 2604 sq.ft. Listed price is ₹22,173,070. Proximity to metro: 4.58 km.",2025-12-27 02:23:08
PROP1573,OWN1001,1 BHK Apartment in Faridabad Sector 81,Faridabad Sector 81,Delhi NCR,APARTMENT,SALE,1,686,20524694,True,1.86,FULL_FLAT,ANY,False,NONE,"Spacious 1 BHK Apartment Available for Sale in Faridabad Sector 81. Covered area is 686 sq.ft. Listed price is ₹20,524,694. Proximity to metro: 1.86 km.",2026-04-15 01:17:00
PROP1574,OWN1276,4 BHK Independent House in Noida Sector 18,Noida Sector 18,Delhi NCR,INDEPENDENT_HOUSE,SALE,4,3128,14843590,False,4.13,FULL_FLAT,ANY,False,NONE,"Spacious 4 BHK Independent House Available for Sale in Noida Sector 18. Covered area is 3128 sq.ft. Listed price is ₹14,843,590. Proximity to metro: 4.13 km.",2026-07-08 16:07:15
PROP1575,OWN1210,1 BHK Independent House in DLF Phase 5,DLF Phase 5,Delhi NCR,INDEPENDENT_HOUSE,SALE,1,522,13209003,True,2.21,FULL_FLAT,ANY,False,NONE,"Spacious 1 BHK Independent House Available for Sale in DLF Phase 5. Covered area is 522 sq.ft. Listed price is ₹13,209,003. Proximity to metro: 2.21 km.",2025-10-27 16:29:14
PROP1576,OWN1104,1 BHK Apartment in Vasant Kunj,Vasant Kunj,Delhi NCR,APARTMENT,RENT,1,596,62934,False,5.25,FULL_FLAT,ANY,False,NONE,"Spacious 1 BHK Apartment Available for Rent in Vasant Kunj. Covered area is 596 sq.ft. Listed price is ₹62,934. Proximity to metro: 5.25 km.",2026-05-12 05:29:25
PROP1577,OWN1132,1 BHK Independent House in West Delhi,West Delhi,Delhi NCR,INDEPENDENT_HOUSE,SALE,1,506,18508176,False,5.25,FULL_FLAT,ANY,False,NONE,"Spacious 1 BHK Independent House Available for Sale in West Delhi. Covered area is 506 sq.ft. Listed price is ₹18,508,176. Proximity to metro: 5.25 km.",2026-02-02 14:30:16
PROP1578,OWN1041,1 BHK Pg in Ghaziabad Vasundhara,Ghaziabad Vasundhara,Delhi NCR,PG,PG,1,135,18826,True,2.03,TRIPLE_SHARING,UNISEX,False,NONE,"Well-maintained triple sharing PG for unisexs located at Ghaziabad Vasundhara. Monthly rent is ₹18,826. Food is not included. Nearest metro station is 2.03 km away.",2026-01-13 15:13:59
PROP1579,OWN1030,1 BHK Independent House in Golf Course Extension Road,Golf Course Extension Road,Delhi NCR,INDEPENDENT_HOUSE,RENT,1,527,22215,True,2.41,FULL_FLAT,ANY,False,NONE,"Spacious 1 BHK Independent House Available for Rent in Golf Course Extension Road. Covered area is 527 sq.ft. Listed price is ₹22,215. Proximity to metro: 2.41 km.",2025-12-27 03:09:05
PROP1580,OWN1050,4 BHK Independent House in Vasant Kunj,Vasant Kunj,Delhi NCR,INDEPENDENT_HOUSE,RENT,4,1992,37312,False,6.15,FULL_FLAT,ANY,False,NONE,"Spacious 4 BHK Independent House Available for Rent in Vasant Kunj. Covered area is 1992 sq.ft. Listed price is ₹37,312. Proximity to metro: 6.15 km.",2026-04-14 01:00:37
PROP1581,OWN1292,4 BHK Independent House in Lajpat Nagar,Lajpat Nagar,Delhi NCR,INDEPENDENT_HOUSE,RENT,4,2564,25829,False,5.71,FULL_FLAT,ANY,False,NONE,"Spacious 4 BHK Independent House Available for Rent in Lajpat Nagar. Covered area is 2564 sq.ft. Listed price is ₹25,829. Proximity to metro: 5.71 km.",2025-10-27 01:42:03
PROP1582,OWN1235,1 BHK Pg in Greater Noida Pari Chowk,Greater Noida Pari Chowk,Delhi NCR,PG,PG,1,162,12911,False,3.45,TRIPLE_SHARING,FEMALE,False,NONE,"Well-maintained triple sharing PG for females located at Greater Noida Pari Chowk. Monthly rent is ₹12,911. Food is not included. Nearest metro station is 3.45 km away.",2026-05-28 02:55:23
PROP1583,OWN1227,1 BHK Pg in Noida Sector 150,Noida Sector 150,Delhi NCR,PG,PG,1,260,17638,False,4.35,DOUBLE_SHARING,FEMALE,False,NONE,"Well-maintained double sharing PG for females located at Noida Sector 150. Monthly rent is ₹17,638. Food is not included. Nearest metro station is 4.35 km away.",2026-05-20 10:59:55
PROP1584,OWN1124,3 BHK Independent House in Preet Vihar,Preet Vihar,Delhi NCR,INDEPENDENT_HOUSE,SALE,3,2052,34860283,True,2.41,FULL_FLAT,ANY,False,NONE,"Spacious 3 BHK Independent House Available for Sale in Preet Vihar. Covered area is 2052 sq.ft. Listed price is ₹34,860,283. Proximity to metro: 2.41 km.",2025-08-21 16:40:34
PROP1585,OWN1001,1 BHK Pg in East Delhi,East Delhi,Delhi NCR,PG,PG,1,272,7534,True,0.89,TRIPLE_SHARING,MALE,False,NONE,"Well-maintained triple sharing PG for males located at East Delhi. Monthly rent is ₹7,534. Food is not included. Nearest metro station is 0.89 km away.",2026-06-08 01:10:38
PROP1586,OWN1114,1 BHK Pg in Preet Vihar,Preet Vihar,Delhi NCR,PG,PG,1,125,16042,True,1.26,TRIPLE_SHARING,UNISEX,True,VEG,"Well-maintained triple sharing PG for unisexs located at Preet Vihar. Monthly rent is ₹16,042. Food is included (veg). Nearest metro station is 1.26 km away.",2025-10-18 02:39:30
PROP1587,OWN1080,2 BHK Independent House in Hauz Khas,Hauz Khas,Delhi NCR,INDEPENDENT_HOUSE,SALE,2,1238,21696232,True,0.41,FULL_FLAT,ANY,False,NONE,"Spacious 2 BHK Independent House Available for Sale in Hauz Khas. Covered area is 1238 sq.ft. Listed price is ₹21,696,232. Proximity to metro: 0.41 km.",2026-01-06 18:31:58
PROP1588,OWN1205,3 BHK Independent House in Preet Vihar,Preet Vihar,Delhi NCR,INDEPENDENT_HOUSE,RENT,3,1719,34662,True,2.1,FULL_FLAT,ANY,False,NONE,"Spacious 3 BHK Independent House Available for Rent in Preet Vihar. Covered area is 1719 sq.ft. Listed price is ₹34,662. Proximity to metro: 2.1 km.",2026-02-28 23:01:52
PROP1589,OWN1296,1 BHK Builder Floor in Vasant Kunj,Vasant Kunj,Delhi NCR,BUILDER_FLOOR,RENT,1,637,62010,True,1.99,FULL_FLAT,ANY,False,NONE,"Spacious 1 BHK Builder Floor Available for Rent in Vasant Kunj. Covered area is 637 sq.ft. Listed price is ₹62,010. Proximity to metro: 1.99 km.",2025-12-06 11:08:21
PROP1590,OWN1172,1 BHK Pg in Noida Sector 150,Noida Sector 150,Delhi NCR,PG,PG,1,231,20648,True,0.9,SINGLE,MALE,True,BOTH,"Well-maintained single PG for males located at Noida Sector 150. Monthly rent is ₹20,648. Food is included (both). Nearest metro station is 0.9 km away.",2025-07-31 12:35:14
PROP1591,OWN1022,3 BHK Apartment in DLF Phase 5,DLF Phase 5,Delhi NCR,APARTMENT,RENT,3,1734,40940,True,0.32,FULL_FLAT,ANY,False,NONE,"Spacious 3 BHK Apartment Available for Rent in DLF Phase 5. Covered area is 1734 sq.ft. Listed price is ₹40,940. Proximity to metro: 0.32 km.",2026-05-27 20:15:30
PROP1592,OWN1202,1 BHK Independent House in Ghaziabad Indirapuram,Ghaziabad Indirapuram,Delhi NCR,INDEPENDENT_HOUSE,RENT,1,506,68614,True,2.01,FULL_FLAT,ANY,False,NONE,"Spacious 1 BHK Independent House Available for Rent in Ghaziabad Indirapuram. Covered area is 506 sq.ft. Listed price is ₹68,614. Proximity to metro: 2.01 km.",2025-09-25 10:58:28
PROP1593,OWN1076,5 BHK Builder Floor in Hauz Khas,Hauz Khas,Delhi NCR,BUILDER_FLOOR,SALE,5,2625,41285885,True,0.8,FULL_FLAT,ANY,False,NONE,"Spacious 5 BHK Builder Floor Available for Sale in Hauz Khas. Covered area is 2625 sq.ft. Listed price is ₹41,285,885. Proximity to metro: 0.8 km.",2025-10-06 12:24:06
PROP1594,OWN1205,2 BHK Independent House in Faridabad Sector 81,Faridabad Sector 81,Delhi NCR,INDEPENDENT_HOUSE,RENT,2,1290,29677,True,1.49,FULL_FLAT,ANY,False,NONE,"Spacious 2 BHK Independent House Available for Rent in Faridabad Sector 81. Covered area is 1290 sq.ft. Listed price is ₹29,677. Proximity to metro: 1.49 km.",2026-05-08 10:37:01
PROP1595,OWN1250,2 BHK Apartment in Noida Sector 76,Noida Sector 76,Delhi NCR,APARTMENT,RENT,2,1024,21390,True,1.99,FULL_FLAT,ANY,False,NONE,"Spacious 2 BHK Apartment Available for Rent in Noida Sector 76. Covered area is 1024 sq.ft. Listed price is ₹21,390. Proximity to metro: 1.99 km.",2025-11-22 08:20:19
PROP1596,OWN1166,4 BHK Builder Floor in Dwarka Sector 21,Dwarka Sector 21,Delhi NCR,BUILDER_FLOOR,SALE,4,2748,27874544,True,0.94,FULL_FLAT,ANY,False,NONE,"Spacious 4 BHK Builder Floor Available for Sale in Dwarka Sector 21. Covered area is 2748 sq.ft. Listed price is ₹27,874,544. Proximity to metro: 0.94 km.",2026-06-07 13:41:01
PROP1597,OWN1013,5 BHK Builder Floor in Sohna Road Gurgaon,Sohna Road Gurgaon,Delhi NCR,BUILDER_FLOOR,SALE,5,3630,14285712,True,0.3,FULL_FLAT,ANY,False,NONE,"Spacious 5 BHK Builder Floor Available for Sale in Sohna Road Gurgaon. Covered area is 3630 sq.ft. Listed price is ₹14,285,712. Proximity to metro: 0.3 km.",2026-04-03 03:25:06
PROP1598,OWN1120,1 BHK Apartment in Pitampura,Pitampura,Delhi NCR,APARTMENT,RENT,1,478,19148,True,2.38,FULL_FLAT,ANY,False,NONE,"Spacious 1 BHK Apartment Available for Rent in Pitampura. Covered area is 478 sq.ft. Listed price is ₹19,148. Proximity to metro: 2.38 km.",2025-10-29 22:42:50
PROP1599,OWN1076,1 BHK Independent House in Gurgaon Sector 45,Gurgaon Sector 45,Delhi NCR,INDEPENDENT_HOUSE,SALE,1,656,34703120,True,0.25,FULL_FLAT,ANY,False,NONE,"Spacious 1 BHK Independent House Available for Sale in Gurgaon Sector 45. Covered area is 656 sq.ft. Listed price is ₹34,703,120. Proximity to metro: 0.25 km.",2025-07-24 17:59:32
PROP1600,OWN1108,3 BHK Independent House in Preet Vihar,Preet Vihar,Delhi NCR,INDEPENDENT_HOUSE,SALE,3,2340,36915348,False,6.54,FULL_FLAT,ANY,False,NONE,"Spacious 3 BHK Independent House Available for Sale in Preet Vihar. Covered area is 2340 sq.ft. Listed price is ₹36,915,348. Proximity to metro: 6.54 km.",2026-07-02 07:29:56
PROP1601,OWN1073,5 BHK Independent House in North Delhi,North Delhi,Delhi NCR,INDEPENDENT_HOUSE,SALE,5,2610,21643385,True,0.34,FULL_FLAT,ANY,False,NONE,"Spacious 5 BHK Independent House Available for Sale in North Delhi. Covered area is 2610 sq.ft. Listed price is ₹21,643,385. Proximity to metro: 0.34 km.",2025-08-21 07:28:21
PROP1602,OWN1103,1 BHK Independent House in Golf Course Extension Road,Golf Course Extension Road,Delhi NCR,INDEPENDENT_HOUSE,SALE,1,534,30581534,False,4.07,FULL_FLAT,ANY,False,NONE,"Spacious 1 BHK Independent House Available for Sale in Golf Course Extension Road. Covered area is 534 sq.ft. Listed price is ₹30,581,534. Proximity to metro: 4.07 km.",2026-04-10 01:00:42
PROP1603,OWN1185,4 BHK Independent House in Vasant Kunj,Vasant Kunj,Delhi NCR,INDEPENDENT_HOUSE,SALE,4,2472,30048425,False,7.87,FULL_FLAT,ANY,False,NONE,"Spacious 4 BHK Independent House Available for Sale in Vasant Kunj. Covered area is 2472 sq.ft. Listed price is ₹30,048,425. Proximity to metro: 7.87 km.",2026-01-15 11:45:58
PROP1604,OWN1051,1 BHK Independent House in DLF Phase 5,DLF Phase 5,Delhi NCR,INDEPENDENT_HOUSE,RENT,1,497,38066,False,7.82,FULL_FLAT,ANY,False,NONE,"Spacious 1 BHK Independent House Available for Rent in DLF Phase 5. Covered area is 497 sq.ft. Listed price is ₹38,066. Proximity to metro: 7.82 km.",2026-04-23 22:53:57
PROP1605,OWN1288,3 BHK Independent House in North Delhi,North Delhi,Delhi NCR,INDEPENDENT_HOUSE,SALE,3,2010,37378836,True,1.91,FULL_FLAT,ANY,False,NONE,"Spacious 3 BHK Independent House Available for Sale in North Delhi. Covered area is 2010 sq.ft. Listed price is ₹37,378,836. Proximity to metro: 1.91 km.",2026-03-30 06:43:32
PROP1606,OWN1010,3 BHK Builder Floor in Noida Sector 150,Noida Sector 150,Delhi NCR,BUILDER_FLOOR,RENT,3,1530,77700,True,2.07,FULL_FLAT,ANY,False,NONE,"Spacious 3 BHK Builder Floor Available for Rent in Noida Sector 150. Covered area is 1530 sq.ft. Listed price is ₹77,700. Proximity to metro: 2.07 km.",2026-03-13 22:50:23
PROP1607,OWN1132,1 BHK Pg in Noida Sector 18,Noida Sector 18,Delhi NCR,PG,PG,1,328,7965,True,2.26,TRIPLE_SHARING,FEMALE,True,VEG,"Well-maintained triple sharing PG for females located at Noida Sector 18. Monthly rent is ₹7,965. Food is included (veg). Nearest metro station is 2.26 km away.",2026-01-16 07:25:55
PROP1608,OWN1071,2 BHK Independent House in Dwarka Sector 21,Dwarka Sector 21,Delhi NCR,INDEPENDENT_HOUSE,RENT,2,1112,43504,False,3.42,FULL_FLAT,ANY,False,NONE,"Spacious 2 BHK Independent House Available for Rent in Dwarka Sector 21. Covered area is 1112 sq.ft. Listed price is ₹43,504. Proximity to metro: 3.42 km.",2026-05-06 15:40:09
PROP1609,OWN1160,2 BHK Apartment in Noida Sector 62,Noida Sector 62,Delhi NCR,APARTMENT,RENT,2,1234,30163,False,5.52,FULL_FLAT,ANY,False,NONE,"Spacious 2 BHK Apartment Available for Rent in Noida Sector 62. Covered area is 1234 sq.ft. Listed price is ₹30,163. Proximity to metro: 5.52 km.",2025-08-24 00:41:36
PROP1610,OWN1104,5 BHK Independent House in Hauz Khas,Hauz Khas,Delhi NCR,INDEPENDENT_HOUSE,SALE,5,2845,33361126,True,1.71,FULL_FLAT,ANY,False,NONE,"Spacious 5 BHK Independent House Available for Sale in Hauz Khas. Covered area is 2845 sq.ft. Listed price is ₹33,361,126. Proximity to metro: 1.71 km.",2025-10-09 23:28:15
PROP1611,OWN1290,5 BHK Independent House in Janakpuri,Janakpuri,Delhi NCR,INDEPENDENT_HOUSE,SALE,5,2800,16857105,True,2.13,FULL_FLAT,ANY,False,NONE,"Spacious 5 BHK Independent House Available for Sale in Janakpuri. Covered area is 2800 sq.ft. Listed price is ₹16,857,105. Proximity to metro: 2.13 km.",2026-03-30 17:03:00
PROP1612,OWN1075,4 BHK Builder Floor in North Delhi,North Delhi,Delhi NCR,BUILDER_FLOOR,RENT,4,2108,70065,False,7.64,FULL_FLAT,ANY,False,NONE,"Spacious 4 BHK Builder Floor Available for Rent in North Delhi. Covered area is 2108 sq.ft. Listed price is ₹70,065. Proximity to metro: 7.64 km.",2025-11-09 21:08:18
PROP1613,OWN1141,2 BHK Apartment in Rohini Sector 10,Rohini Sector 10,Delhi NCR,APARTMENT,RENT,2,994,15433,False,5.93,FULL_FLAT,ANY,False,NONE,"Spacious 2 BHK Apartment Available for Rent in Rohini Sector 10. Covered area is 994 sq.ft. Listed price is ₹15,433. Proximity to metro: 5.93 km.",2026-02-18 10:47:12
PROP1614,OWN1291,1 BHK Apartment in Gurgaon Sector 56,Gurgaon Sector 56,Delhi NCR,APARTMENT,RENT,1,541,22417,False,6.81,FULL_FLAT,ANY,False,NONE,"Spacious 1 BHK Apartment Available for Rent in Gurgaon Sector 56. Covered area is 541 sq.ft. Listed price is ₹22,417. Proximity to metro: 6.81 km.",2026-01-09 21:29:52
PROP1615,OWN1069,1 BHK Pg in Faridabad Sector 81,Faridabad Sector 81,Delhi NCR,PG,PG,1,240,19253,True,0.52,SINGLE,FEMALE,False,NONE,"Well-maintained single PG for females located at Faridabad Sector 81. Monthly rent is ₹19,253. Food is not included. Nearest metro station is 0.52 km away.",2026-01-30 22:56:39
PROP1616,OWN1099,3 BHK Apartment in Gurgaon Sector 56,Gurgaon Sector 56,Delhi NCR,APARTMENT,SALE,3,2133,19435360,False,6.23,FULL_FLAT,ANY,False,NONE,"Spacious 3 BHK Apartment Available for Sale in Gurgaon Sector 56. Covered area is 2133 sq.ft. Listed price is ₹19,435,360. Proximity to metro: 6.23 km.",2025-12-23 10:52:27
PROP1617,OWN1104,5 BHK Builder Floor in Preet Vihar,Preet Vihar,Delhi NCR,BUILDER_FLOOR,SALE,5,3750,26303376,True,2.24,FULL_FLAT,ANY,False,NONE,"Spacious 5 BHK Builder Floor Available for Sale in Preet Vihar. Covered area is 3750 sq.ft. Listed price is ₹26,303,376. Proximity to metro: 2.24 km.",2026-04-19 11:42:03
PROP1618,OWN1219,4 BHK Independent House in Noida Sector 76,Noida Sector 76,Delhi NCR,INDEPENDENT_HOUSE,RENT,4,2536,53012,True,1.61,FULL_FLAT,ANY,False,NONE,"Spacious 4 BHK Independent House Available for Rent in Noida Sector 76. Covered area is 2536 sq.ft. Listed price is ₹53,012. Proximity to metro: 1.61 km.",2025-11-18 20:38:49
PROP1619,OWN1293,1 BHK Independent House in Faridabad Neharpar,Faridabad Neharpar,Delhi NCR,INDEPENDENT_HOUSE,RENT,1,583,26328,True,1.25,FULL_FLAT,ANY,False,NONE,"Spacious 1 BHK Independent House Available for Rent in Faridabad Neharpar. Covered area is 583 sq.ft. Listed price is ₹26,328. Proximity to metro: 1.25 km.",2026-04-03 18:04:03
PROP1620,OWN1022,1 BHK Builder Floor in Gurgaon Golf Course Road,Gurgaon Golf Course Road,Delhi NCR,BUILDER_FLOOR,RENT,1,592,62777,False,6.73,FULL_FLAT,ANY,False,NONE,"Spacious 1 BHK Builder Floor Available for Rent in Gurgaon Golf Course Road. Covered area is 592 sq.ft. Listed price is ₹62,777. Proximity to metro: 6.73 km.",2025-10-27 23:47:54
PROP1621,OWN1026,3 BHK Builder Floor in Pitampura,Pitampura,Delhi NCR,BUILDER_FLOOR,SALE,3,1938,35460484,True,1.17,FULL_FLAT,ANY,False,NONE,"Spacious 3 BHK Builder Floor Available for Sale in Pitampura. Covered area is 1938 sq.ft. Listed price is ₹35,460,484. Proximity to metro: 1.17 km.",2025-10-20 20:45:15
PROP1622,OWN1028,1 BHK Pg in Faridabad Neharpar,Faridabad Neharpar,Delhi NCR,PG,PG,1,238,21801,False,7.66,SINGLE,UNISEX,True,VEG,"Well-maintained single PG for unisexs located at Faridabad Neharpar. Monthly rent is ₹21,801. Food is included (veg). Nearest metro station is 7.66 km away.",2025-09-03 02:39:01
PROP1623,OWN1280,4 BHK Builder Floor in Hauz Khas,Hauz Khas,Delhi NCR,BUILDER_FLOOR,SALE,4,2048,16504338,True,1.56,FULL_FLAT,ANY,False,NONE,"Spacious 4 BHK Builder Floor Available for Sale in Hauz Khas. Covered area is 2048 sq.ft. Listed price is ₹16,504,338. Proximity to metro: 1.56 km.",2025-09-29 09:09:27
PROP1624,OWN1104,2 BHK Builder Floor in Ghaziabad Vasundhara,Ghaziabad Vasundhara,Delhi NCR,BUILDER_FLOOR,SALE,2,1126,10619740,True,1.82,FULL_FLAT,ANY,False,NONE,"Spacious 2 BHK Builder Floor Available for Sale in Ghaziabad Vasundhara. Covered area is 1126 sq.ft. Listed price is ₹10,619,740. Proximity to metro: 1.82 km.",2025-09-02 16:59:53
PROP1625,OWN1186,2 BHK Builder Floor in Dwarka Sector 21,Dwarka Sector 21,Delhi NCR,BUILDER_FLOOR,RENT,2,1092,84134,True,0.3,FULL_FLAT,ANY,False,NONE,"Spacious 2 BHK Builder Floor Available for Rent in Dwarka Sector 21. Covered area is 1092 sq.ft. Listed price is ₹84,134. Proximity to metro: 0.3 km.",2026-02-01 18:15:53
PROP1626,OWN1088,2 BHK Independent House in Noida Sector 62,Noida Sector 62,Delhi NCR,INDEPENDENT_HOUSE,RENT,2,982,30953,True,1.97,FULL_FLAT,ANY,False,NONE,"Spacious 2 BHK Independent House Available for Rent in Noida Sector 62. Covered area is 982 sq.ft. Listed price is ₹30,953. Proximity to metro: 1.97 km.",2026-04-25 10:10:52
PROP1627,OWN1027,4 BHK Independent House in Greater Noida,Greater Noida,Delhi NCR,INDEPENDENT_HOUSE,SALE,4,2588,16626305,True,2.27,FULL_FLAT,ANY,False,NONE,"Spacious 4 BHK Independent House Available for Sale in Greater Noida. Covered area is 2588 sq.ft. Listed price is ₹16,626,305. Proximity to metro: 2.27 km.",2025-09-26 15:59:20
PROP1628,OWN1104,1 BHK Builder Floor in South Delhi,South Delhi,Delhi NCR,BUILDER_FLOOR,RENT,1,567,77225,True,1.45,FULL_FLAT,ANY,False,NONE,"Spacious 1 BHK Builder Floor Available for Rent in South Delhi. Covered area is 567 sq.ft. Listed price is ₹77,225. Proximity to metro: 1.45 km.",2025-10-08 01:47:08
PROP1629,OWN1003,4 BHK Independent House in Faridabad Sector 15,Faridabad Sector 15,Delhi NCR,INDEPENDENT_HOUSE,SALE,4,2928,32024792,True,0.38,FULL_FLAT,ANY,False,NONE,"Spacious 4 BHK Independent House Available for Sale in Faridabad Sector 15. Covered area is 2928 sq.ft. Listed price is ₹32,024,792. Proximity to metro: 0.38 km.",2026-01-13 21:22:42
PROP1630,OWN1004,1 BHK Pg in Gurgaon Golf Course Road,Gurgaon Golf Course Road,Delhi NCR,PG,PG,1,191,13803,False,4.48,SINGLE,MALE,True,VEG,"Well-maintained single PG for males located at Gurgaon Golf Course Road. Monthly rent is ₹13,803. Food is included (veg). Nearest metro station is 4.48 km away.",2026-04-11 16:32:53
PROP1631,OWN1075,3 BHK Independent House in East Delhi,East Delhi,Delhi NCR,INDEPENDENT_HOUSE,RENT,3,1602,23495,True,0.45,FULL_FLAT,ANY,False,NONE,"Spacious 3 BHK Independent House Available for Rent in East Delhi. Covered area is 1602 sq.ft. Listed price is ₹23,495. Proximity to metro: 0.45 km.",2026-07-12 17:42:45
PROP1632,OWN1092,2 BHK Independent House in Janakpuri,Janakpuri,Delhi NCR,INDEPENDENT_HOUSE,RENT,2,1132,59210,True,0.41,FULL_FLAT,ANY,False,NONE,"Spacious 2 BHK Independent House Available for Rent in Janakpuri. Covered area is 1132 sq.ft. Listed price is ₹59,210. Proximity to metro: 0.41 km.",2026-01-28 15:51:03
PROP1633,OWN1154,1 BHK Builder Floor in DLF Phase 5,DLF Phase 5,Delhi NCR,BUILDER_FLOOR,SALE,1,718,41441489,True,0.87,FULL_FLAT,ANY,False,NONE,"Spacious 1 BHK Builder Floor Available for Sale in DLF Phase 5. Covered area is 718 sq.ft. Listed price is ₹41,441,489. Proximity to metro: 0.87 km.",2025-11-01 09:42:31
PROP1634,OWN1069,3 BHK Builder Floor in Saket,Saket,Delhi NCR,BUILDER_FLOOR,RENT,3,1752,66232,False,3.73,FULL_FLAT,ANY,False,NONE,"Spacious 3 BHK Builder Floor Available for Rent in Saket. Covered area is 1752 sq.ft. Listed price is ₹66,232. Proximity to metro: 3.73 km.",2025-08-26 18:11:51
PROP1635,OWN1108,5 BHK Independent House in West Delhi,West Delhi,Delhi NCR,INDEPENDENT_HOUSE,SALE,5,2720,36958073,False,6.32,FULL_FLAT,ANY,False,NONE,"Spacious 5 BHK Independent House Available for Sale in West Delhi. Covered area is 2720 sq.ft. Listed price is ₹36,958,073. Proximity to metro: 6.32 km.",2025-09-29 22:35:53
PROP1636,OWN1148,3 BHK Builder Floor in Greater Noida Pari Chowk,Greater Noida Pari Chowk,Delhi NCR,BUILDER_FLOOR,RENT,3,1752,58380,True,1.61,FULL_FLAT,ANY,False,NONE,"Spacious 3 BHK Builder Floor Available for Rent in Greater Noida Pari Chowk. Covered area is 1752 sq.ft. Listed price is ₹58,380. Proximity to metro: 1.61 km.",2025-10-12 03:04:22
PROP1637,OWN1255,4 BHK Builder Floor in Faridabad Neharpar,Faridabad Neharpar,Delhi NCR,BUILDER_FLOOR,RENT,4,1984,42503,False,4.17,FULL_FLAT,ANY,False,NONE,"Spacious 4 BHK Builder Floor Available for Rent in Faridabad Neharpar. Covered area is 1984 sq.ft. Listed price is ₹42,503. Proximity to metro: 4.17 km.",2025-09-24 13:57:05
PROP1638,OWN1100,1 BHK Builder Floor in South Delhi,South Delhi,Delhi NCR,BUILDER_FLOOR,SALE,1,606,32325488,True,0.3,FULL_FLAT,ANY,False,NONE,"Spacious 1 BHK Builder Floor Available for Sale in South Delhi. Covered area is 606 sq.ft. Listed price is ₹32,325,488. Proximity to metro: 0.3 km.",2025-07-26 05:01:52
PROP1639,OWN1180,3 BHK Apartment in Preet Vihar,Preet Vihar,Delhi NCR,APARTMENT,SALE,3,1890,9052401,True,0.89,FULL_FLAT,ANY,False,NONE,"Spacious 3 BHK Apartment Available for Sale in Preet Vihar. Covered area is 1890 sq.ft. Listed price is ₹9,052,401. Proximity to metro: 0.89 km.",2026-02-01 03:06:36
PROP1640,OWN1282,3 BHK Apartment in DLF Phase 5,DLF Phase 5,Delhi NCR,APARTMENT,RENT,3,1611,63910,False,5.67,FULL_FLAT,ANY,False,NONE,"Spacious 3 BHK Apartment Available for Rent in DLF Phase 5. Covered area is 1611 sq.ft. Listed price is ₹63,910. Proximity to metro: 5.67 km.",2025-10-29 05:33:26
PROP1641,OWN1015,4 BHK Builder Floor in Lajpat Nagar,Lajpat Nagar,Delhi NCR,BUILDER_FLOOR,SALE,4,2968,6886273,False,3.33,FULL_FLAT,ANY,False,NONE,"Spacious 4 BHK Builder Floor Available for Sale in Lajpat Nagar. Covered area is 2968 sq.ft. Listed price is ₹6,886,273. Proximity to metro: 3.33 km.",2026-07-11 21:26:43
PROP1642,OWN1080,1 BHK Pg in Ghaziabad Vasundhara,Ghaziabad Vasundhara,Delhi NCR,PG,PG,1,257,17980,False,6.51,DOUBLE_SHARING,FEMALE,True,BOTH,"Well-maintained double sharing PG for females located at Ghaziabad Vasundhara. Monthly rent is ₹17,980. Food is included (both). Nearest metro station is 6.51 km away.",2026-02-08 03:37:18
PROP1643,OWN1162,3 BHK Independent House in North Delhi,North Delhi,Delhi NCR,INDEPENDENT_HOUSE,SALE,3,2043,8943481,True,0.85,FULL_FLAT,ANY,False,NONE,"Spacious 3 BHK Independent House Available for Sale in North Delhi. Covered area is 2043 sq.ft. Listed price is ₹8,943,481. Proximity to metro: 0.85 km.",2026-04-01 18:24:12
PROP1644,OWN1016,1 BHK Pg in Noida Sector 62,Noida Sector 62,Delhi NCR,PG,PG,1,280,24507,True,1.57,SINGLE,UNISEX,False,NONE,"Well-maintained single PG for unisexs located at Noida Sector 62. Monthly rent is ₹24,507. Food is not included. Nearest metro station is 1.57 km away.",2025-09-05 03:56:44
PROP1645,OWN1158,4 BHK Builder Floor in DLF Phase 5,DLF Phase 5,Delhi NCR,BUILDER_FLOOR,RENT,4,1888,77149,True,1.05,FULL_FLAT,ANY,False,NONE,"Spacious 4 BHK Builder Floor Available for Rent in DLF Phase 5. Covered area is 1888 sq.ft. Listed price is ₹77,149. Proximity to metro: 1.05 km.",2026-06-03 05:43:56
PROP1646,OWN1155,1 BHK Apartment in Preet Vihar,Preet Vihar,Delhi NCR,APARTMENT,RENT,1,545,16901,True,2.3,FULL_FLAT,ANY,False,NONE,"Spacious 1 BHK Apartment Available for Rent in Preet Vihar. Covered area is 545 sq.ft. Listed price is ₹16,901. Proximity to metro: 2.3 km.",2026-01-16 07:56:05
PROP1647,OWN1228,5 BHK Builder Floor in Faridabad Sector 81,Faridabad Sector 81,Delhi NCR,BUILDER_FLOOR,SALE,5,2890,17264889,True,2.32,FULL_FLAT,ANY,False,NONE,"Spacious 5 BHK Builder Floor Available for Sale in Faridabad Sector 81. Covered area is 2890 sq.ft. Listed price is ₹17,264,889. Proximity to metro: 2.32 km.",2026-06-04 19:03:42
PROP1648,OWN1269,1 BHK Apartment in Sohna Road Gurgaon,Sohna Road Gurgaon,Delhi NCR,APARTMENT,RENT,1,582,29395,True,1.87,FULL_FLAT,ANY,False,NONE,"Spacious 1 BHK Apartment Available for Rent in Sohna Road Gurgaon. Covered area is 582 sq.ft. Listed price is ₹29,395. Proximity to metro: 1.87 km.",2026-02-15 17:07:09
PROP1649,OWN1236,1 BHK Independent House in Noida Sector 18,Noida Sector 18,Delhi NCR,INDEPENDENT_HOUSE,RENT,1,451,52760,True,1.78,FULL_FLAT,ANY,False,NONE,"Spacious 1 BHK Independent House Available for Rent in Noida Sector 18. Covered area is 451 sq.ft. Listed price is ₹52,760. Proximity to metro: 1.78 km.",2026-01-08 11:37:51
PROP1650,OWN1045,1 BHK Apartment in Noida Sector 62,Noida Sector 62,Delhi NCR,APARTMENT,RENT,1,583,52957,True,1.53,FULL_FLAT,ANY,False,NONE,"Spacious 1 BHK Apartment Available for Rent in Noida Sector 62. Covered area is 583 sq.ft. Listed price is ₹52,957. Proximity to metro: 1.53 km.",2025-12-28 22:03:13
PROP1651,OWN1160,3 BHK Apartment in Preet Vihar,Preet Vihar,Delhi NCR,APARTMENT,SALE,3,1923,40220424,True,1.98,FULL_FLAT,ANY,False,NONE,"Spacious 3 BHK Apartment Available for Sale in Preet Vihar. Covered area is 1923 sq.ft. Listed price is ₹40,220,424. Proximity to metro: 1.98 km.",2025-09-26 09:05:51
PROP1652,OWN1061,1 BHK Builder Floor in Golf Course Extension Road,Golf Course Extension Road,Delhi NCR,BUILDER_FLOOR,SALE,1,507,42055849,False,3.15,FULL_FLAT,ANY,False,NONE,"Spacious 1 BHK Builder Floor Available for Sale in Golf Course Extension Road. Covered area is 507 sq.ft. Listed price is ₹42,055,849. Proximity to metro: 3.15 km.",2025-08-08 19:21:57
PROP1653,OWN1278,2 BHK Builder Floor in Noida Sector 150,Noida Sector 150,Delhi NCR,BUILDER_FLOOR,RENT,2,1260,49128,False,3.92,FULL_FLAT,ANY,False,NONE,"Spacious 2 BHK Builder Floor Available for Rent in Noida Sector 150. Covered area is 1260 sq.ft. Listed price is ₹49,128. Proximity to metro: 3.92 km.",2026-06-29 18:08:51
PROP1654,OWN1037,4 BHK Builder Floor in Sohna Road Gurgaon,Sohna Road Gurgaon,Delhi NCR,BUILDER_FLOOR,RENT,4,1848,29049,True,1.28,FULL_FLAT,ANY,False,NONE,"Spacious 4 BHK Builder Floor Available for Rent in Sohna Road Gurgaon. Covered area is 1848 sq.ft. Listed price is ₹29,049. Proximity to metro: 1.28 km.",2026-01-11 12:40:09
PROP1655,OWN1026,4 BHK Apartment in Vasant Kunj,Vasant Kunj,Delhi NCR,APARTMENT,SALE,4,2800,16511345,False,5.82,FULL_FLAT,ANY,False,NONE,"Spacious 4 BHK Apartment Available for Sale in Vasant Kunj. Covered area is 2800 sq.ft. Listed price is ₹16,511,345. Proximity to metro: 5.82 km.",2026-05-17 07:28:42
PROP1656,OWN1229,5 BHK Apartment in Noida Sector 150,Noida Sector 150,Delhi NCR,APARTMENT,SALE,5,2700,35752286,False,3.31,FULL_FLAT,ANY,False,NONE,"Spacious 5 BHK Apartment Available for Sale in Noida Sector 150. Covered area is 2700 sq.ft. Listed price is ₹35,752,286. Proximity to metro: 3.31 km.",2025-12-14 09:30:54
PROP1657,OWN1240,4 BHK Independent House in Vasant Kunj,Vasant Kunj,Delhi NCR,INDEPENDENT_HOUSE,RENT,4,2280,42368,True,0.53,FULL_FLAT,ANY,False,NONE,"Spacious 4 BHK Independent House Available for Rent in Vasant Kunj. Covered area is 2280 sq.ft. Listed price is ₹42,368. Proximity to metro: 0.53 km.",2025-08-17 02:23:47
PROP1658,OWN1133,3 BHK Independent House in Noida Extension,Noida Extension,Delhi NCR,INDEPENDENT_HOUSE,SALE,3,1998,34919311,True,0.27,FULL_FLAT,ANY,False,NONE,"Spacious 3 BHK Independent House Available for Sale in Noida Extension. Covered area is 1998 sq.ft. Listed price is ₹34,919,311. Proximity to metro: 0.27 km.",2026-03-07 22:34:48
PROP1659,OWN1244,2 BHK Builder Floor in Saket,Saket,Delhi NCR,BUILDER_FLOOR,SALE,2,1288,27895186,False,5.7,FULL_FLAT,ANY,False,NONE,"Spacious 2 BHK Builder Floor Available for Sale in Saket. Covered area is 1288 sq.ft. Listed price is ₹27,895,186. Proximity to metro: 5.7 km.",2025-08-09 14:56:03
PROP1660,OWN1261,1 BHK Independent House in Vasant Kunj,Vasant Kunj,Delhi NCR,INDEPENDENT_HOUSE,RENT,1,533,84895,False,2.98,FULL_FLAT,ANY,False,NONE,"Spacious 1 BHK Independent House Available for Rent in Vasant Kunj. Covered area is 533 sq.ft. Listed price is ₹84,895. Proximity to metro: 2.98 km.",2025-09-13 12:50:24
PROP1661,OWN1155,2 BHK Builder Floor in Ghaziabad Vasundhara,Ghaziabad Vasundhara,Delhi NCR,BUILDER_FLOOR,RENT,2,1216,43941,False,3.46,FULL_FLAT,ANY,False,NONE,"Spacious 2 BHK Builder Floor Available for Rent in Ghaziabad Vasundhara. Covered area is 1216 sq.ft. Listed price is ₹43,941. Proximity to metro: 3.46 km.",2026-02-11 14:43:36
PROP1662,OWN1247,5 BHK Apartment in Noida Sector 18,Noida Sector 18,Delhi NCR,APARTMENT,SALE,5,3600,33716092,False,6.85,FULL_FLAT,ANY,False,NONE,"Spacious 5 BHK Apartment Available for Sale in Noida Sector 18. Covered area is 3600 sq.ft. Listed price is ₹33,716,092. Proximity to metro: 6.85 km.",2025-11-09 00:21:33
PROP1663,OWN1279,1 BHK Independent House in Gurgaon Golf Course Road,Gurgaon Golf Course Road,Delhi NCR,INDEPENDENT_HOUSE,SALE,1,793,37157207,True,1.56,FULL_FLAT,ANY,False,NONE,"Spacious 1 BHK Independent House Available for Sale in Gurgaon Golf Course Road. Covered area is 793 sq.ft. Listed price is ₹37,157,207. Proximity to metro: 1.56 km.",2026-07-19 01:27:27
PROP1664,OWN1238,2 BHK Builder Floor in DLF Phase 5,DLF Phase 5,Delhi NCR,BUILDER_FLOOR,RENT,2,1056,65188,True,1.58,FULL_FLAT,ANY,False,NONE,"Spacious 2 BHK Builder Floor Available for Rent in DLF Phase 5. Covered area is 1056 sq.ft. Listed price is ₹65,188. Proximity to metro: 1.58 km.",2025-09-02 07:19:40
PROP1665,OWN1195,1 BHK Independent House in DLF Phase 5,DLF Phase 5,Delhi NCR,INDEPENDENT_HOUSE,RENT,1,473,40522,True,2.24,FULL_FLAT,ANY,False,NONE,"Spacious 1 BHK Independent House Available for Rent in DLF Phase 5. Covered area is 473 sq.ft. Listed price is ₹40,522. Proximity to metro: 2.24 km.",2026-04-26 05:56:15
PROP1666,OWN1001,3 BHK Builder Floor in Rohini Sector 10,Rohini Sector 10,Delhi NCR,BUILDER_FLOOR,RENT,3,1647,70610,True,0.67,FULL_FLAT,ANY,False,NONE,"Spacious 3 BHK Builder Floor Available for Rent in Rohini Sector 10. Covered area is 1647 sq.ft. Listed price is ₹70,610. Proximity to metro: 0.67 km.",2026-02-27 11:50:42
PROP1667,OWN1163,3 BHK Independent House in Sohna Road Gurgaon,Sohna Road Gurgaon,Delhi NCR,INDEPENDENT_HOUSE,RENT,3,1683,57123,True,1.54,FULL_FLAT,ANY,False,NONE,"Spacious 3 BHK Independent House Available for Rent in Sohna Road Gurgaon. Covered area is 1683 sq.ft. Listed price is ₹57,123. Proximity to metro: 1.54 km.",2026-05-05 20:27:15
PROP1668,OWN1262,1 BHK Pg in Noida Sector 76,Noida Sector 76,Delhi NCR,PG,PG,1,338,16639,False,5.62,SINGLE,FEMALE,True,VEG,"Well-maintained single PG for females located at Noida Sector 76. Monthly rent is ₹16,639. Food is included (veg). Nearest metro station is 5.62 km away.",2025-10-11 11:19:45
PROP1669,OWN1184,1 BHK Pg in Saket,Saket,Delhi NCR,PG,PG,1,341,8021,False,4.32,SINGLE,FEMALE,False,NONE,"Well-maintained single PG for females located at Saket. Monthly rent is ₹8,021. Food is not included. Nearest metro station is 4.32 km away.",2026-01-27 21:45:19
PROP1670,OWN1196,2 BHK Independent House in Noida Sector 76,Noida Sector 76,Delhi NCR,INDEPENDENT_HOUSE,SALE,2,1176,36368081,True,0.63,FULL_FLAT,ANY,False,NONE,"Spacious 2 BHK Independent House Available for Sale in Noida Sector 76. Covered area is 1176 sq.ft. Listed price is ₹36,368,081. Proximity to metro: 0.63 km.",2026-01-01 14:06:42
PROP1671,OWN1197,1 BHK Pg in Noida Extension,Noida Extension,Delhi NCR,PG,PG,1,159,16452,True,1.69,TRIPLE_SHARING,MALE,True,VEG,"Well-maintained triple sharing PG for males located at Noida Extension. Monthly rent is ₹16,452. Food is included (veg). Nearest metro station is 1.69 km away.",2025-12-29 17:47:45
PROP1672,OWN1074,1 BHK Apartment in Faridabad Sector 15,Faridabad Sector 15,Delhi NCR,APARTMENT,RENT,1,485,66507,True,2.26,FULL_FLAT,ANY,False,NONE,"Spacious 1 BHK Apartment Available for Rent in Faridabad Sector 15. Covered area is 485 sq.ft. Listed price is ₹66,507. Proximity to metro: 2.26 km.",2026-05-31 05:01:28
PROP1673,OWN1218,4 BHK Builder Floor in Lajpat Nagar,Lajpat Nagar,Delhi NCR,BUILDER_FLOOR,RENT,4,2192,58570,True,0.63,FULL_FLAT,ANY,False,NONE,"Spacious 4 BHK Builder Floor Available for Rent in Lajpat Nagar. Covered area is 2192 sq.ft. Listed price is ₹58,570. Proximity to metro: 0.63 km.",2026-07-17 15:23:11
PROP1674,OWN1004,1 BHK Pg in Faridabad Sector 15,Faridabad Sector 15,Delhi NCR,PG,PG,1,180,23440,True,2.45,DOUBLE_SHARING,FEMALE,False,NONE,"Well-maintained double sharing PG for females located at Faridabad Sector 15. Monthly rent is ₹23,440. Food is not included. Nearest metro station is 2.45 km away.",2025-11-09 13:53:59
PROP1675,OWN1291,4 BHK Apartment in Ghaziabad Raj Nagar Extension,Ghaziabad Raj Nagar Extension,Delhi NCR,APARTMENT,RENT,4,2504,22494,True,1.88,FULL_FLAT,ANY,False,NONE,"Spacious 4 BHK Apartment Available for Rent in Ghaziabad Raj Nagar Extension. Covered area is 2504 sq.ft. Listed price is ₹22,494. Proximity to metro: 1.88 km.",2026-03-04 20:47:11
PROP1676,OWN1270,1 BHK Apartment in Golf Course Extension Road,Golf Course Extension Road,Delhi NCR,APARTMENT,RENT,1,512,73925,False,6.61,FULL_FLAT,ANY,False,NONE,"Spacious 1 BHK Apartment Available for Rent in Golf Course Extension Road. Covered area is 512 sq.ft. Listed price is ₹73,925. Proximity to metro: 6.61 km.",2026-02-28 16:53:17
PROP1677,OWN1040,1 BHK Builder Floor in Sohna Road Gurgaon,Sohna Road Gurgaon,Delhi NCR,BUILDER_FLOOR,RENT,1,570,71511,False,7.49,FULL_FLAT,ANY,False,NONE,"Spacious 1 BHK Builder Floor Available for Rent in Sohna Road Gurgaon. Covered area is 570 sq.ft. Listed price is ₹71,511. Proximity to metro: 7.49 km.",2026-04-17 08:27:18
PROP1678,OWN1294,3 BHK Builder Floor in Noida Sector 62,Noida Sector 62,Delhi NCR,BUILDER_FLOOR,RENT,3,1476,16630,False,7.58,FULL_FLAT,ANY,False,NONE,"Spacious 3 BHK Builder Floor Available for Rent in Noida Sector 62. Covered area is 1476 sq.ft. Listed price is ₹16,630. Proximity to metro: 7.58 km.",2026-07-02 03:21:29
PROP1679,OWN1156,5 BHK Builder Floor in Cyber City Gurgaon,Cyber City Gurgaon,Delhi NCR,BUILDER_FLOOR,SALE,5,2930,42943983,True,1.71,FULL_FLAT,ANY,False,NONE,"Spacious 5 BHK Builder Floor Available for Sale in Cyber City Gurgaon. Covered area is 2930 sq.ft. Listed price is ₹42,943,983. Proximity to metro: 1.71 km.",2025-10-04 22:25:44
PROP1680,OWN1150,2 BHK Apartment in North Delhi,North Delhi,Delhi NCR,APARTMENT,SALE,2,1516,9658138,True,0.78,FULL_FLAT,ANY,False,NONE,"Spacious 2 BHK Apartment Available for Sale in North Delhi. Covered area is 1516 sq.ft. Listed price is ₹9,658,138. Proximity to metro: 0.78 km.",2025-10-06 02:48:22
PROP1681,OWN1144,1 BHK Pg in Golf Course Extension Road,Golf Course Extension Road,Delhi NCR,PG,PG,1,123,10655,True,2.06,TRIPLE_SHARING,MALE,True,BOTH,"Well-maintained triple sharing PG for males located at Golf Course Extension Road. Monthly rent is ₹10,655. Food is included (both). Nearest metro station is 2.06 km away.",2026-03-19 06:09:52
PROP1682,OWN1134,1 BHK Independent House in Gurgaon Golf Course Road,Gurgaon Golf Course Road,Delhi NCR,INDEPENDENT_HOUSE,RENT,1,537,23062,True,1.57,FULL_FLAT,ANY,False,NONE,"Spacious 1 BHK Independent House Available for Rent in Gurgaon Golf Course Road. Covered area is 537 sq.ft. Listed price is ₹23,062. Proximity to metro: 1.57 km.",2025-09-16 09:44:05
PROP1683,OWN1079,4 BHK Builder Floor in Faridabad Sector 15,Faridabad Sector 15,Delhi NCR,BUILDER_FLOOR,RENT,4,2040,69695,False,6.04,FULL_FLAT,ANY,False,NONE,"Spacious 4 BHK Builder Floor Available for Rent in Faridabad Sector 15. Covered area is 2040 sq.ft. Listed price is ₹69,695. Proximity to metro: 6.04 km.",2025-09-22 12:37:04
PROP1684,OWN1108,1 BHK Builder Floor in Noida Sector 150,Noida Sector 150,Delhi NCR,BUILDER_FLOOR,SALE,1,526,15747472,True,1.12,FULL_FLAT,ANY,False,NONE,"Spacious 1 BHK Builder Floor Available for Sale in Noida Sector 150. Covered area is 526 sq.ft. Listed price is ₹15,747,472. Proximity to metro: 1.12 km.",2025-08-17 11:00:38
PROP1685,OWN1155,2 BHK Independent House in Ghaziabad Raj Nagar Extension,Ghaziabad Raj Nagar Extension,Delhi NCR,INDEPENDENT_HOUSE,RENT,2,1094,63127,True,0.8,FULL_FLAT,ANY,False,NONE,"Spacious 2 BHK Independent House Available for Rent in Ghaziabad Raj Nagar Extension. Covered area is 1094 sq.ft. Listed price is ₹63,127. Proximity to metro: 0.8 km.",2025-07-22 00:27:53
PROP1686,OWN1272,4 BHK Builder Floor in Greater Noida Pari Chowk,Greater Noida Pari Chowk,Delhi NCR,BUILDER_FLOOR,SALE,4,2644,40084704,False,7.76,FULL_FLAT,ANY,False,NONE,"Spacious 4 BHK Builder Floor Available for Sale in Greater Noida Pari Chowk. Covered area is 2644 sq.ft. Listed price is ₹40,084,704. Proximity to metro: 7.76 km.",2026-01-01 14:01:02
PROP1687,OWN1050,1 BHK Pg in Noida Sector 150,Noida Sector 150,Delhi NCR,PG,PG,1,230,15932,True,0.79,DOUBLE_SHARING,FEMALE,False,NONE,"Well-maintained double sharing PG for females located at Noida Sector 150. Monthly rent is ₹15,932. Food is not included. Nearest metro station is 0.79 km away.",2026-02-22 22:12:59
PROP1688,OWN1201,2 BHK Independent House in Ghaziabad Vasundhara,Ghaziabad Vasundhara,Delhi NCR,INDEPENDENT_HOUSE,RENT,2,1274,37549,False,4.42,FULL_FLAT,ANY,False,NONE,"Spacious 2 BHK Independent House Available for Rent in Ghaziabad Vasundhara. Covered area is 1274 sq.ft. Listed price is ₹37,549. Proximity to metro: 4.42 km.",2025-11-04 10:07:08
PROP1689,OWN1093,1 BHK Independent House in DLF Phase 5,DLF Phase 5,Delhi NCR,INDEPENDENT_HOUSE,RENT,1,467,13567,True,0.42,FULL_FLAT,ANY,False,NONE,"Spacious 1 BHK Independent House Available for Rent in DLF Phase 5. Covered area is 467 sq.ft. Listed price is ₹13,567. Proximity to metro: 0.42 km.",2025-10-13 14:04:30
PROP1690,OWN1054,3 BHK Independent House in Ghaziabad Indirapuram,Ghaziabad Indirapuram,Delhi NCR,INDEPENDENT_HOUSE,SALE,3,1884,17457348,True,0.25,FULL_FLAT,ANY,False,NONE,"Spacious 3 BHK Independent House Available for Sale in Ghaziabad Indirapuram. Covered area is 1884 sq.ft. Listed price is ₹17,457,348. Proximity to metro: 0.25 km.",2026-04-05 06:00:54
PROP1691,OWN1048,1 BHK Pg in West Delhi,West Delhi,Delhi NCR,PG,PG,1,288,14104,True,2.17,TRIPLE_SHARING,UNISEX,True,VEG,"Well-maintained triple sharing PG for unisexs located at West Delhi. Monthly rent is ₹14,104. Food is included (veg). Nearest metro station is 2.17 km away.",2026-04-03 19:13:48
PROP1692,OWN1067,2 BHK Independent House in Noida Sector 18,Noida Sector 18,Delhi NCR,INDEPENDENT_HOUSE,RENT,2,956,36151,True,0.88,FULL_FLAT,ANY,False,NONE,"Spacious 2 BHK Independent House Available for Rent in Noida Sector 18. Covered area is 956 sq.ft. Listed price is ₹36,151. Proximity to metro: 0.88 km.",2026-01-02 20:56:22
PROP1693,OWN1039,1 BHK Pg in Ghaziabad Vasundhara,Ghaziabad Vasundhara,Delhi NCR,PG,PG,1,190,20991,True,0.57,TRIPLE_SHARING,UNISEX,False,NONE,"Well-maintained triple sharing PG for unisexs located at Ghaziabad Vasundhara. Monthly rent is ₹20,991. Food is not included. Nearest metro station is 0.57 km away.",2026-03-29 02:27:40
PROP1694,OWN1038,4 BHK Builder Floor in Golf Course Extension Road,Golf Course Extension Road,Delhi NCR,BUILDER_FLOOR,RENT,4,2140,19872,True,2.4,FULL_FLAT,ANY,False,NONE,"Spacious 4 BHK Builder Floor Available for Rent in Golf Course Extension Road. Covered area is 2140 sq.ft. Listed price is ₹19,872. Proximity to metro: 2.4 km.",2026-06-23 11:47:32
PROP1695,OWN1136,2 BHK Builder Floor in Lajpat Nagar,Lajpat Nagar,Delhi NCR,BUILDER_FLOOR,RENT,2,1212,63463,True,1.68,FULL_FLAT,ANY,False,NONE,"Spacious 2 BHK Builder Floor Available for Rent in Lajpat Nagar. Covered area is 1212 sq.ft. Listed price is ₹63,463. Proximity to metro: 1.68 km.",2026-05-04 18:55:17
PROP1696,OWN1056,2 BHK Builder Floor in Rohini Sector 10,Rohini Sector 10,Delhi NCR,BUILDER_FLOOR,RENT,2,1214,25926,True,1.85,FULL_FLAT,ANY,False,NONE,"Spacious 2 BHK Builder Floor Available for Rent in Rohini Sector 10. Covered area is 1214 sq.ft. Listed price is ₹25,926. Proximity to metro: 1.85 km.",2026-03-06 08:07:06
PROP1697,OWN1053,3 BHK Independent House in East Delhi,East Delhi,Delhi NCR,INDEPENDENT_HOUSE,SALE,3,2184,5759283,True,0.54,FULL_FLAT,ANY,False,NONE,"Spacious 3 BHK Independent House Available for Sale in East Delhi. Covered area is 2184 sq.ft. Listed price is ₹5,759,283. Proximity to metro: 0.54 km.",2026-03-19 12:46:54
PROP1698,OWN1001,2 BHK Builder Floor in East Delhi,East Delhi,Delhi NCR,BUILDER_FLOOR,RENT,2,1258,55231,True,1.52,FULL_FLAT,ANY,False,NONE,"Spacious 2 BHK Builder Floor Available for Rent in East Delhi. Covered area is 1258 sq.ft. Listed price is ₹55,231. Proximity to metro: 1.52 km.",2026-06-27 01:19:25
PROP1699,OWN1264,1 BHK Builder Floor in Faridabad Sector 15,Faridabad Sector 15,Delhi NCR,BUILDER_FLOOR,RENT,1,588,41602,True,1.08,FULL_FLAT,ANY,False,NONE,"Spacious 1 BHK Builder Floor Available for Rent in Faridabad Sector 15. Covered area is 588 sq.ft. Listed price is ₹41,602. Proximity to metro: 1.08 km.",2025-12-23 07:40:34
PROP1700,OWN1247,3 BHK Builder Floor in Saket,Saket,Delhi NCR,BUILDER_FLOOR,RENT,3,1872,51692,True,0.33,FULL_FLAT,ANY,False,NONE,"Spacious 3 BHK Builder Floor Available for Rent in Saket. Covered area is 1872 sq.ft. Listed price is ₹51,692. Proximity to metro: 0.33 km.",2026-02-04 22:30:47
PROP1701,OWN1047,1 BHK Builder Floor in Noida Extension,Noida Extension,Delhi NCR,BUILDER_FLOOR,RENT,1,567,50005,False,3.7,FULL_FLAT,ANY,False,NONE,"Spacious 1 BHK Builder Floor Available for Rent in Noida Extension. Covered area is 567 sq.ft. Listed price is ₹50,005. Proximity to metro: 3.7 km.",2026-03-14 14:01:13
PROP1702,OWN1284,1 BHK Pg in East Delhi,East Delhi,Delhi NCR,PG,PG,1,289,13258,True,1.65,DOUBLE_SHARING,UNISEX,False,NONE,"Well-maintained double sharing PG for unisexs located at East Delhi. Monthly rent is ₹13,258. Food is not included. Nearest metro station is 1.65 km away.",2026-06-17 19:55:36
PROP1703,OWN1184,4 BHK Independent House in Faridabad Sector 15,Faridabad Sector 15,Delhi NCR,INDEPENDENT_HOUSE,SALE,4,2388,13891412,True,0.64,FULL_FLAT,ANY,False,NONE,"Spacious 4 BHK Independent House Available for Sale in Faridabad Sector 15. Covered area is 2388 sq.ft. Listed price is ₹13,891,412. Proximity to metro: 0.64 km.",2026-05-18 23:03:37
PROP1704,OWN1123,3 BHK Independent House in Faridabad Sector 15,Faridabad Sector 15,Delhi NCR,INDEPENDENT_HOUSE,SALE,3,2265,40332109,True,2.42,FULL_FLAT,ANY,False,NONE,"Spacious 3 BHK Independent House Available for Sale in Faridabad Sector 15. Covered area is 2265 sq.ft. Listed price is ₹40,332,109. Proximity to metro: 2.42 km.",2025-08-16 02:58:17
PROP1705,OWN1009,1 BHK Builder Floor in East Delhi,East Delhi,Delhi NCR,BUILDER_FLOOR,SALE,1,707,12431402,True,2.06,FULL_FLAT,ANY,False,NONE,"Spacious 1 BHK Builder Floor Available for Sale in East Delhi. Covered area is 707 sq.ft. Listed price is ₹12,431,402. Proximity to metro: 2.06 km.",2025-09-19 15:26:57
PROP1706,OWN1268,1 BHK Pg in Ghaziabad Vasundhara,Ghaziabad Vasundhara,Delhi NCR,PG,PG,1,342,24582,True,1.89,SINGLE,UNISEX,True,VEG,"Well-maintained single PG for unisexs located at Ghaziabad Vasundhara. Monthly rent is ₹24,582. Food is included (veg). Nearest metro station is 1.89 km away.",2025-11-10 09:27:40
PROP1707,OWN1251,1 BHK Independent House in North Delhi,North Delhi,Delhi NCR,INDEPENDENT_HOUSE,RENT,1,512,29109,True,0.6,FULL_FLAT,ANY,False,NONE,"Spacious 1 BHK Independent House Available for Rent in North Delhi. Covered area is 512 sq.ft. Listed price is ₹29,109. Proximity to metro: 0.6 km.",2026-04-20 14:11:37
PROP1708,OWN1026,1 BHK Pg in Sohna Road Gurgaon,Sohna Road Gurgaon,Delhi NCR,PG,PG,1,144,21948,True,1.34,TRIPLE_SHARING,MALE,True,VEG,"Well-maintained triple sharing PG for males located at Sohna Road Gurgaon. Monthly rent is ₹21,948. Food is included (veg). Nearest metro station is 1.34 km away.",2026-02-13 22:32:32
PROP1709,OWN1113,1 BHK Pg in Central Delhi,Central Delhi,Delhi NCR,PG,PG,1,229,18054,True,0.48,TRIPLE_SHARING,UNISEX,False,NONE,"Well-maintained triple sharing PG for unisexs located at Central Delhi. Monthly rent is ₹18,054. Food is not included. Nearest metro station is 0.48 km away.",2025-11-03 10:54:04
PROP1710,OWN1295,1 BHK Apartment in Hauz Khas,Hauz Khas,Delhi NCR,APARTMENT,SALE,1,588,27015274,True,0.48,FULL_FLAT,ANY,False,NONE,"Spacious 1 BHK Apartment Available for Sale in Hauz Khas. Covered area is 588 sq.ft. Listed price is ₹27,015,274. Proximity to metro: 0.48 km.",2025-09-04 11:03:51
PROP1711,OWN1073,5 BHK Builder Floor in Greater Noida,Greater Noida,Delhi NCR,BUILDER_FLOOR,SALE,5,2920,33938055,True,2.33,FULL_FLAT,ANY,False,NONE,"Spacious 5 BHK Builder Floor Available for Sale in Greater Noida. Covered area is 2920 sq.ft. Listed price is ₹33,938,055. Proximity to metro: 2.33 km.",2026-03-29 13:47:45
PROP1712,OWN1021,5 BHK Independent House in Hauz Khas,Hauz Khas,Delhi NCR,INDEPENDENT_HOUSE,SALE,5,3460,15086669,True,2.22,FULL_FLAT,ANY,False,NONE,"Spacious 5 BHK Independent House Available for Sale in Hauz Khas. Covered area is 3460 sq.ft. Listed price is ₹15,086,669. Proximity to metro: 2.22 km.",2026-04-02 14:42:27
PROP1713,OWN1042,5 BHK Apartment in South Delhi,South Delhi,Delhi NCR,APARTMENT,SALE,5,3225,32432201,False,6.96,FULL_FLAT,ANY,False,NONE,"Spacious 5 BHK Apartment Available for Sale in South Delhi. Covered area is 3225 sq.ft. Listed price is ₹32,432,201. Proximity to metro: 6.96 km.",2026-06-30 08:17:01
PROP1714,OWN1244,3 BHK Independent House in Hauz Khas,Hauz Khas,Delhi NCR,INDEPENDENT_HOUSE,SALE,3,2301,34727116,True,0.75,FULL_FLAT,ANY,False,NONE,"Spacious 3 BHK Independent House Available for Sale in Hauz Khas. Covered area is 2301 sq.ft. Listed price is ₹34,727,116. Proximity to metro: 0.75 km.",2026-01-19 20:01:44
PROP1715,OWN1090,4 BHK Independent House in East Delhi,East Delhi,Delhi NCR,INDEPENDENT_HOUSE,RENT,4,2424,23537,False,7.06,FULL_FLAT,ANY,False,NONE,"Spacious 4 BHK Independent House Available for Rent in East Delhi. Covered area is 2424 sq.ft. Listed price is ₹23,537. Proximity to metro: 7.06 km.",2026-01-17 09:30:01
PROP1716,OWN1155,2 BHK Independent House in Noida Sector 150,Noida Sector 150,Delhi NCR,INDEPENDENT_HOUSE,RENT,2,998,27401,False,7.87,FULL_FLAT,ANY,False,NONE,"Spacious 2 BHK Independent House Available for Rent in Noida Sector 150. Covered area is 998 sq.ft. Listed price is ₹27,401. Proximity to metro: 7.87 km.",2025-08-19 10:08:38
PROP1717,OWN1186,2 BHK Independent House in Faridabad Sector 81,Faridabad Sector 81,Delhi NCR,INDEPENDENT_HOUSE,SALE,2,1282,8061401,True,0.46,FULL_FLAT,ANY,False,NONE,"Spacious 2 BHK Independent House Available for Sale in Faridabad Sector 81. Covered area is 1282 sq.ft. Listed price is ₹8,061,401. Proximity to metro: 0.46 km.",2025-08-04 14:25:12
PROP1718,OWN1077,1 BHK Apartment in Ghaziabad Raj Nagar Extension,Ghaziabad Raj Nagar Extension,Delhi NCR,APARTMENT,RENT,1,463,59735,True,0.68,FULL_FLAT,ANY,False,NONE,"Spacious 1 BHK Apartment Available for Rent in Ghaziabad Raj Nagar Extension. Covered area is 463 sq.ft. Listed price is ₹59,735. Proximity to metro: 0.68 km.",2025-12-25 20:04:10
PROP1719,OWN1129,1 BHK Builder Floor in Noida Sector 62,Noida Sector 62,Delhi NCR,BUILDER_FLOOR,RENT,1,476,18875,False,3.55,FULL_FLAT,ANY,False,NONE,"Spacious 1 BHK Builder Floor Available for Rent in Noida Sector 62. Covered area is 476 sq.ft. Listed price is ₹18,875. Proximity to metro: 3.55 km.",2025-11-15 18:24:13
PROP1720,OWN1015,2 BHK Apartment in Faridabad Sector 15,Faridabad Sector 15,Delhi NCR,APARTMENT,RENT,2,1268,70303,False,5.73,FULL_FLAT,ANY,False,NONE,"Spacious 2 BHK Apartment Available for Rent in Faridabad Sector 15. Covered area is 1268 sq.ft. Listed price is ₹70,303. Proximity to metro: 5.73 km.",2025-10-20 11:40:29
PROP1721,OWN1215,2 BHK Builder Floor in Pitampura,Pitampura,Delhi NCR,BUILDER_FLOOR,RENT,2,1298,26435,True,0.72,FULL_FLAT,ANY,False,NONE,"Spacious 2 BHK Builder Floor Available for Rent in Pitampura. Covered area is 1298 sq.ft. Listed price is ₹26,435. Proximity to metro: 0.72 km.",2025-08-23 09:33:34
PROP1722,OWN1122,1 BHK Pg in Greater Noida,Greater Noida,Delhi NCR,PG,PG,1,216,14230,True,2.25,SINGLE,FEMALE,False,NONE,"Well-maintained single PG for females located at Greater Noida. Monthly rent is ₹14,230. Food is not included. Nearest metro station is 2.25 km away.",2026-07-07 08:53:30
PROP1723,OWN1075,1 BHK Pg in Preet Vihar,Preet Vihar,Delhi NCR,PG,PG,1,236,12834,False,3.65,DOUBLE_SHARING,FEMALE,True,BOTH,"Well-maintained double sharing PG for females located at Preet Vihar. Monthly rent is ₹12,834. Food is included (both). Nearest metro station is 3.65 km away.",2026-05-22 08:49:21
PROP1724,OWN1184,1 BHK Apartment in Golf Course Extension Road,Golf Course Extension Road,Delhi NCR,APARTMENT,SALE,1,791,8503159,True,0.51,FULL_FLAT,ANY,False,NONE,"Spacious 1 BHK Apartment Available for Sale in Golf Course Extension Road. Covered area is 791 sq.ft. Listed price is ₹8,503,159. Proximity to metro: 0.51 km.",2026-02-16 03:04:02
PROP1725,OWN1239,2 BHK Builder Floor in Ghaziabad Vasundhara,Ghaziabad Vasundhara,Delhi NCR,BUILDER_FLOOR,RENT,2,1050,32550,False,7.74,FULL_FLAT,ANY,False,NONE,"Spacious 2 BHK Builder Floor Available for Rent in Ghaziabad Vasundhara. Covered area is 1050 sq.ft. Listed price is ₹32,550. Proximity to metro: 7.74 km.",2026-07-03 07:22:27
PROP1726,OWN1088,4 BHK Independent House in Gurgaon Sector 56,Gurgaon Sector 56,Delhi NCR,INDEPENDENT_HOUSE,SALE,4,2440,44200320,True,2.13,FULL_FLAT,ANY,False,NONE,"Spacious 4 BHK Independent House Available for Sale in Gurgaon Sector 56. Covered area is 2440 sq.ft. Listed price is ₹44,200,320. Proximity to metro: 2.13 km.",2026-07-21 03:01:18
PROP1727,OWN1143,2 BHK Independent House in South Delhi,South Delhi,Delhi NCR,INDEPENDENT_HOUSE,RENT,2,1026,54899,True,1.53,FULL_FLAT,ANY,False,NONE,"Spacious 2 BHK Independent House Available for Rent in South Delhi. Covered area is 1026 sq.ft. Listed price is ₹54,899. Proximity to metro: 1.53 km.",2026-03-23 14:04:08
PROP1728,OWN1077,1 BHK Apartment in South Delhi,South Delhi,Delhi NCR,APARTMENT,RENT,1,570,78088,True,1.18,FULL_FLAT,ANY,False,NONE,"Spacious 1 BHK Apartment Available for Rent in South Delhi. Covered area is 570 sq.ft. Listed price is ₹78,088. Proximity to metro: 1.18 km.",2025-10-27 11:28:44
PROP1729,OWN1202,1 BHK Pg in Ghaziabad Raj Nagar Extension,Ghaziabad Raj Nagar Extension,Delhi NCR,PG,PG,1,298,10211,False,6.67,DOUBLE_SHARING,FEMALE,True,VEG,"Well-maintained double sharing PG for females located at Ghaziabad Raj Nagar Extension. Monthly rent is ₹10,211. Food is included (veg). Nearest metro station is 6.67 km away.",2025-08-04 17:40:16
PROP1730,OWN1209,2 BHK Builder Floor in Preet Vihar,Preet Vihar,Delhi NCR,BUILDER_FLOOR,SALE,2,1092,5569055,True,1.74,FULL_FLAT,ANY,False,NONE,"Spacious 2 BHK Builder Floor Available for Sale in Preet Vihar. Covered area is 1092 sq.ft. Listed price is ₹5,569,055. Proximity to metro: 1.74 km.",2026-04-23 06:16:51
PROP1731,OWN1083,1 BHK Pg in Ghaziabad Vasundhara,Ghaziabad Vasundhara,Delhi NCR,PG,PG,1,311,7799,True,2.02,DOUBLE_SHARING,FEMALE,True,BOTH,"Well-maintained double sharing PG for females located at Ghaziabad Vasundhara. Monthly rent is ₹7,799. Food is included (both). Nearest metro station is 2.02 km away.",2026-01-08 21:18:26
PROP1732,OWN1190,1 BHK Apartment in Ghaziabad Vasundhara,Ghaziabad Vasundhara,Delhi NCR,APARTMENT,RENT,1,548,55634,False,2.78,FULL_FLAT,ANY,False,NONE,"Spacious 1 BHK Apartment Available for Rent in Ghaziabad Vasundhara. Covered area is 548 sq.ft. Listed price is ₹55,634. Proximity to metro: 2.78 km.",2026-03-15 23:59:08
PROP1733,OWN1219,2 BHK Independent House in Golf Course Extension Road,Golf Course Extension Road,Delhi NCR,INDEPENDENT_HOUSE,RENT,2,1250,22611,False,7.36,FULL_FLAT,ANY,False,NONE,"Spacious 2 BHK Independent House Available for Rent in Golf Course Extension Road. Covered area is 1250 sq.ft. Listed price is ₹22,611. Proximity to metro: 7.36 km.",2026-06-20 15:05:03
PROP1734,OWN1029,1 BHK Pg in Faridabad Sector 81,Faridabad Sector 81,Delhi NCR,PG,PG,1,292,18927,True,1.27,SINGLE,MALE,False,NONE,"Well-maintained single PG for males located at Faridabad Sector 81. Monthly rent is ₹18,927. Food is not included. Nearest metro station is 1.27 km away.",2025-09-25 07:54:01
PROP1735,OWN1021,5 BHK Independent House in Noida Extension,Noida Extension,Delhi NCR,INDEPENDENT_HOUSE,SALE,5,2670,42131846,False,6.78,FULL_FLAT,ANY,False,NONE,"Spacious 5 BHK Independent House Available for Sale in Noida Extension. Covered area is 2670 sq.ft. Listed price is ₹42,131,846. Proximity to metro: 6.78 km.",2026-02-19 19:52:08
PROP1736,OWN1071,4 BHK Apartment in Noida Sector 62,Noida Sector 62,Delhi NCR,APARTMENT,SALE,4,3188,18579035,False,6.71,FULL_FLAT,ANY,False,NONE,"Spacious 4 BHK Apartment Available for Sale in Noida Sector 62. Covered area is 3188 sq.ft. Listed price is ₹18,579,035. Proximity to metro: 6.71 km.",2026-03-09 21:22:49
PROP1737,OWN1165,1 BHK Pg in Noida Sector 150,Noida Sector 150,Delhi NCR,PG,PG,1,248,20858,True,1.24,DOUBLE_SHARING,MALE,True,BOTH,"Well-maintained double sharing PG for males located at Noida Sector 150. Monthly rent is ₹20,858. Food is included (both). Nearest metro station is 1.24 km away.",2026-01-16 15:21:37
PROP1738,OWN1257,1 BHK Pg in Faridabad Neharpar,Faridabad Neharpar,Delhi NCR,PG,PG,1,240,24429,True,1.63,TRIPLE_SHARING,UNISEX,False,NONE,"Well-maintained triple sharing PG for unisexs located at Faridabad Neharpar. Monthly rent is ₹24,429. Food is not included. Nearest metro station is 1.63 km away.",2025-08-23 08:49:08
PROP1739,OWN1034,1 BHK Pg in Pitampura,Pitampura,Delhi NCR,PG,PG,1,237,9860,True,0.45,SINGLE,FEMALE,True,BOTH,"Well-maintained single PG for females located at Pitampura. Monthly rent is ₹9,860. Food is included (both). Nearest metro station is 0.45 km away.",2025-11-25 03:09:11
PROP1740,OWN1142,2 BHK Builder Floor in Saket,Saket,Delhi NCR,BUILDER_FLOOR,RENT,2,1004,80247,False,2.72,FULL_FLAT,ANY,False,NONE,"Spacious 2 BHK Builder Floor Available for Rent in Saket. Covered area is 1004 sq.ft. Listed price is ₹80,247. Proximity to metro: 2.72 km.",2025-11-19 18:42:40
PROP1741,OWN1214,4 BHK Builder Floor in Hauz Khas,Hauz Khas,Delhi NCR,BUILDER_FLOOR,RENT,4,2552,14815,True,0.63,FULL_FLAT,ANY,False,NONE,"Spacious 4 BHK Builder Floor Available for Rent in Hauz Khas. Covered area is 2552 sq.ft. Listed price is ₹14,815. Proximity to metro: 0.63 km.",2026-03-22 19:14:22
PROP1742,OWN1012,1 BHK Pg in Gurgaon Sector 56,Gurgaon Sector 56,Delhi NCR,PG,PG,1,253,18006,False,6.09,DOUBLE_SHARING,UNISEX,False,NONE,"Well-maintained double sharing PG for unisexs located at Gurgaon Sector 56. Monthly rent is ₹18,006. Food is not included. Nearest metro station is 6.09 km away.",2026-05-30 07:41:32
PROP1743,OWN1168,4 BHK Independent House in Faridabad Sector 15,Faridabad Sector 15,Delhi NCR,INDEPENDENT_HOUSE,RENT,4,2268,51856,False,3.31,FULL_FLAT,ANY,False,NONE,"Spacious 4 BHK Independent House Available for Rent in Faridabad Sector 15. Covered area is 2268 sq.ft. Listed price is ₹51,856. Proximity to metro: 3.31 km.",2025-11-18 11:59:23
PROP1744,OWN1157,4 BHK Apartment in Janakpuri,Janakpuri,Delhi NCR,APARTMENT,RENT,4,2180,49767,True,0.54,FULL_FLAT,ANY,False,NONE,"Spacious 4 BHK Apartment Available for Rent in Janakpuri. Covered area is 2180 sq.ft. Listed price is ₹49,767. Proximity to metro: 0.54 km.",2026-03-31 09:35:13
PROP1745,OWN1146,1 BHK Pg in Ghaziabad Vasundhara,Ghaziabad Vasundhara,Delhi NCR,PG,PG,1,278,12268,True,2.44,TRIPLE_SHARING,UNISEX,False,NONE,"Well-maintained triple sharing PG for unisexs located at Ghaziabad Vasundhara. Monthly rent is ₹12,268. Food is not included. Nearest metro station is 2.44 km away.",2025-11-03 07:27:28
PROP1746,OWN1079,3 BHK Apartment in Janakpuri,Janakpuri,Delhi NCR,APARTMENT,SALE,3,2382,12987493,True,0.8,FULL_FLAT,ANY,False,NONE,"Spacious 3 BHK Apartment Available for Sale in Janakpuri. Covered area is 2382 sq.ft. Listed price is ₹12,987,493. Proximity to metro: 0.8 km.",2026-07-01 06:20:58
PROP1747,OWN1095,3 BHK Apartment in Preet Vihar,Preet Vihar,Delhi NCR,APARTMENT,RENT,3,1614,31391,True,1.23,FULL_FLAT,ANY,False,NONE,"Spacious 3 BHK Apartment Available for Rent in Preet Vihar. Covered area is 1614 sq.ft. Listed price is ₹31,391. Proximity to metro: 1.23 km.",2026-05-14 04:32:04
PROP1748,OWN1084,4 BHK Apartment in Sohna Road Gurgaon,Sohna Road Gurgaon,Delhi NCR,APARTMENT,SALE,4,3020,14256547,True,2.33,FULL_FLAT,ANY,False,NONE,"Spacious 4 BHK Apartment Available for Sale in Sohna Road Gurgaon. Covered area is 3020 sq.ft. Listed price is ₹14,256,547. Proximity to metro: 2.33 km.",2026-02-06 23:01:29
PROP1749,OWN1080,1 BHK Pg in South Delhi,South Delhi,Delhi NCR,PG,PG,1,259,23626,True,2.26,DOUBLE_SHARING,UNISEX,False,NONE,"Well-maintained double sharing PG for unisexs located at South Delhi. Monthly rent is ₹23,626. Food is not included. Nearest metro station is 2.26 km away.",2026-01-03 03:54:17
PROP1750,OWN1294,4 BHK Independent House in Rohini Sector 10,Rohini Sector 10,Delhi NCR,INDEPENDENT_HOUSE,RENT,4,2144,26721,False,5.19,FULL_FLAT,ANY,False,NONE,"Spacious 4 BHK Independent House Available for Rent in Rohini Sector 10. Covered area is 2144 sq.ft. Listed price is ₹26,721. Proximity to metro: 5.19 km.",2025-11-12 21:59:30
PROP1751,OWN1021,3 BHK Apartment in Hauz Khas,Hauz Khas,Delhi NCR,APARTMENT,RENT,3,1368,64642,False,7.14,FULL_FLAT,ANY,False,NONE,"Spacious 3 BHK Apartment Available for Rent in Hauz Khas. Covered area is 1368 sq.ft. Listed price is ₹64,642. Proximity to metro: 7.14 km.",2025-11-16 02:45:01
PROP1752,OWN1229,5 BHK Apartment in Noida Sector 150,Noida Sector 150,Delhi NCR,APARTMENT,SALE,5,2995,43653421,False,3.8,FULL_FLAT,ANY,False,NONE,"Spacious 5 BHK Apartment Available for Sale in Noida Sector 150. Covered area is 2995 sq.ft. Listed price is ₹43,653,421. Proximity to metro: 3.8 km.",2026-07-10 09:24:59
PROP1753,OWN1143,4 BHK Independent House in Pitampura,Pitampura,Delhi NCR,INDEPENDENT_HOUSE,SALE,4,2176,38845479,True,0.65,FULL_FLAT,ANY,False,NONE,"Spacious 4 BHK Independent House Available for Sale in Pitampura. Covered area is 2176 sq.ft. Listed price is ₹38,845,479. Proximity to metro: 0.65 km.",2025-12-15 15:54:41
PROP1754,OWN1163,1 BHK Pg in Faridabad Sector 81,Faridabad Sector 81,Delhi NCR,PG,PG,1,290,18831,True,1.09,DOUBLE_SHARING,MALE,False,NONE,"Well-maintained double sharing PG for males located at Faridabad Sector 81. Monthly rent is ₹18,831. Food is not included. Nearest metro station is 1.09 km away.",2026-01-24 23:50:14
PROP1755,OWN1007,4 BHK Builder Floor in Gurgaon Sector 45,Gurgaon Sector 45,Delhi NCR,BUILDER_FLOOR,SALE,4,3148,10378644,True,1.87,FULL_FLAT,ANY,False,NONE,"Spacious 4 BHK Builder Floor Available for Sale in Gurgaon Sector 45. Covered area is 3148 sq.ft. Listed price is ₹10,378,644. Proximity to metro: 1.87 km.",2026-07-16 22:37:33
PROP1756,OWN1228,1 BHK Pg in Greater Noida,Greater Noida,Delhi NCR,PG,PG,1,193,12367,True,2.12,TRIPLE_SHARING,FEMALE,False,NONE,"Well-maintained triple sharing PG for females located at Greater Noida. Monthly rent is ₹12,367. Food is not included. Nearest metro station is 2.12 km away.",2026-03-18 05:54:11
PROP1757,OWN1045,5 BHK Builder Floor in Rohini Sector 10,Rohini Sector 10,Delhi NCR,BUILDER_FLOOR,SALE,5,3355,8936954,False,6.68,FULL_FLAT,ANY,False,NONE,"Spacious 5 BHK Builder Floor Available for Sale in Rohini Sector 10. Covered area is 3355 sq.ft. Listed price is ₹8,936,954. Proximity to metro: 6.68 km.",2026-02-04 05:15:18
PROP1758,OWN1046,4 BHK Builder Floor in South Delhi,South Delhi,Delhi NCR,BUILDER_FLOOR,RENT,4,1976,84851,True,1.83,FULL_FLAT,ANY,False,NONE,"Spacious 4 BHK Builder Floor Available for Rent in South Delhi. Covered area is 1976 sq.ft. Listed price is ₹84,851. Proximity to metro: 1.83 km.",2025-12-18 23:26:20
PROP1759,OWN1071,3 BHK Builder Floor in Pitampura,Pitampura,Delhi NCR,BUILDER_FLOOR,SALE,3,2349,37422643,True,2.09,FULL_FLAT,ANY,False,NONE,"Spacious 3 BHK Builder Floor Available for Sale in Pitampura. Covered area is 2349 sq.ft. Listed price is ₹37,422,643. Proximity to metro: 2.09 km.",2025-09-27 13:18:48
PROP1760,OWN1155,4 BHK Independent House in Sohna Road Gurgaon,Sohna Road Gurgaon,Delhi NCR,INDEPENDENT_HOUSE,RENT,4,2028,15517,True,0.55,FULL_FLAT,ANY,False,NONE,"Spacious 4 BHK Independent House Available for Rent in Sohna Road Gurgaon. Covered area is 2028 sq.ft. Listed price is ₹15,517. Proximity to metro: 0.55 km.",2025-11-30 04:16:51
PROP1761,OWN1154,3 BHK Independent House in Ghaziabad Raj Nagar Extension,Ghaziabad Raj Nagar Extension,Delhi NCR,INDEPENDENT_HOUSE,SALE,3,2139,16537471,True,2.29,FULL_FLAT,ANY,False,NONE,"Spacious 3 BHK Independent House Available for Sale in Ghaziabad Raj Nagar Extension. Covered area is 2139 sq.ft. Listed price is ₹16,537,471. Proximity to metro: 2.29 km.",2026-04-23 07:48:32
PROP1762,OWN1126,4 BHK Builder Floor in North Delhi,North Delhi,Delhi NCR,BUILDER_FLOOR,SALE,4,2136,44690916,False,4.55,FULL_FLAT,ANY,False,NONE,"Spacious 4 BHK Builder Floor Available for Sale in North Delhi. Covered area is 2136 sq.ft. Listed price is ₹44,690,916. Proximity to metro: 4.55 km.",2026-03-06 11:11:34
PROP1763,OWN1247,1 BHK Pg in Greater Noida Pari Chowk,Greater Noida Pari Chowk,Delhi NCR,PG,PG,1,280,22598,False,6.56,TRIPLE_SHARING,MALE,False,NONE,"Well-maintained triple sharing PG for males located at Greater Noida Pari Chowk. Monthly rent is ₹22,598. Food is not included. Nearest metro station is 6.56 km away.",2026-04-24 14:54:16
PROP1764,OWN1009,2 BHK Apartment in Cyber City Gurgaon,Cyber City Gurgaon,Delhi NCR,APARTMENT,SALE,2,1326,35440136,False,3.33,FULL_FLAT,ANY,False,NONE,"Spacious 2 BHK Apartment Available for Sale in Cyber City Gurgaon. Covered area is 1326 sq.ft. Listed price is ₹35,440,136. Proximity to metro: 3.33 km.",2025-10-03 09:21:09
PROP1765,OWN1084,3 BHK Builder Floor in West Delhi,West Delhi,Delhi NCR,BUILDER_FLOOR,SALE,3,1572,23951920,True,1.42,FULL_FLAT,ANY,False,NONE,"Spacious 3 BHK Builder Floor Available for Sale in West Delhi. Covered area is 1572 sq.ft. Listed price is ₹23,951,920. Proximity to metro: 1.42 km.",2026-02-06 15:20:15
PROP1766,OWN1040,2 BHK Independent House in Faridabad Sector 81,Faridabad Sector 81,Delhi NCR,INDEPENDENT_HOUSE,SALE,2,1096,44682270,True,1.45,FULL_FLAT,ANY,False,NONE,"Spacious 2 BHK Independent House Available for Sale in Faridabad Sector 81. Covered area is 1096 sq.ft. Listed price is ₹44,682,270. Proximity to metro: 1.45 km.",2026-06-24 20:46:00
PROP1767,OWN1162,3 BHK Independent House in Sohna Road Gurgaon,Sohna Road Gurgaon,Delhi NCR,INDEPENDENT_HOUSE,SALE,3,1647,40364340,False,4.5,FULL_FLAT,ANY,False,NONE,"Spacious 3 BHK Independent House Available for Sale in Sohna Road Gurgaon. Covered area is 1647 sq.ft. Listed price is ₹40,364,340. Proximity to metro: 4.5 km.",2025-12-28 01:25:49
PROP1768,OWN1074,3 BHK Builder Floor in South Delhi,South Delhi,Delhi NCR,BUILDER_FLOOR,SALE,3,2244,32148483,True,2.32,FULL_FLAT,ANY,False,NONE,"Spacious 3 BHK Builder Floor Available for Sale in South Delhi. Covered area is 2244 sq.ft. Listed price is ₹32,148,483. Proximity to metro: 2.32 km.",2026-04-02 01:42:07
PROP1769,OWN1084,2 BHK Independent House in Vasant Kunj,Vasant Kunj,Delhi NCR,INDEPENDENT_HOUSE,SALE,2,1192,41990716,False,6.32,FULL_FLAT,ANY,False,NONE,"Spacious 2 BHK Independent House Available for Sale in Vasant Kunj. Covered area is 1192 sq.ft. Listed price is ₹41,990,716. Proximity to metro: 6.32 km.",2025-09-03 09:24:06
PROP1770,OWN1270,1 BHK Apartment in Saket,Saket,Delhi NCR,APARTMENT,RENT,1,483,14277,True,1.0,FULL_FLAT,ANY,False,NONE,"Spacious 1 BHK Apartment Available for Rent in Saket. Covered area is 483 sq.ft. Listed price is ₹14,277. Proximity to metro: 1.0 km.",2026-07-11 11:22:53
PROP1771,OWN1186,1 BHK Pg in Hauz Khas,Hauz Khas,Delhi NCR,PG,PG,1,347,24141,True,1.91,DOUBLE_SHARING,MALE,False,NONE,"Well-maintained double sharing PG for males located at Hauz Khas. Monthly rent is ₹24,141. Food is not included. Nearest metro station is 1.91 km away.",2026-02-28 10:13:58
PROP1772,OWN1061,2 BHK Independent House in Gurgaon Sector 56,Gurgaon Sector 56,Delhi NCR,INDEPENDENT_HOUSE,SALE,2,1232,25131165,True,0.68,FULL_FLAT,ANY,False,NONE,"Spacious 2 BHK Independent House Available for Sale in Gurgaon Sector 56. Covered area is 1232 sq.ft. Listed price is ₹25,131,165. Proximity to metro: 0.68 km.",2025-10-16 10:38:02
PROP1773,OWN1041,1 BHK Apartment in Greater Noida Pari Chowk,Greater Noida Pari Chowk,Delhi NCR,APARTMENT,RENT,1,454,75472,True,0.3,FULL_FLAT,ANY,False,NONE,"Spacious 1 BHK Apartment Available for Rent in Greater Noida Pari Chowk. Covered area is 454 sq.ft. Listed price is ₹75,472. Proximity to metro: 0.3 km.",2025-09-16 21:18:53
PROP1774,OWN1056,1 BHK Independent House in East Delhi,East Delhi,Delhi NCR,INDEPENDENT_HOUSE,RENT,1,570,27587,True,0.3,FULL_FLAT,ANY,False,NONE,"Spacious 1 BHK Independent House Available for Rent in East Delhi. Covered area is 570 sq.ft. Listed price is ₹27,587. Proximity to metro: 0.3 km.",2026-02-07 05:31:57
PROP1775,OWN1155,2 BHK Apartment in South Delhi,South Delhi,Delhi NCR,APARTMENT,RENT,2,1200,38217,True,1.74,FULL_FLAT,ANY,False,NONE,"Spacious 2 BHK Apartment Available for Rent in South Delhi. Covered area is 1200 sq.ft. Listed price is ₹38,217. Proximity to metro: 1.74 km.",2026-02-07 17:54:47
PROP1776,OWN1015,3 BHK Independent House in Dwarka Sector 21,Dwarka Sector 21,Delhi NCR,INDEPENDENT_HOUSE,SALE,3,2388,27842915,True,0.57,FULL_FLAT,ANY,False,NONE,"Spacious 3 BHK Independent House Available for Sale in Dwarka Sector 21. Covered area is 2388 sq.ft. Listed price is ₹27,842,915. Proximity to metro: 0.57 km.",2025-08-24 02:03:34
PROP1777,OWN1257,1 BHK Apartment in Gurgaon Golf Course Road,Gurgaon Golf Course Road,Delhi NCR,APARTMENT,RENT,1,598,13832,False,3.77,FULL_FLAT,ANY,False,NONE,"Spacious 1 BHK Apartment Available for Rent in Gurgaon Golf Course Road. Covered area is 598 sq.ft. Listed price is ₹13,832. Proximity to metro: 3.77 km.",2026-07-18 10:53:52
PROP1778,OWN1099,1 BHK Independent House in Gurgaon Sector 45,Gurgaon Sector 45,Delhi NCR,INDEPENDENT_HOUSE,SALE,1,550,18862329,False,7.2,FULL_FLAT,ANY,False,NONE,"Spacious 1 BHK Independent House Available for Sale in Gurgaon Sector 45. Covered area is 550 sq.ft. Listed price is ₹18,862,329. Proximity to metro: 7.2 km.",2026-06-19 11:32:03
PROP1779,OWN1244,4 BHK Apartment in Noida Extension,Noida Extension,Delhi NCR,APARTMENT,RENT,4,2488,26067,True,2.12,FULL_FLAT,ANY,False,NONE,"Spacious 4 BHK Apartment Available for Rent in Noida Extension. Covered area is 2488 sq.ft. Listed price is ₹26,067. Proximity to metro: 2.12 km.",2026-01-05 13:57:05
PROP1780,OWN1195,4 BHK Apartment in Greater Noida Pari Chowk,Greater Noida Pari Chowk,Delhi NCR,APARTMENT,SALE,4,2228,25590992,True,1.27,FULL_FLAT,ANY,False,NONE,"Spacious 4 BHK Apartment Available for Sale in Greater Noida Pari Chowk. Covered area is 2228 sq.ft. Listed price is ₹25,590,992. Proximity to metro: 1.27 km.",2025-09-01 22:41:24
PROP1781,OWN1267,3 BHK Builder Floor in Hauz Khas,Hauz Khas,Delhi NCR,BUILDER_FLOOR,RENT,3,1776,17322,True,0.95,FULL_FLAT,ANY,False,NONE,"Spacious 3 BHK Builder Floor Available for Rent in Hauz Khas. Covered area is 1776 sq.ft. Listed price is ₹17,322. Proximity to metro: 0.95 km.",2026-05-20 23:22:38
PROP1782,OWN1060,3 BHK Independent House in Noida Sector 18,Noida Sector 18,Delhi NCR,INDEPENDENT_HOUSE,SALE,3,2181,19658109,False,4.8,FULL_FLAT,ANY,False,NONE,"Spacious 3 BHK Independent House Available for Sale in Noida Sector 18. Covered area is 2181 sq.ft. Listed price is ₹19,658,109. Proximity to metro: 4.8 km.",2026-01-19 01:39:00
PROP1783,OWN1220,1 BHK Pg in Pitampura,Pitampura,Delhi NCR,PG,PG,1,349,22586,False,5.25,TRIPLE_SHARING,FEMALE,True,VEG,"Well-maintained triple sharing PG for females located at Pitampura. Monthly rent is ₹22,586. Food is included (veg). Nearest metro station is 5.25 km away.",2026-04-08 18:34:57
PROP1784,OWN1054,1 BHK Independent House in Noida Sector 76,Noida Sector 76,Delhi NCR,INDEPENDENT_HOUSE,RENT,1,480,30791,True,1.12,FULL_FLAT,ANY,False,NONE,"Spacious 1 BHK Independent House Available for Rent in Noida Sector 76. Covered area is 480 sq.ft. Listed price is ₹30,791. Proximity to metro: 1.12 km.",2026-01-22 21:39:35
PROP1785,OWN1053,3 BHK Apartment in Janakpuri,Janakpuri,Delhi NCR,APARTMENT,SALE,3,1806,44427145,True,0.48,FULL_FLAT,ANY,False,NONE,"Spacious 3 BHK Apartment Available for Sale in Janakpuri. Covered area is 1806 sq.ft. Listed price is ₹44,427,145. Proximity to metro: 0.48 km.",2025-10-28 21:47:13
PROP1786,OWN1218,5 BHK Independent House in Faridabad Sector 15,Faridabad Sector 15,Delhi NCR,INDEPENDENT_HOUSE,SALE,5,3195,31359351,True,1.29,FULL_FLAT,ANY,False,NONE,"Spacious 5 BHK Independent House Available for Sale in Faridabad Sector 15. Covered area is 3195 sq.ft. Listed price is ₹31,359,351. Proximity to metro: 1.29 km.",2026-05-21 21:59:59
PROP1787,OWN1208,4 BHK Apartment in Faridabad Sector 15,Faridabad Sector 15,Delhi NCR,APARTMENT,RENT,4,1908,28015,True,1.33,FULL_FLAT,ANY,False,NONE,"Spacious 4 BHK Apartment Available for Rent in Faridabad Sector 15. Covered area is 1908 sq.ft. Listed price is ₹28,015. Proximity to metro: 1.33 km.",2026-07-14 01:35:57
PROP1788,OWN1119,1 BHK Independent House in Hauz Khas,Hauz Khas,Delhi NCR,INDEPENDENT_HOUSE,SALE,1,534,37929267,False,2.74,FULL_FLAT,ANY,False,NONE,"Spacious 1 BHK Independent House Available for Sale in Hauz Khas. Covered area is 534 sq.ft. Listed price is ₹37,929,267. Proximity to metro: 2.74 km.",2025-10-18 01:29:47
PROP1789,OWN1092,2 BHK Builder Floor in Noida Sector 18,Noida Sector 18,Delhi NCR,BUILDER_FLOOR,RENT,2,1054,24626,True,1.72,FULL_FLAT,ANY,False,NONE,"Spacious 2 BHK Builder Floor Available for Rent in Noida Sector 18. Covered area is 1054 sq.ft. Listed price is ₹24,626. Proximity to metro: 1.72 km.",2026-02-07 09:16:02
PROP1790,OWN1267,3 BHK Apartment in Faridabad Sector 15,Faridabad Sector 15,Delhi NCR,APARTMENT,RENT,3,1857,77260,True,1.36,FULL_FLAT,ANY,False,NONE,"Spacious 3 BHK Apartment Available for Rent in Faridabad Sector 15. Covered area is 1857 sq.ft. Listed price is ₹77,260. Proximity to metro: 1.36 km.",2025-12-08 03:25:58
PROP1791,OWN1278,1 BHK Pg in Noida Sector 62,Noida Sector 62,Delhi NCR,PG,PG,1,258,24911,True,1.08,SINGLE,MALE,False,NONE,"Well-maintained single PG for males located at Noida Sector 62. Monthly rent is ₹24,911. Food is not included. Nearest metro station is 1.08 km away.",2026-06-22 17:53:05
PROP1792,OWN1162,1 BHK Apartment in Noida Sector 18,Noida Sector 18,Delhi NCR,APARTMENT,RENT,1,495,84963,False,7.25,FULL_FLAT,ANY,False,NONE,"Spacious 1 BHK Apartment Available for Rent in Noida Sector 18. Covered area is 495 sq.ft. Listed price is ₹84,963. Proximity to metro: 7.25 km.",2026-01-22 16:07:39
PROP1793,OWN1156,3 BHK Apartment in Janakpuri,Janakpuri,Delhi NCR,APARTMENT,RENT,3,1899,62997,True,1.96,FULL_FLAT,ANY,False,NONE,"Spacious 3 BHK Apartment Available for Rent in Janakpuri. Covered area is 1899 sq.ft. Listed price is ₹62,997. Proximity to metro: 1.96 km.",2026-06-07 04:58:22
PROP1794,OWN1292,4 BHK Independent House in Faridabad Sector 15,Faridabad Sector 15,Delhi NCR,INDEPENDENT_HOUSE,RENT,4,2284,32487,False,2.9,FULL_FLAT,ANY,False,NONE,"Spacious 4 BHK Independent House Available for Rent in Faridabad Sector 15. Covered area is 2284 sq.ft. Listed price is ₹32,487. Proximity to metro: 2.9 km.",2026-06-01 14:51:45
PROP1795,OWN1135,3 BHK Builder Floor in Faridabad Sector 15,Faridabad Sector 15,Delhi NCR,BUILDER_FLOOR,RENT,3,1938,49281,True,0.34,FULL_FLAT,ANY,False,NONE,"Spacious 3 BHK Builder Floor Available for Rent in Faridabad Sector 15. Covered area is 1938 sq.ft. Listed price is ₹49,281. Proximity to metro: 0.34 km.",2025-10-29 22:31:42
PROP1796,OWN1024,1 BHK Pg in Hauz Khas,Hauz Khas,Delhi NCR,PG,PG,1,209,7881,True,1.18,TRIPLE_SHARING,FEMALE,False,NONE,"Well-maintained triple sharing PG for females located at Hauz Khas. Monthly rent is ₹7,881. Food is not included. Nearest metro station is 1.18 km away.",2026-05-05 14:00:52
PROP1797,OWN1183,2 BHK Independent House in Greater Noida,Greater Noida,Delhi NCR,INDEPENDENT_HOUSE,SALE,2,1252,20245221,False,4.29,FULL_FLAT,ANY,False,NONE,"Spacious 2 BHK Independent House Available for Sale in Greater Noida. Covered area is 1252 sq.ft. Listed price is ₹20,245,221. Proximity to metro: 4.29 km.",2025-12-19 14:17:44
PROP1798,OWN1044,1 BHK Pg in Central Delhi,Central Delhi,Delhi NCR,PG,PG,1,149,18062,True,1.26,SINGLE,MALE,False,NONE,"Well-maintained single PG for males located at Central Delhi. Monthly rent is ₹18,062. Food is not included. Nearest metro station is 1.26 km away.",2026-06-27 06:24:25
PROP1799,OWN1217,1 BHK Pg in Faridabad Sector 81,Faridabad Sector 81,Delhi NCR,PG,PG,1,188,7668,True,1.51,TRIPLE_SHARING,FEMALE,True,BOTH,"Well-maintained triple sharing PG for females located at Faridabad Sector 81. Monthly rent is ₹7,668. Food is included (both). Nearest metro station is 1.51 km away.",2026-01-22 11:42:59
PROP1800,OWN1166,1 BHK Pg in Vasant Kunj,Vasant Kunj,Delhi NCR,PG,PG,1,145,13747,True,1.61,DOUBLE_SHARING,FEMALE,False,NONE,"Well-maintained double sharing PG for females located at Vasant Kunj. Monthly rent is ₹13,747. Food is not included. Nearest metro station is 1.61 km away.",2026-05-16 17:44:59
PROP1801,OWN1187,1 BHK Independent House in Greater Noida Pari Chowk,Greater Noida Pari Chowk,Delhi NCR,INDEPENDENT_HOUSE,SALE,1,774,18866672,True,0.81,FULL_FLAT,ANY,False,NONE,"Spacious 1 BHK Independent House Available for Sale in Greater Noida Pari Chowk. Covered area is 774 sq.ft. Listed price is ₹18,866,672. Proximity to metro: 0.81 km.",2025-11-01 08:18:31
PROP1802,OWN1153,1 BHK Pg in Noida Sector 76,Noida Sector 76,Delhi NCR,PG,PG,1,279,10013,True,0.35,TRIPLE_SHARING,UNISEX,True,BOTH,"Well-maintained triple sharing PG for unisexs located at Noida Sector 76. Monthly rent is ₹10,013. Food is included (both). Nearest metro station is 0.35 km away.",2025-11-07 02:04:44
PROP1803,OWN1272,1 BHK Builder Floor in Ghaziabad Raj Nagar Extension,Ghaziabad Raj Nagar Extension,Delhi NCR,BUILDER_FLOOR,RENT,1,616,51563,False,6.94,FULL_FLAT,ANY,False,NONE,"Spacious 1 BHK Builder Floor Available for Rent in Ghaziabad Raj Nagar Extension. Covered area is 616 sq.ft. Listed price is ₹51,563. Proximity to metro: 6.94 km.",2026-02-20 09:57:54
PROP1804,OWN1222,3 BHK Builder Floor in DLF Phase 5,DLF Phase 5,Delhi NCR,BUILDER_FLOOR,SALE,3,2289,34915656,False,6.72,FULL_FLAT,ANY,False,NONE,"Spacious 3 BHK Builder Floor Available for Sale in DLF Phase 5. Covered area is 2289 sq.ft. Listed price is ₹34,915,656. Proximity to metro: 6.72 km.",2026-07-20 21:08:53
PROP1805,OWN1093,2 BHK Independent House in North Delhi,North Delhi,Delhi NCR,INDEPENDENT_HOUSE,RENT,2,1194,77431,True,1.72,FULL_FLAT,ANY,False,NONE,"Spacious 2 BHK Independent House Available for Rent in North Delhi. Covered area is 1194 sq.ft. Listed price is ₹77,431. Proximity to metro: 1.72 km.",2026-01-15 21:04:47
PROP1806,OWN1240,1 BHK Pg in Golf Course Extension Road,Golf Course Extension Road,Delhi NCR,PG,PG,1,256,21212,True,1.26,TRIPLE_SHARING,UNISEX,True,VEG,"Well-maintained triple sharing PG for unisexs located at Golf Course Extension Road. Monthly rent is ₹21,212. Food is included (veg). Nearest metro station is 1.26 km away.",2025-09-13 07:33:42
PROP1807,OWN1124,4 BHK Builder Floor in Rohini Sector 10,Rohini Sector 10,Delhi NCR,BUILDER_FLOOR,RENT,4,2220,53766,True,1.66,FULL_FLAT,ANY,False,NONE,"Spacious 4 BHK Builder Floor Available for Rent in Rohini Sector 10. Covered area is 2220 sq.ft. Listed price is ₹53,766. Proximity to metro: 1.66 km.",2026-02-02 18:04:41
PROP1808,OWN1212,1 BHK Pg in Golf Course Extension Road,Golf Course Extension Road,Delhi NCR,PG,PG,1,285,12262,True,0.46,DOUBLE_SHARING,UNISEX,True,BOTH,"Well-maintained double sharing PG for unisexs located at Golf Course Extension Road. Monthly rent is ₹12,262. Food is included (both). Nearest metro station is 0.46 km away.",2025-11-24 02:17:01
PROP1809,OWN1099,4 BHK Builder Floor in North Delhi,North Delhi,Delhi NCR,BUILDER_FLOOR,SALE,4,2992,42069220,True,1.17,FULL_FLAT,ANY,False,NONE,"Spacious 4 BHK Builder Floor Available for Sale in North Delhi. Covered area is 2992 sq.ft. Listed price is ₹42,069,220. Proximity to metro: 1.17 km.",2026-02-07 14:59:08
PROP1810,OWN1019,1 BHK Apartment in Pitampura,Pitampura,Delhi NCR,APARTMENT,SALE,1,632,23140962,False,5.57,FULL_FLAT,ANY,False,NONE,"Spacious 1 BHK Apartment Available for Sale in Pitampura. Covered area is 632 sq.ft. Listed price is ₹23,140,962. Proximity to metro: 5.57 km.",2026-02-04 12:35:15
PROP1811,OWN1022,1 BHK Apartment in Faridabad Sector 15,Faridabad Sector 15,Delhi NCR,APARTMENT,RENT,1,530,51056,True,2.27,FULL_FLAT,ANY,False,NONE,"Spacious 1 BHK Apartment Available for Rent in Faridabad Sector 15. Covered area is 530 sq.ft. Listed price is ₹51,056. Proximity to metro: 2.27 km.",2026-01-03 08:27:05
PROP1812,OWN1209,4 BHK Apartment in Noida Extension,Noida Extension,Delhi NCR,APARTMENT,RENT,4,2540,30423,True,0.46,FULL_FLAT,ANY,False,NONE,"Spacious 4 BHK Apartment Available for Rent in Noida Extension. Covered area is 2540 sq.ft. Listed price is ₹30,423. Proximity to metro: 0.46 km.",2025-11-15 13:37:58
PROP1813,OWN1257,3 BHK Independent House in Saket,Saket,Delhi NCR,INDEPENDENT_HOUSE,RENT,3,1731,23829,True,1.58,FULL_FLAT,ANY,False,NONE,"Spacious 3 BHK Independent House Available for Rent in Saket. Covered area is 1731 sq.ft. Listed price is ₹23,829. Proximity to metro: 1.58 km.",2025-09-27 22:41:29
PROP1814,OWN1161,1 BHK Pg in Noida Sector 62,Noida Sector 62,Delhi NCR,PG,PG,1,308,19777,True,0.53,TRIPLE_SHARING,UNISEX,True,BOTH,"Well-maintained triple sharing PG for unisexs located at Noida Sector 62. Monthly rent is ₹19,777. Food is included (both). Nearest metro station is 0.53 km away.",2026-04-01 19:06:49
PROP1815,OWN1090,1 BHK Pg in Preet Vihar,Preet Vihar,Delhi NCR,PG,PG,1,232,20381,False,4.62,DOUBLE_SHARING,UNISEX,True,BOTH,"Well-maintained double sharing PG for unisexs located at Preet Vihar. Monthly rent is ₹20,381. Food is included (both). Nearest metro station is 4.62 km away.",2026-02-14 21:15:03
PROP1816,OWN1058,2 BHK Builder Floor in DLF Phase 5,DLF Phase 5,Delhi NCR,BUILDER_FLOOR,RENT,2,1042,30993,True,1.29,FULL_FLAT,ANY,False,NONE,"Spacious 2 BHK Builder Floor Available for Rent in DLF Phase 5. Covered area is 1042 sq.ft. Listed price is ₹30,993. Proximity to metro: 1.29 km.",2025-10-14 08:21:44
PROP1817,OWN1189,1 BHK Independent House in Sohna Road Gurgaon,Sohna Road Gurgaon,Delhi NCR,INDEPENDENT_HOUSE,SALE,1,527,20584372,True,1.47,FULL_FLAT,ANY,False,NONE,"Spacious 1 BHK Independent House Available for Sale in Sohna Road Gurgaon. Covered area is 527 sq.ft. Listed price is ₹20,584,372. Proximity to metro: 1.47 km.",2026-04-30 07:14:48
PROP1818,OWN1159,1 BHK Pg in Noida Extension,Noida Extension,Delhi NCR,PG,PG,1,295,10999,True,0.22,TRIPLE_SHARING,MALE,False,NONE,"Well-maintained triple sharing PG for males located at Noida Extension. Monthly rent is ₹10,999. Food is not included. Nearest metro station is 0.22 km away.",2025-08-05 23:36:42
PROP1819,OWN1202,3 BHK Apartment in Cyber City Gurgaon,Cyber City Gurgaon,Delhi NCR,APARTMENT,SALE,3,1821,15252667,True,1.65,FULL_FLAT,ANY,False,NONE,"Spacious 3 BHK Apartment Available for Sale in Cyber City Gurgaon. Covered area is 1821 sq.ft. Listed price is ₹15,252,667. Proximity to metro: 1.65 km.",2026-04-19 00:54:59
PROP1820,OWN1209,4 BHK Apartment in East Delhi,East Delhi,Delhi NCR,APARTMENT,SALE,4,2964,32213364,True,1.85,FULL_FLAT,ANY,False,NONE,"Spacious 4 BHK Apartment Available for Sale in East Delhi. Covered area is 2964 sq.ft. Listed price is ₹32,213,364. Proximity to metro: 1.85 km.",2026-04-04 14:52:06
PROP1821,OWN1052,1 BHK Independent House in Janakpuri,Janakpuri,Delhi NCR,INDEPENDENT_HOUSE,RENT,1,540,67164,False,6.54,FULL_FLAT,ANY,False,NONE,"Spacious 1 BHK Independent House Available for Rent in Janakpuri. Covered area is 540 sq.ft. Listed price is ₹67,164. Proximity to metro: 6.54 km.",2026-05-13 09:37:32
PROP1822,OWN1281,1 BHK Apartment in DLF Phase 5,DLF Phase 5,Delhi NCR,APARTMENT,RENT,1,614,36083,False,4.99,FULL_FLAT,ANY,False,NONE,"Spacious 1 BHK Apartment Available for Rent in DLF Phase 5. Covered area is 614 sq.ft. Listed price is ₹36,083. Proximity to metro: 4.99 km.",2025-12-09 01:17:01
PROP1823,OWN1070,3 BHK Independent House in South Delhi,South Delhi,Delhi NCR,INDEPENDENT_HOUSE,RENT,3,1590,22778,True,0.56,FULL_FLAT,ANY,False,NONE,"Spacious 3 BHK Independent House Available for Rent in South Delhi. Covered area is 1590 sq.ft. Listed price is ₹22,778. Proximity to metro: 0.56 km.",2026-03-20 10:44:49
PROP1824,OWN1265,1 BHK Pg in Hauz Khas,Hauz Khas,Delhi NCR,PG,PG,1,295,20445,False,3.32,DOUBLE_SHARING,FEMALE,False,NONE,"Well-maintained double sharing PG for females located at Hauz Khas. Monthly rent is ₹20,445. Food is not included. Nearest metro station is 3.32 km away.",2026-05-16 19:29:09
PROP1825,OWN1089,1 BHK Apartment in DLF Phase 5,DLF Phase 5,Delhi NCR,APARTMENT,RENT,1,556,60182,True,1.11,FULL_FLAT,ANY,False,NONE,"Spacious 1 BHK Apartment Available for Rent in DLF Phase 5. Covered area is 556 sq.ft. Listed price is ₹60,182. Proximity to metro: 1.11 km.",2026-07-14 06:37:35
PROP1826,OWN1194,5 BHK Apartment in Gurgaon Sector 56,Gurgaon Sector 56,Delhi NCR,APARTMENT,SALE,5,3085,10471116,True,0.66,FULL_FLAT,ANY,False,NONE,"Spacious 5 BHK Apartment Available for Sale in Gurgaon Sector 56. Covered area is 3085 sq.ft. Listed price is ₹10,471,116. Proximity to metro: 0.66 km.",2026-01-17 22:56:31
PROP1827,OWN1087,3 BHK Builder Floor in West Delhi,West Delhi,Delhi NCR,BUILDER_FLOOR,RENT,3,1464,23673,True,0.59,FULL_FLAT,ANY,False,NONE,"Spacious 3 BHK Builder Floor Available for Rent in West Delhi. Covered area is 1464 sq.ft. Listed price is ₹23,673. Proximity to metro: 0.59 km.",2025-08-03 13:30:54
PROP1828,OWN1291,4 BHK Independent House in Saket,Saket,Delhi NCR,INDEPENDENT_HOUSE,SALE,4,2928,37661780,True,0.72,FULL_FLAT,ANY,False,NONE,"Spacious 4 BHK Independent House Available for Sale in Saket. Covered area is 2928 sq.ft. Listed price is ₹37,661,780. Proximity to metro: 0.72 km.",2026-01-20 11:58:25
PROP1829,OWN1105,1 BHK Pg in Pitampura,Pitampura,Delhi NCR,PG,PG,1,328,15722,True,0.5,DOUBLE_SHARING,UNISEX,False,NONE,"Well-maintained double sharing PG for unisexs located at Pitampura. Monthly rent is ₹15,722. Food is not included. Nearest metro station is 0.5 km away.",2026-02-21 14:23:24
PROP1830,OWN1106,1 BHK Pg in Preet Vihar,Preet Vihar,Delhi NCR,PG,PG,1,192,13205,True,0.27,DOUBLE_SHARING,MALE,False,NONE,"Well-maintained double sharing PG for males located at Preet Vihar. Monthly rent is ₹13,205. Food is not included. Nearest metro station is 0.27 km away.",2026-06-03 16:35:39
PROP1831,OWN1135,3 BHK Apartment in Gurgaon Golf Course Road,Gurgaon Golf Course Road,Delhi NCR,APARTMENT,RENT,3,1797,72052,True,0.22,FULL_FLAT,ANY,False,NONE,"Spacious 3 BHK Apartment Available for Rent in Gurgaon Golf Course Road. Covered area is 1797 sq.ft. Listed price is ₹72,052. Proximity to metro: 0.22 km.",2026-06-05 07:57:10
PROP1832,OWN1069,1 BHK Pg in DLF Phase 5,DLF Phase 5,Delhi NCR,PG,PG,1,221,13953,False,5.82,TRIPLE_SHARING,FEMALE,False,NONE,"Well-maintained triple sharing PG for females located at DLF Phase 5. Monthly rent is ₹13,953. Food is not included. Nearest metro station is 5.82 km away.",2025-12-28 20:37:42
PROP1833,OWN1038,3 BHK Apartment in Vasant Kunj,Vasant Kunj,Delhi NCR,APARTMENT,RENT,3,1530,73726,True,2.49,FULL_FLAT,ANY,False,NONE,"Spacious 3 BHK Apartment Available for Rent in Vasant Kunj. Covered area is 1530 sq.ft. Listed price is ₹73,726. Proximity to metro: 2.49 km.",2026-01-29 03:22:15
PROP1834,OWN1024,4 BHK Independent House in South Delhi,South Delhi,Delhi NCR,INDEPENDENT_HOUSE,SALE,4,2616,30987654,False,4.6,FULL_FLAT,ANY,False,NONE,"Spacious 4 BHK Independent House Available for Sale in South Delhi. Covered area is 2616 sq.ft. Listed price is ₹30,987,654. Proximity to metro: 4.6 km.",2026-01-03 22:19:54
PROP1835,OWN1287,2 BHK Builder Floor in East Delhi,East Delhi,Delhi NCR,BUILDER_FLOOR,RENT,2,1156,76597,True,2.22,FULL_FLAT,ANY,False,NONE,"Spacious 2 BHK Builder Floor Available for Rent in East Delhi. Covered area is 1156 sq.ft. Listed price is ₹76,597. Proximity to metro: 2.22 km.",2026-04-10 21:46:45
PROP1836,OWN1068,4 BHK Independent House in Dwarka Sector 21,Dwarka Sector 21,Delhi NCR,INDEPENDENT_HOUSE,SALE,4,2288,21975551,True,0.92,FULL_FLAT,ANY,False,NONE,"Spacious 4 BHK Independent House Available for Sale in Dwarka Sector 21. Covered area is 2288 sq.ft. Listed price is ₹21,975,551. Proximity to metro: 0.92 km.",2025-12-17 18:47:03
PROP1837,OWN1066,1 BHK Pg in Faridabad Sector 15,Faridabad Sector 15,Delhi NCR,PG,PG,1,333,16207,True,2.28,TRIPLE_SHARING,FEMALE,False,NONE,"Well-maintained triple sharing PG for females located at Faridabad Sector 15. Monthly rent is ₹16,207. Food is not included. Nearest metro station is 2.28 km away.",2026-03-17 04:39:57
PROP1838,OWN1135,2 BHK Builder Floor in Cyber City Gurgaon,Cyber City Gurgaon,Delhi NCR,BUILDER_FLOOR,RENT,2,1060,76392,True,1.48,FULL_FLAT,ANY,False,NONE,"Spacious 2 BHK Builder Floor Available for Rent in Cyber City Gurgaon. Covered area is 1060 sq.ft. Listed price is ₹76,392. Proximity to metro: 1.48 km.",2025-09-15 10:06:12
PROP1839,OWN1226,2 BHK Apartment in West Delhi,West Delhi,Delhi NCR,APARTMENT,SALE,2,1186,6906674,True,0.8,FULL_FLAT,ANY,False,NONE,"Spacious 2 BHK Apartment Available for Sale in West Delhi. Covered area is 1186 sq.ft. Listed price is ₹6,906,674. Proximity to metro: 0.8 km.",2026-01-08 12:27:06
PROP1840,OWN1240,1 BHK Builder Floor in Greater Noida Pari Chowk,Greater Noida Pari Chowk,Delhi NCR,BUILDER_FLOOR,SALE,1,726,28425659,False,5.63,FULL_FLAT,ANY,False,NONE,"Spacious 1 BHK Builder Floor Available for Sale in Greater Noida Pari Chowk. Covered area is 726 sq.ft. Listed price is ₹28,425,659. Proximity to metro: 5.63 km.",2026-07-10 00:48:59
PROP1841,OWN1235,2 BHK Independent House in Faridabad Sector 15,Faridabad Sector 15,Delhi NCR,INDEPENDENT_HOUSE,SALE,2,1126,27961547,True,0.67,FULL_FLAT,ANY,False,NONE,"Spacious 2 BHK Independent House Available for Sale in Faridabad Sector 15. Covered area is 1126 sq.ft. Listed price is ₹27,961,547. Proximity to metro: 0.67 km.",2025-11-21 16:45:23
PROP1842,OWN1146,1 BHK Pg in Lajpat Nagar,Lajpat Nagar,Delhi NCR,PG,PG,1,311,23670,False,6.74,DOUBLE_SHARING,UNISEX,True,VEG,"Well-maintained double sharing PG for unisexs located at Lajpat Nagar. Monthly rent is ₹23,670. Food is included (veg). Nearest metro station is 6.74 km away.",2026-03-31 01:05:32
PROP1843,OWN1093,1 BHK Pg in Greater Noida,Greater Noida,Delhi NCR,PG,PG,1,183,23322,True,0.85,TRIPLE_SHARING,MALE,False,NONE,"Well-maintained triple sharing PG for males located at Greater Noida. Monthly rent is ₹23,322. Food is not included. Nearest metro station is 0.85 km away.",2026-03-15 09:19:19
PROP1844,OWN1063,3 BHK Apartment in Noida Sector 76,Noida Sector 76,Delhi NCR,APARTMENT,SALE,3,1734,6437735,True,1.26,FULL_FLAT,ANY,False,NONE,"Spacious 3 BHK Apartment Available for Sale in Noida Sector 76. Covered area is 1734 sq.ft. Listed price is ₹6,437,735. Proximity to metro: 1.26 km.",2026-05-28 03:22:48
PROP1845,OWN1246,1 BHK Builder Floor in Ghaziabad Vasundhara,Ghaziabad Vasundhara,Delhi NCR,BUILDER_FLOOR,RENT,1,534,17747,False,5.96,FULL_FLAT,ANY,False,NONE,"Spacious 1 BHK Builder Floor Available for Rent in Ghaziabad Vasundhara. Covered area is 534 sq.ft. Listed price is ₹17,747. Proximity to metro: 5.96 km.",2026-05-28 08:25:46
PROP1846,OWN1232,1 BHK Pg in DLF Phase 5,DLF Phase 5,Delhi NCR,PG,PG,1,307,11237,True,2.04,SINGLE,MALE,False,NONE,"Well-maintained single PG for males located at DLF Phase 5. Monthly rent is ₹11,237. Food is not included. Nearest metro station is 2.04 km away.",2026-05-30 21:47:50
PROP1847,OWN1037,2 BHK Builder Floor in Noida Sector 18,Noida Sector 18,Delhi NCR,BUILDER_FLOOR,SALE,2,1244,31270884,True,0.25,FULL_FLAT,ANY,False,NONE,"Spacious 2 BHK Builder Floor Available for Sale in Noida Sector 18. Covered area is 1244 sq.ft. Listed price is ₹31,270,884. Proximity to metro: 0.25 km.",2025-12-06 20:04:52
PROP1848,OWN1107,3 BHK Builder Floor in Janakpuri,Janakpuri,Delhi NCR,BUILDER_FLOOR,SALE,3,1734,12593462,True,1.33,FULL_FLAT,ANY,False,NONE,"Spacious 3 BHK Builder Floor Available for Sale in Janakpuri. Covered area is 1734 sq.ft. Listed price is ₹12,593,462. Proximity to metro: 1.33 km.",2025-11-13 16:47:08
PROP1849,OWN1222,1 BHK Pg in Sohna Road Gurgaon,Sohna Road Gurgaon,Delhi NCR,PG,PG,1,274,11302,False,3.68,DOUBLE_SHARING,UNISEX,True,BOTH,"Well-maintained double sharing PG for unisexs located at Sohna Road Gurgaon. Monthly rent is ₹11,302. Food is included (both). Nearest metro station is 3.68 km away.",2026-04-09 13:06:52
PROP1850,OWN1229,4 BHK Independent House in Noida Sector 18,Noida Sector 18,Delhi NCR,INDEPENDENT_HOUSE,RENT,4,1892,67382,True,1.61,FULL_FLAT,ANY,False,NONE,"Spacious 4 BHK Independent House Available for Rent in Noida Sector 18. Covered area is 1892 sq.ft. Listed price is ₹67,382. Proximity to metro: 1.61 km.",2026-04-24 09:44:38
PROP1851,OWN1223,3 BHK Independent House in Greater Noida Pari Chowk,Greater Noida Pari Chowk,Delhi NCR,INDEPENDENT_HOUSE,SALE,3,2211,19547834,False,6.31,FULL_FLAT,ANY,False,NONE,"Spacious 3 BHK Independent House Available for Sale in Greater Noida Pari Chowk. Covered area is 2211 sq.ft. Listed price is ₹19,547,834. Proximity to metro: 6.31 km.",2026-06-04 16:06:36
PROP1852,OWN1080,1 BHK Independent House in Faridabad Sector 15,Faridabad Sector 15,Delhi NCR,INDEPENDENT_HOUSE,RENT,1,524,73370,True,0.38,FULL_FLAT,ANY,False,NONE,"Spacious 1 BHK Independent House Available for Rent in Faridabad Sector 15. Covered area is 524 sq.ft. Listed price is ₹73,370. Proximity to metro: 0.38 km.",2025-08-03 03:41:34
PROP1853,OWN1245,3 BHK Apartment in Sohna Road Gurgaon,Sohna Road Gurgaon,Delhi NCR,APARTMENT,SALE,3,1881,39604113,True,0.88,FULL_FLAT,ANY,False,NONE,"Spacious 3 BHK Apartment Available for Sale in Sohna Road Gurgaon. Covered area is 1881 sq.ft. Listed price is ₹39,604,113. Proximity to metro: 0.88 km.",2025-08-15 00:46:11
PROP1854,OWN1025,1 BHK Pg in Central Delhi,Central Delhi,Delhi NCR,PG,PG,1,251,10526,True,1.27,TRIPLE_SHARING,FEMALE,False,NONE,"Well-maintained triple sharing PG for females located at Central Delhi. Monthly rent is ₹10,526. Food is not included. Nearest metro station is 1.27 km away.",2026-03-08 13:36:57
PROP1855,OWN1292,1 BHK Independent House in Cyber City Gurgaon,Cyber City Gurgaon,Delhi NCR,INDEPENDENT_HOUSE,SALE,1,757,5591773,True,1.9,FULL_FLAT,ANY,False,NONE,"Spacious 1 BHK Independent House Available for Sale in Cyber City Gurgaon. Covered area is 757 sq.ft. Listed price is ₹5,591,773. Proximity to metro: 1.9 km.",2026-06-22 09:39:12
PROP1856,OWN1237,1 BHK Builder Floor in Lajpat Nagar,Lajpat Nagar,Delhi NCR,BUILDER_FLOOR,RENT,1,471,66558,False,4.21,FULL_FLAT,ANY,False,NONE,"Spacious 1 BHK Builder Floor Available for Rent in Lajpat Nagar. Covered area is 471 sq.ft. Listed price is ₹66,558. Proximity to metro: 4.21 km.",2026-07-20 08:12:22
PROP1857,OWN1233,3 BHK Builder Floor in Ghaziabad Indirapuram,Ghaziabad Indirapuram,Delhi NCR,BUILDER_FLOOR,RENT,3,1491,39665,True,0.38,FULL_FLAT,ANY,False,NONE,"Spacious 3 BHK Builder Floor Available for Rent in Ghaziabad Indirapuram. Covered area is 1491 sq.ft. Listed price is ₹39,665. Proximity to metro: 0.38 km.",2026-04-19 18:59:05
PROP1858,OWN1133,1 BHK Apartment in Vasant Kunj,Vasant Kunj,Delhi NCR,APARTMENT,RENT,1,551,27293,True,0.59,FULL_FLAT,ANY,False,NONE,"Spacious 1 BHK Apartment Available for Rent in Vasant Kunj. Covered area is 551 sq.ft. Listed price is ₹27,293. Proximity to metro: 0.59 km.",2025-12-26 13:05:59
PROP1859,OWN1245,4 BHK Independent House in Ghaziabad Vasundhara,Ghaziabad Vasundhara,Delhi NCR,INDEPENDENT_HOUSE,RENT,4,2108,59281,False,6.24,FULL_FLAT,ANY,False,NONE,"Spacious 4 BHK Independent House Available for Rent in Ghaziabad Vasundhara. Covered area is 2108 sq.ft. Listed price is ₹59,281. Proximity to metro: 6.24 km.",2025-08-25 23:56:19
PROP1860,OWN1203,1 BHK Apartment in Sohna Road Gurgaon,Sohna Road Gurgaon,Delhi NCR,APARTMENT,SALE,1,597,12010320,True,1.8,FULL_FLAT,ANY,False,NONE,"Spacious 1 BHK Apartment Available for Sale in Sohna Road Gurgaon. Covered area is 597 sq.ft. Listed price is ₹12,010,320. Proximity to metro: 1.8 km.",2026-03-09 12:17:28
PROP1861,OWN1097,2 BHK Independent House in North Delhi,North Delhi,Delhi NCR,INDEPENDENT_HOUSE,SALE,2,1246,33745269,False,7.23,FULL_FLAT,ANY,False,NONE,"Spacious 2 BHK Independent House Available for Sale in North Delhi. Covered area is 1246 sq.ft. Listed price is ₹33,745,269. Proximity to metro: 7.23 km.",2026-06-04 17:49:48
PROP1862,OWN1276,2 BHK Builder Floor in Pitampura,Pitampura,Delhi NCR,BUILDER_FLOOR,SALE,2,1484,32811835,True,0.47,FULL_FLAT,ANY,False,NONE,"Spacious 2 BHK Builder Floor Available for Sale in Pitampura. Covered area is 1484 sq.ft. Listed price is ₹32,811,835. Proximity to metro: 0.47 km.",2025-12-30 02:11:22
PROP1863,OWN1079,1 BHK Pg in Ghaziabad Indirapuram,Ghaziabad Indirapuram,Delhi NCR,PG,PG,1,240,7643,True,1.51,DOUBLE_SHARING,UNISEX,True,VEG,"Well-maintained double sharing PG for unisexs located at Ghaziabad Indirapuram. Monthly rent is ₹7,643. Food is included (veg). Nearest metro station is 1.51 km away.",2026-03-31 12:27:27
PROP1864,OWN1201,4 BHK Apartment in West Delhi,West Delhi,Delhi NCR,APARTMENT,SALE,4,2848,37766079,False,5.72,FULL_FLAT,ANY,False,NONE,"Spacious 4 BHK Apartment Available for Sale in West Delhi. Covered area is 2848 sq.ft. Listed price is ₹37,766,079. Proximity to metro: 5.72 km.",2026-06-16 00:12:30
PROP1865,OWN1284,4 BHK Builder Floor in Gurgaon Sector 45,Gurgaon Sector 45,Delhi NCR,BUILDER_FLOOR,SALE,4,3048,44163974,False,5.9,FULL_FLAT,ANY,False,NONE,"Spacious 4 BHK Builder Floor Available for Sale in Gurgaon Sector 45. Covered area is 3048 sq.ft. Listed price is ₹44,163,974. Proximity to metro: 5.9 km.",2025-08-06 20:09:20
PROP1866,OWN1250,1 BHK Independent House in Gurgaon Sector 56,Gurgaon Sector 56,Delhi NCR,INDEPENDENT_HOUSE,RENT,1,558,53399,False,2.94,FULL_FLAT,ANY,False,NONE,"Spacious 1 BHK Independent House Available for Rent in Gurgaon Sector 56. Covered area is 558 sq.ft. Listed price is ₹53,399. Proximity to metro: 2.94 km.",2026-05-07 19:48:45
PROP1867,OWN1214,3 BHK Independent House in Ghaziabad Raj Nagar Extension,Ghaziabad Raj Nagar Extension,Delhi NCR,INDEPENDENT_HOUSE,SALE,3,2187,33774900,True,0.57,FULL_FLAT,ANY,False,NONE,"Spacious 3 BHK Independent House Available for Sale in Ghaziabad Raj Nagar Extension. Covered area is 2187 sq.ft. Listed price is ₹33,774,900. Proximity to metro: 0.57 km.",2025-11-05 04:36:05
PROP1868,OWN1099,5 BHK Apartment in Ghaziabad Raj Nagar Extension,Ghaziabad Raj Nagar Extension,Delhi NCR,APARTMENT,SALE,5,3060,43937108,False,4.43,FULL_FLAT,ANY,False,NONE,"Spacious 5 BHK Apartment Available for Sale in Ghaziabad Raj Nagar Extension. Covered area is 3060 sq.ft. Listed price is ₹43,937,108. Proximity to metro: 4.43 km.",2025-12-04 22:46:37
PROP1869,OWN1240,1 BHK Pg in Hauz Khas,Hauz Khas,Delhi NCR,PG,PG,1,305,19791,True,2.04,DOUBLE_SHARING,UNISEX,False,NONE,"Well-maintained double sharing PG for unisexs located at Hauz Khas. Monthly rent is ₹19,791. Food is not included. Nearest metro station is 2.04 km away.",2025-09-12 05:02:23
PROP1870,OWN1083,1 BHK Independent House in Preet Vihar,Preet Vihar,Delhi NCR,INDEPENDENT_HOUSE,SALE,1,747,13163523,True,0.66,FULL_FLAT,ANY,False,NONE,"Spacious 1 BHK Independent House Available for Sale in Preet Vihar. Covered area is 747 sq.ft. Listed price is ₹13,163,523. Proximity to metro: 0.66 km.",2026-01-31 01:05:11
PROP1871,OWN1252,3 BHK Builder Floor in Vasant Kunj,Vasant Kunj,Delhi NCR,BUILDER_FLOOR,RENT,3,1530,39450,False,2.85,FULL_FLAT,ANY,False,NONE,"Spacious 3 BHK Builder Floor Available for Rent in Vasant Kunj. Covered area is 1530 sq.ft. Listed price is ₹39,450. Proximity to metro: 2.85 km.",2026-02-12 17:47:58
PROP1872,OWN1010,1 BHK Pg in Noida Sector 150,Noida Sector 150,Delhi NCR,PG,PG,1,211,12197,True,1.19,SINGLE,UNISEX,True,VEG,"Well-maintained single PG for unisexs located at Noida Sector 150. Monthly rent is ₹12,197. Food is included (veg). Nearest metro station is 1.19 km away.",2026-05-06 12:02:43
PROP1873,OWN1117,3 BHK Builder Floor in Saket,Saket,Delhi NCR,BUILDER_FLOOR,RENT,3,1611,58562,True,1.97,FULL_FLAT,ANY,False,NONE,"Spacious 3 BHK Builder Floor Available for Rent in Saket. Covered area is 1611 sq.ft. Listed price is ₹58,562. Proximity to metro: 1.97 km.",2025-09-21 03:02:45
PROP1874,OWN1286,1 BHK Pg in Golf Course Extension Road,Golf Course Extension Road,Delhi NCR,PG,PG,1,338,23888,True,2.04,TRIPLE_SHARING,UNISEX,True,VEG,"Well-maintained triple sharing PG for unisexs located at Golf Course Extension Road. Monthly rent is ₹23,888. Food is included (veg). Nearest metro station is 2.04 km away.",2025-08-18 21:13:39
PROP1875,OWN1057,1 BHK Independent House in Vasant Kunj,Vasant Kunj,Delhi NCR,INDEPENDENT_HOUSE,RENT,1,593,17501,False,3.17,FULL_FLAT,ANY,False,NONE,"Spacious 1 BHK Independent House Available for Rent in Vasant Kunj. Covered area is 593 sq.ft. Listed price is ₹17,501. Proximity to metro: 3.17 km.",2026-06-04 02:34:51
PROP1876,OWN1061,1 BHK Pg in Preet Vihar,Preet Vihar,Delhi NCR,PG,PG,1,160,16572,False,7.3,TRIPLE_SHARING,FEMALE,False,NONE,"Well-maintained triple sharing PG for females located at Preet Vihar. Monthly rent is ₹16,572. Food is not included. Nearest metro station is 7.3 km away.",2026-03-04 09:14:32
PROP1877,OWN1079,1 BHK Apartment in Noida Extension,Noida Extension,Delhi NCR,APARTMENT,SALE,1,603,33968069,True,1.97,FULL_FLAT,ANY,False,NONE,"Spacious 1 BHK Apartment Available for Sale in Noida Extension. Covered area is 603 sq.ft. Listed price is ₹33,968,069. Proximity to metro: 1.97 km.",2025-10-17 00:03:58
PROP1878,OWN1004,1 BHK Pg in Gurgaon Golf Course Road,Gurgaon Golf Course Road,Delhi NCR,PG,PG,1,241,18184,True,1.06,DOUBLE_SHARING,UNISEX,True,VEG,"Well-maintained double sharing PG for unisexs located at Gurgaon Golf Course Road. Monthly rent is ₹18,184. Food is included (veg). Nearest metro station is 1.06 km away.",2026-06-19 10:39:00
PROP1879,OWN1213,2 BHK Apartment in Noida Extension,Noida Extension,Delhi NCR,APARTMENT,RENT,2,1284,81422,True,2.01,FULL_FLAT,ANY,False,NONE,"Spacious 2 BHK Apartment Available for Rent in Noida Extension. Covered area is 1284 sq.ft. Listed price is ₹81,422. Proximity to metro: 2.01 km.",2025-09-11 07:32:44
PROP1880,OWN1071,4 BHK Builder Floor in Greater Noida Pari Chowk,Greater Noida Pari Chowk,Delhi NCR,BUILDER_FLOOR,RENT,4,2328,59418,True,1.22,FULL_FLAT,ANY,False,NONE,"Spacious 4 BHK Builder Floor Available for Rent in Greater Noida Pari Chowk. Covered area is 2328 sq.ft. Listed price is ₹59,418. Proximity to metro: 1.22 km.",2026-01-05 11:20:22
PROP1881,OWN1006,1 BHK Pg in Faridabad Neharpar,Faridabad Neharpar,Delhi NCR,PG,PG,1,141,18085,True,1.1,DOUBLE_SHARING,FEMALE,True,BOTH,"Well-maintained double sharing PG for females located at Faridabad Neharpar. Monthly rent is ₹18,085. Food is included (both). Nearest metro station is 1.1 km away.",2025-10-21 19:18:51
PROP1882,OWN1019,1 BHK Pg in Rohini Sector 10,Rohini Sector 10,Delhi NCR,PG,PG,1,134,24032,False,6.38,DOUBLE_SHARING,FEMALE,False,NONE,"Well-maintained double sharing PG for females located at Rohini Sector 10. Monthly rent is ₹24,032. Food is not included. Nearest metro station is 6.38 km away.",2025-10-22 07:08:33
PROP1883,OWN1156,1 BHK Pg in DLF Phase 5,DLF Phase 5,Delhi NCR,PG,PG,1,122,16167,True,1.68,TRIPLE_SHARING,UNISEX,True,BOTH,"Well-maintained triple sharing PG for unisexs located at DLF Phase 5. Monthly rent is ₹16,167. Food is included (both). Nearest metro station is 1.68 km away.",2025-07-24 11:23:08
PROP1884,OWN1279,4 BHK Independent House in Ghaziabad Indirapuram,Ghaziabad Indirapuram,Delhi NCR,INDEPENDENT_HOUSE,RENT,4,2592,37859,True,0.39,FULL_FLAT,ANY,False,NONE,"Spacious 4 BHK Independent House Available for Rent in Ghaziabad Indirapuram. Covered area is 2592 sq.ft. Listed price is ₹37,859. Proximity to metro: 0.39 km.",2026-05-10 22:13:49
PROP1885,OWN1276,2 BHK Independent House in Noida Sector 62,Noida Sector 62,Delhi NCR,INDEPENDENT_HOUSE,SALE,2,1532,40791817,True,0.69,FULL_FLAT,ANY,False,NONE,"Spacious 2 BHK Independent House Available for Sale in Noida Sector 62. Covered area is 1532 sq.ft. Listed price is ₹40,791,817. Proximity to metro: 0.69 km.",2026-06-15 04:47:43
PROP1886,OWN1262,2 BHK Independent House in Sohna Road Gurgaon,Sohna Road Gurgaon,Delhi NCR,INDEPENDENT_HOUSE,RENT,2,910,15655,False,5.8,FULL_FLAT,ANY,False,NONE,"Spacious 2 BHK Independent House Available for Rent in Sohna Road Gurgaon. Covered area is 910 sq.ft. Listed price is ₹15,655. Proximity to metro: 5.8 km.",2026-03-25 12:47:03
PROP1887,OWN1124,1 BHK Independent House in Sohna Road Gurgaon,Sohna Road Gurgaon,Delhi NCR,INDEPENDENT_HOUSE,RENT,1,637,19857,True,0.8,FULL_FLAT,ANY,False,NONE,"Spacious 1 BHK Independent House Available for Rent in Sohna Road Gurgaon. Covered area is 637 sq.ft. Listed price is ₹19,857. Proximity to metro: 0.8 km.",2025-09-16 17:47:11
PROP1888,OWN1260,1 BHK Independent House in Noida Sector 150,Noida Sector 150,Delhi NCR,INDEPENDENT_HOUSE,SALE,1,729,24495831,False,6.58,FULL_FLAT,ANY,False,NONE,"Spacious 1 BHK Independent House Available for Sale in Noida Sector 150. Covered area is 729 sq.ft. Listed price is ₹24,495,831. Proximity to metro: 6.58 km.",2025-12-29 09:06:26
PROP1889,OWN1233,1 BHK Pg in Noida Sector 62,Noida Sector 62,Delhi NCR,PG,PG,1,326,24474,True,0.85,TRIPLE_SHARING,MALE,False,NONE,"Well-maintained triple sharing PG for males located at Noida Sector 62. Monthly rent is ₹24,474. Food is not included. Nearest metro station is 0.85 km away.",2025-11-24 06:09:19
PROP1890,OWN1294,2 BHK Independent House in Hauz Khas,Hauz Khas,Delhi NCR,INDEPENDENT_HOUSE,RENT,2,952,54971,False,5.74,FULL_FLAT,ANY,False,NONE,"Spacious 2 BHK Independent House Available for Rent in Hauz Khas. Covered area is 952 sq.ft. Listed price is ₹54,971. Proximity to metro: 5.74 km.",2026-02-20 15:31:21
PROP1891,OWN1185,4 BHK Independent House in Ghaziabad Vasundhara,Ghaziabad Vasundhara,Delhi NCR,INDEPENDENT_HOUSE,SALE,4,2840,9999381,True,0.34,FULL_FLAT,ANY,False,NONE,"Spacious 4 BHK Independent House Available for Sale in Ghaziabad Vasundhara. Covered area is 2840 sq.ft. Listed price is ₹9,999,381. Proximity to metro: 0.34 km.",2026-03-11 09:47:35
PROP1892,OWN1067,3 BHK Apartment in Ghaziabad Raj Nagar Extension,Ghaziabad Raj Nagar Extension,Delhi NCR,APARTMENT,SALE,3,2307,31528343,False,5.62,FULL_FLAT,ANY,False,NONE,"Spacious 3 BHK Apartment Available for Sale in Ghaziabad Raj Nagar Extension. Covered area is 2307 sq.ft. Listed price is ₹31,528,343. Proximity to metro: 5.62 km.",2025-12-23 00:24:01
PROP1893,OWN1203,4 BHK Independent House in Cyber City Gurgaon,Cyber City Gurgaon,Delhi NCR,INDEPENDENT_HOUSE,RENT,4,2248,76165,False,7.86,FULL_FLAT,ANY,False,NONE,"Spacious 4 BHK Independent House Available for Rent in Cyber City Gurgaon. Covered area is 2248 sq.ft. Listed price is ₹76,165. Proximity to metro: 7.86 km.",2025-10-20 09:18:39
PROP1894,OWN1084,4 BHK Builder Floor in Rohini Sector 10,Rohini Sector 10,Delhi NCR,BUILDER_FLOOR,RENT,4,1932,79264,False,3.24,FULL_FLAT,ANY,False,NONE,"Spacious 4 BHK Builder Floor Available for Rent in Rohini Sector 10. Covered area is 1932 sq.ft. Listed price is ₹79,264. Proximity to metro: 3.24 km.",2026-05-25 18:44:28
PROP1895,OWN1109,2 BHK Independent House in Ghaziabad Vasundhara,Ghaziabad Vasundhara,Delhi NCR,INDEPENDENT_HOUSE,RENT,2,1186,60409,True,1.58,FULL_FLAT,ANY,False,NONE,"Spacious 2 BHK Independent House Available for Rent in Ghaziabad Vasundhara. Covered area is 1186 sq.ft. Listed price is ₹60,409. Proximity to metro: 1.58 km.",2025-10-01 19:17:54
PROP1896,OWN1210,3 BHK Independent House in Saket,Saket,Delhi NCR,INDEPENDENT_HOUSE,SALE,3,1560,39583004,True,0.47,FULL_FLAT,ANY,False,NONE,"Spacious 3 BHK Independent House Available for Sale in Saket. Covered area is 1560 sq.ft. Listed price is ₹39,583,004. Proximity to metro: 0.47 km.",2025-12-08 13:08:19
PROP1897,OWN1157,1 BHK Builder Floor in Noida Extension,Noida Extension,Delhi NCR,BUILDER_FLOOR,SALE,1,573,14038840,False,4.88,FULL_FLAT,ANY,False,NONE,"Spacious 1 BHK Builder Floor Available for Sale in Noida Extension. Covered area is 573 sq.ft. Listed price is ₹14,038,840. Proximity to metro: 4.88 km.",2026-01-13 12:41:45
PROP1898,OWN1157,4 BHK Independent House in Gurgaon Sector 45,Gurgaon Sector 45,Delhi NCR,INDEPENDENT_HOUSE,SALE,4,2004,12709286,False,4.48,FULL_FLAT,ANY,False,NONE,"Spacious 4 BHK Independent House Available for Sale in Gurgaon Sector 45. Covered area is 2004 sq.ft. Listed price is ₹12,709,286. Proximity to metro: 4.48 km.",2025-10-15 16:17:53
PROP1899,OWN1023,4 BHK Builder Floor in Greater Noida,Greater Noida,Delhi NCR,BUILDER_FLOOR,RENT,4,2144,61454,True,2.12,FULL_FLAT,ANY,False,NONE,"Spacious 4 BHK Builder Floor Available for Rent in Greater Noida. Covered area is 2144 sq.ft. Listed price is ₹61,454. Proximity to metro: 2.12 km.",2026-02-14 22:20:49
PROP1900,OWN1068,4 BHK Builder Floor in Hauz Khas,Hauz Khas,Delhi NCR,BUILDER_FLOOR,RENT,4,2480,70861,True,2.19,FULL_FLAT,ANY,False,NONE,"Spacious 4 BHK Builder Floor Available for Rent in Hauz Khas. Covered area is 2480 sq.ft. Listed price is ₹70,861. Proximity to metro: 2.19 km.",2026-02-15 23:40:24
PROP1901,OWN1167,4 BHK Independent House in Dwarka Sector 21,Dwarka Sector 21,Delhi NCR,INDEPENDENT_HOUSE,RENT,4,2196,42516,True,0.98,FULL_FLAT,ANY,False,NONE,"Spacious 4 BHK Independent House Available for Rent in Dwarka Sector 21. Covered area is 2196 sq.ft. Listed price is ₹42,516. Proximity to metro: 0.98 km.",2026-07-18 14:42:36
PROP1902,OWN1024,1 BHK Independent House in Ghaziabad Indirapuram,Ghaziabad Indirapuram,Delhi NCR,INDEPENDENT_HOUSE,RENT,1,492,15251,False,6.0,FULL_FLAT,ANY,False,NONE,"Spacious 1 BHK Independent House Available for Rent in Ghaziabad Indirapuram. Covered area is 492 sq.ft. Listed price is ₹15,251. Proximity to metro: 6.0 km.",2025-11-05 20:55:54
PROP1903,OWN1159,2 BHK Apartment in Saket,Saket,Delhi NCR,APARTMENT,RENT,2,1216,83019,False,6.69,FULL_FLAT,ANY,False,NONE,"Spacious 2 BHK Apartment Available for Rent in Saket. Covered area is 1216 sq.ft. Listed price is ₹83,019. Proximity to metro: 6.69 km.",2026-07-13 05:26:11
PROP1904,OWN1292,5 BHK Builder Floor in Faridabad Neharpar,Faridabad Neharpar,Delhi NCR,BUILDER_FLOOR,SALE,5,2545,12572067,False,7.66,FULL_FLAT,ANY,False,NONE,"Spacious 5 BHK Builder Floor Available for Sale in Faridabad Neharpar. Covered area is 2545 sq.ft. Listed price is ₹12,572,067. Proximity to metro: 7.66 km.",2026-03-18 10:53:40
PROP1905,OWN1093,2 BHK Apartment in North Delhi,North Delhi,Delhi NCR,APARTMENT,SALE,2,1592,34311735,True,2.06,FULL_FLAT,ANY,False,NONE,"Spacious 2 BHK Apartment Available for Sale in North Delhi. Covered area is 1592 sq.ft. Listed price is ₹34,311,735. Proximity to metro: 2.06 km.",2025-10-29 07:02:20
PROP1906,OWN1165,1 BHK Builder Floor in Noida Sector 76,Noida Sector 76,Delhi NCR,BUILDER_FLOOR,RENT,1,537,69280,True,1.15,FULL_FLAT,ANY,False,NONE,"Spacious 1 BHK Builder Floor Available for Rent in Noida Sector 76. Covered area is 537 sq.ft. Listed price is ₹69,280. Proximity to metro: 1.15 km.",2026-02-12 17:48:28
PROP1907,OWN1271,1 BHK Apartment in DLF Phase 5,DLF Phase 5,Delhi NCR,APARTMENT,SALE,1,550,40858191,True,0.86,FULL_FLAT,ANY,False,NONE,"Spacious 1 BHK Apartment Available for Sale in DLF Phase 5. Covered area is 550 sq.ft. Listed price is ₹40,858,191. Proximity to metro: 0.86 km.",2026-03-28 12:33:49
PROP1908,OWN1094,3 BHK Apartment in Cyber City Gurgaon,Cyber City Gurgaon,Delhi NCR,APARTMENT,RENT,3,1662,34176,True,1.61,FULL_FLAT,ANY,False,NONE,"Spacious 3 BHK Apartment Available for Rent in Cyber City Gurgaon. Covered area is 1662 sq.ft. Listed price is ₹34,176. Proximity to metro: 1.61 km.",2026-04-19 00:35:54
PROP1909,OWN1167,3 BHK Apartment in Lajpat Nagar,Lajpat Nagar,Delhi NCR,APARTMENT,SALE,3,2097,11126612,True,0.53,FULL_FLAT,ANY,False,NONE,"Spacious 3 BHK Apartment Available for Sale in Lajpat Nagar. Covered area is 2097 sq.ft. Listed price is ₹11,126,612. Proximity to metro: 0.53 km.",2025-08-07 22:55:12
PROP1910,OWN1166,1 BHK Apartment in Cyber City Gurgaon,Cyber City Gurgaon,Delhi NCR,APARTMENT,SALE,1,603,20580824,False,5.76,FULL_FLAT,ANY,False,NONE,"Spacious 1 BHK Apartment Available for Sale in Cyber City Gurgaon. Covered area is 603 sq.ft. Listed price is ₹20,580,824. Proximity to metro: 5.76 km.",2026-02-27 12:37:25
PROP1911,OWN1253,1 BHK Builder Floor in Faridabad Sector 81,Faridabad Sector 81,Delhi NCR,BUILDER_FLOOR,RENT,1,518,19947,True,1.27,FULL_FLAT,ANY,False,NONE,"Spacious 1 BHK Builder Floor Available for Rent in Faridabad Sector 81. Covered area is 518 sq.ft. Listed price is ₹19,947. Proximity to metro: 1.27 km.",2026-01-18 11:12:07
PROP1912,OWN1209,2 BHK Builder Floor in Central Delhi,Central Delhi,Delhi NCR,BUILDER_FLOOR,RENT,2,908,47279,False,7.8,FULL_FLAT,ANY,False,NONE,"Spacious 2 BHK Builder Floor Available for Rent in Central Delhi. Covered area is 908 sq.ft. Listed price is ₹47,279. Proximity to metro: 7.8 km.",2026-06-16 06:37:05
PROP1913,OWN1052,2 BHK Independent House in Gurgaon Golf Course Road,Gurgaon Golf Course Road,Delhi NCR,INDEPENDENT_HOUSE,RENT,2,1054,65313,True,0.39,FULL_FLAT,ANY,False,NONE,"Spacious 2 BHK Independent House Available for Rent in Gurgaon Golf Course Road. Covered area is 1054 sq.ft. Listed price is ₹65,313. Proximity to metro: 0.39 km.",2025-11-02 13:43:09
PROP1914,OWN1257,3 BHK Apartment in Preet Vihar,Preet Vihar,Delhi NCR,APARTMENT,RENT,3,1764,34044,True,1.44,FULL_FLAT,ANY,False,NONE,"Spacious 3 BHK Apartment Available for Rent in Preet Vihar. Covered area is 1764 sq.ft. Listed price is ₹34,044. Proximity to metro: 1.44 km.",2026-05-08 19:37:33
PROP1915,OWN1217,5 BHK Builder Floor in Ghaziabad Indirapuram,Ghaziabad Indirapuram,Delhi NCR,BUILDER_FLOOR,SALE,5,3240,15732794,True,0.34,FULL_FLAT,ANY,False,NONE,"Spacious 5 BHK Builder Floor Available for Sale in Ghaziabad Indirapuram. Covered area is 3240 sq.ft. Listed price is ₹15,732,794. Proximity to metro: 0.34 km.",2026-02-27 18:23:45
PROP1916,OWN1247,4 BHK Independent House in Golf Course Extension Road,Golf Course Extension Road,Delhi NCR,INDEPENDENT_HOUSE,RENT,4,2156,39886,False,7.14,FULL_FLAT,ANY,False,NONE,"Spacious 4 BHK Independent House Available for Rent in Golf Course Extension Road. Covered area is 2156 sq.ft. Listed price is ₹39,886. Proximity to metro: 7.14 km.",2025-11-26 17:22:15
PROP1917,OWN1145,5 BHK Independent House in East Delhi,East Delhi,Delhi NCR,INDEPENDENT_HOUSE,SALE,5,2675,24675498,True,1.11,FULL_FLAT,ANY,False,NONE,"Spacious 5 BHK Independent House Available for Sale in East Delhi. Covered area is 2675 sq.ft. Listed price is ₹24,675,498. Proximity to metro: 1.11 km.",2026-03-10 13:26:58
PROP1918,OWN1063,4 BHK Builder Floor in Hauz Khas,Hauz Khas,Delhi NCR,BUILDER_FLOOR,RENT,4,2012,78167,True,2.23,FULL_FLAT,ANY,False,NONE,"Spacious 4 BHK Builder Floor Available for Rent in Hauz Khas. Covered area is 2012 sq.ft. Listed price is ₹78,167. Proximity to metro: 2.23 km.",2026-03-04 19:35:34
PROP1919,OWN1176,1 BHK Pg in Cyber City Gurgaon,Cyber City Gurgaon,Delhi NCR,PG,PG,1,301,21834,True,0.68,DOUBLE_SHARING,MALE,False,NONE,"Well-maintained double sharing PG for males located at Cyber City Gurgaon. Monthly rent is ₹21,834. Food is not included. Nearest metro station is 0.68 km away.",2026-03-25 14:07:50
PROP1920,OWN1169,1 BHK Pg in North Delhi,North Delhi,Delhi NCR,PG,PG,1,154,7067,False,3.54,TRIPLE_SHARING,FEMALE,True,VEG,"Well-maintained triple sharing PG for females located at North Delhi. Monthly rent is ₹7,067. Food is included (veg). Nearest metro station is 3.54 km away.",2026-04-10 08:29:42
PROP1921,OWN1285,1 BHK Independent House in Faridabad Sector 15,Faridabad Sector 15,Delhi NCR,INDEPENDENT_HOUSE,RENT,1,616,22161,False,2.77,FULL_FLAT,ANY,False,NONE,"Spacious 1 BHK Independent House Available for Rent in Faridabad Sector 15. Covered area is 616 sq.ft. Listed price is ₹22,161. Proximity to metro: 2.77 km.",2026-03-18 19:14:13
PROP1922,OWN1228,5 BHK Builder Floor in Saket,Saket,Delhi NCR,BUILDER_FLOOR,SALE,5,3415,30454422,True,2.13,FULL_FLAT,ANY,False,NONE,"Spacious 5 BHK Builder Floor Available for Sale in Saket. Covered area is 3415 sq.ft. Listed price is ₹30,454,422. Proximity to metro: 2.13 km.",2026-05-23 05:40:19
PROP1923,OWN1005,4 BHK Apartment in Saket,Saket,Delhi NCR,APARTMENT,RENT,4,1808,41035,False,2.71,FULL_FLAT,ANY,False,NONE,"Spacious 4 BHK Apartment Available for Rent in Saket. Covered area is 1808 sq.ft. Listed price is ₹41,035. Proximity to metro: 2.71 km.",2026-03-07 12:04:55
PROP1924,OWN1144,3 BHK Independent House in Noida Sector 150,Noida Sector 150,Delhi NCR,INDEPENDENT_HOUSE,SALE,3,1839,20220784,True,2.42,FULL_FLAT,ANY,False,NONE,"Spacious 3 BHK Independent House Available for Sale in Noida Sector 150. Covered area is 1839 sq.ft. Listed price is ₹20,220,784. Proximity to metro: 2.42 km.",2026-06-16 00:01:48
PROP1925,OWN1019,2 BHK Independent House in Golf Course Extension Road,Golf Course Extension Road,Delhi NCR,INDEPENDENT_HOUSE,RENT,2,902,37701,False,4.74,FULL_FLAT,ANY,False,NONE,"Spacious 2 BHK Independent House Available for Rent in Golf Course Extension Road. Covered area is 902 sq.ft. Listed price is ₹37,701. Proximity to metro: 4.74 km.",2026-03-14 02:40:35
PROP1926,OWN1143,2 BHK Independent House in Faridabad Sector 81,Faridabad Sector 81,Delhi NCR,INDEPENDENT_HOUSE,RENT,2,1236,35006,True,1.55,FULL_FLAT,ANY,False,NONE,"Spacious 2 BHK Independent House Available for Rent in Faridabad Sector 81. Covered area is 1236 sq.ft. Listed price is ₹35,006. Proximity to metro: 1.55 km.",2025-11-10 21:02:29
PROP1927,OWN1034,2 BHK Independent House in Hauz Khas,Hauz Khas,Delhi NCR,INDEPENDENT_HOUSE,SALE,2,1534,22909838,True,2.15,FULL_FLAT,ANY,False,NONE,"Spacious 2 BHK Independent House Available for Sale in Hauz Khas. Covered area is 1534 sq.ft. Listed price is ₹22,909,838. Proximity to metro: 2.15 km.",2025-12-29 01:09:37
PROP1928,OWN1012,1 BHK Builder Floor in Cyber City Gurgaon,Cyber City Gurgaon,Delhi NCR,BUILDER_FLOOR,RENT,1,559,18797,True,1.19,FULL_FLAT,ANY,False,NONE,"Spacious 1 BHK Builder Floor Available for Rent in Cyber City Gurgaon. Covered area is 559 sq.ft. Listed price is ₹18,797. Proximity to metro: 1.19 km.",2026-02-17 17:24:53
PROP1929,OWN1209,4 BHK Independent House in Golf Course Extension Road,Golf Course Extension Road,Delhi NCR,INDEPENDENT_HOUSE,SALE,4,3012,28757964,False,6.7,FULL_FLAT,ANY,False,NONE,"Spacious 4 BHK Independent House Available for Sale in Golf Course Extension Road. Covered area is 3012 sq.ft. Listed price is ₹28,757,964. Proximity to metro: 6.7 km.",2026-04-14 12:41:59
PROP1930,OWN1115,5 BHK Builder Floor in West Delhi,West Delhi,Delhi NCR,BUILDER_FLOOR,SALE,5,3645,25722639,True,1.1,FULL_FLAT,ANY,False,NONE,"Spacious 5 BHK Builder Floor Available for Sale in West Delhi. Covered area is 3645 sq.ft. Listed price is ₹25,722,639. Proximity to metro: 1.1 km.",2025-08-22 23:05:51
PROP1931,OWN1172,1 BHK Pg in Dwarka Sector 21,Dwarka Sector 21,Delhi NCR,PG,PG,1,326,7831,True,2.31,TRIPLE_SHARING,MALE,False,NONE,"Well-maintained triple sharing PG for males located at Dwarka Sector 21. Monthly rent is ₹7,831. Food is not included. Nearest metro station is 2.31 km away.",2025-11-05 19:52:38
PROP1932,OWN1101,1 BHK Apartment in Janakpuri,Janakpuri,Delhi NCR,APARTMENT,SALE,1,514,36710001,True,2.06,FULL_FLAT,ANY,False,NONE,"Spacious 1 BHK Apartment Available for Sale in Janakpuri. Covered area is 514 sq.ft. Listed price is ₹36,710,001. Proximity to metro: 2.06 km.",2026-04-20 01:14:52
PROP1933,OWN1172,2 BHK Builder Floor in Cyber City Gurgaon,Cyber City Gurgaon,Delhi NCR,BUILDER_FLOOR,SALE,2,1348,8152927,True,1.4,FULL_FLAT,ANY,False,NONE,"Spacious 2 BHK Builder Floor Available for Sale in Cyber City Gurgaon. Covered area is 1348 sq.ft. Listed price is ₹8,152,927. Proximity to metro: 1.4 km.",2025-09-23 04:37:43
PROP1934,OWN1122,4 BHK Independent House in Central Delhi,Central Delhi,Delhi NCR,INDEPENDENT_HOUSE,RENT,4,2580,24539,False,5.01,FULL_FLAT,ANY,False,NONE,"Spacious 4 BHK Independent House Available for Rent in Central Delhi. Covered area is 2580 sq.ft. Listed price is ₹24,539. Proximity to metro: 5.01 km.",2025-09-07 07:29:27
PROP1935,OWN1064,1 BHK Pg in Dwarka Sector 21,Dwarka Sector 21,Delhi NCR,PG,PG,1,128,19366,True,2.31,DOUBLE_SHARING,UNISEX,True,VEG,"Well-maintained double sharing PG for unisexs located at Dwarka Sector 21. Monthly rent is ₹19,366. Food is included (veg). Nearest metro station is 2.31 km away.",2026-02-03 01:19:44
PROP1936,OWN1227,4 BHK Independent House in West Delhi,West Delhi,Delhi NCR,INDEPENDENT_HOUSE,SALE,4,2132,11333533,False,2.9,FULL_FLAT,ANY,False,NONE,"Spacious 4 BHK Independent House Available for Sale in West Delhi. Covered area is 2132 sq.ft. Listed price is ₹11,333,533. Proximity to metro: 2.9 km.",2026-07-10 20:51:16
PROP1937,OWN1027,1 BHK Pg in Gurgaon Sector 45,Gurgaon Sector 45,Delhi NCR,PG,PG,1,222,10140,True,1.08,TRIPLE_SHARING,FEMALE,True,VEG,"Well-maintained triple sharing PG for females located at Gurgaon Sector 45. Monthly rent is ₹10,140. Food is included (veg). Nearest metro station is 1.08 km away.",2026-01-30 22:20:04
PROP1938,OWN1220,1 BHK Independent House in Vasant Kunj,Vasant Kunj,Delhi NCR,INDEPENDENT_HOUSE,SALE,1,732,39209569,True,1.55,FULL_FLAT,ANY,False,NONE,"Spacious 1 BHK Independent House Available for Sale in Vasant Kunj. Covered area is 732 sq.ft. Listed price is ₹39,209,569. Proximity to metro: 1.55 km.",2026-06-19 16:25:03
PROP1939,OWN1056,1 BHK Independent House in Vasant Kunj,Vasant Kunj,Delhi NCR,INDEPENDENT_HOUSE,SALE,1,599,42967615,True,1.67,FULL_FLAT,ANY,False,NONE,"Spacious 1 BHK Independent House Available for Sale in Vasant Kunj. Covered area is 599 sq.ft. Listed price is ₹42,967,615. Proximity to metro: 1.67 km.",2026-05-20 08:44:01
PROP1940,OWN1132,4 BHK Independent House in Noida Sector 150,Noida Sector 150,Delhi NCR,INDEPENDENT_HOUSE,RENT,4,1988,43870,True,2.03,FULL_FLAT,ANY,False,NONE,"Spacious 4 BHK Independent House Available for Rent in Noida Sector 150. Covered area is 1988 sq.ft. Listed price is ₹43,870. Proximity to metro: 2.03 km.",2025-10-22 21:32:53
PROP1941,OWN1031,5 BHK Builder Floor in Hauz Khas,Hauz Khas,Delhi NCR,BUILDER_FLOOR,SALE,5,3415,25383489,False,7.38,FULL_FLAT,ANY,False,NONE,"Spacious 5 BHK Builder Floor Available for Sale in Hauz Khas. Covered area is 3415 sq.ft. Listed price is ₹25,383,489. Proximity to metro: 7.38 km.",2026-05-18 06:02:34
PROP1942,OWN1075,3 BHK Independent House in Rohini Sector 10,Rohini Sector 10,Delhi NCR,INDEPENDENT_HOUSE,RENT,3,1572,60343,True,1.39,FULL_FLAT,ANY,False,NONE,"Spacious 3 BHK Independent House Available for Rent in Rohini Sector 10. Covered area is 1572 sq.ft. Listed price is ₹60,343. Proximity to metro: 1.39 km.",2026-01-13 00:46:20
PROP1943,OWN1075,1 BHK Independent House in West Delhi,West Delhi,Delhi NCR,INDEPENDENT_HOUSE,SALE,1,716,27573108,True,2.45,FULL_FLAT,ANY,False,NONE,"Spacious 1 BHK Independent House Available for Sale in West Delhi. Covered area is 716 sq.ft. Listed price is ₹27,573,108. Proximity to metro: 2.45 km.",2026-05-11 14:29:40
PROP1944,OWN1104,4 BHK Independent House in Central Delhi,Central Delhi,Delhi NCR,INDEPENDENT_HOUSE,SALE,4,2956,44749366,False,4.39,FULL_FLAT,ANY,False,NONE,"Spacious 4 BHK Independent House Available for Sale in Central Delhi. Covered area is 2956 sq.ft. Listed price is ₹44,749,366. Proximity to metro: 4.39 km.",2026-04-19 17:10:12
PROP1945,OWN1297,3 BHK Builder Floor in Noida Sector 62,Noida Sector 62,Delhi NCR,BUILDER_FLOOR,RENT,3,1473,25742,True,2.22,FULL_FLAT,ANY,False,NONE,"Spacious 3 BHK Builder Floor Available for Rent in Noida Sector 62. Covered area is 1473 sq.ft. Listed price is ₹25,742. Proximity to metro: 2.22 km.",2025-11-21 18:06:23
PROP1946,OWN1022,2 BHK Apartment in Faridabad Sector 15,Faridabad Sector 15,Delhi NCR,APARTMENT,SALE,2,1234,35808751,False,3.75,FULL_FLAT,ANY,False,NONE,"Spacious 2 BHK Apartment Available for Sale in Faridabad Sector 15. Covered area is 1234 sq.ft. Listed price is ₹35,808,751. Proximity to metro: 3.75 km.",2025-09-01 02:33:36
PROP1947,OWN1247,1 BHK Pg in Noida Sector 62,Noida Sector 62,Delhi NCR,PG,PG,1,216,13727,True,0.37,DOUBLE_SHARING,MALE,True,BOTH,"Well-maintained double sharing PG for males located at Noida Sector 62. Monthly rent is ₹13,727. Food is included (both). Nearest metro station is 0.37 km away.",2026-07-07 17:30:05
PROP1948,OWN1016,2 BHK Builder Floor in Saket,Saket,Delhi NCR,BUILDER_FLOOR,SALE,2,1598,28653100,True,2.44,FULL_FLAT,ANY,False,NONE,"Spacious 2 BHK Builder Floor Available for Sale in Saket. Covered area is 1598 sq.ft. Listed price is ₹28,653,100. Proximity to metro: 2.44 km.",2025-09-10 10:51:07
PROP1949,OWN1102,3 BHK Apartment in Pitampura,Pitampura,Delhi NCR,APARTMENT,SALE,3,1767,27304765,False,3.93,FULL_FLAT,ANY,False,NONE,"Spacious 3 BHK Apartment Available for Sale in Pitampura. Covered area is 1767 sq.ft. Listed price is ₹27,304,765. Proximity to metro: 3.93 km.",2026-07-09 01:07:07
PROP1950,OWN1101,1 BHK Builder Floor in North Delhi,North Delhi,Delhi NCR,BUILDER_FLOOR,SALE,1,510,13710257,True,1.71,FULL_FLAT,ANY,False,NONE,"Spacious 1 BHK Builder Floor Available for Sale in North Delhi. Covered area is 510 sq.ft. Listed price is ₹13,710,257. Proximity to metro: 1.71 km.",2026-05-31 04:47:45
PROP1951,OWN1057,1 BHK Pg in Noida Sector 62,Noida Sector 62,Delhi NCR,PG,PG,1,198,21948,False,3.53,SINGLE,FEMALE,False,NONE,"Well-maintained single PG for females located at Noida Sector 62. Monthly rent is ₹21,948. Food is not included. Nearest metro station is 3.53 km away.",2026-04-11 13:19:11
PROP1952,OWN1270,1 BHK Pg in Greater Noida Pari Chowk,Greater Noida Pari Chowk,Delhi NCR,PG,PG,1,136,10882,False,4.64,SINGLE,MALE,True,VEG,"Well-maintained single PG for males located at Greater Noida Pari Chowk. Monthly rent is ₹10,882. Food is included (veg). Nearest metro station is 4.64 km away.",2026-07-13 22:56:54
PROP1953,OWN1192,2 BHK Independent House in DLF Phase 5,DLF Phase 5,Delhi NCR,INDEPENDENT_HOUSE,RENT,2,922,36785,False,4.19,FULL_FLAT,ANY,False,NONE,"Spacious 2 BHK Independent House Available for Rent in DLF Phase 5. Covered area is 922 sq.ft. Listed price is ₹36,785. Proximity to metro: 4.19 km.",2026-07-09 07:51:52
PROP1954,OWN1077,3 BHK Independent House in DLF Phase 5,DLF Phase 5,Delhi NCR,INDEPENDENT_HOUSE,SALE,3,1692,38609387,False,7.38,FULL_FLAT,ANY,False,NONE,"Spacious 3 BHK Independent House Available for Sale in DLF Phase 5. Covered area is 1692 sq.ft. Listed price is ₹38,609,387. Proximity to metro: 7.38 km.",2026-05-10 21:49:55
PROP1955,OWN1108,1 BHK Independent House in Dwarka Sector 21,Dwarka Sector 21,Delhi NCR,INDEPENDENT_HOUSE,RENT,1,492,78665,True,1.93,FULL_FLAT,ANY,False,NONE,"Spacious 1 BHK Independent House Available for Rent in Dwarka Sector 21. Covered area is 492 sq.ft. Listed price is ₹78,665. Proximity to metro: 1.93 km.",2025-12-01 15:18:22
PROP1956,OWN1261,2 BHK Builder Floor in Noida Extension,Noida Extension,Delhi NCR,BUILDER_FLOOR,RENT,2,1064,61005,False,6.35,FULL_FLAT,ANY,False,NONE,"Spacious 2 BHK Builder Floor Available for Rent in Noida Extension. Covered area is 1064 sq.ft. Listed price is ₹61,005. Proximity to metro: 6.35 km.",2026-05-05 19:56:18
PROP1957,OWN1254,5 BHK Builder Floor in Ghaziabad Raj Nagar Extension,Ghaziabad Raj Nagar Extension,Delhi NCR,BUILDER_FLOOR,SALE,5,2590,18404929,True,2.26,FULL_FLAT,ANY,False,NONE,"Spacious 5 BHK Builder Floor Available for Sale in Ghaziabad Raj Nagar Extension. Covered area is 2590 sq.ft. Listed price is ₹18,404,929. Proximity to metro: 2.26 km.",2025-07-26 03:01:03
PROP1958,OWN1232,4 BHK Builder Floor in Gurgaon Golf Course Road,Gurgaon Golf Course Road,Delhi NCR,BUILDER_FLOOR,SALE,4,2772,42844017,True,2.35,FULL_FLAT,ANY,False,NONE,"Spacious 4 BHK Builder Floor Available for Sale in Gurgaon Golf Course Road. Covered area is 2772 sq.ft. Listed price is ₹42,844,017. Proximity to metro: 2.35 km.",2026-02-02 00:28:26
PROP1959,OWN1192,1 BHK Apartment in Cyber City Gurgaon,Cyber City Gurgaon,Delhi NCR,APARTMENT,RENT,1,525,70262,False,4.5,FULL_FLAT,ANY,False,NONE,"Spacious 1 BHK Apartment Available for Rent in Cyber City Gurgaon. Covered area is 525 sq.ft. Listed price is ₹70,262. Proximity to metro: 4.5 km.",2026-01-03 03:33:18
PROP1960,OWN1299,3 BHK Independent House in East Delhi,East Delhi,Delhi NCR,INDEPENDENT_HOUSE,RENT,3,1677,71133,True,1.19,FULL_FLAT,ANY,False,NONE,"Spacious 3 BHK Independent House Available for Rent in East Delhi. Covered area is 1677 sq.ft. Listed price is ₹71,133. Proximity to metro: 1.19 km.",2026-03-23 18:51:43
PROP1961,OWN1189,1 BHK Builder Floor in Faridabad Sector 15,Faridabad Sector 15,Delhi NCR,BUILDER_FLOOR,SALE,1,591,34141213,True,0.81,FULL_FLAT,ANY,False,NONE,"Spacious 1 BHK Builder Floor Available for Sale in Faridabad Sector 15. Covered area is 591 sq.ft. Listed price is ₹34,141,213. Proximity to metro: 0.81 km.",2026-03-23 14:35:17
PROP1962,OWN1039,1 BHK Pg in Noida Sector 150,Noida Sector 150,Delhi NCR,PG,PG,1,195,23441,True,0.43,TRIPLE_SHARING,UNISEX,True,BOTH,"Well-maintained triple sharing PG for unisexs located at Noida Sector 150. Monthly rent is ₹23,441. Food is included (both). Nearest metro station is 0.43 km away.",2026-02-19 13:07:24
PROP1963,OWN1037,3 BHK Apartment in Noida Extension,Noida Extension,Delhi NCR,APARTMENT,SALE,3,1800,26595009,True,0.9,FULL_FLAT,ANY,False,NONE,"Spacious 3 BHK Apartment Available for Sale in Noida Extension. Covered area is 1800 sq.ft. Listed price is ₹26,595,009. Proximity to metro: 0.9 km.",2026-05-17 10:07:21
PROP1964,OWN1141,3 BHK Apartment in Pitampura,Pitampura,Delhi NCR,APARTMENT,RENT,3,1356,51252,True,2.09,FULL_FLAT,ANY,False,NONE,"Spacious 3 BHK Apartment Available for Rent in Pitampura. Covered area is 1356 sq.ft. Listed price is ₹51,252. Proximity to metro: 2.09 km.",2026-06-29 11:22:58
PROP1965,OWN1207,1 BHK Pg in Noida Sector 76,Noida Sector 76,Delhi NCR,PG,PG,1,313,7389,True,0.72,DOUBLE_SHARING,UNISEX,True,BOTH,"Well-maintained double sharing PG for unisexs located at Noida Sector 76. Monthly rent is ₹7,389. Food is included (both). Nearest metro station is 0.72 km away.",2025-08-29 14:44:45
PROP1966,OWN1108,5 BHK Independent House in Ghaziabad Raj Nagar Extension,Ghaziabad Raj Nagar Extension,Delhi NCR,INDEPENDENT_HOUSE,SALE,5,3695,35464106,True,2.02,FULL_FLAT,ANY,False,NONE,"Spacious 5 BHK Independent House Available for Sale in Ghaziabad Raj Nagar Extension. Covered area is 3695 sq.ft. Listed price is ₹35,464,106. Proximity to metro: 2.02 km.",2025-10-14 10:38:12
PROP1967,OWN1161,4 BHK Independent House in Pitampura,Pitampura,Delhi NCR,INDEPENDENT_HOUSE,RENT,4,2012,69498,True,2.16,FULL_FLAT,ANY,False,NONE,"Spacious 4 BHK Independent House Available for Rent in Pitampura. Covered area is 2012 sq.ft. Listed price is ₹69,498. Proximity to metro: 2.16 km.",2025-07-30 04:22:12
PROP1968,OWN1016,3 BHK Apartment in Noida Extension,Noida Extension,Delhi NCR,APARTMENT,SALE,3,1512,38041024,False,7.11,FULL_FLAT,ANY,False,NONE,"Spacious 3 BHK Apartment Available for Sale in Noida Extension. Covered area is 1512 sq.ft. Listed price is ₹38,041,024. Proximity to metro: 7.11 km.",2026-06-09 00:00:01
PROP1969,OWN1174,4 BHK Independent House in Gurgaon Sector 56,Gurgaon Sector 56,Delhi NCR,INDEPENDENT_HOUSE,RENT,4,2580,82464,True,0.95,FULL_FLAT,ANY,False,NONE,"Spacious 4 BHK Independent House Available for Rent in Gurgaon Sector 56. Covered area is 2580 sq.ft. Listed price is ₹82,464. Proximity to metro: 0.95 km.",2026-02-11 02:10:20
PROP1970,OWN1012,1 BHK Pg in East Delhi,East Delhi,Delhi NCR,PG,PG,1,159,17821,True,0.67,TRIPLE_SHARING,UNISEX,False,NONE,"Well-maintained triple sharing PG for unisexs located at East Delhi. Monthly rent is ₹17,821. Food is not included. Nearest metro station is 0.67 km away.",2026-06-20 07:55:25
PROP1971,OWN1201,4 BHK Apartment in Central Delhi,Central Delhi,Delhi NCR,APARTMENT,RENT,4,1908,55101,False,7.79,FULL_FLAT,ANY,False,NONE,"Spacious 4 BHK Apartment Available for Rent in Central Delhi. Covered area is 1908 sq.ft. Listed price is ₹55,101. Proximity to metro: 7.79 km.",2025-10-09 21:27:42
PROP1972,OWN1156,5 BHK Independent House in Dwarka Sector 21,Dwarka Sector 21,Delhi NCR,INDEPENDENT_HOUSE,SALE,5,2950,6651453,False,5.86,FULL_FLAT,ANY,False,NONE,"Spacious 5 BHK Independent House Available for Sale in Dwarka Sector 21. Covered area is 2950 sq.ft. Listed price is ₹6,651,453. Proximity to metro: 5.86 km.",2025-08-13 03:09:19
PROP1973,OWN1014,3 BHK Builder Floor in Lajpat Nagar,Lajpat Nagar,Delhi NCR,BUILDER_FLOOR,SALE,3,1815,20139011,True,1.72,FULL_FLAT,ANY,False,NONE,"Spacious 3 BHK Builder Floor Available for Sale in Lajpat Nagar. Covered area is 1815 sq.ft. Listed price is ₹20,139,011. Proximity to metro: 1.72 km.",2026-05-17 22:43:41
PROP1974,OWN1036,1 BHK Independent House in Ghaziabad Vasundhara,Ghaziabad Vasundhara,Delhi NCR,INDEPENDENT_HOUSE,SALE,1,587,26429302,True,1.1,FULL_FLAT,ANY,False,NONE,"Spacious 1 BHK Independent House Available for Sale in Ghaziabad Vasundhara. Covered area is 587 sq.ft. Listed price is ₹26,429,302. Proximity to metro: 1.1 km.",2026-06-18 04:29:01
PROP1975,OWN1057,1 BHK Builder Floor in Hauz Khas,Hauz Khas,Delhi NCR,BUILDER_FLOOR,RENT,1,549,39063,True,2.2,FULL_FLAT,ANY,False,NONE,"Spacious 1 BHK Builder Floor Available for Rent in Hauz Khas. Covered area is 549 sq.ft. Listed price is ₹39,063. Proximity to metro: 2.2 km.",2025-11-08 09:56:11
PROP1976,OWN1159,1 BHK Pg in Greater Noida Pari Chowk,Greater Noida Pari Chowk,Delhi NCR,PG,PG,1,290,22557,False,3.7,SINGLE,UNISEX,False,NONE,"Well-maintained single PG for unisexs located at Greater Noida Pari Chowk. Monthly rent is ₹22,557. Food is not included. Nearest metro station is 3.7 km away.",2025-12-17 04:02:00
PROP1977,OWN1235,4 BHK Apartment in Golf Course Extension Road,Golf Course Extension Road,Delhi NCR,APARTMENT,SALE,4,2128,31292335,False,6.96,FULL_FLAT,ANY,False,NONE,"Spacious 4 BHK Apartment Available for Sale in Golf Course Extension Road. Covered area is 2128 sq.ft. Listed price is ₹31,292,335. Proximity to metro: 6.96 km.",2025-09-10 02:15:42
PROP1978,OWN1270,1 BHK Pg in Noida Sector 62,Noida Sector 62,Delhi NCR,PG,PG,1,345,23087,True,1.69,DOUBLE_SHARING,FEMALE,True,VEG,"Well-maintained double sharing PG for females located at Noida Sector 62. Monthly rent is ₹23,087. Food is included (veg). Nearest metro station is 1.69 km away.",2026-07-01 15:42:41
PROP1979,OWN1234,3 BHK Independent House in Noida Sector 150,Noida Sector 150,Delhi NCR,INDEPENDENT_HOUSE,RENT,3,1650,34954,True,0.77,FULL_FLAT,ANY,False,NONE,"Spacious 3 BHK Independent House Available for Rent in Noida Sector 150. Covered area is 1650 sq.ft. Listed price is ₹34,954. Proximity to metro: 0.77 km.",2025-11-09 04:59:48
PROP1980,OWN1222,2 BHK Independent House in Ghaziabad Vasundhara,Ghaziabad Vasundhara,Delhi NCR,INDEPENDENT_HOUSE,SALE,2,1582,10911189,True,1.81,FULL_FLAT,ANY,False,NONE,"Spacious 2 BHK Independent House Available for Sale in Ghaziabad Vasundhara. Covered area is 1582 sq.ft. Listed price is ₹10,911,189. Proximity to metro: 1.81 km.",2026-01-16 23:14:21
PROP1981,OWN1023,1 BHK Pg in Gurgaon Golf Course Road,Gurgaon Golf Course Road,Delhi NCR,PG,PG,1,160,15971,False,7.55,TRIPLE_SHARING,UNISEX,False,NONE,"Well-maintained triple sharing PG for unisexs located at Gurgaon Golf Course Road. Monthly rent is ₹15,971. Food is not included. Nearest metro station is 7.55 km away.",2025-08-25 12:58:18
PROP1982,OWN1112,1 BHK Independent House in Faridabad Sector 15,Faridabad Sector 15,Delhi NCR,INDEPENDENT_HOUSE,RENT,1,544,22031,True,1.36,FULL_FLAT,ANY,False,NONE,"Spacious 1 BHK Independent House Available for Rent in Faridabad Sector 15. Covered area is 544 sq.ft. Listed price is ₹22,031. Proximity to metro: 1.36 km.",2026-06-10 02:30:43
PROP1983,OWN1167,2 BHK Builder Floor in Greater Noida,Greater Noida,Delhi NCR,BUILDER_FLOOR,RENT,2,1158,17850,True,0.26,FULL_FLAT,ANY,False,NONE,"Spacious 2 BHK Builder Floor Available for Rent in Greater Noida. Covered area is 1158 sq.ft. Listed price is ₹17,850. Proximity to metro: 0.26 km.",2025-09-08 14:12:30
PROP1984,OWN1237,2 BHK Builder Floor in Noida Sector 18,Noida Sector 18,Delhi NCR,BUILDER_FLOOR,SALE,2,1406,7035014,True,0.78,FULL_FLAT,ANY,False,NONE,"Spacious 2 BHK Builder Floor Available for Sale in Noida Sector 18. Covered area is 1406 sq.ft. Listed price is ₹7,035,014. Proximity to metro: 0.78 km.",2026-01-02 17:32:32
PROP1985,OWN1070,4 BHK Builder Floor in DLF Phase 5,DLF Phase 5,Delhi NCR,BUILDER_FLOOR,RENT,4,2272,20943,True,1.46,FULL_FLAT,ANY,False,NONE,"Spacious 4 BHK Builder Floor Available for Rent in DLF Phase 5. Covered area is 2272 sq.ft. Listed price is ₹20,943. Proximity to metro: 1.46 km.",2026-03-22 22:19:52
PROP1986,OWN1125,2 BHK Builder Floor in Ghaziabad Indirapuram,Ghaziabad Indirapuram,Delhi NCR,BUILDER_FLOOR,SALE,2,1174,5712397,False,3.14,FULL_FLAT,ANY,False,NONE,"Spacious 2 BHK Builder Floor Available for Sale in Ghaziabad Indirapuram. Covered area is 1174 sq.ft. Listed price is ₹5,712,397. Proximity to metro: 3.14 km.",2026-04-18 11:11:52
PROP1987,OWN1151,2 BHK Builder Floor in Saket,Saket,Delhi NCR,BUILDER_FLOOR,RENT,2,938,13469,False,4.08,FULL_FLAT,ANY,False,NONE,"Spacious 2 BHK Builder Floor Available for Rent in Saket. Covered area is 938 sq.ft. Listed price is ₹13,469. Proximity to metro: 4.08 km.",2026-07-01 13:11:30
PROP1988,OWN1226,1 BHK Independent House in Noida Sector 150,Noida Sector 150,Delhi NCR,INDEPENDENT_HOUSE,SALE,1,772,19006688,True,1.8,FULL_FLAT,ANY,False,NONE,"Spacious 1 BHK Independent House Available for Sale in Noida Sector 150. Covered area is 772 sq.ft. Listed price is ₹19,006,688. Proximity to metro: 1.8 km.",2025-12-21 02:58:28
PROP1989,OWN1268,4 BHK Builder Floor in Vasant Kunj,Vasant Kunj,Delhi NCR,BUILDER_FLOOR,SALE,4,2104,44644881,True,0.31,FULL_FLAT,ANY,False,NONE,"Spacious 4 BHK Builder Floor Available for Sale in Vasant Kunj. Covered area is 2104 sq.ft. Listed price is ₹44,644,881. Proximity to metro: 0.31 km.",2026-04-18 03:33:43
PROP1990,OWN1194,1 BHK Pg in Pitampura,Pitampura,Delhi NCR,PG,PG,1,215,14816,True,2.48,SINGLE,MALE,True,BOTH,"Well-maintained single PG for males located at Pitampura. Monthly rent is ₹14,816. Food is included (both). Nearest metro station is 2.48 km away.",2025-09-15 11:31:14
PROP1991,OWN1173,2 BHK Apartment in Pitampura,Pitampura,Delhi NCR,APARTMENT,RENT,2,948,34004,False,3.5,FULL_FLAT,ANY,False,NONE,"Spacious 2 BHK Apartment Available for Rent in Pitampura. Covered area is 948 sq.ft. Listed price is ₹34,004. Proximity to metro: 3.5 km.",2025-12-19 13:47:17
PROP1992,OWN1213,3 BHK Builder Floor in Faridabad Sector 81,Faridabad Sector 81,Delhi NCR,BUILDER_FLOOR,SALE,3,2361,17220319,False,3.72,FULL_FLAT,ANY,False,NONE,"Spacious 3 BHK Builder Floor Available for Sale in Faridabad Sector 81. Covered area is 2361 sq.ft. Listed price is ₹17,220,319. Proximity to metro: 3.72 km.",2025-08-26 05:00:35
PROP1993,OWN1278,1 BHK Pg in Noida Sector 76,Noida Sector 76,Delhi NCR,PG,PG,1,150,14615,True,0.6,SINGLE,MALE,False,NONE,"Well-maintained single PG for males located at Noida Sector 76. Monthly rent is ₹14,615. Food is not included. Nearest metro station is 0.6 km away.",2026-01-15 18:30:31
PROP1994,OWN1206,4 BHK Apartment in DLF Phase 5,DLF Phase 5,Delhi NCR,APARTMENT,SALE,4,2448,8930277,False,7.0,FULL_FLAT,ANY,False,NONE,"Spacious 4 BHK Apartment Available for Sale in DLF Phase 5. Covered area is 2448 sq.ft. Listed price is ₹8,930,277. Proximity to metro: 7.0 km.",2025-12-17 02:27:21
PROP1995,OWN1189,4 BHK Apartment in East Delhi,East Delhi,Delhi NCR,APARTMENT,SALE,4,2616,44689424,True,2.46,FULL_FLAT,ANY,False,NONE,"Spacious 4 BHK Apartment Available for Sale in East Delhi. Covered area is 2616 sq.ft. Listed price is ₹44,689,424. Proximity to metro: 2.46 km.",2026-07-03 13:49:09
PROP1996,OWN1053,5 BHK Apartment in Janakpuri,Janakpuri,Delhi NCR,APARTMENT,SALE,5,3330,30576185,False,7.59,FULL_FLAT,ANY,False,NONE,"Spacious 5 BHK Apartment Available for Sale in Janakpuri. Covered area is 3330 sq.ft. Listed price is ₹30,576,185. Proximity to metro: 7.59 km.",2025-08-01 23:47:35
PROP1997,OWN1069,3 BHK Independent House in Noida Sector 62,Noida Sector 62,Delhi NCR,INDEPENDENT_HOUSE,SALE,3,2238,9030753,True,0.24,FULL_FLAT,ANY,False,NONE,"Spacious 3 BHK Independent House Available for Sale in Noida Sector 62. Covered area is 2238 sq.ft. Listed price is ₹9,030,753. Proximity to metro: 0.24 km.",2025-12-03 08:59:12
PROP1998,OWN1230,2 BHK Independent House in Noida Sector 18,Noida Sector 18,Delhi NCR,INDEPENDENT_HOUSE,RENT,2,1156,13742,True,0.25,FULL_FLAT,ANY,False,NONE,"Spacious 2 BHK Independent House Available for Rent in Noida Sector 18. Covered area is 1156 sq.ft. Listed price is ₹13,742. Proximity to metro: 0.25 km.",2025-12-29 23:35:58
PROP1999,OWN1064,2 BHK Builder Floor in Sohna Road Gurgaon,Sohna Road Gurgaon,Delhi NCR,BUILDER_FLOOR,SALE,2,1080,8521365,True,1.06,FULL_FLAT,ANY,False,NONE,"Spacious 2 BHK Builder Floor Available for Sale in Sohna Road Gurgaon. Covered area is 1080 sq.ft. Listed price is ₹8,521,365. Proximity to metro: 1.06 km.",2026-07-03 05:20:54
PROP2000,OWN1152,1 BHK Apartment in Pitampura,Pitampura,Delhi NCR,APARTMENT,SALE,1,621,44636146,True,1.9,FULL_FLAT,ANY,False,NONE,"Spacious 1 BHK Apartment Available for Sale in Pitampura. Covered area is 621 sq.ft. Listed price is ₹44,636,146. Proximity to metro: 1.9 km.",2026-05-29 11:40:51
