tenant_history_id,property_id,locality,bhk,monthly_rent,lease_start_date,lease_end_date,occupancy_status,tenant_name,created_at
TH1001,PROP1655,Cyber City Gurgaon,1,24100,2025-06-20,2026-05-20,OCCUPIED,Anvi Konda,2024-03-22 03:21:46
TH1002,PROP1755,DLF Phase 5,1,26600,2025-10-04,2026-09-04,OCCUPIED,Pahal Balay,2023-08-23 05:06:47
TH1003,PROP1224,Janakpuri,1,14500,2024-03-16,2026-01-16,OCCUPIED,Rushil Saini,2024-03-19 02:30:58
TH1004,PROP1604,Noida Sector 150,1,15200,2025-04-26,2026-03-26,OCCUPIED,Nathaniel Sami,2024-07-28 09:11:26
TH1005,PROP1349,Noida Sector 150,2,20500,2024-01-07,2025-11-07,OCCUPIED,Harsh Chanda,2024-09-09 20:34:55
TH1006,PROP1390,DLF Phase 5,3,60700,2024-08-17,2026-06-17,VACANT,Aishani Bassi,2025-09-28 03:29:19
TH1007,PROP1748,Ghaziabad Vasundhara,1,9400,2025-02-27,2026-12-27,OCCUPIED,Farhan Memon,2026-01-15 08:36:51
TH1008,PROP1301,West Delhi,2,17800,2025-05-28,2026-04-28,OCCUPIED,Rehaan Boase,2023-09-09 18:35:02
TH1009,PROP1792,Noida Sector 18,1,18300,2024-03-26,2025-02-26,OCCUPIED,Fariq Kaul,2026-02-24 23:41:27
TH1010,PROP1465,West Delhi,2,16500,2024-09-09,2025-08-09,OCCUPIED,Janya Gaba,2024-08-30 04:16:48
TH1011,PROP1719,Lajpat Nagar,2,30200,2024-03-06,2025-02-06,OCCUPIED,Ekbal Garg,2025-02-25 19:57:12
TH1012,PROP1389,Noida Sector 150,2,23000,2024-04-14,2025-03-14,OCCUPIED,Ladli Madan,2026-07-09 19:18:00
TH1013,PROP1033,Noida Sector 76,4,30600,2025-06-20,2026-05-20,VACANT,Ekta Bhalla,2024-03-28 12:52:07
TH1014,PROP1581,Noida Sector 76,2,18700,2023-08-25,2025-06-25,VACANT,Nandini Loyal,2023-10-02 02:06:28
TH1015,PROP1659,Ghaziabad Vasundhara,2,12300,2026-04-15,2027-03-15,OCCUPIED,Simon Tata,2024-09-27 01:34:13
TH1016,PROP1552,Preet Vihar,4,41400,2026-04-17,2028-02-17,OCCUPIED,Luke Lanka,2023-12-21 13:25:30
TH1017,PROP1142,Faridabad Sector 81,4,19500,2025-10-13,2026-09-13,VACANT,Priya Rastogi,2024-08-21 05:02:57
TH1018,PROP1157,Gurgaon Sector 56,4,44200,2026-07-17,2028-05-17,OCCUPIED,Yashodhara Tak,2023-10-29 04:11:51
TH1019,PROP1480,Faridabad Neharpar,3,14800,2023-09-10,2024-08-10,OCCUPIED,Michael Dutta,2025-12-05 11:03:37
TH1020,PROP1118,Noida Sector 150,3,27900,2024-10-25,2026-08-25,OCCUPIED,Lekha Raj,2025-05-04 11:46:20
TH1021,PROP1004,Preet Vihar,2,21000,2024-12-14,2025-11-14,VACANT,Advay Contractor,2025-08-06 12:39:21
TH1022,PROP1306,Faridabad Sector 81,2,11000,2025-02-27,2026-01-27,OCCUPIED,Harini Choudhury,2024-06-07 03:46:57
TH1023,PROP1798,Faridabad Neharpar,1,6300,2024-01-10,2025-11-10,OCCUPIED,Adya Tella,2025-11-02 11:03:38
TH1024,PROP1952,West Delhi,3,22300,2025-01-26,2025-12-26,VACANT,Chanchal Tripathi,2025-05-18 19:47:15
TH1025,PROP1970,Gurgaon Golf Course Road,1,30900,2024-01-04,2024-12-04,NOTICE_PERIOD,Aadi Naik,2025-01-06 22:31:43
TH1026,PROP1546,Central Delhi,2,43600,2023-11-20,2024-10-20,OCCUPIED,Damyanti Khatri,2023-09-23 00:48:06
TH1027,PROP1894,Greater Noida Pari Chowk,2,12100,2026-03-08,2027-02-08,OCCUPIED,Frederick Sunder,2025-12-31 16:43:10
TH1028,PROP1409,West Delhi,4,33500,2026-06-25,2028-04-25,OCCUPIED,Kabir Soman,2026-05-24 01:04:20
TH1029,PROP1231,Lajpat Nagar,3,37200,2024-01-17,2024-12-17,OCCUPIED,Siddharth Zacharia,2025-10-26 02:56:52
TH1030,PROP1008,Lajpat Nagar,1,18200,2025-08-14,2026-07-14,VACANT,Mohini Prakash,2024-11-12 14:22:05
TH1031,PROP1073,Faridabad Sector 81,2,11400,2025-02-06,2026-12-06,OCCUPIED,Yug Kar,2023-09-29 17:14:03
TH1032,PROP1136,Ghaziabad Raj Nagar Extension,2,10700,2023-08-13,2025-06-13,OCCUPIED,Thomas Amble,2023-10-07 08:27:09
TH1033,PROP1100,Greater Noida Pari Chowk,3,15100,2025-06-11,2027-04-11,VACANT,Ekansh Balay,2026-02-17 11:36:01
TH1034,PROP1056,DLF Phase 5,1,25400,2023-10-06,2025-08-06,VACANT,Arya Sunder,2024-03-12 07:22:22
TH1035,PROP1112,Pitampura,2,21300,2023-12-12,2025-10-12,OCCUPIED,Xavier Solanki,2025-12-22 08:30:07
TH1036,PROP1188,Noida Sector 150,4,37200,2024-02-14,2025-01-14,OCCUPIED,Raagini Pandya,2024-10-27 16:29:35
TH1037,PROP1883,DLF Phase 5,1,26900,2024-12-13,2025-11-13,NOTICE_PERIOD,Guneet Bhat,2024-10-04 17:22:19
TH1038,PROP1949,Pitampura,2,22500,2024-07-26,2026-05-26,OCCUPIED,Yuvraj Handa,2024-02-14 23:30:15
TH1039,PROP1411,Hauz Khas,2,36900,2024-11-23,2026-09-23,OCCUPIED,Qadim Mallick,2024-12-09 11:23:14
TH1040,PROP1803,Ghaziabad Vasundhara,3,17900,2026-03-04,2028-01-04,OCCUPIED,Saanvi Chaudhari,2023-09-14 23:51:46
TH1041,PROP1304,Rohini Sector 10,1,13200,2026-07-19,2027-06-19,OCCUPIED,Girik Khalsa,2024-01-19 19:03:26
TH1042,PROP1059,Hauz Khas,4,68400,2025-01-02,2025-12-02,OCCUPIED,Nandini Bhargava,2024-01-17 23:02:09
TH1043,PROP1521,Gurgaon Golf Course Road,2,40300,2023-07-23,2024-06-23,OCCUPIED,Alka Sha,2024-05-29 02:48:22
TH1044,PROP1241,Noida Extension,1,10100,2025-08-21,2026-07-21,OCCUPIED,Mohammed Gupta,2024-06-10 16:08:10
TH1045,PROP1041,Gurgaon Golf Course Road,4,84100,2026-06-15,2028-04-15,NOTICE_PERIOD,Dipta Bhandari,2023-09-14 12:08:04
TH1046,PROP1210,Noida Sector 76,2,17000,2024-12-24,2025-11-24,OCCUPIED,Dakshesh Trivedi,2023-10-17 08:14:28
TH1047,PROP1308,Ghaziabad Vasundhara,3,20100,2024-02-09,2025-01-09,OCCUPIED,Wahab Raval,2023-11-29 22:13:09
TH1048,PROP1637,DLF Phase 5,1,26200,2026-03-21,2028-01-21,OCCUPIED,Balveer Bumb,2024-10-22 22:00:08
TH1049,PROP1358,Lajpat Nagar,2,29100,2025-04-20,2026-03-20,OCCUPIED,Advika Jayaraman,2025-07-24 09:29:56
TH1050,PROP1557,Noida Sector 62,1,13500,2024-06-29,2026-04-29,NOTICE_PERIOD,Meghana Deep,2025-07-26 13:09:12
TH1051,PROP1107,Central Delhi,3,53400,2024-06-13,2025-05-13,OCCUPIED,Elijah Andra,2024-12-04 17:11:24
TH1052,PROP1160,Noida Sector 150,3,31600,2026-07-18,2028-05-18,OCCUPIED,Ethan Yogi,2024-03-11 02:54:22
TH1053,PROP1650,Preet Vihar,4,35500,2024-05-06,2025-04-06,OCCUPIED,Ekapad Konda,2024-08-29 11:05:05
TH1054,PROP1434,Noida Sector 150,1,12600,2024-01-09,2024-12-09,OCCUPIED,Abhiram Mistry,2026-05-07 12:10:37
TH1055,PROP1269,Gurgaon Sector 56,4,43700,2023-11-11,2025-09-11,OCCUPIED,Aishani D’Alia,2026-03-22 10:33:06
TH1056,PROP1115,Lajpat Nagar,2,30300,2025-10-10,2027-08-10,OCCUPIED,Anita Manda,2025-05-14 06:54:24
TH1057,PROP1152,Greater Noida Pari Chowk,2,9800,2025-09-13,2027-07-13,VACANT,Aishani Tiwari,2025-01-06 20:35:11
TH1058,PROP1816,Saket,3,36500,2026-04-07,2027-03-07,OCCUPIED,George Sampath,2026-01-15 07:07:35
TH1059,PROP1363,Greater Noida,2,13200,2023-09-07,2024-08-07,VACANT,Kalpit Lala,2024-01-14 14:41:38
TH1060,PROP2000,Gurgaon Sector 45,4,35100,2024-11-15,2026-09-15,VACANT,Aditya Choudhury,2023-10-12 00:14:10
TH1061,PROP1422,Pitampura,3,29600,2026-03-14,2027-02-14,OCCUPIED,Balendra Pingle,2025-04-19 19:56:40
TH1062,PROP1040,Ghaziabad Raj Nagar Extension,2,9300,2023-12-30,2025-10-30,OCCUPIED,Benjamin Morar,2024-08-24 02:52:13
TH1063,PROP1841,Janakpuri,2,19500,2026-05-07,2027-04-07,OCCUPIED,Ishita Kade,2025-08-06 22:01:34
TH1064,PROP1286,Lajpat Nagar,3,40500,2025-07-20,2027-05-20,OCCUPIED,Niharika Dubey,2026-04-30 22:35:52
TH1065,PROP1864,North Delhi,1,9400,2024-04-05,2026-02-05,OCCUPIED,Peter Sachar,2023-08-17 17:20:29
TH1066,PROP1986,Preet Vihar,1,12400,2025-10-04,2027-08-04,OCCUPIED,Nisha Kothari,2024-05-08 21:47:31
TH1067,PROP1806,Noida Sector 76,4,33200,2025-11-29,2026-10-29,OCCUPIED,Lavanya Barad,2026-02-16 08:11:40
TH1068,PROP1591,Dwarka Sector 21,3,31200,2024-03-20,2026-01-20,OCCUPIED,Inaya Mody,2026-01-05 15:24:08
TH1069,PROP1948,Dwarka Sector 21,3,34400,2026-03-01,2028-01-01,OCCUPIED,Arjun Hans,2024-09-30 04:05:56
TH1070,PROP1680,Cyber City Gurgaon,3,49100,2024-05-21,2026-03-21,OCCUPIED,Arya Panchal,2025-06-23 10:45:08
TH1071,PROP1714,Noida Sector 18,2,24100,2024-09-30,2026-07-30,OCCUPIED,Ayaan D’Alia,2026-03-08 13:15:07
TH1072,PROP1925,Gurgaon Sector 45,3,30100,2024-05-02,2025-04-02,OCCUPIED,Balvan Chopra,2025-05-05 05:43:43
TH1073,PROP1216,Greater Noida Pari Chowk,3,15300,2024-08-02,2026-06-02,OCCUPIED,Rajata Vaidya,2023-11-25 06:41:49
TH1074,PROP1524,Ghaziabad Raj Nagar Extension,2,10400,2026-03-31,2028-01-31,OCCUPIED,Aachal Basu,2025-09-05 04:39:09
TH1075,PROP1649,North Delhi,1,11200,2023-07-22,2024-06-22,OCCUPIED,Januja Sankar,2023-10-06 05:38:54
TH1076,PROP1231,Dwarka Sector 21,2,22100,2025-07-17,2026-06-17,NOTICE_PERIOD,Dipta Dash,2025-09-17 05:06:24
TH1077,PROP1626,Lajpat Nagar,4,52900,2024-06-13,2025-05-13,OCCUPIED,Nilima Narain,2024-10-04 11:33:47
TH1078,PROP1394,Faridabad Sector 15,4,23700,2024-06-08,2025-05-08,VACANT,Rehaan Salvi,2025-07-19 03:21:46
TH1079,PROP1882,DLF Phase 5,4,67100,2024-09-08,2026-07-08,OCCUPIED,Charvi Ravi,2025-03-12 22:47:08
TH1080,PROP1256,Cyber City Gurgaon,4,57500,2023-07-21,2025-05-21,OCCUPIED,Shivansh Sani,2025-11-28 12:50:50
TH1081,PROP1573,Noida Sector 76,4,33300,2025-05-15,2027-03-15,VACANT,Udyati Sathe,2024-11-17 01:07:39
TH1082,PROP1562,Ghaziabad Indirapuram,2,15900,2024-03-11,2026-01-11,OCCUPIED,Omkaar Chad,2024-05-27 12:20:16
TH1083,PROP1770,Pitampura,3,34300,2025-07-16,2027-05-16,OCCUPIED,Girik Keer,2025-07-27 18:13:25
TH1084,PROP1282,Ghaziabad Indirapuram,1,10200,2024-03-22,2025-02-22,OCCUPIED,Manan Bakshi,2023-09-10 04:49:21
TH1085,PROP1328,Gurgaon Golf Course Road,2,41200,2026-07-02,2028-05-02,OCCUPIED,Tamanna Sachdeva,2026-03-18 12:31:04
TH1086,PROP1724,Rohini Sector 10,1,12700,2025-04-11,2027-02-11,OCCUPIED,Warda Ratta,2024-04-13 21:39:16
TH1087,PROP1426,Hauz Khas,2,41000,2025-07-08,2027-05-08,VACANT,Hredhaan Sandal,2024-03-17 08:27:14
TH1088,PROP1599,Vasant Kunj,4,57300,2025-12-17,2027-10-17,OCCUPIED,Chandresh Krish,2026-04-21 20:29:36
TH1089,PROP1400,Greater Noida,2,12000,2023-11-30,2025-09-30,OCCUPIED,Ucchal Wali,2026-07-08 00:24:43
TH1090,PROP1030,Sohna Road Gurgaon,3,26200,2025-05-03,2027-03-03,OCCUPIED,Yamini Sandhu,2026-01-16 15:14:15
TH1091,PROP1861,Ghaziabad Vasundhara,2,14500,2025-03-11,2026-02-11,VACANT,Vaishnavi Sengupta,2024-04-30 13:33:36
TH1092,PROP1607,Vasant Kunj,1,21500,2024-04-16,2025-03-16,VACANT,Vedhika Khare,2024-05-17 10:41:36
TH1093,PROP1187,Hauz Khas,3,51700,2023-10-13,2024-09-13,OCCUPIED,Wahab Magar,2024-07-23 13:24:15
TH1094,PROP1346,Sohna Road Gurgaon,3,26700,2026-03-24,2028-01-24,OCCUPIED,Lakshit Dora,2024-03-30 23:04:31
TH1095,PROP1084,Ghaziabad Raj Nagar Extension,1,6900,2025-08-18,2026-07-18,NOTICE_PERIOD,Devansh Sachdeva,2024-10-10 04:16:56
TH1096,PROP1359,Janakpuri,1,15300,2025-03-06,2026-02-06,VACANT,David Jhaveri,2026-01-19 04:17:59
TH1097,PROP1973,Pitampura,2,24900,2024-09-19,2025-08-19,OCCUPIED,Lajita Sood,2023-07-28 00:34:42
TH1098,PROP1485,Cyber City Gurgaon,2,34700,2024-08-09,2026-06-09,VACANT,Oni Yohannan,2025-10-17 15:09:22
TH1099,PROP1172,Cyber City Gurgaon,2,38900,2025-03-10,2026-02-10,OCCUPIED,Vinaya Kanda,2024-05-15 14:59:01
TH1100,PROP1952,Noida Sector 62,4,35100,2025-01-02,2025-12-02,OCCUPIED,Gayathri Ravel,2025-09-22 01:31:40
TH1101,PROP1708,Pitampura,1,15700,2026-01-26,2027-11-26,VACANT,Avi Ramesh,2025-04-30 02:41:51
TH1102,PROP1615,Cyber City Gurgaon,1,21900,2025-07-15,2027-05-15,OCCUPIED,Priya Deshmukh,2026-02-25 09:21:37
TH1103,PROP1071,Faridabad Sector 81,3,14800,2024-02-04,2025-12-04,VACANT,Ladli Narang,2024-03-09 11:37:02
TH1104,PROP1109,Greater Noida Pari Chowk,3,15900,2024-07-12,2026-05-12,OCCUPIED,Arunima Sama,2024-04-22 23:34:57
TH1105,PROP1446,Gurgaon Sector 45,3,31700,2023-10-18,2025-08-18,OCCUPIED,Charles Palla,2024-03-23 05:57:38
TH1106,PROP1846,Noida Sector 150,3,33400,2023-10-04,2024-09-04,OCCUPIED,Azaan Kota,2024-02-25 00:10:16
TH1107,PROP1462,Pitampura,4,42100,2023-08-12,2025-06-12,OCCUPIED,William Date,2024-12-21 10:53:43
TH1108,PROP1507,Noida Sector 76,2,17900,2023-11-23,2025-09-23,VACANT,Udyati Kunda,2025-11-07 20:51:41
TH1109,PROP1349,Noida Sector 150,3,31200,2024-01-20,2024-12-20,OCCUPIED,Nihal Mukhopadhyay,2023-11-17 00:13:50
TH1110,PROP1738,Greater Noida,4,21900,2023-08-18,2024-07-18,OCCUPIED,Keya Ranganathan,2026-05-18 03:38:36
TH1111,PROP1662,Faridabad Sector 15,4,27000,2024-02-23,2025-01-23,OCCUPIED,Harsh Mitra,2026-02-07 05:55:36
TH1112,PROP1415,Pitampura,3,33500,2025-05-08,2027-03-08,OCCUPIED,Benjamin Palan,2025-02-24 07:16:42
TH1113,PROP1544,East Delhi,4,30200,2025-07-14,2027-05-14,OCCUPIED,Yashawini Om,2023-08-04 10:14:40
TH1114,PROP1465,Noida Sector 150,3,29000,2024-10-22,2025-09-22,OCCUPIED,Hitesh Sant,2026-06-08 07:37:37
TH1115,PROP1324,Cyber City Gurgaon,2,32400,2025-06-15,2027-04-15,OCCUPIED,Michael Saran,2024-01-30 13:27:01
TH1116,PROP1604,Faridabad Neharpar,3,14800,2025-02-11,2026-01-11,OCCUPIED,Veda Shroff,2024-11-09 19:57:06
TH1117,PROP1370,Gurgaon Sector 45,3,27200,2025-09-28,2026-08-28,OCCUPIED,Ekantika Korpal,2026-01-16 19:29:37
TH1118,PROP1998,Hauz Khas,3,55700,2023-10-23,2024-09-23,OCCUPIED,Yagnesh Shetty,2025-04-05 23:01:23
TH1119,PROP1771,Faridabad Sector 15,1,9900,2025-07-21,2027-05-21,OCCUPIED,Ayush Talwar,2026-02-07 23:16:21
TH1120,PROP1452,North Delhi,2,17800,2024-02-05,2025-12-05,NOTICE_PERIOD,Isha Kuruvilla,2024-07-28 11:30:48
TH1121,PROP1490,Cyber City Gurgaon,1,22200,2026-03-10,2027-02-10,OCCUPIED,Advaith Varughese,2026-05-25 08:59:40
TH1122,PROP1703,Hauz Khas,2,34800,2023-10-22,2025-08-22,OCCUPIED,Vrinda Khosla,2025-08-16 06:40:28
TH1123,PROP1255,Cyber City Gurgaon,4,64600,2025-06-27,2026-05-27,VACANT,Sara Badal,2023-10-31 12:34:39
TH1124,PROP1390,Ghaziabad Indirapuram,4,25700,2024-03-19,2026-01-19,OCCUPIED,Damini Pillay,2024-12-21 02:59:27
TH1125,PROP1636,Hauz Khas,1,27400,2025-02-21,2026-01-21,OCCUPIED,Ganga Pandey,2025-08-29 16:42:02
TH1126,PROP1271,Gurgaon Golf Course Road,2,42200,2024-05-12,2025-04-12,OCCUPIED,Vihaan Dara,2025-09-18 21:20:36
TH1127,PROP1419,Ghaziabad Indirapuram,4,25600,2024-06-30,2025-05-30,OCCUPIED,Rehaan Kalita,2025-10-07 20:49:15
TH1128,PROP1290,Ghaziabad Vasundhara,1,8800,2024-05-18,2026-03-18,VACANT,Harish Hari,2024-06-10 04:00:13
TH1129,PROP1641,Dwarka Sector 21,4,40800,2024-08-19,2025-07-19,OCCUPIED,Akshay Walla,2023-12-07 06:18:54
TH1130,PROP1931,Noida Sector 150,2,19700,2023-09-08,2024-08-08,VACANT,Brinda Date,2025-06-19 11:45:51
TH1131,PROP1610,Noida Sector 18,4,42600,2025-10-22,2027-08-22,OCCUPIED,Advik Mane,2024-12-16 21:23:25
TH1132,PROP1966,Noida Sector 150,4,39000,2024-11-14,2025-10-14,VACANT,Charan Krishnan,2026-05-17 16:56:25
TH1133,PROP1753,Noida Sector 76,3,22300,2024-12-25,2025-11-25,NOTICE_PERIOD,Nandini Swamy,2023-10-10 17:41:13
TH1134,PROP1857,Vasant Kunj,3,45600,2025-06-09,2026-05-09,OCCUPIED,Max Dixit,2025-12-26 08:21:28
TH1135,PROP1668,Ghaziabad Indirapuram,3,19400,2026-05-25,2028-03-25,OCCUPIED,Yuvraj Dani,2025-03-24 01:19:49
TH1136,PROP1504,Gurgaon Golf Course Road,4,78000,2024-10-18,2026-08-18,OCCUPIED,Lajita Seshadri,2026-04-12 00:43:17
TH1137,PROP1108,Gurgaon Sector 56,3,32900,2024-06-10,2026-04-10,OCCUPIED,Dalaja Bhasin,2025-05-19 13:09:44
TH1138,PROP1968,Noida Extension,1,9000,2025-10-08,2027-08-08,OCCUPIED,Siddharth Lalla,2025-07-14 04:59:28
TH1139,PROP1119,Noida Extension,1,9400,2024-01-08,2025-11-08,OCCUPIED,Falan Dugar,2023-07-24 11:53:30
TH1140,PROP1193,Faridabad Neharpar,3,13700,2024-11-25,2026-09-25,OCCUPIED,Bishakha Bali,2024-03-31 04:43:22
TH1141,PROP1779,Hauz Khas,2,35900,2025-09-02,2026-08-02,VACANT,Ekavir Kaur,2026-04-28 21:52:29
TH1142,PROP1449,Faridabad Sector 15,1,8100,2025-11-29,2026-10-29,OCCUPIED,Pavani Contractor,2025-03-09 06:02:12
TH1143,PROP1319,South Delhi,4,56800,2025-06-29,2026-05-29,OCCUPIED,Lucky Bora,2023-09-24 21:50:44
TH1144,PROP1121,Golf Course Extension Road,4,55600,2025-12-04,2027-10-04,OCCUPIED,Reva Dash,2024-12-16 03:00:33
TH1145,PROP1280,Greater Noida,4,24100,2024-06-17,2025-05-17,OCCUPIED,Anita Tella,2025-03-04 05:34:25
TH1146,PROP1149,Sohna Road Gurgaon,2,19800,2024-11-11,2025-10-11,VACANT,Rachana Naidu,2025-05-13 01:33:14
TH1147,PROP1283,Greater Noida,3,18600,2023-08-18,2025-06-18,VACANT,Ansh Luthra,2025-04-12 23:15:20
TH1148,PROP1290,Noida Sector 62,4,39200,2025-11-02,2027-09-02,OCCUPIED,Upma Venkataraman,2025-07-04 10:27:17
TH1149,PROP1354,North Delhi,4,28500,2026-04-19,2028-02-19,VACANT,Rajata Swamy,2026-06-17 09:02:39
TH1150,PROP1715,Pitampura,4,38800,2024-12-16,2026-10-16,OCCUPIED,Gauri Nagi,2025-07-24 20:12:57
TH1151,PROP1763,Ghaziabad Raj Nagar Extension,4,17500,2026-02-14,2027-01-14,OCCUPIED,Nisha Tandon,2024-06-01 08:52:17
TH1152,PROP1038,Central Delhi,3,64000,2026-05-20,2028-03-20,OCCUPIED,Suhani Chakrabarti,2024-06-30 04:28:23
TH1153,PROP1933,Ghaziabad Vasundhara,1,8900,2024-07-08,2026-05-08,VACANT,Yoshita Agarwal,2025-07-11 04:12:24
TH1154,PROP1994,Golf Course Extension Road,1,18100,2025-03-06,2027-01-06,OCCUPIED,Chatura Guha,2025-02-08 15:04:24
TH1155,PROP1710,Noida Extension,1,9900,2025-06-01,2027-04-01,NOTICE_PERIOD,Riya Behl,2024-02-29 14:33:19
TH1156,PROP1642,Faridabad Sector 15,1,9400,2025-03-13,2026-02-13,OCCUPIED,Raksha Sundaram,2023-12-01 14:42:11
TH1157,PROP1944,Noida Sector 18,2,27500,2026-06-20,2028-04-20,NOTICE_PERIOD,Nathan Mukhopadhyay,2025-03-16 03:05:42
TH1158,PROP1779,DLF Phase 5,4,66200,2025-03-16,2027-01-16,VACANT,Umang Comar,2024-12-08 04:21:07
TH1159,PROP1048,Noida Sector 76,1,11100,2023-11-26,2025-09-26,OCCUPIED,Wishi Manne,2025-01-29 03:28:38
TH1160,PROP1251,Faridabad Neharpar,4,17400,2024-05-15,2025-04-15,OCCUPIED,Urmi Kohli,2024-12-03 01:46:09
TH1161,PROP1081,Sohna Road Gurgaon,2,18000,2023-12-26,2024-11-26,OCCUPIED,Yashoda Deshpande,2026-02-22 07:05:08
TH1162,PROP1654,Preet Vihar,4,35600,2024-05-18,2025-04-18,VACANT,Harini Tripathi,2024-05-09 07:26:30
TH1163,PROP1477,Noida Sector 18,2,23300,2023-07-23,2025-05-23,NOTICE_PERIOD,Vrishti Dixit,2024-11-21 20:30:33
TH1164,PROP1307,Greater Noida Pari Chowk,3,15200,2025-01-01,2026-11-01,OCCUPIED,Krishna Shah,2026-05-08 17:00:16
TH1165,PROP1394,Ghaziabad Raj Nagar Extension,1,6100,2026-02-27,2027-12-27,OCCUPIED,Leela Kaur,2026-02-13 12:20:25
TH1166,PROP1717,Noida Sector 18,1,18800,2024-10-12,2026-08-12,OCCUPIED,Urvashi Raj,2024-09-16 14:20:54
TH1167,PROP1580,Hauz Khas,4,73900,2025-07-16,2027-05-16,VACANT,Warhi Bansal,2023-12-06 21:27:39
TH1168,PROP1236,East Delhi,2,15500,2026-06-12,2028-04-12,OCCUPIED,Harish Sarraf,2023-11-07 19:40:26
TH1169,PROP1739,Central Delhi,1,29900,2026-04-12,2027-03-12,OCCUPIED,Maanas Rout,2026-03-01 20:41:44
TH1170,PROP1452,Saket,3,41400,2026-06-17,2027-05-17,VACANT,Upasna Lanka,2024-07-26 12:46:01
TH1171,PROP1335,Greater Noida,2,11100,2025-08-17,2027-06-17,OCCUPIED,Falguni Walla,2024-09-09 22:44:27
TH1172,PROP1936,Noida Sector 150,2,20700,2024-07-01,2026-05-01,NOTICE_PERIOD,Balendra Biswas,2024-04-03 19:20:46
TH1173,PROP1303,North Delhi,1,10300,2025-08-08,2026-07-08,OCCUPIED,Utkarsh Chana,2024-11-08 01:47:48
TH1174,PROP1990,Janakpuri,4,44000,2023-11-05,2025-09-05,OCCUPIED,Sachi Ganesan,2025-08-19 23:52:13
TH1175,PROP1405,South Delhi,3,49400,2026-04-05,2028-02-05,OCCUPIED,Ekta Bhalla,2024-06-07 00:18:07
TH1176,PROP1767,Preet Vihar,4,40700,2024-09-03,2026-07-03,OCCUPIED,Yash Wali,2024-10-15 01:22:03
TH1177,PROP1240,Ghaziabad Raj Nagar Extension,1,6700,2025-08-05,2027-06-05,VACANT,Onkar Gill,2023-10-16 02:10:49
TH1178,PROP1227,Lajpat Nagar,4,59300,2026-02-28,2027-12-28,OCCUPIED,Widisha Dhar,2024-03-31 23:27:07
TH1179,PROP1120,Central Delhi,1,30200,2025-06-18,2027-04-18,NOTICE_PERIOD,Aadhya Andra,2026-04-01 12:22:36
TH1180,PROP1119,DLF Phase 5,2,43700,2024-12-11,2025-11-11,OCCUPIED,Nakul Borah,2024-11-16 13:49:09
TH1181,PROP1380,Greater Noida,2,13100,2024-08-02,2025-07-02,VACANT,Panini Krishna,2024-12-03 03:04:00
TH1182,PROP1631,Greater Noida,3,14900,2024-06-15,2026-04-15,OCCUPIED,Vasudha Chhabra,2024-04-06 11:23:32
TH1183,PROP1456,Pitampura,3,29100,2025-04-07,2027-02-07,OCCUPIED,Chakrika Bains,2026-06-27 02:48:26
TH1184,PROP1661,East Delhi,1,9500,2025-07-10,2026-06-10,NOTICE_PERIOD,Abhiram Bawa,2026-04-14 08:16:35
TH1185,PROP1972,Ghaziabad Vasundhara,1,8800,2025-10-13,2026-09-13,OCCUPIED,Victor Pandey,2024-03-17 12:45:04
TH1186,PROP1342,Pitampura,2,24600,2024-02-14,2025-01-14,OCCUPIED,Laksh Chatterjee,2026-04-06 10:35:15
TH1187,PROP1784,Rohini Sector 10,2,21500,2025-06-27,2026-05-27,OCCUPIED,Ridhi Bandi,2025-04-16 14:44:31
TH1188,PROP1152,South Delhi,3,53200,2025-09-29,2026-08-29,NOTICE_PERIOD,Chakrika Narain,2025-10-17 14:14:27
TH1189,PROP1554,Preet Vihar,2,19000,2024-01-29,2024-12-29,OCCUPIED,Jasmit Wali,2025-01-21 09:21:53
TH1190,PROP1367,Pitampura,3,28500,2024-05-14,2026-03-14,OCCUPIED,Aarini Subramaniam,2026-06-15 13:05:50
TH1191,PROP1760,Greater Noida,1,8300,2024-06-08,2026-04-08,OCCUPIED,Ishwar Sidhu,2026-06-10 15:00:07
TH1192,PROP1371,Faridabad Sector 81,1,7700,2023-12-22,2024-11-22,NOTICE_PERIOD,Mekhala Pau,2023-10-28 12:14:51
TH1193,PROP1045,Faridabad Neharpar,3,13200,2024-09-25,2025-08-25,OCCUPIED,Jatin Sha,2024-08-28 10:19:39
TH1194,PROP1491,Noida Extension,4,26300,2025-10-18,2027-08-18,OCCUPIED,Lakshmi Prabhu,2023-11-17 06:44:07
TH1195,PROP1455,Lajpat Nagar,1,18700,2024-04-02,2025-03-02,OCCUPIED,Falak Kant,2025-06-30 05:01:24
TH1196,PROP1282,Noida Sector 76,4,36200,2025-06-15,2027-04-15,OCCUPIED,Chasmum Rege,2023-11-26 09:47:14
TH1197,PROP1620,Greater Noida Pari Chowk,1,7700,2023-09-08,2024-08-08,VACANT,Daksha Tailor,2023-11-25 19:10:49
TH1198,PROP1667,Rohini Sector 10,4,35600,2024-04-03,2025-03-03,OCCUPIED,Lipika Setty,2024-08-31 02:07:16
TH1199,PROP1848,Ghaziabad Vasundhara,4,22900,2026-05-25,2027-04-25,OCCUPIED,Mohammed Sachdeva,2025-07-08 04:11:31
TH1200,PROP1321,Preet Vihar,3,32600,2026-01-18,2027-11-18,OCCUPIED,Ati Bali,2025-08-15 22:01:53
TH1201,PROP1852,Gurgaon Golf Course Road,1,28800,2024-03-14,2026-01-14,VACANT,Warinder Patil,2023-11-07 10:17:01
TH1202,PROP1570,Hauz Khas,3,55400,2025-08-09,2027-06-09,OCCUPIED,Darsh Rao,2024-05-18 20:27:32
TH1203,PROP1682,Greater Noida Pari Chowk,1,8000,2026-06-15,2028-04-15,OCCUPIED,Gavin Kala,2025-06-23 16:36:34
TH1204,PROP1592,Faridabad Sector 81,2,11000,2025-05-04,2027-03-04,OCCUPIED,Chandresh Nath,2024-04-13 10:43:37
TH1205,PROP1111,East Delhi,3,19100,2023-12-05,2025-10-05,OCCUPIED,Ekapad Johal,2025-04-24 01:48:27
TH1206,PROP1827,Greater Noida Pari Chowk,1,7300,2025-12-27,2027-10-27,OCCUPIED,Falguni Divan,2025-12-01 16:42:47
TH1207,PROP1280,Noida Sector 62,3,27000,2025-05-03,2026-04-03,VACANT,Maanav De,2025-03-04 11:43:28
TH1208,PROP1580,Noida Extension,1,8300,2025-12-11,2026-11-11,OCCUPIED,Atharv Deep,2023-08-06 20:18:49
TH1209,PROP1544,Rohini Sector 10,4,35300,2025-12-02,2027-10-02,OCCUPIED,Ekiya Babu,2024-01-28 11:43:43
TH1210,PROP1320,Noida Sector 76,1,12800,2023-09-16,2024-08-16,OCCUPIED,Ishaan Bhatt,2024-12-24 09:30:03
TH1211,PROP1633,Hauz Khas,1,23300,2025-11-18,2027-09-18,OCCUPIED,Siya Thakur,2024-03-20 07:41:00
TH1212,PROP1453,Greater Noida,3,15700,2025-05-24,2026-04-24,OCCUPIED,Tara Balasubramanian,2023-09-26 05:04:12
TH1213,PROP1114,Noida Sector 18,4,47100,2024-12-26,2026-10-26,OCCUPIED,Pooja Chokshi,2025-01-08 18:15:53
TH1214,PROP1405,Hauz Khas,1,22900,2026-04-12,2027-03-12,VACANT,Faris Nagy,2025-05-18 02:05:42
TH1215,PROP1783,Preet Vihar,3,28200,2023-09-30,2024-08-30,OCCUPIED,Ekta Raj,2026-07-15 09:31:55
TH1216,PROP1441,Gurgaon Sector 45,2,21400,2025-02-20,2026-01-20,OCCUPIED,Yashasvi Sani,2023-11-07 05:39:04
TH1217,PROP1854,East Delhi,1,9500,2025-08-27,2026-07-27,OCCUPIED,Qushi Seth,2026-03-20 15:54:20
TH1218,PROP1471,Lajpat Nagar,3,42800,2024-10-16,2026-08-16,OCCUPIED,Mohini Sagar,2025-09-28 00:21:06
TH1219,PROP1428,Noida Sector 18,1,16500,2024-06-27,2026-04-27,OCCUPIED,Aadhya Prasad,2026-05-31 10:25:00
TH1220,PROP1971,Ghaziabad Vasundhara,3,16400,2025-08-11,2026-07-11,OCCUPIED,Ekalinga Chand,2026-01-17 22:51:56
TH1221,PROP1604,Noida Extension,1,8900,2023-10-31,2025-08-31,OCCUPIED,Kashish De,2025-03-22 04:33:52
TH1222,PROP1227,North Delhi,2,14400,2025-04-23,2026-03-23,OCCUPIED,Jason Roy,2024-08-12 00:11:42
TH1223,PROP1199,East Delhi,3,22100,2025-07-18,2026-06-18,OCCUPIED,Charan Mani,2025-05-09 10:40:47
TH1224,PROP1150,Preet Vihar,2,19400,2024-08-09,2025-07-09,VACANT,Mohammed Subramaniam,2024-03-23 06:33:27
TH1225,PROP1672,Lajpat Nagar,2,33200,2023-11-16,2025-09-16,OCCUPIED,Ishwar Mallick,2025-04-10 14:47:45
TH1226,PROP1578,Ghaziabad Indirapuram,3,22800,2025-12-20,2027-10-20,OCCUPIED,Amara Balakrishnan,2024-02-04 05:58:46
TH1227,PROP1070,Ghaziabad Raj Nagar Extension,4,18600,2025-08-28,2027-06-28,OCCUPIED,Harinakshi Panchal,2023-07-28 06:05:35
TH1228,PROP1361,Faridabad Sector 81,1,7400,2026-02-27,2027-12-27,OCCUPIED,Ekaraj Dhar,2025-10-10 10:59:53
TH1229,PROP1378,Noida Sector 18,1,17500,2026-06-19,2027-05-19,OCCUPIED,Tanveer Puri,2024-10-23 13:58:48
TH1230,PROP1520,Sohna Road Gurgaon,4,33000,2024-07-28,2025-06-28,OCCUPIED,Devika Nair,2025-11-18 18:11:28
TH1231,PROP1830,Dwarka Sector 21,3,35900,2025-04-02,2026-03-02,NOTICE_PERIOD,Charles Dugal,2024-01-10 00:58:46
TH1232,PROP1462,DLF Phase 5,3,62500,2025-05-27,2026-04-27,OCCUPIED,Anita Savant,2025-07-15 20:42:52
TH1233,PROP1177,Saket,2,29400,2025-01-02,2026-11-02,OCCUPIED,Oeshi Mahajan,2024-03-13 18:24:17
TH1234,PROP1625,Gurgaon Sector 56,3,32600,2025-02-01,2026-12-01,OCCUPIED,Qushi Choudhry,2024-05-26 22:08:21
TH1235,PROP1794,North Delhi,1,11100,2025-08-01,2027-06-01,OCCUPIED,Darika Bath,2024-03-19 04:33:45
TH1236,PROP1097,Sohna Road Gurgaon,3,23700,2026-07-02,2027-06-02,OCCUPIED,Abhimanyu Jayaraman,2024-06-15 20:02:12
TH1237,PROP1597,Golf Course Extension Road,3,37400,2024-03-08,2026-01-08,OCCUPIED,Aadhya Mann,2024-07-15 02:15:10
TH1238,PROP1726,Gurgaon Golf Course Road,3,63900,2023-07-29,2025-05-29,VACANT,Parth Dayal,2024-09-10 03:56:56
TH1239,PROP1687,Faridabad Neharpar,1,6400,2025-08-29,2027-06-29,OCCUPIED,Ekbal Ranganathan,2026-02-19 19:35:10
TH1240,PROP1019,West Delhi,3,22000,2023-09-05,2024-08-05,OCCUPIED,Tripti Brahmbhatt,2026-02-20 04:40:33
TH1241,PROP1785,Faridabad Sector 15,2,13100,2025-04-11,2026-03-11,OCCUPIED,Omisha Mann,2023-11-24 18:16:26
TH1242,PROP1303,DLF Phase 5,1,27000,2023-08-12,2024-07-12,OCCUPIED,Onveer Sharma,2026-01-18 05:32:45
TH1243,PROP1158,Gurgaon Sector 56,2,25900,2026-04-23,2027-03-23,OCCUPIED,Rajeshri Cherian,2024-04-13 04:05:20
TH1244,PROP1045,Greater Noida,3,17500,2025-04-25,2026-03-25,NOTICE_PERIOD,Meghana Mukherjee,2025-10-15 18:09:57
TH1245,PROP1626,Noida Sector 18,4,43800,2024-03-19,2025-02-19,OCCUPIED,Faraj Uppal,2025-06-14 09:36:49
TH1246,PROP1829,Ghaziabad Raj Nagar Extension,2,9700,2025-02-21,2026-12-21,OCCUPIED,Ikshita Panchal,2025-09-25 13:37:10
TH1247,PROP1289,Sohna Road Gurgaon,4,36000,2026-01-02,2026-12-02,VACANT,Warinder Chauhan,2023-12-29 00:36:43
TH1248,PROP1142,Preet Vihar,1,14100,2024-02-22,2025-12-22,OCCUPIED,Faqid Goel,2026-05-28 21:55:23
TH1249,PROP1106,Faridabad Neharpar,1,5900,2025-06-07,2026-05-07,OCCUPIED,Saumya Naidu,2026-02-22 12:52:10
TH1250,PROP1928,Faridabad Sector 81,2,13000,2025-06-06,2026-05-06,NOTICE_PERIOD,Ria Bir,2024-12-16 08:52:35
TH1251,PROP1228,Ghaziabad Indirapuram,3,23200,2025-06-11,2027-04-11,OCCUPIED,Daksh Pandey,2025-01-27 11:06:27
TH1252,PROP1515,West Delhi,2,16500,2024-06-24,2025-05-24,OCCUPIED,Baljiwan Bhandari,2024-08-28 14:19:24
TH1253,PROP1029,Noida Sector 76,1,12700,2024-05-30,2026-03-30,VACANT,Yashica Rajagopalan,2024-12-09 13:35:07
TH1254,PROP1141,Saket,3,43100,2025-03-18,2027-01-18,OCCUPIED,Shivani Guha,2024-07-07 20:48:24
TH1255,PROP1143,Ghaziabad Raj Nagar Extension,4,18500,2024-12-22,2025-11-22,OCCUPIED,David Seshadri,2023-11-11 23:20:43
TH1256,PROP1221,Golf Course Extension Road,4,45700,2026-03-31,2028-01-31,OCCUPIED,Frado Thaman,2025-06-28 12:54:45
TH1257,PROP1125,Hauz Khas,2,37300,2023-09-01,2025-07-01,OCCUPIED,Reva Viswanathan,2025-02-13 08:22:44
TH1258,PROP1857,Faridabad Sector 15,1,9400,2024-01-10,2024-12-10,OCCUPIED,Barkha Ram,2024-10-11 11:03:02
TH1259,PROP1299,Greater Noida Pari Chowk,1,7300,2024-07-25,2025-06-25,OCCUPIED,Gaurika Bhatti,2024-07-16 19:29:51
TH1260,PROP1192,Gurgaon Golf Course Road,3,56500,2025-03-22,2026-02-22,OCCUPIED,Bhanumati Krishnan,2025-09-21 13:45:14
TH1261,PROP1482,Saket,4,56200,2025-07-08,2027-05-08,OCCUPIED,Gauri Bumb,2025-04-20 01:59:30
TH1262,PROP1366,Lajpat Nagar,3,39400,2023-12-22,2024-11-22,VACANT,Dayita Ramanathan,2023-12-09 20:36:19
TH1263,PROP1753,North Delhi,2,14300,2025-09-04,2027-07-04,VACANT,Dayita Puri,2025-06-25 15:39:00
TH1264,PROP1180,Ghaziabad Vasundhara,4,24100,2024-07-14,2025-06-14,OCCUPIED,Girik Sampath,2025-01-28 17:23:29
TH1265,PROP1795,Ghaziabad Vasundhara,1,8000,2023-08-09,2024-07-09,VACANT,Pranit Kala,2024-07-30 00:09:31
TH1266,PROP1908,Saket,3,43300,2025-11-05,2027-09-05,NOTICE_PERIOD,Upkaar Devan,2024-01-07 08:09:50
TH1267,PROP1557,Ghaziabad Raj Nagar Extension,3,12400,2024-06-08,2025-05-08,OCCUPIED,Yashica Zacharia,2026-01-21 14:54:26
TH1268,PROP1883,Hauz Khas,3,50300,2026-03-14,2028-01-14,OCCUPIED,Gayathri Deep,2025-05-05 23:29:03
TH1269,PROP1410,Ghaziabad Indirapuram,4,26000,2024-01-05,2024-12-05,OCCUPIED,Noah Sarma,2023-09-07 10:31:10
TH1270,PROP1510,West Delhi,3,25500,2024-08-22,2026-06-22,OCCUPIED,Sachi Mane,2025-10-22 23:22:07
TH1271,PROP1617,Gurgaon Sector 45,3,29500,2025-11-25,2026-10-25,OCCUPIED,William More,2026-06-13 14:05:33
TH1272,PROP1303,Noida Sector 62,4,36900,2025-11-25,2027-09-25,OCCUPIED,Jhalak Sastry,2024-12-08 10:27:18
TH1273,PROP1455,East Delhi,4,24000,2024-05-24,2026-03-24,OCCUPIED,Yadavi Wable,2024-10-22 07:10:06
TH1274,PROP1446,Noida Sector 150,1,12800,2024-01-14,2025-11-14,OCCUPIED,Lakshit Krishna,2023-09-16 17:42:51
TH1275,PROP1821,Gurgaon Sector 56,1,14300,2024-12-28,2026-10-28,OCCUPIED,Harshil Varty,2026-02-08 04:52:45
TH1276,PROP1069,Pitampura,3,31100,2024-05-28,2025-04-28,OCCUPIED,Anjali Sengupta,2026-04-08 12:37:06
TH1277,PROP1696,Ghaziabad Indirapuram,3,20400,2023-12-29,2024-11-29,OCCUPIED,Gavin Kapadia,2026-01-01 10:36:06
TH1278,PROP1543,West Delhi,4,29200,2026-03-15,2028-01-15,OCCUPIED,Oeshi Bera,2024-09-27 23:11:18
TH1279,PROP1117,Vasant Kunj,2,32000,2024-09-02,2026-07-02,VACANT,Finn Prasad,2024-03-23 14:17:09
TH1280,PROP1121,Preet Vihar,3,30800,2024-07-03,2025-06-03,NOTICE_PERIOD,Gautami Dhingra,2023-12-19 08:01:20
TH1281,PROP1293,Faridabad Sector 15,2,12700,2024-05-30,2025-04-30,OCCUPIED,Liam Singh,2024-11-24 02:31:33
TH1282,PROP1921,Ghaziabad Indirapuram,1,10500,2023-07-26,2025-05-26,OCCUPIED,Anirudh Kunda,2024-03-13 20:39:38
TH1283,PROP1727,Lajpat Nagar,3,45900,2023-12-31,2024-11-30,OCCUPIED,Indrajit Mani,2024-04-06 22:49:08
TH1284,PROP1950,Gurgaon Sector 45,3,30900,2023-12-01,2024-11-01,NOTICE_PERIOD,Oni Shankar,2023-09-28 09:11:05
TH1285,PROP1812,Central Delhi,2,44900,2026-01-22,2026-12-22,OCCUPIED,Amol Varma,2025-04-11 15:42:41
TH1286,PROP1587,West Delhi,4,32800,2025-09-14,2026-08-14,OCCUPIED,Pushti Agarwal,2025-05-25 05:20:50
TH1287,PROP1089,Lajpat Nagar,3,41000,2024-04-09,2026-02-09,OCCUPIED,Rachit Chada,2025-02-14 03:44:50
TH1288,PROP1788,Greater Noida,1,7100,2024-08-18,2026-06-18,OCCUPIED,Madhavi Singhal,2023-09-07 06:21:52
TH1289,PROP1461,Ghaziabad Vasundhara,3,16600,2024-09-16,2025-08-16,VACANT,Zehaan Babu,2024-08-15 20:07:30
TH1290,PROP1133,Greater Noida Pari Chowk,1,7700,2023-10-02,2024-09-02,OCCUPIED,Hemang Natarajan,2023-12-14 17:50:12
TH1291,PROP1166,Noida Sector 76,2,17300,2024-08-09,2026-06-09,VACANT,Parth Shetty,2026-06-30 06:24:15
TH1292,PROP1257,Dwarka Sector 21,3,31900,2024-12-25,2026-10-25,OCCUPIED,Krishna Bhatnagar,2025-09-13 03:33:53
TH1293,PROP1096,Faridabad Sector 81,2,12300,2026-05-19,2027-04-19,OCCUPIED,Chaaya Jaggi,2023-09-07 13:30:48
TH1294,PROP1640,North Delhi,1,11200,2024-02-24,2025-01-24,OCCUPIED,Diya Mukherjee,2025-02-05 06:42:50
TH1295,PROP1972,Preet Vihar,2,22300,2026-07-08,2028-05-08,OCCUPIED,Zehaan Bansal,2025-10-23 23:01:46
TH1296,PROP1032,Faridabad Sector 15,3,20300,2024-02-15,2025-12-15,OCCUPIED,Champak Narula,2024-05-15 22:22:51
TH1297,PROP1825,Noida Extension,3,19400,2025-12-12,2026-11-12,OCCUPIED,Mugdha Sarraf,2026-03-27 20:03:36
TH1298,PROP1426,Ghaziabad Raj Nagar Extension,4,16700,2024-09-16,2025-08-16,OCCUPIED,Watika Tank,2024-08-27 01:45:08
TH1299,PROP1736,Noida Sector 76,3,28100,2025-12-10,2026-11-10,VACANT,Fitan Samra,2023-10-16 01:05:35
TH1300,PROP1528,DLF Phase 5,3,52500,2025-05-10,2026-04-10,OCCUPIED,Chaaya Nagi,2023-11-10 23:34:24
TH1301,PROP1254,Golf Course Extension Road,1,16200,2024-07-14,2026-05-14,VACANT,Damini Sehgal,2025-05-11 20:50:13
TH1302,PROP1429,Pitampura,2,24700,2024-10-29,2026-08-29,OCCUPIED,Indali Sekhon,2023-09-05 23:21:11
TH1303,PROP1164,Faridabad Sector 15,4,25200,2026-02-27,2027-12-27,OCCUPIED,Radhika Maharaj,2025-06-21 05:49:51
TH1304,PROP1093,Noida Extension,4,28000,2025-12-03,2026-11-03,OCCUPIED,Falan Ravi,2024-08-22 15:37:19
TH1305,PROP1050,Hauz Khas,3,53100,2025-12-14,2027-10-14,OCCUPIED,Azaan Dhar,2026-02-05 11:13:19
TH1306,PROP1009,DLF Phase 5,4,65700,2025-08-01,2027-06-01,OCCUPIED,Bakhshi Date,2023-10-03 05:34:55
TH1307,PROP1783,Noida Extension,3,17500,2025-11-19,2026-10-19,OCCUPIED,Janaki Rajagopal,2026-05-26 21:55:47
TH1308,PROP1200,West Delhi,3,21400,2023-08-25,2025-06-25,VACANT,Shivani Prabhakar,2024-09-01 04:28:02
TH1309,PROP1287,Cyber City Gurgaon,2,39000,2025-11-02,2027-09-02,OCCUPIED,Jeevika Rao,2024-06-30 01:00:34
TH1310,PROP1348,West Delhi,2,15800,2024-05-21,2026-03-21,OCCUPIED,Atharv Grewal,2025-01-18 09:01:34
TH1311,PROP1047,Saket,2,29400,2024-09-16,2026-07-16,OCCUPIED,Adweta Lad,2025-08-30 23:48:25
TH1312,PROP1153,Faridabad Sector 81,2,11500,2024-03-11,2026-01-11,OCCUPIED,Vritti Iyengar,2023-12-02 22:33:29
TH1313,PROP1632,Noida Sector 62,3,28000,2026-02-08,2027-12-08,OCCUPIED,Orinder Saxena,2026-07-18 06:48:58
TH1314,PROP1307,Ghaziabad Raj Nagar Extension,1,6300,2025-12-24,2026-11-24,NOTICE_PERIOD,Idika Bhattacharyya,2025-03-15 04:57:23
TH1315,PROP1598,Noida Sector 62,1,13300,2024-06-02,2026-04-02,NOTICE_PERIOD,Nakul Ghosh,2025-12-07 05:35:00
TH1316,PROP1802,Janakpuri,1,14600,2025-01-28,2025-12-28,OCCUPIED,Sai Dewan,2024-04-05 23:02:42
TH1317,PROP1739,Sohna Road Gurgaon,2,19400,2025-01-11,2025-12-11,OCCUPIED,Jyoti Sibal,2025-12-18 03:38:41
TH1318,PROP1971,Cyber City Gurgaon,2,31000,2025-03-16,2027-01-16,OCCUPIED,Dominic More,2024-09-29 20:03:07
TH1319,PROP1423,Rohini Sector 10,4,36000,2025-09-13,2027-07-13,VACANT,Nirja Rout,2026-01-08 17:06:51
TH1320,PROP1754,Hauz Khas,2,38200,2023-10-09,2025-08-09,NOTICE_PERIOD,Ethan Sengupta,2024-12-12 23:40:24
TH1321,PROP1490,Faridabad Neharpar,4,16300,2025-02-06,2026-01-06,OCCUPIED,Qabil Dayal,2024-11-06 14:12:42
TH1322,PROP1546,North Delhi,3,23300,2026-04-13,2028-02-13,OCCUPIED,Jeet Vasa,2024-01-05 05:25:05
TH1323,PROP1197,Pitampura,3,32600,2024-01-17,2024-12-17,NOTICE_PERIOD,Umang Pal,2026-05-24 17:45:24
TH1324,PROP1305,Noida Sector 18,2,27200,2025-02-08,2026-12-08,OCCUPIED,Farhan Krishna,2024-02-21 15:44:02
TH1325,PROP1358,Noida Sector 150,3,28000,2026-06-02,2028-04-02,VACANT,Jeremiah Mitter,2025-05-24 19:19:11
TH1326,PROP1405,East Delhi,2,14200,2023-10-31,2025-08-31,NOTICE_PERIOD,Mitesh Garg,2025-07-12 08:24:37
TH1327,PROP1081,East Delhi,4,28000,2025-09-17,2027-07-17,OCCUPIED,Benjamin Balakrishnan,2023-10-18 13:28:03
TH1328,PROP1848,Noida Sector 150,3,28100,2026-05-24,2027-04-24,OCCUPIED,Shivansh Saha,2025-05-28 20:05:52
TH1329,PROP1686,Faridabad Neharpar,2,9800,2023-08-23,2024-07-23,OCCUPIED,Chasmum Subramanian,2024-04-14 21:09:01
TH1330,PROP1339,Ghaziabad Raj Nagar Extension,1,6800,2025-12-21,2026-11-21,OCCUPIED,Chameli Setty,2023-10-09 12:31:10
TH1331,PROP1564,Gurgaon Sector 56,4,44800,2023-09-24,2025-07-24,OCCUPIED,Ojasvi Sule,2024-12-11 11:05:34
TH1332,PROP1205,Noida Sector 18,3,34500,2024-07-27,2025-06-27,VACANT,Dhriti Nagar,2025-10-03 00:59:02
TH1333,PROP1092,Janakpuri,1,15700,2026-02-17,2027-01-17,OCCUPIED,Kalpit Prabhakar,2025-02-04 20:06:15
TH1334,PROP1858,Gurgaon Sector 45,1,16000,2023-11-14,2025-09-14,VACANT,Unnati Das,2024-05-09 15:18:18
TH1335,PROP1191,Noida Sector 18,1,14900,2024-04-17,2025-03-17,VACANT,Chandresh Mannan,2026-05-22 10:34:43
TH1336,PROP1344,Noida Sector 18,4,52300,2026-02-21,2027-12-21,VACANT,Yuvraj Dutta,2025-12-28 21:46:55
TH1337,PROP1138,Faridabad Sector 81,4,20400,2026-05-08,2027-04-08,OCCUPIED,Ranveer Dutta,2025-01-17 12:33:21
TH1338,PROP1749,Ghaziabad Vasundhara,3,19200,2025-02-03,2026-01-03,OCCUPIED,Darika Tank,2023-08-15 23:00:03
TH1339,PROP1810,Noida Sector 18,2,24000,2026-05-21,2028-03-21,VACANT,Wridesh Kale,2025-04-20 17:53:27
TH1340,PROP1528,Noida Sector 76,1,11400,2023-09-12,2024-08-12,OCCUPIED,Warda Singhal,2024-05-29 15:55:57
TH1341,PROP1144,Ghaziabad Raj Nagar Extension,3,15500,2023-07-29,2024-06-29,OCCUPIED,Raagini Desai,2026-03-14 11:42:46
TH1342,PROP1242,Ghaziabad Indirapuram,3,23300,2025-09-24,2027-07-24,OCCUPIED,Jasmit Bath,2024-10-02 11:44:04
TH1343,PROP1587,South Delhi,3,50800,2025-04-05,2026-03-05,OCCUPIED,Janani Mani,2023-10-10 03:12:45
TH1344,PROP1122,Ghaziabad Vasundhara,3,16700,2025-01-23,2026-11-23,OCCUPIED,Jagat Dave,2026-06-23 23:33:11
TH1345,PROP1655,Noida Sector 18,3,37400,2024-09-24,2025-08-24,NOTICE_PERIOD,Jasmit Dhawan,2024-02-24 16:12:30
TH1346,PROP1490,Golf Course Extension Road,4,53400,2025-01-28,2026-11-28,OCCUPIED,Chakradev Barad,2023-12-18 17:12:40
TH1347,PROP1563,Ghaziabad Raj Nagar Extension,2,10600,2024-07-19,2025-06-19,OCCUPIED,Zilmil Shan,2023-12-31 18:15:42
TH1348,PROP1541,West Delhi,1,12200,2026-03-24,2027-02-24,OCCUPIED,Falak Nagar,2024-01-15 14:53:21
TH1349,PROP1561,Faridabad Sector 81,2,12200,2026-07-09,2027-06-09,OCCUPIED,Gayathri Tripathi,2026-01-14 03:17:07
TH1350,PROP1875,Faridabad Neharpar,4,15500,2025-02-22,2026-01-22,OCCUPIED,Vaishnavi Badal,2024-08-28 04:20:09
TH1351,PROP1501,Gurgaon Golf Course Road,4,87000,2025-07-27,2027-05-27,OCCUPIED,Darika Bala,2025-05-05 14:37:36
TH1352,PROP1426,Ghaziabad Vasundhara,1,8600,2024-05-06,2026-03-06,OCCUPIED,Charan Srinivasan,2024-01-24 09:31:51
TH1353,PROP1406,Preet Vihar,1,14500,2025-06-08,2026-05-08,OCCUPIED,Manbir Kibe,2023-08-25 03:44:46
TH1354,PROP1353,Lajpat Nagar,1,21500,2026-05-24,2027-04-24,NOTICE_PERIOD,Rayaan Bahl,2024-11-15 19:38:31
TH1355,PROP1484,Saket,3,38300,2024-10-21,2025-09-21,VACANT,Samar Roy,2025-01-21 10:00:55
TH1356,PROP1747,Greater Noida,3,18800,2025-05-20,2027-03-20,OCCUPIED,David Devi,2025-02-08 21:29:06
TH1357,PROP1940,Sohna Road Gurgaon,4,29100,2025-03-26,2026-02-26,OCCUPIED,Krisha Murthy,2026-06-03 19:45:13
TH1358,PROP1357,Cyber City Gurgaon,2,39100,2024-12-05,2026-10-05,OCCUPIED,Irya Lalla,2025-05-20 00:52:55
TH1359,PROP1746,Janakpuri,1,15200,2024-02-16,2025-12-16,OCCUPIED,Arya Misra,2024-03-23 22:55:08
TH1360,PROP1737,Greater Noida Pari Chowk,4,21300,2026-06-20,2027-05-20,OCCUPIED,Bhavya Johal,2025-08-15 20:57:34
TH1361,PROP1159,Noida Sector 150,2,24300,2025-01-06,2025-12-06,OCCUPIED,Ikshita Mahal,2024-05-31 21:36:19
TH1362,PROP1677,Greater Noida,1,7300,2025-04-08,2026-03-08,OCCUPIED,Megha Pai,2026-06-01 13:08:38
TH1363,PROP1035,Ghaziabad Indirapuram,1,9200,2025-12-18,2026-11-18,OCCUPIED,Brijesh Mani,2026-06-02 07:40:47
TH1364,PROP1240,Rohini Sector 10,1,11900,2023-10-15,2025-08-15,OCCUPIED,Aahana Srinivas,2024-03-12 00:47:54
TH1365,PROP1939,Noida Sector 76,3,23600,2026-01-12,2026-12-12,NOTICE_PERIOD,Anita Devan,2023-11-18 05:53:22
TH1366,PROP1534,Janakpuri,4,37700,2025-10-09,2026-09-09,OCCUPIED,Xavier Bedi,2025-07-24 12:20:19
TH1367,PROP1606,Gurgaon Sector 45,4,40100,2025-02-21,2026-01-21,NOTICE_PERIOD,Charles Chaudhry,2024-10-16 10:13:45
TH1368,PROP1965,Sohna Road Gurgaon,3,26400,2025-09-13,2027-07-13,OCCUPIED,Laksh Ahluwalia,2026-06-12 09:44:51
TH1369,PROP1386,Gurgaon Sector 45,4,37100,2026-06-25,2027-05-25,OCCUPIED,Niharika Soni,2024-12-25 17:07:29
TH1370,PROP1725,Golf Course Extension Road,4,55400,2024-02-24,2025-12-24,NOTICE_PERIOD,Ekani Mangal,2025-06-28 06:53:09
TH1371,PROP1571,Faridabad Neharpar,2,9200,2026-04-10,2028-02-10,OCCUPIED,Vincent Warrior,2025-10-07 22:58:25
TH1372,PROP1663,Gurgaon Golf Course Road,4,87700,2026-02-06,2027-01-06,OCCUPIED,Parth Sahni,2026-03-14 06:10:14
TH1373,PROP1850,Dwarka Sector 21,1,15300,2024-01-29,2024-12-29,VACANT,Mekhala Tandon,2024-02-10 17:00:59
TH1374,PROP1193,Rohini Sector 10,4,33500,2025-10-18,2027-08-18,OCCUPIED,Baljiwan Andra,2024-06-12 12:25:51
TH1375,PROP1931,South Delhi,2,38700,2025-05-11,2026-04-11,OCCUPIED,Bhavani Sha,2026-07-09 08:09:11
TH1376,PROP1773,Ghaziabad Raj Nagar Extension,2,10500,2025-03-06,2026-02-06,OCCUPIED,Krish Thaman,2024-12-15 09:12:02
TH1377,PROP1246,Noida Sector 76,3,24500,2024-02-17,2025-12-17,OCCUPIED,Ganga Gaba,2025-09-29 15:58:28
TH1378,PROP1369,Faridabad Sector 81,4,21400,2025-06-29,2027-04-29,VACANT,Akshay Nazareth,2025-12-04 00:33:58
TH1379,PROP1328,Rohini Sector 10,3,26700,2025-04-02,2026-03-02,OCCUPIED,Parth Ravi,2026-01-12 17:06:37
TH1380,PROP1227,Golf Course Extension Road,1,17200,2025-02-04,2026-12-04,OCCUPIED,Nandini Chandran,2024-02-09 00:46:13
TH1381,PROP1201,North Delhi,2,15500,2023-12-21,2024-11-21,OCCUPIED,Yuvraj Ahuja,2024-05-02 07:28:15
TH1382,PROP1671,North Delhi,3,23800,2024-04-03,2026-02-03,NOTICE_PERIOD,Forum Mittal,2025-04-19 18:39:39
TH1383,PROP1658,Faridabad Sector 15,4,23200,2025-04-08,2027-02-08,OCCUPIED,Jagvi Keer,2023-09-27 15:13:42
TH1384,PROP1738,Faridabad Sector 15,2,15400,2023-11-27,2024-10-27,OCCUPIED,Nathaniel Ravi,2025-08-11 07:23:51
TH1385,PROP1860,Lajpat Nagar,1,20700,2026-04-26,2028-02-26,OCCUPIED,Jacob Merchant,2024-08-27 06:55:56
TH1386,PROP1646,Janakpuri,1,15000,2024-03-18,2025-02-18,OCCUPIED,Vanya Dua,2024-12-01 02:13:44
TH1387,PROP1467,West Delhi,1,11400,2026-07-07,2028-05-07,OCCUPIED,Ojasvi Sinha,2025-10-28 09:47:10
TH1388,PROP1017,South Delhi,4,55600,2025-12-15,2027-10-15,OCCUPIED,Yug Bumb,2025-02-16 08:55:23
TH1389,PROP1294,Vasant Kunj,4,61800,2025-02-18,2026-01-18,OCCUPIED,Faras Choudhury,2023-09-27 05:35:46
TH1390,PROP1099,Faridabad Neharpar,2,8900,2025-03-11,2027-01-11,VACANT,Mason Gala,2024-07-15 02:07:44
TH1391,PROP1274,Noida Extension,1,8800,2025-02-09,2026-12-09,OCCUPIED,Samesh Suresh,2023-10-29 05:02:43
TH1392,PROP1250,Janakpuri,3,32200,2025-01-29,2025-12-29,OCCUPIED,Sudiksha Deo,2025-02-02 22:32:59
TH1393,PROP1879,Saket,1,17800,2024-12-02,2026-10-02,OCCUPIED,Turvi Morar,2025-09-21 01:49:34
TH1394,PROP1058,South Delhi,2,31500,2024-09-26,2026-07-26,OCCUPIED,Tejas Bora,2023-09-09 04:31:34
TH1395,PROP1340,DLF Phase 5,1,24300,2024-08-01,2026-06-01,OCCUPIED,Darpan Biswas,2026-07-06 02:15:17
TH1396,PROP1947,Lajpat Nagar,3,46000,2024-12-18,2025-11-18,OCCUPIED,Nilima Gole,2025-11-10 03:24:04
TH1397,PROP1871,Noida Sector 76,1,13000,2025-11-05,2026-10-05,VACANT,Kavya Raja,2024-11-24 00:50:02
TH1398,PROP1730,Noida Extension,1,8700,2026-04-20,2027-03-20,OCCUPIED,Keya Buch,2025-08-07 15:28:43
TH1399,PROP1870,Sohna Road Gurgaon,3,24500,2025-07-14,2026-06-14,VACANT,Ijaya Dani,2024-02-02 02:53:54
TH1400,PROP1706,Gurgaon Golf Course Road,3,56300,2025-02-28,2026-12-28,OCCUPIED,Udant Aggarwal,2025-10-27 02:59:21
TH1401,PROP1078,North Delhi,4,32000,2026-06-26,2028-04-26,OCCUPIED,Panini Wali,2024-09-09 03:28:01
TH1402,PROP1280,Ghaziabad Indirapuram,4,25200,2024-03-28,2026-01-28,OCCUPIED,Hiral Dubey,2024-05-18 14:21:56
TH1403,PROP1697,Sohna Road Gurgaon,1,12500,2026-05-12,2028-03-12,VACANT,Azad Saini,2025-05-25 08:20:06
TH1404,PROP1731,Lajpat Nagar,1,18400,2026-05-11,2028-03-11,OCCUPIED,Wridesh Jhaveri,2023-10-03 07:05:42
TH1405,PROP1650,Golf Course Extension Road,4,48200,2025-05-01,2026-04-01,OCCUPIED,Chanakya Konda,2025-10-09 23:44:36
TH1406,PROP1966,Noida Sector 62,4,34800,2024-10-03,2026-08-03,OCCUPIED,Teerth Bhalla,2023-12-22 02:42:43
TH1407,PROP1090,Gurgaon Sector 45,4,39100,2026-07-12,2028-05-12,OCCUPIED,Eiravati Nagi,2024-04-06 03:27:33
TH1408,PROP1092,East Delhi,1,10000,2026-03-06,2028-01-06,VACANT,Odika Mital,2024-05-18 01:19:37
TH1409,PROP1013,Noida Sector 18,4,45500,2025-03-21,2026-02-21,OCCUPIED,Prisha Tandon,2023-09-10 22:27:06
TH1410,PROP1573,Pitampura,2,24000,2024-08-01,2025-07-01,OCCUPIED,Eiravati Saha,2024-10-10 21:38:00
TH1411,PROP1309,Noida Sector 150,4,36200,2024-06-13,2025-05-13,OCCUPIED,Urvashi Khosla,2026-02-06 04:53:01
TH1412,PROP1432,Noida Sector 62,4,38400,2024-06-14,2026-04-14,OCCUPIED,Ubika Bhardwaj,2025-03-28 18:44:53
TH1413,PROP1253,Faridabad Sector 15,2,13900,2026-06-14,2027-05-14,OCCUPIED,Lipika Kibe,2024-04-25 23:13:09
TH1414,PROP1972,Noida Extension,3,21200,2024-07-16,2026-05-16,VACANT,Shivani Prabhakar,2023-10-30 21:04:44
TH1415,PROP1338,Ghaziabad Indirapuram,3,20700,2025-09-21,2026-08-21,OCCUPIED,Charan Loyal,2024-09-06 20:01:09
TH1416,PROP1618,Dwarka Sector 21,4,43000,2025-05-13,2027-03-13,NOTICE_PERIOD,Elijah Guha,2025-12-19 05:39:00
TH1417,PROP1299,Faridabad Sector 15,2,13400,2025-04-24,2027-02-24,VACANT,Varenya Joshi,2026-02-28 06:19:29
TH1418,PROP1403,West Delhi,1,12200,2024-07-19,2025-06-19,OCCUPIED,Siddharth Gupta,2026-06-09 17:33:01
TH1419,PROP1559,Gurgaon Sector 45,1,15900,2023-11-26,2025-09-26,NOTICE_PERIOD,Xavier Jayaraman,2024-09-28 03:52:18
TH1420,PROP1215,Ghaziabad Indirapuram,3,22700,2024-04-08,2025-03-08,VACANT,Barkha Rai,2024-12-13 10:38:47
TH1421,PROP1815,Greater Noida,4,19700,2025-06-30,2027-04-30,OCCUPIED,Advika Parsa,2025-02-02 11:12:27
TH1422,PROP1675,Golf Course Extension Road,4,53900,2025-01-15,2025-12-15,OCCUPIED,Upasna Nagarajan,2026-04-18 09:55:57
TH1423,PROP1613,Ghaziabad Raj Nagar Extension,4,18100,2024-08-29,2026-06-29,OCCUPIED,Chakradev Kant,2025-10-10 18:26:55
TH1424,PROP1810,West Delhi,1,10000,2023-08-07,2024-07-07,OCCUPIED,Chakrika Dua,2024-02-21 12:50:15
TH1425,PROP1364,Gurgaon Sector 56,1,15800,2024-03-28,2026-01-28,NOTICE_PERIOD,Xalak Nazareth,2024-04-28 12:31:16
TH1426,PROP1340,Greater Noida Pari Chowk,1,6300,2026-01-05,2027-11-05,OCCUPIED,Triveni Ganguly,2025-10-01 11:26:39
TH1427,PROP1765,Faridabad Neharpar,2,9400,2024-08-09,2026-06-09,OCCUPIED,Vrinda Gour,2026-04-21 05:29:14
TH1428,PROP1696,Faridabad Sector 81,2,11600,2025-03-05,2026-02-05,OCCUPIED,Bahadurjit Borde,2026-05-22 05:24:14
TH1429,PROP1303,Greater Noida,1,7100,2025-07-21,2026-06-21,OCCUPIED,Nitara Devan,2026-01-29 18:09:42
TH1430,PROP1352,Ghaziabad Vasundhara,2,13100,2024-03-30,2026-01-30,OCCUPIED,Aditya Kamdar,2025-01-25 16:55:39
TH1431,PROP1449,Ghaziabad Indirapuram,3,18800,2024-09-01,2025-08-01,VACANT,Vinaya Babu,2023-07-28 19:24:52
TH1432,PROP1118,Vasant Kunj,3,46400,2025-03-16,2026-02-16,VACANT,Anay Wagle,2025-09-19 21:13:54
TH1433,PROP1759,Pitampura,2,23300,2025-02-26,2026-12-26,OCCUPIED,Anay Thakkar,2025-12-28 13:21:02
TH1434,PROP1982,Ghaziabad Vasundhara,2,13900,2025-07-28,2026-06-28,OCCUPIED,Hredhaan Char,2025-02-15 03:26:14
TH1435,PROP1674,Greater Noida Pari Chowk,4,17600,2024-04-09,2025-03-09,OCCUPIED,Irya Loke,2025-12-08 14:11:26
TH1436,PROP1440,Sohna Road Gurgaon,1,12300,2023-10-15,2024-09-15,OCCUPIED,Tripti Kohli,2026-07-10 13:57:46
TH1437,PROP1721,Lajpat Nagar,1,20900,2024-03-24,2025-02-24,OCCUPIED,Azad Chander,2024-10-07 15:14:39
TH1438,PROP1202,Ghaziabad Vasundhara,1,8000,2024-09-06,2026-07-06,OCCUPIED,Daksh Andra,2025-08-29 16:26:35
TH1439,PROP1655,Noida Sector 76,4,33300,2023-10-19,2024-09-19,OCCUPIED,Garima Chandran,2026-03-28 00:06:09
TH1440,PROP1866,Ghaziabad Vasundhara,2,14000,2026-04-22,2028-02-22,VACANT,Siddharth Soman,2024-05-13 14:35:24
TH1441,PROP1605,Gurgaon Golf Course Road,2,43000,2026-04-27,2027-03-27,OCCUPIED,Bachittar Gola,2026-05-04 05:33:23
TH1442,PROP1188,West Delhi,2,17000,2024-06-29,2026-04-29,OCCUPIED,Maanas Rao,2026-05-04 08:24:42
TH1443,PROP1589,Sohna Road Gurgaon,4,30000,2024-06-12,2025-05-12,OCCUPIED,Lopa Zachariah,2024-07-19 01:07:11
TH1444,PROP1502,Noida Sector 18,2,24000,2025-10-25,2027-08-25,OCCUPIED,Farhan Tella,2025-10-15 09:00:26
TH1445,PROP1887,East Delhi,1,9700,2024-08-02,2025-07-02,VACANT,Rajeshri Kata,2026-01-25 12:23:23
TH1446,PROP1987,Faridabad Sector 81,4,21100,2024-07-27,2026-05-27,OCCUPIED,Eta Balan,2025-06-15 09:14:10
TH1447,PROP1861,Ghaziabad Indirapuram,4,24800,2025-11-24,2026-10-24,VACANT,Vritti Kari,2024-08-14 10:23:39
TH1448,PROP1226,Noida Sector 18,1,16000,2026-05-16,2028-03-16,OCCUPIED,Quincy Rai,2023-10-23 11:02:58
TH1449,PROP1469,Faridabad Sector 15,1,9300,2025-05-28,2027-03-28,VACANT,Ethan Butala,2024-05-10 04:27:46
TH1450,PROP1844,West Delhi,1,11700,2024-09-09,2026-07-09,OCCUPIED,Lopa Nadig,2024-08-19 18:57:44
TH1451,PROP1436,DLF Phase 5,2,38100,2023-10-29,2024-09-29,OCCUPIED,Sai Parsa,2025-11-01 18:52:09
TH1452,PROP1357,Gurgaon Golf Course Road,4,88100,2023-11-09,2024-10-09,VACANT,Rachit Sankar,2024-11-24 08:53:43
TH1453,PROP1243,Rohini Sector 10,3,30400,2025-03-19,2027-01-19,OCCUPIED,Harshil Bal,2023-10-27 18:15:33
TH1454,PROP1143,Rohini Sector 10,2,21500,2025-03-18,2027-01-18,OCCUPIED,Lekha Arora,2024-06-05 08:19:08
TH1455,PROP1612,Gurgaon Sector 56,3,37500,2024-09-17,2026-07-17,OCCUPIED,Xavier Verma,2024-01-23 09:05:49
TH1456,PROP1274,Faridabad Sector 81,1,7100,2024-09-09,2026-07-09,VACANT,Amruta Mitra,2024-05-10 15:53:46
TH1457,PROP1284,Central Delhi,2,39500,2023-12-27,2025-10-27,VACANT,Radhika Majumdar,2024-10-24 23:22:25
TH1458,PROP1780,Noida Extension,4,23000,2025-01-01,2026-11-01,OCCUPIED,Jalsa Krishnamurthy,2026-05-21 04:00:20
TH1459,PROP1385,Ghaziabad Indirapuram,1,10100,2025-09-17,2026-08-17,OCCUPIED,Rohan Shankar,2023-11-15 18:36:35
TH1460,PROP1768,Noida Sector 150,3,30500,2024-06-18,2026-04-18,OCCUPIED,Gaurangi Rai,2025-12-18 14:33:04
TH1461,PROP1003,Gurgaon Golf Course Road,4,83600,2024-07-15,2026-05-15,VACANT,Qushi Deshpande,2024-06-14 18:09:29
TH1462,PROP1815,Noida Extension,2,15600,2025-05-11,2026-04-11,OCCUPIED,Varenya Murthy,2024-02-01 04:54:16
TH1463,PROP1331,Noida Sector 18,3,36800,2024-09-29,2025-08-29,OCCUPIED,Bishakha Swaminathan,2026-06-15 23:03:51
TH1464,PROP1497,North Delhi,1,9300,2025-11-23,2027-09-23,OCCUPIED,Krisha Mand,2026-01-01 05:06:44
TH1465,PROP1952,Gurgaon Sector 56,4,42700,2024-09-23,2026-07-23,OCCUPIED,Ryan Gole,2025-08-06 12:42:55
TH1466,PROP1706,Central Delhi,3,54000,2025-03-14,2027-01-14,OCCUPIED,Shaurya Sarma,2025-12-11 14:29:13
TH1467,PROP1370,Preet Vihar,1,13200,2026-01-16,2026-12-16,OCCUPIED,Nilima Tata,2023-12-21 01:33:35
TH1468,PROP1641,Noida Sector 62,2,19700,2024-06-16,2025-05-16,OCCUPIED,Mitesh Sampath,2025-12-02 04:06:00
TH1469,PROP1002,Rohini Sector 10,4,32400,2023-10-09,2024-09-09,OCCUPIED,Nandini Warrior,2025-01-26 16:03:43
TH1470,PROP1456,South Delhi,1,23800,2026-04-23,2027-03-23,NOTICE_PERIOD,Balhaar Parsa,2025-08-28 08:36:02
TH1471,PROP1433,Central Delhi,4,67800,2025-12-26,2027-10-26,OCCUPIED,Ikbal Kothari,2025-07-11 02:39:43
TH1472,PROP1826,DLF Phase 5,1,24800,2024-08-12,2026-06-12,OCCUPIED,Mugdha Narula,2026-06-13 17:15:07
TH1473,PROP1793,Central Delhi,2,37600,2024-11-03,2025-10-03,OCCUPIED,Guneet Kuruvilla,2024-03-20 19:33:07
TH1474,PROP1169,Ghaziabad Indirapuram,3,22100,2025-10-15,2026-09-15,VACANT,Sanaya Prasad,2024-09-22 03:17:32
TH1475,PROP1631,Ghaziabad Indirapuram,2,13500,2025-11-12,2026-10-12,OCCUPIED,Hemani Bakshi,2024-12-31 13:05:37
TH1476,PROP1127,Sohna Road Gurgaon,3,28000,2024-06-08,2026-04-08,VACANT,Jack Dhar,2024-08-06 05:37:24
TH1477,PROP1254,Noida Sector 150,1,13400,2024-07-30,2026-05-30,VACANT,Vasudha Pall,2024-12-24 07:18:24
TH1478,PROP1708,Vasant Kunj,3,41600,2024-11-11,2025-10-11,OCCUPIED,Eiravati Bhavsar,2024-06-14 13:39:22
TH1479,PROP1303,Hauz Khas,2,38000,2025-12-24,2026-11-24,OCCUPIED,Arin Oza,2025-06-30 13:22:25
TH1480,PROP1654,Lajpat Nagar,1,21800,2025-07-31,2027-05-31,OCCUPIED,Yagnesh Varty,2024-01-28 17:10:22
TH1481,PROP1882,Greater Noida,3,17000,2024-01-12,2024-12-12,VACANT,Turvi Kata,2025-12-11 16:20:05
TH1482,PROP1978,Lajpat Nagar,1,19900,2025-06-09,2026-05-09,OCCUPIED,Rachana Randhawa,2023-08-22 13:12:17
TH1483,PROP1041,Hauz Khas,4,68500,2025-05-23,2027-03-23,OCCUPIED,Shivani Sanghvi,2024-09-19 14:51:03
TH1484,PROP1412,Gurgaon Golf Course Road,2,42600,2025-08-30,2027-06-30,OCCUPIED,Arya Bhatnagar,2025-04-14 04:12:25
TH1485,PROP1944,Rohini Sector 10,2,20200,2025-12-12,2027-10-12,OCCUPIED,Jasmit Nanda,2024-02-22 12:02:41
TH1486,PROP1782,Lajpat Nagar,3,44000,2023-11-22,2024-10-22,OCCUPIED,Dhriti Rama,2025-05-21 09:16:34
TH1487,PROP1089,Greater Noida Pari Chowk,1,7100,2025-04-23,2026-03-23,OCCUPIED,Indira Shankar,2025-05-28 00:29:12
TH1488,PROP1760,Gurgaon Sector 45,1,12600,2025-12-28,2026-11-28,OCCUPIED,Frado Desai,2024-06-28 17:27:38
TH1489,PROP1168,Faridabad Sector 15,3,19700,2024-04-07,2026-02-07,OCCUPIED,Qadim Prakash,2025-08-19 09:01:20
TH1490,PROP1130,Noida Sector 150,1,15200,2025-01-30,2025-12-30,OCCUPIED,Lakshit Rajagopal,2024-10-27 02:17:48
TH1491,PROP1440,Noida Sector 150,1,13500,2025-01-03,2025-12-03,OCCUPIED,Ojas Suri,2024-06-02 01:05:47
TH1492,PROP1524,West Delhi,1,11000,2024-02-10,2025-01-10,OCCUPIED,Chatresh Parmer,2026-05-29 12:22:54
TH1493,PROP1262,DLF Phase 5,1,24300,2025-01-01,2025-12-01,OCCUPIED,Leena Tiwari,2025-07-06 03:29:09
TH1494,PROP1884,South Delhi,2,31200,2024-10-11,2026-08-11,OCCUPIED,Ojasvi Sawhney,2025-01-07 00:59:43
TH1495,PROP1154,Gurgaon Sector 45,1,14500,2023-10-19,2025-08-19,OCCUPIED,Thomas Master,2023-08-26 09:19:09
TH1496,PROP1255,Greater Noida,3,15900,2024-03-23,2025-02-23,OCCUPIED,Om Shankar,2025-04-01 08:35:45
TH1497,PROP1123,Faridabad Sector 81,1,7200,2025-11-12,2026-10-12,NOTICE_PERIOD,Yasti Chowdhury,2025-04-09 02:20:57
TH1498,PROP1071,Ghaziabad Vasundhara,3,19400,2024-05-09,2026-03-09,OCCUPIED,Benjamin Sastry,2025-03-11 05:07:57
TH1499,PROP1567,Ghaziabad Vasundhara,1,8200,2026-07-08,2028-05-08,OCCUPIED,Yug Mishra,2026-03-06 02:38:49
TH1500,PROP1312,Pitampura,4,40100,2023-08-25,2025-06-25,NOTICE_PERIOD,Ijaya Chahal,2024-11-13 15:52:18
TH1501,PROP1795,Dwarka Sector 21,2,22900,2026-07-13,2028-05-13,OCCUPIED,Shaurya Panchal,2026-02-19 00:45:58
TH1502,PROP1555,East Delhi,1,10800,2025-05-19,2026-04-19,VACANT,Noah Dewan,2025-11-27 12:55:46
TH1503,PROP1386,Noida Sector 62,1,12100,2025-12-27,2026-11-27,OCCUPIED,Indali Walia,2024-05-24 13:17:56
TH1504,PROP1985,Hauz Khas,2,39900,2025-03-01,2026-02-01,OCCUPIED,Brinda Mann,2025-04-09 02:54:55
TH1505,PROP1238,Faridabad Neharpar,4,17900,2026-05-28,2028-03-28,OCCUPIED,Krishna Sabharwal,2026-04-23 06:38:44
TH1506,PROP1766,Gurgaon Golf Course Road,1,29300,2026-07-11,2028-05-11,OCCUPIED,Kevin Krish,2023-12-28 19:19:56
TH1507,PROP1582,Hauz Khas,4,71100,2024-07-07,2025-06-07,OCCUPIED,Maya Suri,2023-12-24 08:15:17
TH1508,PROP1268,Noida Sector 76,4,34000,2025-06-12,2027-04-12,OCCUPIED,Keya Seth,2023-10-12 07:24:00
TH1509,PROP1279,Janakpuri,1,15800,2025-12-07,2026-11-07,VACANT,Neha Varma,2025-10-20 03:17:26
TH1510,PROP1599,DLF Phase 5,2,36200,2025-08-19,2027-06-19,OCCUPIED,Suhani Sura,2024-07-14 04:20:43
TH1511,PROP1417,Cyber City Gurgaon,3,54500,2023-07-23,2024-06-23,OCCUPIED,Tara Parmar,2026-02-07 01:00:33
TH1512,PROP1475,Preet Vihar,1,12300,2025-12-08,2027-10-08,VACANT,Tejas Sanghvi,2026-01-10 08:46:37
TH1513,PROP1714,Saket,2,30300,2025-01-12,2026-11-12,OCCUPIED,Bhanumati Nazareth,2025-03-12 06:18:21
TH1514,PROP1729,Pitampura,3,31400,2023-12-11,2024-11-11,OCCUPIED,Hemal Bava,2023-09-09 21:42:05
TH1515,PROP1267,Gurgaon Sector 45,1,15900,2025-06-05,2027-04-05,OCCUPIED,Amol Dash,2026-05-04 23:05:02
TH1516,PROP1564,Pitampura,1,14800,2024-01-09,2024-12-09,OCCUPIED,Aadi Sangha,2024-02-28 05:56:45
TH1517,PROP1064,Janakpuri,2,20400,2025-08-13,2027-06-13,OCCUPIED,Chasmum Dutt,2026-03-05 16:29:01
TH1518,PROP1646,Gurgaon Golf Course Road,3,69300,2026-03-06,2027-02-06,OCCUPIED,Jalsa Krishna,2023-10-19 20:57:47
TH1519,PROP1067,Dwarka Sector 21,4,48300,2025-07-17,2026-06-17,VACANT,Charles Randhawa,2025-06-06 01:13:05
TH1520,PROP1850,North Delhi,1,9300,2025-09-22,2027-07-22,OCCUPIED,Pushti Chand,2025-08-30 14:52:18
TH1521,PROP1947,Greater Noida Pari Chowk,4,19800,2023-07-22,2025-05-22,OCCUPIED,Faras Deo,2025-05-02 01:41:00
TH1522,PROP1177,East Delhi,2,16500,2025-02-08,2026-12-08,OCCUPIED,Aditya Anand,2025-08-21 17:50:21
TH1523,PROP1905,Golf Course Extension Road,1,18700,2025-12-31,2026-11-30,OCCUPIED,Kevin Sridhar,2023-10-07 04:07:09
TH1524,PROP1511,Greater Noida,4,19300,2024-09-12,2026-07-12,OCCUPIED,Harshil Munshi,2024-08-27 07:24:00
TH1525,PROP1430,Dwarka Sector 21,2,25800,2024-06-12,2025-05-12,NOTICE_PERIOD,Kiaan Dhar,2023-10-04 12:34:00
TH1526,PROP1801,East Delhi,4,27300,2025-03-28,2027-01-28,OCCUPIED,Ria Panchal,2025-09-20 03:31:29
TH1527,PROP1580,Faridabad Sector 81,3,16300,2025-06-07,2026-05-07,OCCUPIED,Nisha Savant,2026-02-17 20:12:10
TH1528,PROP1612,Janakpuri,1,15700,2023-10-23,2025-08-23,OCCUPIED,Logan Dasgupta,2025-04-27 13:43:04
TH1529,PROP1484,Faridabad Neharpar,3,14200,2024-09-13,2025-08-13,NOTICE_PERIOD,Divya Dey,2024-04-18 01:38:06
TH1530,PROP1103,Pitampura,2,21700,2025-06-25,2026-05-25,VACANT,Bhavani Bala,2026-02-04 14:47:00
TH1531,PROP1971,Janakpuri,4,38200,2025-07-10,2026-06-10,OCCUPIED,Samesh Vasa,2025-05-16 14:03:11
TH1532,PROP1607,Noida Sector 76,3,27700,2024-02-12,2025-01-12,OCCUPIED,Chakrika Bhagat,2025-11-26 09:22:39
TH1533,PROP1361,Golf Course Extension Road,2,30300,2025-12-06,2027-10-06,OCCUPIED,Warda Raju,2023-11-22 02:22:44
TH1534,PROP1180,Faridabad Sector 15,1,8200,2025-01-18,2025-12-18,OCCUPIED,Advik Patel,2026-05-09 21:11:56
TH1535,PROP1021,Faridabad Neharpar,4,15100,2023-12-12,2024-11-12,VACANT,Jasmit Gera,2025-11-03 07:08:42
TH1536,PROP1349,Gurgaon Sector 45,3,27500,2026-05-31,2027-04-30,OCCUPIED,Anay Bir,2023-08-05 16:15:25
TH1537,PROP1940,Golf Course Extension Road,1,19700,2024-03-13,2026-01-13,NOTICE_PERIOD,Mitali Toor,2024-05-30 11:22:38
TH1538,PROP1383,Noida Extension,1,8700,2025-09-08,2027-07-08,OCCUPIED,Pallavi Ratti,2023-10-19 21:09:17
TH1539,PROP1162,Greater Noida Pari Chowk,4,20500,2025-02-27,2026-01-27,OCCUPIED,Arunima Chacko,2024-06-25 03:14:08
TH1540,PROP1576,East Delhi,2,15600,2025-01-30,2025-12-30,OCCUPIED,Nachiket Yadav,2024-07-13 14:10:17
TH1541,PROP1752,Noida Sector 18,2,24000,2025-04-23,2026-03-23,NOTICE_PERIOD,Dayita Sarkar,2025-09-28 09:26:50
TH1542,PROP1972,Noida Extension,1,8400,2026-02-01,2027-12-01,VACANT,Yash Chadha,2026-04-29 16:43:20
TH1543,PROP1991,Janakpuri,1,15800,2023-11-25,2024-10-25,OCCUPIED,Dayamai Gill,2023-11-29 10:33:13
TH1544,PROP1080,Pitampura,3,35900,2025-09-03,2026-08-03,OCCUPIED,Nihal Taneja,2026-05-30 19:15:41
TH1545,PROP1987,Gurgaon Golf Course Road,3,62200,2025-02-12,2026-12-12,OCCUPIED,Ojas Prabhu,2023-12-07 15:27:26
TH1546,PROP1710,Lajpat Nagar,3,39500,2025-11-22,2026-10-22,OCCUPIED,Jacob Balan,2024-07-22 15:24:22
TH1547,PROP1050,Sohna Road Gurgaon,4,34200,2024-11-02,2025-10-02,VACANT,Adya Bose,2025-01-15 04:51:32
TH1548,PROP1505,Sohna Road Gurgaon,3,25500,2025-01-30,2025-12-30,VACANT,Xalak Ganesan,2024-08-27 10:42:57
TH1549,PROP1808,Janakpuri,2,21700,2024-04-25,2025-03-25,OCCUPIED,Jack Kari,2025-10-10 06:01:32
TH1550,PROP1327,Preet Vihar,1,12300,2023-07-23,2024-06-23,VACANT,Yash Batra,2024-12-19 11:39:10
TH1551,PROP1165,Lajpat Nagar,1,18700,2024-09-12,2026-07-12,OCCUPIED,Praneel Banik,2025-03-18 08:22:03
TH1552,PROP1442,Gurgaon Sector 56,4,39600,2026-04-16,2027-03-16,OCCUPIED,Udarsh Nagy,2024-04-18 14:10:26
TH1553,PROP1998,Dwarka Sector 21,4,47100,2026-04-18,2028-02-18,OCCUPIED,Anika Brahmbhatt,2025-04-07 19:22:07
TH1554,PROP1305,Pitampura,1,13300,2023-11-28,2025-09-28,OCCUPIED,Praneel Kapoor,2025-12-18 21:25:46
TH1555,PROP1370,South Delhi,4,56800,2026-06-29,2028-04-29,OCCUPIED,Ekapad Shroff,2026-02-24 11:49:10
TH1556,PROP1027,Rohini Sector 10,2,20700,2025-11-14,2026-10-14,OCCUPIED,Falak Chadha,2025-03-18 14:19:36
TH1557,PROP1119,Noida Sector 62,4,35700,2023-07-29,2025-05-29,OCCUPIED,Bishakha Modi,2025-10-08 22:21:51
TH1558,PROP1558,Sohna Road Gurgaon,2,17400,2024-04-11,2026-02-11,OCCUPIED,Wakeeta Hayre,2025-10-01 03:19:15
TH1559,PROP1457,Saket,3,38600,2025-03-10,2027-01-10,OCCUPIED,Matthew Ahuja,2026-05-08 05:02:47
TH1560,PROP1276,Hauz Khas,2,40300,2023-08-16,2024-07-16,OCCUPIED,Aditya Nayak,2023-07-23 03:58:30
TH1561,PROP1353,Greater Noida,2,12200,2025-07-09,2027-05-09,VACANT,Hemang Jha,2025-02-21 02:12:26
TH1562,PROP1429,Ghaziabad Raj Nagar Extension,2,9900,2024-04-06,2025-03-06,OCCUPIED,Darpan Dhar,2025-09-08 08:03:06
TH1563,PROP1875,Saket,2,25400,2023-10-30,2025-08-30,OCCUPIED,Zinal Sachar,2025-08-27 11:53:41
TH1564,PROP1172,Rohini Sector 10,2,18200,2024-08-31,2026-06-30,OCCUPIED,Girish Tiwari,2023-12-14 20:34:42
TH1565,PROP1700,Greater Noida Pari Chowk,2,12300,2026-01-03,2026-12-03,VACANT,David Saran,2025-07-16 10:00:03
TH1566,PROP1265,Noida Sector 76,1,10500,2023-12-11,2025-10-11,OCCUPIED,Advika Murty,2026-05-01 05:54:43
TH1567,PROP1878,Noida Sector 150,4,43600,2024-09-23,2025-08-23,VACANT,Eesha Sethi,2024-05-14 13:13:37
TH1568,PROP1639,Faridabad Neharpar,4,15500,2023-10-10,2024-09-10,OCCUPIED,Laban Chopra,2024-01-07 20:24:08
TH1569,PROP1603,DLF Phase 5,1,26400,2024-01-16,2024-12-16,VACANT,Dipta Ray,2023-11-30 20:34:31
TH1570,PROP1889,East Delhi,4,25500,2024-08-16,2026-06-16,OCCUPIED,Siya Morar,2024-12-10 06:16:57
TH1571,PROP1485,Saket,2,26500,2026-02-08,2027-01-08,OCCUPIED,Nakul Modi,2026-01-12 01:14:58
TH1572,PROP1698,Noida Extension,1,8900,2025-08-22,2027-06-22,OCCUPIED,Tanveer Narang,2023-12-31 02:02:23
TH1573,PROP1051,Ghaziabad Raj Nagar Extension,3,15300,2025-09-06,2026-08-06,OCCUPIED,Meghana Varghese,2023-09-13 04:47:44
TH1574,PROP1813,Noida Sector 62,3,26500,2024-06-12,2026-04-12,VACANT,Azaan Ravel,2026-02-11 23:13:02
TH1575,PROP1702,DLF Phase 5,2,36500,2025-03-20,2027-01-20,VACANT,Girindra Shere,2023-11-10 05:24:48
TH1576,PROP1329,Noida Sector 150,4,40600,2025-12-06,2026-11-06,OCCUPIED,Advik Bhatia,2026-01-16 10:03:40
TH1577,PROP1217,Greater Noida,4,22900,2026-06-30,2028-04-30,VACANT,Rudra Rattan,2024-09-01 10:25:12
TH1578,PROP1528,Gurgaon Sector 56,1,14900,2025-06-10,2027-04-10,OCCUPIED,Aashi Borde,2023-08-14 10:48:46
TH1579,PROP1872,Faridabad Neharpar,1,5700,2023-09-29,2024-08-29,VACANT,Kabir Chanda,2026-04-08 06:36:58
TH1580,PROP1256,Saket,4,45000,2026-01-14,2027-11-14,OCCUPIED,Jason Basak,2026-05-19 00:56:45
TH1581,PROP1281,West Delhi,4,30600,2023-09-14,2024-08-14,OCCUPIED,Megha Taneja,2023-08-22 20:49:53
TH1582,PROP1248,West Delhi,4,31300,2025-08-07,2026-07-07,NOTICE_PERIOD,Irya Kala,2026-04-11 19:27:28
TH1583,PROP1486,East Delhi,3,19300,2024-05-17,2026-03-17,OCCUPIED,Manthan Banerjee,2025-05-24 10:51:36
TH1584,PROP1706,Gurgaon Golf Course Road,3,55900,2025-05-26,2026-04-26,OCCUPIED,Wishi Sabharwal,2026-03-14 20:12:10
TH1585,PROP1586,Rohini Sector 10,2,20700,2024-12-26,2025-11-26,OCCUPIED,Ati Rajagopal,2023-12-18 22:27:41
TH1586,PROP1420,Faridabad Sector 81,1,8500,2024-02-24,2025-01-24,OCCUPIED,Anirudh Raja,2025-11-24 07:47:07
TH1587,PROP1136,Gurgaon Sector 45,1,13400,2024-08-17,2026-06-17,OCCUPIED,Hemangini Thakkar,2024-07-07 22:50:56
TH1588,PROP1727,Noida Sector 150,4,43400,2024-05-12,2026-03-12,OCCUPIED,Eiravati Kanda,2023-08-22 16:07:43
TH1589,PROP1224,Ghaziabad Vasundhara,3,19000,2025-12-24,2027-10-24,OCCUPIED,Dalbir Sodhi,2025-02-20 16:09:24
TH1590,PROP1008,Faridabad Sector 81,3,17000,2025-11-06,2027-09-06,OCCUPIED,Nathaniel Chaudhry,2024-04-18 03:29:37
TH1591,PROP1111,Ghaziabad Raj Nagar Extension,1,6200,2024-04-10,2026-02-10,OCCUPIED,Theodore Rama,2024-08-13 07:55:27
TH1592,PROP1883,Noida Sector 150,3,32000,2026-01-24,2027-11-24,OCCUPIED,Patrick Khalsa,2025-04-30 19:10:44
TH1593,PROP1530,Pitampura,1,16000,2025-12-19,2027-10-19,OCCUPIED,Ayaan Pandey,2026-05-24 19:44:41
TH1594,PROP1698,Central Delhi,1,28300,2025-03-29,2027-01-29,OCCUPIED,Waida More,2024-01-29 22:11:34
TH1595,PROP1429,Noida Extension,4,26600,2023-08-31,2024-07-31,OCCUPIED,Viraj Kanda,2023-08-12 09:34:45
TH1596,PROP1731,Janakpuri,4,43500,2024-12-25,2026-10-25,OCCUPIED,Saksham De,2024-07-28 22:33:48
TH1597,PROP1866,Gurgaon Sector 56,2,22800,2024-01-31,2025-11-30,OCCUPIED,Daniel Bains,2023-12-30 09:57:06
TH1598,PROP1265,Gurgaon Sector 45,3,31900,2025-08-30,2026-07-30,OCCUPIED,Indrajit Vora,2026-02-18 14:47:36
TH1599,PROP1763,Noida Sector 62,4,38500,2026-06-06,2028-04-06,OCCUPIED,Meghana Chaudhuri,2024-07-24 08:10:05
TH1600,PROP1600,Noida Sector 18,4,50700,2024-07-08,2026-05-08,OCCUPIED,Rajeshri Sur,2025-07-01 21:12:09
TH1601,PROP1650,Lajpat Nagar,4,59000,2024-01-27,2024-12-27,VACANT,Udant Gill,2024-09-08 04:00:01
TH1602,PROP1391,Faridabad Neharpar,3,13000,2025-10-01,2026-09-01,OCCUPIED,Joshua Goel,2025-09-27 03:47:57
TH1603,PROP1206,North Delhi,4,32200,2026-05-24,2028-03-24,OCCUPIED,Bachittar Gopal,2025-05-11 14:42:39
TH1604,PROP1884,Gurgaon Sector 45,1,14300,2026-04-24,2027-03-24,OCCUPIED,Hemang Taneja,2023-12-22 16:03:55
TH1605,PROP1060,South Delhi,4,59600,2025-10-14,2026-09-14,OCCUPIED,Idika Nagarajan,2024-01-21 12:30:35
TH1606,PROP1163,Faridabad Sector 15,1,8300,2026-03-16,2028-01-16,OCCUPIED,Gautami Sekhon,2023-08-03 01:12:04
TH1607,PROP1414,Greater Noida Pari Chowk,4,19200,2024-03-06,2025-02-06,OCCUPIED,Inaya Kunda,2025-11-29 22:00:46
TH1608,PROP1749,West Delhi,1,12100,2025-09-16,2026-08-16,OCCUPIED,Libni Sarma,2025-10-01 06:30:25
TH1609,PROP1005,Pitampura,2,24100,2026-06-16,2028-04-16,OCCUPIED,Waida Radhakrishnan,2024-08-09 09:57:06
TH1610,PROP1106,Sohna Road Gurgaon,3,23200,2024-09-04,2025-08-04,OCCUPIED,Umang Gaba,2024-11-27 01:09:32
TH1611,PROP1298,Ghaziabad Vasundhara,3,17900,2025-12-12,2026-11-12,OCCUPIED,Chaitaly Bahri,2024-07-04 18:54:54
TH1612,PROP1924,Faridabad Sector 15,3,20800,2026-05-28,2027-04-28,NOTICE_PERIOD,Hema Garde,2026-03-20 11:42:16
TH1613,PROP1941,Noida Extension,1,8500,2024-01-13,2024-12-13,OCCUPIED,Girik Nigam,2025-05-02 10:54:54
TH1614,PROP1023,Faridabad Sector 81,2,10900,2025-05-22,2026-04-22,OCCUPIED,Azaan Sankar,2026-05-19 05:11:43
TH1615,PROP1656,Preet Vihar,1,14000,2024-01-17,2024-12-17,OCCUPIED,Naksh Bera,2023-11-09 12:19:57
TH1616,PROP1670,Vasant Kunj,1,21700,2024-03-02,2026-01-02,OCCUPIED,Nimrat Zachariah,2024-05-07 05:16:09
TH1617,PROP1127,Preet Vihar,4,39600,2024-05-24,2025-04-24,OCCUPIED,Gopal Bawa,2024-09-24 01:47:13
TH1618,PROP1646,South Delhi,3,48100,2025-03-13,2026-02-13,OCCUPIED,Mitesh Bhagat,2024-08-19 22:20:48
TH1619,PROP1277,Central Delhi,4,81600,2024-10-31,2025-09-30,OCCUPIED,Varsha Iyengar,2023-11-04 20:01:08
TH1620,PROP1633,Cyber City Gurgaon,3,44500,2024-03-03,2025-02-03,OCCUPIED,Finn Solanki,2026-01-31 02:21:32
TH1621,PROP1624,Dwarka Sector 21,3,37800,2024-06-22,2025-05-22,OCCUPIED,Urishilla Suresh,2026-03-28 02:22:16
TH1622,PROP1420,Noida Sector 18,2,23100,2024-05-06,2026-03-06,VACANT,Qasim Prabhakar,2026-03-17 19:34:36
TH1623,PROP1705,Ghaziabad Raj Nagar Extension,3,13100,2024-08-28,2025-07-28,OCCUPIED,Chaitanya Lall,2024-11-14 09:30:16
TH1624,PROP1929,Cyber City Gurgaon,4,57700,2024-05-04,2025-04-04,VACANT,David Dora,2025-10-22 19:15:56
TH1625,PROP1077,DLF Phase 5,3,57900,2025-07-20,2027-05-20,NOTICE_PERIOD,Hemangini Sachdev,2026-06-19 04:26:34
TH1626,PROP1304,Preet Vihar,4,33700,2025-04-26,2026-03-26,VACANT,Lila Virk,2024-10-22 06:24:44
TH1627,PROP1873,Noida Sector 18,3,39000,2025-02-26,2026-12-26,OCCUPIED,Warinder Soni,2024-06-13 00:31:30
TH1628,PROP1119,DLF Phase 5,1,22900,2024-09-25,2025-08-25,OCCUPIED,Yadavi Varughese,2025-12-14 15:11:38
TH1629,PROP1175,North Delhi,3,24500,2025-07-31,2027-05-31,VACANT,Jai Sen,2024-01-26 23:46:27
TH1630,PROP1096,West Delhi,3,22000,2026-07-02,2028-05-02,OCCUPIED,Reyansh Date,2023-09-06 07:47:15
TH1631,PROP1468,Noida Sector 150,4,41400,2023-10-14,2025-08-14,VACANT,Saksham Divan,2026-01-20 12:18:08
TH1632,PROP1665,Gurgaon Sector 56,1,14200,2024-04-28,2025-03-28,NOTICE_PERIOD,Gagan Rama,2025-03-22 04:23:33
TH1633,PROP1865,Gurgaon Sector 56,1,15300,2025-03-16,2027-01-16,VACANT,Zinal Shanker,2026-04-21 12:23:27
TH1634,PROP1695,Ghaziabad Indirapuram,2,15400,2023-08-03,2025-06-03,OCCUPIED,Isaiah Sachdeva,2024-01-01 12:42:48
TH1635,PROP1884,Central Delhi,4,83200,2025-04-01,2026-03-01,VACANT,Hitesh Chaudhuri,2025-11-28 12:30:01
TH1636,PROP1452,Saket,1,17200,2026-02-24,2027-12-24,OCCUPIED,Nirja Lalla,2024-09-13 06:31:44
TH1637,PROP1890,Faridabad Neharpar,2,10600,2025-01-02,2026-11-02,OCCUPIED,Baljiwan Gera,2024-05-18 08:10:13
TH1638,PROP1705,DLF Phase 5,4,74800,2023-12-25,2024-11-25,OCCUPIED,Balvan Randhawa,2026-03-22 06:54:34
TH1639,PROP1680,Sohna Road Gurgaon,2,19500,2024-07-17,2025-06-17,OCCUPIED,Chandran Soman,2026-04-25 12:58:58
TH1640,PROP1957,Gurgaon Sector 56,4,46800,2026-03-29,2027-02-28,OCCUPIED,Geetika Mitter,2024-06-26 06:38:53
TH1641,PROP1504,Noida Sector 76,2,17300,2026-01-28,2027-11-28,OCCUPIED,Vedant Desai,2024-06-14 19:20:45
TH1642,PROP1229,Sohna Road Gurgaon,4,34900,2025-10-12,2026-09-12,OCCUPIED,Amruta Saha,2025-05-14 10:49:59
TH1643,PROP1821,Ghaziabad Indirapuram,1,10600,2023-10-26,2025-08-26,OCCUPIED,Siddharth Ray,2025-10-10 10:21:37
TH1644,PROP1510,Vasant Kunj,1,20300,2025-10-29,2026-09-29,OCCUPIED,Daksh Varma,2025-12-04 19:34:19
TH1645,PROP1001,Gurgaon Golf Course Road,3,68900,2023-09-30,2024-08-30,OCCUPIED,Krishna Viswanathan,2026-03-11 01:34:58
TH1646,PROP1468,North Delhi,3,24100,2023-08-21,2024-07-21,VACANT,Sai Bhardwaj,2024-04-19 22:26:33
TH1647,PROP1340,Ghaziabad Raj Nagar Extension,3,14700,2024-12-01,2025-11-01,OCCUPIED,Rushil Mahal,2024-08-28 04:10:52
TH1648,PROP1675,Janakpuri,1,13800,2024-12-10,2026-10-10,OCCUPIED,Jatin Balasubramanian,2024-04-11 15:50:28
TH1649,PROP1383,DLF Phase 5,1,28500,2025-01-06,2026-11-06,OCCUPIED,Peter Som,2025-04-24 14:52:54
TH1650,PROP1735,Greater Noida,1,7300,2024-08-06,2025-07-06,OCCUPIED,Aarna Chana,2024-05-28 22:04:36
TH1651,PROP1953,Noida Extension,2,13900,2024-09-16,2025-08-16,OCCUPIED,Tanish Kant,2025-06-29 21:51:28
TH1652,PROP1111,Greater Noida,1,8600,2025-08-01,2026-07-01,VACANT,Nimrat Varghese,2023-08-12 12:50:59
TH1653,PROP1462,Ghaziabad Vasundhara,2,14400,2025-11-21,2026-10-21,OCCUPIED,Urvi Deo,2025-06-29 21:38:18
TH1654,PROP1050,Greater Noida Pari Chowk,4,21800,2025-05-09,2026-04-09,OCCUPIED,Udarsh Krishnan,2025-05-18 03:19:00
TH1655,PROP1178,Central Delhi,1,26600,2026-05-18,2028-03-18,OCCUPIED,Pallavi Puri,2026-02-08 15:55:39
TH1656,PROP1394,Greater Noida,2,11300,2024-12-04,2026-10-04,NOTICE_PERIOD,Unnati Mittal,2025-08-01 13:56:39
TH1657,PROP1464,Central Delhi,2,41100,2026-01-08,2027-11-08,VACANT,Harsh Amble,2025-02-01 00:56:49
TH1658,PROP1561,Noida Sector 76,2,16700,2025-07-15,2027-05-15,OCCUPIED,Barkha Misra,2025-08-09 11:43:52
TH1659,PROP1944,Central Delhi,2,42000,2024-12-29,2026-10-29,OCCUPIED,Aradhana Nair,2026-02-19 12:24:47
TH1660,PROP1780,East Delhi,4,27500,2024-05-01,2026-03-01,OCCUPIED,Raghav Doctor,2025-02-07 08:56:30
TH1661,PROP1916,Noida Sector 18,4,50300,2024-04-09,2025-03-09,OCCUPIED,Netra Nagarajan,2025-08-05 11:33:07
TH1662,PROP1149,Hauz Khas,1,22900,2025-09-17,2026-08-17,NOTICE_PERIOD,Chakrika Lad,2026-04-10 06:50:05
TH1663,PROP1700,Preet Vihar,2,22700,2024-10-06,2026-08-06,OCCUPIED,Ranveer Oza,2025-09-24 15:48:46
TH1664,PROP1555,Saket,3,42200,2024-03-20,2025-02-20,OCCUPIED,Jagrati Tripathi,2024-06-14 11:50:05
TH1665,PROP1692,Janakpuri,4,37100,2024-01-23,2025-11-23,OCCUPIED,Chaaya Chatterjee,2024-12-18 09:47:02
TH1666,PROP1049,Sohna Road Gurgaon,4,31800,2025-10-09,2027-08-09,NOTICE_PERIOD,Gautami Chakraborty,2024-03-21 02:11:25
TH1667,PROP1056,South Delhi,3,45500,2024-03-21,2026-01-21,VACANT,Osha Narula,2024-08-31 19:45:51
TH1668,PROP1934,West Delhi,2,18100,2025-04-22,2026-03-22,OCCUPIED,Jacob Singhal,2023-09-18 09:05:07
TH1669,PROP1182,Lajpat Nagar,2,33300,2025-06-14,2026-05-14,OCCUPIED,Urmi Hayer,2025-01-19 22:43:16
TH1670,PROP1439,Noida Sector 150,3,28100,2026-02-24,2027-12-24,OCCUPIED,Chanchal Sachdev,2023-09-18 19:12:37
TH1671,PROP1478,Golf Course Extension Road,1,16700,2026-02-10,2027-12-10,OCCUPIED,Sai Oommen,2024-10-11 22:09:36
TH1672,PROP1793,Noida Sector 62,4,38500,2025-04-04,2027-02-04,OCCUPIED,Luke Mutti,2026-02-20 12:08:32
TH1673,PROP1725,Noida Sector 76,2,20000,2024-02-03,2025-01-03,VACANT,Vinaya Natarajan,2025-06-11 23:58:22
TH1674,PROP1164,Greater Noida,4,19500,2024-01-30,2024-12-30,VACANT,Aayush Seth,2024-05-16 06:33:58
TH1675,PROP1680,North Delhi,3,21700,2025-10-31,2026-09-30,NOTICE_PERIOD,Nathan Suri,2025-11-27 22:26:18
TH1676,PROP1634,Faridabad Neharpar,4,19100,2025-11-20,2026-10-20,OCCUPIED,Radha Sanghvi,2024-10-05 13:40:43
TH1677,PROP1355,Ghaziabad Indirapuram,2,16500,2026-06-12,2027-05-12,NOTICE_PERIOD,Aayush Barad,2025-02-25 10:33:29
TH1678,PROP1699,Noida Sector 76,4,35600,2025-09-28,2026-08-28,OCCUPIED,Ekanta Wali,2024-02-15 09:10:35
TH1679,PROP1554,Noida Sector 18,1,18600,2025-07-31,2027-05-31,OCCUPIED,Upkaar Padmanabhan,2024-06-27 12:42:18
TH1680,PROP1521,Ghaziabad Indirapuram,4,24000,2023-11-10,2024-10-10,OCCUPIED,Oliver Bhattacharyya,2026-01-09 06:22:45
TH1681,PROP1085,DLF Phase 5,2,44500,2024-06-11,2025-05-11,OCCUPIED,Tamanna Venkatesh,2025-05-05 00:26:03
TH1682,PROP1216,Rohini Sector 10,4,38900,2024-07-24,2025-06-24,OCCUPIED,Hema Suri,2024-08-18 04:50:55
TH1683,PROP1720,Greater Noida Pari Chowk,1,7600,2024-02-12,2025-01-12,OCCUPIED,Anirudh Kari,2024-03-23 08:34:09
TH1684,PROP1735,North Delhi,1,9400,2026-07-03,2027-06-03,OCCUPIED,Anthony Thaman,2024-01-22 17:21:59
TH1685,PROP1258,Lajpat Nagar,2,33000,2024-08-25,2026-06-25,OCCUPIED,Keya Kumer,2025-11-12 15:17:45
TH1686,PROP1646,Noida Extension,4,24100,2025-06-02,2027-04-02,OCCUPIED,Hritik Bahri,2023-09-12 09:58:41
TH1687,PROP1548,South Delhi,1,24100,2023-11-24,2024-10-24,OCCUPIED,Lajita Dasgupta,2025-03-12 05:33:56
TH1688,PROP1075,East Delhi,1,9300,2024-12-21,2026-10-21,OCCUPIED,Samesh Andra,2024-06-15 12:04:16
TH1689,PROP1289,Ghaziabad Indirapuram,4,26300,2025-07-14,2026-06-14,OCCUPIED,Laksh Sahota,2026-01-16 17:26:04
TH1690,PROP1547,Janakpuri,2,23300,2023-11-12,2025-09-12,NOTICE_PERIOD,Barkha Comar,2025-11-27 10:34:57
TH1691,PROP1148,Noida Sector 62,3,31100,2025-01-16,2025-12-16,OCCUPIED,Adya Virk,2026-06-21 19:55:45
TH1692,PROP1569,Golf Course Extension Road,1,16200,2024-08-15,2026-06-15,OCCUPIED,Chakrika Dyal,2023-09-02 17:47:25
TH1693,PROP1970,Gurgaon Golf Course Road,3,58600,2025-01-14,2026-11-14,OCCUPIED,Vasana Narayanan,2024-04-03 12:22:41
TH1694,PROP1928,Faridabad Sector 81,2,11000,2023-08-03,2024-07-03,OCCUPIED,Indrajit Tak,2023-12-31 23:37:19
TH1695,PROP1259,Dwarka Sector 21,1,15000,2023-10-27,2024-09-27,VACANT,Harrison Kunda,2025-06-26 13:49:57
TH1696,PROP1955,Ghaziabad Vasundhara,1,8000,2024-12-02,2025-11-02,OCCUPIED,Aishani Shetty,2023-09-14 10:30:01
TH1697,PROP1203,Faridabad Sector 15,3,18900,2025-12-27,2026-11-27,OCCUPIED,Bina Parsa,2025-12-15 21:19:28
TH1698,PROP1635,Lajpat Nagar,2,28700,2024-06-27,2026-04-27,OCCUPIED,Girish Bath,2023-08-01 03:53:00
TH1699,PROP1676,Noida Sector 62,2,20300,2023-12-19,2025-10-19,VACANT,Falguni Parmar,2026-03-27 17:10:14
TH1700,PROP1982,Greater Noida Pari Chowk,2,9700,2026-05-31,2027-04-30,VACANT,Girik Pradhan,2025-12-30 12:52:17
TH1701,PROP1730,Greater Noida Pari Chowk,3,16700,2024-02-06,2025-01-06,OCCUPIED,Mugdha Shan,2024-05-14 09:59:54
TH1702,PROP1340,Ghaziabad Raj Nagar Extension,4,17800,2024-09-15,2026-07-15,OCCUPIED,Oviya Ganesan,2023-11-22 10:36:26
TH1703,PROP1112,Gurgaon Sector 45,1,15500,2025-08-21,2026-07-21,VACANT,Nathaniel Chawla,2024-10-19 09:55:29
TH1704,PROP1202,Preet Vihar,1,14400,2025-04-27,2026-03-27,VACANT,Pratyush Raghavan,2025-11-21 07:25:44
TH1705,PROP1647,Vasant Kunj,4,61300,2025-05-20,2026-04-20,VACANT,Vasudha Sura,2023-11-22 07:28:33
TH1706,PROP1565,Preet Vihar,4,39200,2024-10-13,2025-09-13,OCCUPIED,Dev Lal,2025-07-08 05:33:02
TH1707,PROP1229,Noida Sector 18,2,25800,2023-08-03,2024-07-03,OCCUPIED,Hamsini Venkataraman,2025-02-13 17:43:05
TH1708,PROP1515,South Delhi,2,37900,2025-08-26,2026-07-26,VACANT,Rachita Kothari,2024-12-30 14:58:01
TH1709,PROP1144,Ghaziabad Indirapuram,2,13800,2025-07-16,2026-06-16,OCCUPIED,Manthan Bhagat,2023-08-03 07:45:21
TH1710,PROP1496,East Delhi,1,9100,2026-05-09,2028-03-09,OCCUPIED,Warhi Gandhi,2023-10-11 14:16:47
TH1711,PROP1271,West Delhi,2,15100,2025-01-09,2025-12-09,OCCUPIED,Ganga Mall,2023-09-14 17:36:51
TH1712,PROP1811,West Delhi,4,30400,2024-03-20,2026-01-20,VACANT,Neha Keer,2023-10-15 22:33:27
TH1713,PROP1041,Noida Sector 76,1,12300,2024-11-18,2026-09-18,VACANT,Gaurang Tara,2024-11-22 10:12:10
TH1714,PROP1270,Gurgaon Sector 45,4,41100,2023-11-27,2025-09-27,OCCUPIED,Andrew Chauhan,2024-10-05 14:53:35
TH1715,PROP1920,Lajpat Nagar,3,40800,2023-08-29,2024-07-29,OCCUPIED,Gavin Modi,2026-03-22 21:01:22
TH1716,PROP1362,East Delhi,4,28900,2025-03-27,2026-02-27,OCCUPIED,Harita Patla,2026-01-10 20:57:42
TH1717,PROP1143,Ghaziabad Indirapuram,2,14000,2025-12-31,2027-10-31,OCCUPIED,Garima Solanki,2025-09-13 19:41:07
TH1718,PROP1192,Gurgaon Sector 56,3,34400,2024-08-21,2025-07-21,OCCUPIED,Ishaan Chatterjee,2025-10-30 13:34:36
TH1719,PROP1425,North Delhi,1,10400,2024-03-19,2026-01-19,OCCUPIED,Isha Manne,2025-03-12 16:18:00
TH1720,PROP1605,Gurgaon Sector 56,4,38200,2024-09-02,2025-08-02,OCCUPIED,Chakradev Gala,2025-01-11 02:53:25
TH1721,PROP1607,Gurgaon Sector 56,2,24700,2026-01-05,2026-12-05,VACANT,Hredhaan Kumar,2025-05-20 21:16:02
TH1722,PROP1151,Hauz Khas,2,35800,2024-02-11,2025-01-11,OCCUPIED,Tanveer Shankar,2026-01-10 01:03:31
TH1723,PROP1416,Vasant Kunj,3,49600,2024-02-14,2025-01-14,OCCUPIED,Hritik Sachdeva,2023-09-10 12:21:37
TH1724,PROP1483,Ghaziabad Raj Nagar Extension,2,9300,2025-06-13,2027-04-13,OCCUPIED,Shravya Shankar,2025-07-12 01:08:51
TH1725,PROP1814,Gurgaon Sector 45,3,28300,2026-06-02,2028-04-02,VACANT,Wishi Agrawal,2025-02-21 16:40:02
TH1726,PROP1611,Lajpat Nagar,2,29100,2023-09-12,2024-08-12,OCCUPIED,Vasudha Trivedi,2025-11-23 09:50:46
TH1727,PROP1208,Faridabad Neharpar,4,18400,2026-04-12,2027-03-12,OCCUPIED,Kabir Chawla,2024-09-18 01:14:25
TH1728,PROP1924,Saket,1,16400,2025-05-08,2026-04-08,VACANT,Yamini Rajagopalan,2024-10-22 07:16:17
TH1729,PROP1553,South Delhi,4,63300,2025-05-17,2027-03-17,VACANT,Anusha Rao,2026-06-11 09:24:59
TH1730,PROP1715,Faridabad Neharpar,4,16000,2026-06-17,2028-04-17,VACANT,Kiaan Devi,2024-10-15 19:36:38
TH1731,PROP1391,East Delhi,1,9600,2025-08-25,2027-06-25,OCCUPIED,Dipta Kalla,2024-02-26 16:21:50
TH1732,PROP1239,Gurgaon Golf Course Road,3,64500,2025-06-03,2027-04-03,OCCUPIED,Hemani Deo,2026-06-30 19:58:54
TH1733,PROP1006,South Delhi,1,22900,2025-07-01,2027-05-01,OCCUPIED,Yahvi Naidu,2025-09-06 21:52:19
TH1734,PROP1705,Noida Sector 76,4,31300,2025-10-31,2026-09-30,OCCUPIED,Omisha Walla,2024-05-29 20:39:20
TH1735,PROP1600,Preet Vihar,3,31900,2026-02-02,2027-12-02,OCCUPIED,Hredhaan Bakshi,2024-09-10 21:22:50
TH1736,PROP1627,Noida Sector 150,4,42000,2023-09-17,2025-07-17,OCCUPIED,Ryan Loke,2025-10-20 13:21:10
TH1737,PROP1571,Ghaziabad Raj Nagar Extension,2,9700,2024-01-13,2025-11-13,OCCUPIED,Zashil Dhingra,2026-01-26 06:59:09
TH1738,PROP1315,East Delhi,4,28500,2025-08-15,2026-07-15,OCCUPIED,Samar Bali,2024-08-17 13:53:59
TH1739,PROP1458,Gurgaon Sector 56,1,14500,2024-11-27,2026-09-27,VACANT,Lopa Khanna,2025-01-31 09:23:39
TH1740,PROP1821,Hauz Khas,2,37000,2025-12-09,2026-11-09,VACANT,Champak Raj,2024-09-18 05:09:38
TH1741,PROP1844,Golf Course Extension Road,4,55600,2026-06-02,2028-04-02,OCCUPIED,Chatura Arya,2025-10-13 10:01:29
TH1742,PROP1270,Janakpuri,3,27700,2024-02-28,2025-01-28,OCCUPIED,Umang Pillai,2025-10-25 22:48:22
TH1743,PROP1954,Noida Extension,3,20600,2025-03-10,2026-02-10,NOTICE_PERIOD,Rishi Menon,2024-11-24 08:08:21
TH1744,PROP1840,Gurgaon Sector 45,4,39000,2026-07-01,2027-06-01,VACANT,Rachit Ghose,2025-10-04 00:07:06
TH1745,PROP1954,Faridabad Neharpar,3,12300,2023-11-28,2024-10-28,OCCUPIED,Priya Mallick,2025-03-22 10:33:26
TH1746,PROP1691,Saket,3,36700,2023-12-10,2024-11-10,NOTICE_PERIOD,Abdul Narayanan,2024-12-13 12:46:23
TH1747,PROP1089,Noida Sector 150,4,38200,2026-05-12,2028-03-12,OCCUPIED,Mitesh Naidu,2025-05-05 13:51:24
TH1748,PROP1206,Faridabad Neharpar,1,6500,2025-11-14,2026-10-14,VACANT,Vritti Parmar,2023-10-09 10:05:39
TH1749,PROP1563,Noida Sector 18,3,35100,2025-09-02,2027-07-02,OCCUPIED,Qarin Verma,2023-10-04 06:22:59
TH1750,PROP1987,Dwarka Sector 21,4,49600,2025-01-24,2025-12-24,OCCUPIED,Netra Chanda,2024-08-07 09:52:29
TH1751,PROP1417,Faridabad Sector 81,1,7900,2026-03-14,2028-01-14,OCCUPIED,Garima Patel,2024-06-07 05:44:04
TH1752,PROP1120,Faridabad Sector 81,3,18300,2026-05-26,2028-03-26,OCCUPIED,Aditya Contractor,2025-07-23 12:47:22
TH1753,PROP1990,Sohna Road Gurgaon,4,34500,2024-11-20,2026-09-20,NOTICE_PERIOD,Balveer Nagi,2024-09-11 10:35:23
TH1754,PROP1470,Ghaziabad Vasundhara,1,8400,2025-12-08,2027-10-08,OCCUPIED,Libni Kunda,2025-03-04 12:17:57
TH1755,PROP1649,Janakpuri,2,23600,2024-05-25,2026-03-25,NOTICE_PERIOD,Yoshita Trivedi,2024-11-20 18:27:43
TH1756,PROP1529,South Delhi,3,46000,2023-09-07,2024-08-07,OCCUPIED,Ekani Varkey,2023-10-19 18:59:19
TH1757,PROP1767,North Delhi,1,10500,2023-11-03,2024-10-03,OCCUPIED,Dominic Kade,2025-07-25 01:31:04
TH1758,PROP1363,Rohini Sector 10,3,25900,2025-11-14,2026-10-14,OCCUPIED,Hemang Jha,2025-03-01 19:00:02
TH1759,PROP1205,Pitampura,2,25100,2025-08-28,2026-07-28,OCCUPIED,Ekbal Dube,2023-08-16 14:09:55
TH1760,PROP1855,Pitampura,3,29500,2025-09-12,2026-08-12,OCCUPIED,Gagan Borah,2023-09-19 00:37:48
TH1761,PROP1081,Faridabad Sector 15,1,9700,2025-12-06,2026-11-06,VACANT,Vedant Kuruvilla,2024-10-10 05:09:38
TH1762,PROP1381,Noida Sector 76,4,35500,2024-11-25,2026-09-25,OCCUPIED,Rachita Mutti,2023-08-09 01:42:50
TH1763,PROP1783,Faridabad Sector 81,3,16400,2025-07-27,2026-06-27,OCCUPIED,Dev Bath,2025-08-27 12:49:06
TH1764,PROP1819,Greater Noida Pari Chowk,4,21900,2023-10-08,2024-09-08,OCCUPIED,Bimala Mitra,2025-05-16 04:33:33
TH1765,PROP1404,Gurgaon Sector 45,4,44100,2024-05-24,2026-03-24,OCCUPIED,Lakshmi Rana,2026-01-07 09:06:34
TH1766,PROP1009,South Delhi,2,34000,2023-08-23,2024-07-23,OCCUPIED,Thomas Deshpande,2025-10-16 19:07:27
TH1767,PROP1628,Preet Vihar,2,21200,2025-12-09,2026-11-09,OCCUPIED,Maanas Misra,2025-08-01 16:23:13
TH1768,PROP1982,North Delhi,3,20700,2026-04-17,2028-02-17,OCCUPIED,Advay Dhaliwal,2023-12-03 14:16:37
TH1769,PROP1718,West Delhi,3,25800,2023-07-26,2025-05-26,OCCUPIED,Frederick Mody,2024-03-07 17:20:49
TH1770,PROP1586,Central Delhi,2,45200,2025-10-09,2027-08-09,VACANT,Siddharth Sachar,2026-04-08 21:04:53
TH1771,PROP1569,Greater Noida Pari Chowk,4,18400,2026-02-07,2027-01-07,OCCUPIED,Naveen Gour,2024-03-19 11:39:01
TH1772,PROP1010,Gurgaon Sector 45,4,39600,2026-01-20,2027-11-20,VACANT,Ishwar Golla,2025-07-25 18:25:17
TH1773,PROP1308,Preet Vihar,1,13300,2025-04-02,2026-03-02,OCCUPIED,Triya Bora,2024-06-04 00:54:07
TH1774,PROP1834,Preet Vihar,4,40900,2023-10-02,2024-09-02,OCCUPIED,Rudra Sur,2026-05-29 04:26:19
TH1775,PROP1343,Preet Vihar,3,28400,2024-08-15,2026-06-15,OCCUPIED,Harish Mane,2025-05-30 09:06:26
TH1776,PROP1422,Cyber City Gurgaon,3,53300,2026-04-01,2027-03-01,OCCUPIED,Vedika Seshadri,2024-07-15 08:08:10
TH1777,PROP1666,Gurgaon Sector 45,3,29700,2025-07-12,2027-05-12,VACANT,Janya Mutti,2026-06-05 23:38:58
TH1778,PROP1458,Gurgaon Golf Course Road,4,83200,2024-01-21,2025-11-21,OCCUPIED,Yatin Kant,2025-09-08 22:25:38
TH1779,PROP1149,Gurgaon Sector 56,3,33000,2025-06-21,2027-04-21,VACANT,Jagvi Desai,2025-08-04 04:38:15
TH1780,PROP1074,Gurgaon Golf Course Road,2,43300,2024-07-18,2026-05-18,OCCUPIED,Turvi Sehgal,2024-08-17 15:27:21
TH1781,PROP1299,Noida Sector 150,4,37400,2024-06-19,2026-04-19,VACANT,Parth Bumb,2026-01-28 22:23:36
TH1782,PROP1962,West Delhi,4,30000,2026-02-15,2027-01-15,VACANT,Ronith Lall,2025-10-02 07:45:20
TH1783,PROP1129,Pitampura,3,35600,2025-06-06,2026-05-06,OCCUPIED,Anirudh Tripathi,2025-06-12 15:35:10
TH1784,PROP1407,DLF Phase 5,1,23300,2025-12-26,2027-10-26,OCCUPIED,Simon Bansal,2025-03-16 22:56:57
TH1785,PROP1027,Noida Extension,1,8200,2025-03-07,2026-02-07,OCCUPIED,Manthan Pau,2024-09-23 15:09:59
TH1786,PROP1954,Sohna Road Gurgaon,3,23600,2026-03-23,2028-01-23,OCCUPIED,Krish Shetty,2025-01-20 15:42:13
TH1787,PROP1130,Central Delhi,2,37200,2023-10-28,2025-08-28,VACANT,Yadavi Anne,2025-07-16 16:10:09
TH1788,PROP1334,Ghaziabad Raj Nagar Extension,4,20100,2026-02-03,2027-12-03,OCCUPIED,Yoshita Dey,2024-11-21 11:54:41
TH1789,PROP1139,Gurgaon Sector 45,4,40800,2024-02-02,2025-12-02,OCCUPIED,Veda Parmer,2023-09-03 20:27:32
TH1790,PROP1655,Noida Sector 62,3,27900,2025-10-31,2026-09-30,VACANT,Dev Lalla,2024-08-29 08:40:04
TH1791,PROP1453,Noida Sector 62,3,27400,2023-09-05,2024-08-05,OCCUPIED,Zarna Patel,2024-09-18 19:19:14
TH1792,PROP1001,Faridabad Neharpar,2,9100,2026-04-21,2028-02-21,OCCUPIED,Balveer Naik,2023-11-11 16:03:52
TH1793,PROP1705,Faridabad Sector 15,4,24000,2026-06-15,2028-04-15,VACANT,Adya Ghosh,2024-09-06 06:38:58
TH1794,PROP1612,Janakpuri,1,14500,2024-09-07,2025-08-07,OCCUPIED,Zansi Krishnamurthy,2024-09-05 21:57:02
TH1795,PROP1575,Greater Noida Pari Chowk,4,18600,2026-04-09,2028-02-09,VACANT,Ira Pai,2025-01-05 00:39:44
TH1796,PROP1226,Preet Vihar,1,13400,2024-12-29,2025-11-29,OCCUPIED,Yachana Dewan,2024-11-14 13:40:00
TH1797,PROP1820,Noida Sector 150,3,31900,2024-03-28,2026-01-28,OCCUPIED,Siddharth Doctor,2024-02-11 08:38:18
TH1798,PROP1874,Lajpat Nagar,2,27400,2024-08-20,2025-07-20,OCCUPIED,Victor Sachdeva,2025-12-26 09:09:40
TH1799,PROP1633,Ghaziabad Indirapuram,3,22000,2025-09-16,2027-07-16,OCCUPIED,Varenya Srinivas,2024-03-08 10:28:05
TH1800,PROP1020,Golf Course Extension Road,1,20300,2024-01-13,2024-12-13,OCCUPIED,Anthony Kohli,2023-09-06 20:06:21
TH1801,PROP1105,Noida Sector 18,3,33100,2025-04-08,2027-02-08,OCCUPIED,Krish Vala,2023-09-02 12:08:26
TH1802,PROP1239,Gurgaon Golf Course Road,2,39800,2025-04-07,2026-03-07,OCCUPIED,Ojas Kuruvilla,2026-04-27 07:22:16
TH1803,PROP1320,Faridabad Sector 15,3,19400,2025-02-05,2026-01-05,OCCUPIED,Anirudh Mander,2026-05-24 11:43:39
TH1804,PROP1864,Golf Course Extension Road,1,17200,2024-03-14,2026-01-14,OCCUPIED,Vasatika Garde,2024-03-17 22:11:56
TH1805,PROP1482,Gurgaon Sector 45,2,24100,2024-10-12,2026-08-12,VACANT,Qabil Vaidya,2024-05-06 09:42:08
TH1806,PROP1849,South Delhi,1,25300,2025-09-20,2026-08-20,OCCUPIED,Sudiksha Biswas,2024-03-29 09:00:18
TH1807,PROP1999,Ghaziabad Indirapuram,2,15900,2024-09-15,2025-08-15,OCCUPIED,Amol Jain,2025-02-13 07:24:50
TH1808,PROP1753,DLF Phase 5,2,39700,2026-04-11,2028-02-11,NOTICE_PERIOD,Mason Char,2024-01-31 23:14:54
TH1809,PROP1163,Saket,1,17100,2026-04-03,2028-02-03,OCCUPIED,Yahvi Dalal,2023-10-31 16:10:12
TH1810,PROP1909,Hauz Khas,2,42300,2025-07-12,2026-06-12,OCCUPIED,Raagini Vig,2024-10-24 12:22:22
TH1811,PROP1333,South Delhi,2,37500,2026-03-04,2027-02-04,OCCUPIED,Veer Subramaniam,2025-12-02 16:41:30
TH1812,PROP1249,South Delhi,1,23200,2024-09-10,2026-07-10,OCCUPIED,Pavani Desai,2024-04-25 10:39:33
TH1813,PROP1159,West Delhi,1,10400,2025-11-05,2027-09-05,OCCUPIED,Bhanumati Rege,2024-04-29 01:05:49
TH1814,PROP1634,North Delhi,1,9300,2023-07-26,2024-06-26,OCCUPIED,Jacob Venkatesh,2023-07-29 10:42:41
TH1815,PROP1811,DLF Phase 5,2,39900,2025-07-06,2027-05-06,NOTICE_PERIOD,Nilima Pathak,2023-11-15 08:22:34
TH1816,PROP1808,East Delhi,4,28500,2024-10-29,2025-09-29,OCCUPIED,Advika Wason,2024-10-27 16:02:38
TH1817,PROP1367,Central Delhi,3,64400,2024-08-24,2026-06-24,OCCUPIED,Mekhala Jani,2024-10-16 08:18:14
TH1818,PROP1573,Noida Sector 18,4,43300,2025-11-25,2026-10-25,OCCUPIED,Praneel Prabhakar,2025-03-25 04:10:28
TH1819,PROP1332,Ghaziabad Vasundhara,3,19800,2024-12-31,2025-11-30,OCCUPIED,Hemangini Rao,2025-10-04 18:36:14
TH1820,PROP1159,Ghaziabad Indirapuram,3,22600,2026-02-11,2027-12-11,OCCUPIED,Victor Sekhon,2025-11-25 15:10:15
TH1821,PROP1795,Faridabad Sector 81,4,22800,2026-05-25,2027-04-25,OCCUPIED,Tanish Trivedi,2024-10-02 11:11:23
TH1822,PROP1373,Pitampura,3,33900,2024-07-25,2026-05-25,OCCUPIED,Naveen Ramachandran,2026-06-12 11:06:05
TH1823,PROP1700,Faridabad Sector 15,2,14400,2023-07-26,2025-05-26,OCCUPIED,Maanav Sinha,2026-05-01 01:10:27
TH1824,PROP1330,Cyber City Gurgaon,1,22900,2024-11-08,2025-10-08,OCCUPIED,Adya Kapadia,2024-08-30 21:28:57
TH1825,PROP1961,Central Delhi,2,45800,2025-05-17,2026-04-17,OCCUPIED,Nandini Verma,2024-05-30 10:53:20
TH1826,PROP1197,DLF Phase 5,1,26400,2026-06-10,2028-04-10,OCCUPIED,Parth Talwar,2024-11-13 13:17:54
TH1827,PROP1539,Preet Vihar,1,13200,2024-02-26,2025-01-26,OCCUPIED,Robert Bandi,2025-11-26 13:31:42
TH1828,PROP1944,Rohini Sector 10,4,39700,2025-01-30,2025-12-30,OCCUPIED,Omkaar Banik,2024-08-18 17:42:39
TH1829,PROP1655,Hauz Khas,3,53900,2025-07-07,2027-05-07,VACANT,Gabriel Majumdar,2025-11-21 20:48:12
TH1830,PROP1814,Hauz Khas,3,53600,2024-08-10,2025-07-10,VACANT,Nidra Iyer,2025-02-07 20:45:08
TH1831,PROP1080,Rohini Sector 10,1,11800,2025-10-04,2026-09-04,OCCUPIED,Gautam Mane,2025-09-24 05:00:01
TH1832,PROP1195,Dwarka Sector 21,2,25400,2025-03-24,2026-02-24,OCCUPIED,Idika Malhotra,2024-03-25 12:29:02
TH1833,PROP1572,Greater Noida,1,8300,2026-06-09,2028-04-09,OCCUPIED,Netra Agrawal,2024-05-02 15:56:40
TH1834,PROP1720,Greater Noida Pari Chowk,1,6600,2024-10-08,2025-09-08,OCCUPIED,Elijah Thakur,2024-06-07 23:33:00
TH1835,PROP1517,North Delhi,2,16100,2026-05-22,2028-03-22,NOTICE_PERIOD,Zashil Savant,2026-06-14 02:09:29
TH1836,PROP1925,Noida Sector 76,3,27300,2025-03-28,2027-01-28,VACANT,Harinakshi Shanker,2025-08-06 09:36:48
TH1837,PROP1441,Noida Sector 76,2,18300,2026-03-28,2027-02-28,OCCUPIED,Vasatika Dada,2024-04-29 01:29:09
TH1838,PROP1564,Preet Vihar,3,32700,2024-09-12,2026-07-12,NOTICE_PERIOD,Victor Mutti,2024-10-15 11:12:31
TH1839,PROP1001,Saket,3,40100,2024-08-10,2025-07-10,NOTICE_PERIOD,Adya Kothari,2024-05-31 08:27:43
TH1840,PROP1310,South Delhi,3,54700,2024-09-29,2025-08-29,VACANT,Faqid Gokhale,2024-12-24 17:38:22
TH1841,PROP1023,Noida Sector 150,2,19900,2024-08-11,2026-06-11,OCCUPIED,Qadim Gupta,2025-01-18 07:51:10
TH1842,PROP1142,Preet Vihar,3,32100,2024-02-24,2025-01-24,OCCUPIED,Alka Jhaveri,2024-03-28 17:03:43
TH1843,PROP1831,Noida Sector 62,1,13200,2026-01-20,2026-12-20,OCCUPIED,Nachiket Chhabra,2023-11-29 22:00:20
TH1844,PROP1741,Noida Sector 76,4,29900,2023-10-14,2024-09-14,OCCUPIED,Abeer Basak,2026-02-04 17:53:58
TH1845,PROP1308,Saket,4,45300,2024-08-30,2025-07-30,VACANT,Waida Maharaj,2025-01-09 08:22:23
TH1846,PROP1343,East Delhi,4,26500,2026-07-02,2027-06-02,VACANT,Mitali Kapadia,2025-10-20 12:56:30
TH1847,PROP1233,South Delhi,4,56300,2023-12-08,2024-11-08,OCCUPIED,Vanya Zachariah,2023-08-26 05:50:11
TH1848,PROP1579,Golf Course Extension Road,3,39200,2024-08-04,2025-07-04,OCCUPIED,Tanvi Dara,2025-08-24 15:27:37
TH1849,PROP1690,Noida Extension,4,26700,2024-12-05,2025-11-05,OCCUPIED,Advik Kade,2024-09-09 07:27:07
TH1850,PROP1297,Noida Extension,2,12800,2023-11-08,2024-10-08,OCCUPIED,Aashi Grover,2025-03-13 15:15:10
TH1851,PROP1764,Hauz Khas,4,64500,2024-04-05,2026-02-05,OCCUPIED,Hemal Pau,2024-02-08 01:57:24
TH1852,PROP1793,Central Delhi,2,41800,2024-10-27,2025-09-27,OCCUPIED,Kashish Patla,2026-02-11 15:58:47
TH1853,PROP1668,Dwarka Sector 21,2,23500,2024-05-22,2026-03-22,VACANT,Karan Karnik,2025-12-29 16:31:38
TH1854,PROP1332,Gurgaon Golf Course Road,1,30500,2025-09-17,2027-07-17,OCCUPIED,Rachana Raj,2024-02-21 09:27:24
TH1855,PROP1196,Noida Sector 76,3,25800,2025-12-13,2026-11-13,VACANT,Urvashi Andra,2024-01-31 01:49:06
TH1856,PROP1174,East Delhi,4,27800,2025-01-18,2026-11-18,OCCUPIED,Vidhi Mital,2024-04-21 13:27:42
TH1857,PROP1838,Janakpuri,2,23000,2026-02-15,2027-01-15,VACANT,Mitali Chaudhary,2025-08-16 04:56:05
TH1858,PROP1874,Gurgaon Golf Course Road,1,30900,2023-09-24,2024-08-24,NOTICE_PERIOD,Vamakshi Char,2024-11-25 11:29:08
TH1859,PROP1949,Golf Course Extension Road,3,34600,2024-07-21,2025-06-21,OCCUPIED,Jagvi Kurian,2024-08-01 15:28:50
TH1860,PROP1483,Vasant Kunj,3,41700,2024-10-13,2025-09-13,OCCUPIED,Rushil Yohannan,2024-01-28 19:25:26
TH1861,PROP1536,Preet Vihar,4,38900,2025-11-21,2026-10-21,OCCUPIED,Ekta Uppal,2025-01-05 17:17:13
TH1862,PROP1685,Vasant Kunj,4,58700,2025-10-04,2026-09-04,OCCUPIED,Lakshmi Mangat,2024-12-10 16:56:44
TH1863,PROP1062,Noida Sector 18,2,27800,2026-06-02,2028-04-02,OCCUPIED,Geetika Sama,2025-06-12 06:18:03
TH1864,PROP1671,South Delhi,1,22100,2025-04-06,2027-02-06,OCCUPIED,Fariq Edwin,2024-08-01 01:56:35
TH1865,PROP1935,West Delhi,1,9800,2024-06-28,2026-04-28,OCCUPIED,Amara Rana,2024-05-13 18:36:53
TH1866,PROP1390,Faridabad Sector 81,1,8600,2024-11-19,2026-09-19,VACANT,Shravya Sachdev,2024-01-20 21:32:18
TH1867,PROP1545,Gurgaon Golf Course Road,2,41700,2026-02-10,2027-12-10,OCCUPIED,Wahab Krishnamurthy,2026-05-17 00:28:17
TH1868,PROP1730,Vasant Kunj,1,19500,2025-08-26,2027-06-26,OCCUPIED,Shivansh Ganesan,2024-09-28 14:44:46
TH1869,PROP1403,Gurgaon Sector 56,1,15000,2023-11-02,2025-09-02,OCCUPIED,Chatura Bal,2025-11-12 06:59:13
TH1870,PROP1310,Pitampura,3,34600,2025-02-13,2026-12-13,VACANT,Hemang Lala,2025-05-28 19:56:00
TH1871,PROP1912,Vasant Kunj,3,41800,2023-10-21,2025-08-21,VACANT,Dayamai Karnik,2024-04-17 15:22:58
TH1872,PROP1673,Central Delhi,1,28800,2024-05-27,2025-04-27,OCCUPIED,Karan Vyas,2026-01-25 08:15:51
TH1873,PROP1587,Golf Course Extension Road,4,56100,2023-08-21,2025-06-21,OCCUPIED,Eshana Soni,2024-12-14 11:26:42
TH1874,PROP1135,Rohini Sector 10,2,20400,2026-02-28,2027-01-28,VACANT,Sai Deshmukh,2026-06-17 21:51:06
TH1875,PROP1317,Faridabad Neharpar,2,9300,2025-08-22,2026-07-22,OCCUPIED,Tanmayi Saran,2025-02-14 03:05:47
TH1876,PROP1579,Gurgaon Sector 56,3,30100,2025-06-20,2026-05-20,OCCUPIED,Idika Subramaniam,2025-03-03 21:19:52
TH1877,PROP1860,Golf Course Extension Road,1,19400,2025-12-18,2027-10-18,NOTICE_PERIOD,Darika Pau,2024-10-15 05:21:59
TH1878,PROP1311,Ghaziabad Indirapuram,3,19200,2024-01-07,2024-12-07,OCCUPIED,Aadi Virk,2025-12-30 23:47:53
TH1879,PROP1190,Vasant Kunj,3,45900,2026-02-03,2027-01-03,OCCUPIED,Bhavini Singh,2025-02-26 21:10:22
TH1880,PROP1237,Vasant Kunj,3,40300,2025-08-12,2027-06-12,OCCUPIED,Vansha Mistry,2023-07-31 13:41:24
TH1881,PROP1867,Ghaziabad Raj Nagar Extension,3,12900,2024-11-03,2026-09-03,OCCUPIED,Vihaan Amble,2025-03-13 06:01:01
TH1882,PROP1141,Gurgaon Sector 56,2,22400,2024-02-12,2025-12-12,VACANT,Megha Krish,2024-01-16 11:04:16
TH1883,PROP1016,Noida Sector 150,4,37000,2025-10-05,2026-09-05,VACANT,Kritika Kannan,2024-05-04 17:11:36
TH1884,PROP1068,Gurgaon Sector 45,4,43100,2024-10-25,2026-08-25,OCCUPIED,Zansi Magar,2024-05-28 11:45:16
TH1885,PROP1888,Ghaziabad Vasundhara,2,12800,2025-10-11,2026-09-11,OCCUPIED,Nitara Guha,2026-02-10 17:46:59
TH1886,PROP1845,Sohna Road Gurgaon,3,24600,2024-02-05,2025-01-05,OCCUPIED,Indrajit Shah,2025-05-28 10:07:51
TH1887,PROP1463,Ghaziabad Vasundhara,1,9200,2024-05-13,2025-04-13,OCCUPIED,Raghav Nagi,2023-08-11 19:34:25
TH1888,PROP1406,Saket,4,50600,2023-09-13,2024-08-13,OCCUPIED,Quincy Chaudry,2024-05-25 16:22:20
TH1889,PROP1451,Noida Extension,3,20900,2023-12-04,2025-10-04,OCCUPIED,Abhiram Kaul,2023-10-28 09:27:46
TH1890,PROP1433,Noida Sector 18,1,17700,2023-08-06,2024-07-06,OCCUPIED,Hema Salvi,2024-06-26 23:08:48
TH1891,PROP1662,Ghaziabad Indirapuram,1,10300,2025-12-12,2026-11-12,OCCUPIED,Ubika Balay,2024-07-17 10:10:07
TH1892,PROP1600,Central Delhi,4,74000,2026-01-29,2027-11-29,OCCUPIED,Daksh Lata,2025-11-17 11:05:21
TH1893,PROP1465,Dwarka Sector 21,4,40600,2023-10-07,2025-08-07,OCCUPIED,Pratyush Handa,2026-03-28 23:58:27
TH1894,PROP1929,Gurgaon Sector 56,1,14100,2024-04-19,2026-02-19,OCCUPIED,Advik Dara,2026-06-23 10:49:01
TH1895,PROP1088,Faridabad Neharpar,4,18000,2025-09-10,2026-08-10,OCCUPIED,Saanvi Kota,2025-10-06 18:54:04
TH1896,PROP1390,Saket,2,30800,2023-08-26,2024-07-26,OCCUPIED,Girindra Verma,2025-07-20 07:43:23
TH1897,PROP1149,Gurgaon Sector 45,1,14000,2024-03-05,2026-01-05,OCCUPIED,Devika Naidu,2024-01-11 08:34:36
TH1898,PROP1985,Ghaziabad Indirapuram,3,21600,2025-09-25,2026-08-25,VACANT,Zehaan Srivastava,2025-06-20 04:52:01
TH1899,PROP1984,Dwarka Sector 21,1,16700,2024-02-23,2025-12-23,OCCUPIED,Tejas Chowdhury,2024-04-05 02:47:13
TH1900,PROP1510,Faridabad Sector 15,1,9300,2024-11-07,2026-09-07,OCCUPIED,Oliver Majumdar,2025-04-22 05:27:52
TH1901,PROP1603,Ghaziabad Raj Nagar Extension,4,17600,2024-09-26,2025-08-26,OCCUPIED,Aditya Basak,2025-04-18 06:16:21
TH1902,PROP1007,Pitampura,3,33100,2025-08-15,2026-07-15,OCCUPIED,Kamya Chakraborty,2024-04-19 02:14:46
TH1903,PROP1152,Hauz Khas,3,47300,2025-01-18,2025-12-18,OCCUPIED,Darpan Bhasin,2024-08-14 02:40:31
TH1904,PROP1859,Noida Sector 62,3,30800,2024-01-05,2024-12-05,OCCUPIED,Jeremiah Sura,2024-04-01 12:14:14
TH1905,PROP1183,Gurgaon Sector 56,3,34500,2026-06-29,2027-05-29,NOTICE_PERIOD,Reva Hans,2023-08-13 23:02:56
TH1906,PROP1768,West Delhi,1,10000,2024-09-06,2026-07-06,OCCUPIED,Zashil Baral,2025-01-03 07:39:12
TH1907,PROP1920,Sohna Road Gurgaon,1,12400,2024-11-11,2025-10-11,OCCUPIED,Vrishti Gupta,2025-04-02 12:14:30
TH1908,PROP1138,Cyber City Gurgaon,3,47000,2025-03-07,2027-01-07,OCCUPIED,Upadhriti Maharaj,2026-02-26 06:40:25
TH1909,PROP1713,Rohini Sector 10,1,11800,2025-05-06,2026-04-06,OCCUPIED,Ekapad Wali,2024-01-07 10:16:33
TH1910,PROP1706,Noida Sector 18,4,48000,2024-06-08,2026-04-08,OCCUPIED,Jeevika Setty,2023-07-22 08:27:25
TH1911,PROP1589,East Delhi,2,15400,2025-06-18,2027-04-18,OCCUPIED,Qasim Bahl,2025-05-30 14:51:43
TH1912,PROP1648,Faridabad Sector 15,4,27100,2024-08-22,2025-07-22,OCCUPIED,Ekani Bhatnagar,2025-07-11 20:44:55
TH1913,PROP1199,South Delhi,1,20200,2025-03-02,2026-02-02,OCCUPIED,Ranveer Viswanathan,2025-08-08 04:27:54
TH1914,PROP1213,Greater Noida,4,19200,2025-11-05,2027-09-05,OCCUPIED,Barkha Naidu,2024-10-12 14:16:18
TH1915,PROP1653,Rohini Sector 10,1,13400,2024-07-07,2026-05-07,OCCUPIED,Ekalinga Bassi,2026-01-21 16:50:27
TH1916,PROP1070,Noida Sector 62,3,28000,2023-12-10,2025-10-10,VACANT,Saksham Chhabra,2025-01-03 09:26:45
TH1917,PROP1117,North Delhi,3,21800,2023-11-06,2024-10-06,VACANT,Vrishti Vora,2025-06-04 06:15:14
TH1918,PROP1199,North Delhi,3,24700,2025-04-27,2027-02-27,VACANT,Jeevika Kant,2025-05-15 12:27:34
TH1919,PROP1817,Saket,2,27900,2023-10-06,2025-08-06,VACANT,Vyanjana Buch,2024-12-15 10:12:35
TH1920,PROP1550,North Delhi,4,30800,2025-06-19,2027-04-19,VACANT,Ojasvi Pillay,2025-12-07 20:07:51
TH1921,PROP1058,Faridabad Neharpar,3,13500,2023-09-22,2025-07-22,OCCUPIED,Banjeet Bobal,2026-01-20 21:27:49
TH1922,PROP1020,Rohini Sector 10,3,30000,2023-10-14,2025-08-14,OCCUPIED,Zilmil Chatterjee,2023-11-09 11:28:22
TH1923,PROP1153,Noida Sector 150,1,13700,2024-03-29,2026-01-29,OCCUPIED,Ranveer Hans,2025-02-17 02:56:47
TH1924,PROP1863,Gurgaon Sector 56,4,40000,2024-04-18,2025-03-18,VACANT,Ojasvi Cherian,2025-11-07 04:41:49
TH1925,PROP1770,Noida Sector 62,3,29400,2025-04-12,2027-02-12,OCCUPIED,Prisha Chawla,2024-01-20 08:09:31
TH1926,PROP1509,Pitampura,3,31800,2024-02-03,2025-12-03,OCCUPIED,Yamini Nazareth,2025-07-11 00:49:38
TH1927,PROP1310,Gurgaon Sector 45,1,13900,2025-02-24,2026-01-24,VACANT,Indira Murty,2025-03-15 07:10:14
TH1928,PROP1936,Gurgaon Golf Course Road,4,81100,2026-07-16,2028-05-16,VACANT,Nitara Sani,2026-01-11 19:09:22
TH1929,PROP1158,Dwarka Sector 21,3,38600,2024-07-09,2026-05-09,VACANT,Tanish Prashad,2025-11-06 13:34:15
TH1930,PROP1147,DLF Phase 5,2,37200,2026-04-30,2027-03-30,OCCUPIED,Jagvi Sethi,2024-11-22 21:33:17
TH1931,PROP1731,Faridabad Neharpar,1,5400,2024-09-27,2025-08-27,OCCUPIED,Bhavani Babu,2025-02-07 17:14:44
TH1932,PROP1609,Gurgaon Golf Course Road,3,62500,2026-07-12,2027-06-12,OCCUPIED,Abeer Mital,2026-07-04 04:25:23
TH1933,PROP1785,Noida Sector 62,1,13200,2024-03-12,2026-01-12,OCCUPIED,Anthony Majumdar,2026-04-23 15:40:31
TH1934,PROP1215,Noida Sector 76,2,16700,2025-01-30,2026-11-30,OCCUPIED,Girindra Barad,2024-12-07 00:00:04
TH1935,PROP1792,Ghaziabad Indirapuram,1,9200,2024-01-07,2024-12-07,OCCUPIED,Jeevika Krish,2024-04-01 20:38:23
TH1936,PROP1016,Faridabad Sector 81,1,7300,2025-12-25,2027-10-25,OCCUPIED,Mugdha Kalla,2025-10-03 02:43:29
TH1937,PROP1278,Golf Course Extension Road,3,39900,2025-09-20,2026-08-20,OCCUPIED,Oscar Sura,2026-01-11 07:19:46
TH1938,PROP1628,North Delhi,4,25700,2025-08-14,2026-07-14,OCCUPIED,Charita Barad,2025-09-29 07:17:59
TH1939,PROP1692,Hauz Khas,1,24000,2025-04-12,2026-03-12,OCCUPIED,Daksh Natt,2024-08-05 19:08:44
TH1940,PROP1184,Ghaziabad Indirapuram,3,20100,2025-12-31,2026-11-30,OCCUPIED,Jai Karan,2025-10-17 19:26:33
TH1941,PROP1687,Gurgaon Golf Course Road,4,82300,2026-02-05,2027-01-05,VACANT,Lavanya Bhagat,2024-06-19 12:30:06
TH1942,PROP1942,Ghaziabad Vasundhara,1,8400,2023-09-04,2025-07-04,OCCUPIED,Eta Thakkar,2025-08-24 02:56:42
TH1943,PROP1971,Janakpuri,2,23900,2024-01-04,2025-11-04,VACANT,Sanaya Thaman,2023-10-28 06:27:50
TH1944,PROP1402,Gurgaon Sector 45,3,32900,2024-11-04,2026-09-04,OCCUPIED,Manbir Deo,2024-07-23 21:50:10
TH1945,PROP1031,Lajpat Nagar,4,49000,2024-12-23,2026-10-23,OCCUPIED,Mohini Lala,2023-10-22 18:52:24
TH1946,PROP1175,Noida Sector 18,3,37300,2025-01-20,2025-12-20,OCCUPIED,Krishna Srivastava,2025-03-25 09:29:44
TH1947,PROP1416,DLF Phase 5,3,56800,2025-01-05,2025-12-05,VACANT,Yatin Kibe,2023-10-08 01:34:09
TH1948,PROP1546,Ghaziabad Vasundhara,4,23900,2025-11-17,2026-10-17,OCCUPIED,Gaurav Chowdhury,2025-07-26 14:39:39
TH1949,PROP1562,Gurgaon Sector 56,4,42000,2024-10-26,2026-08-26,OCCUPIED,Rayaan Nagi,2024-08-02 01:35:43
TH1950,PROP1711,Greater Noida Pari Chowk,4,20100,2025-07-07,2027-05-07,OCCUPIED,Omkaar Palla,2025-05-26 18:27:48
TH1951,PROP1242,Gurgaon Sector 45,1,15100,2026-07-09,2028-05-09,OCCUPIED,Madhav Sastry,2023-09-08 17:41:06
TH1952,PROP1611,Ghaziabad Vasundhara,3,18400,2026-01-01,2027-11-01,OCCUPIED,Kashvi Dugal,2025-10-28 19:51:53
TH1953,PROP1979,Noida Extension,1,9300,2026-02-08,2027-12-08,OCCUPIED,Chatura Kibe,2026-05-26 08:05:32
TH1954,PROP1661,Hauz Khas,1,23000,2026-04-30,2027-03-30,VACANT,Akshay Oza,2025-08-19 18:27:17
TH1955,PROP1925,South Delhi,2,36400,2023-11-19,2025-09-19,OCCUPIED,Urishilla Bajaj,2024-07-19 04:58:57
TH1956,PROP1400,Ghaziabad Indirapuram,2,13900,2025-10-08,2027-08-08,OCCUPIED,Samar Virk,2025-10-20 17:49:37
TH1957,PROP1814,Noida Sector 62,4,37900,2025-03-12,2027-01-12,NOTICE_PERIOD,Andrew Puri,2025-04-20 08:58:18
TH1958,PROP1597,South Delhi,4,68300,2025-07-16,2027-05-16,OCCUPIED,Aadhya Garde,2023-09-25 10:15:29
TH1959,PROP1923,Hauz Khas,1,25900,2024-02-25,2025-12-25,OCCUPIED,Chatresh Shroff,2025-07-07 23:52:42
TH1960,PROP1289,Vasant Kunj,2,31500,2023-07-30,2025-05-30,OCCUPIED,Anika Parsa,2026-02-22 13:48:01
TH1961,PROP1729,Sohna Road Gurgaon,4,31500,2023-08-10,2024-07-10,OCCUPIED,Vihaan Rai,2025-01-28 18:45:18
TH1962,PROP1487,Central Delhi,2,42600,2025-09-05,2027-07-05,VACANT,Vedhika Wali,2023-10-26 00:13:54
TH1963,PROP1158,Noida Sector 18,2,23700,2024-02-23,2025-01-23,OCCUPIED,Anthony Baral,2024-04-17 15:16:04
TH1964,PROP1148,Faridabad Sector 15,4,28100,2025-02-19,2026-01-19,OCCUPIED,Vrishti Ramaswamy,2025-10-14 04:58:44
TH1965,PROP1658,Greater Noida,4,23600,2023-08-10,2025-06-10,OCCUPIED,Isha Mittal,2024-04-05 09:04:14
TH1966,PROP1466,Faridabad Sector 81,4,21900,2026-06-26,2028-04-26,OCCUPIED,David Kurian,2026-03-10 08:21:00
TH1967,PROP1232,Gurgaon Sector 45,4,40600,2026-03-21,2028-01-21,VACANT,Ati Kar,2024-01-03 19:02:25
TH1968,PROP1243,Faridabad Sector 81,3,16400,2026-03-29,2028-01-29,OCCUPIED,Gagan Raja,2025-02-11 02:59:26
TH1969,PROP1039,Ghaziabad Raj Nagar Extension,3,12700,2025-08-01,2027-06-01,NOTICE_PERIOD,Omisha Khosla,2025-04-09 07:12:05
TH1970,PROP1082,Golf Course Extension Road,3,38900,2024-10-29,2025-09-29,OCCUPIED,Forum Sen,2025-03-06 16:48:02
TH1971,PROP1625,Gurgaon Golf Course Road,2,44700,2024-03-03,2025-02-03,OCCUPIED,Samaksh Devi,2024-06-24 03:20:42
TH1972,PROP1553,Noida Sector 62,1,14300,2025-08-31,2026-07-31,OCCUPIED,Qushi Dhillon,2025-07-09 14:38:16
TH1973,PROP1525,Ghaziabad Raj Nagar Extension,3,13700,2025-03-30,2027-01-30,OCCUPIED,Eesha Bir,2025-03-23 06:03:41
TH1974,PROP1037,Noida Sector 62,3,25100,2026-05-24,2028-03-24,OCCUPIED,Qarin Nadkarni,2026-01-26 10:41:10
TH1975,PROP1587,Hauz Khas,3,57100,2023-12-27,2024-11-27,OCCUPIED,Eiravati Sachdev,2026-06-08 18:22:22
TH1976,PROP1085,Central Delhi,1,29600,2024-06-17,2026-04-17,OCCUPIED,Max Guha,2023-11-15 13:19:33
TH1977,PROP1631,Noida Sector 150,3,33400,2024-02-08,2025-01-08,OCCUPIED,Vihaan Kata,2024-03-30 13:53:42
TH1978,PROP1619,Gurgaon Sector 45,2,22800,2023-08-18,2025-06-18,VACANT,Vansha Desai,2025-01-21 23:17:53
TH1979,PROP1268,Pitampura,4,38200,2025-05-13,2026-04-13,OCCUPIED,Qarin Ram,2025-01-10 01:12:36
TH1980,PROP1087,Golf Course Extension Road,2,30300,2023-12-18,2025-10-18,VACANT,Upkaar Bali,2024-10-11 06:18:40
TH1981,PROP1244,Ghaziabad Indirapuram,2,14000,2026-06-15,2028-04-15,OCCUPIED,Nitara Kapadia,2025-10-11 23:45:06
TH1982,PROP1271,Cyber City Gurgaon,1,20900,2026-07-07,2028-05-07,OCCUPIED,Dominic Goel,2026-05-02 09:49:13
TH1983,PROP1488,Janakpuri,4,41300,2026-07-04,2028-05-04,OCCUPIED,Ekta Shankar,2026-03-20 02:38:57
TH1984,PROP1149,Faridabad Neharpar,4,15100,2024-10-31,2026-08-31,OCCUPIED,Lajita Munshi,2024-09-25 10:37:09
TH1985,PROP1324,Faridabad Neharpar,1,5600,2026-05-14,2028-03-14,NOTICE_PERIOD,Ikbal Seth,2024-12-03 04:45:58
TH1986,PROP1443,Noida Sector 150,3,29100,2026-03-08,2027-02-08,OCCUPIED,Zilmil Yogi,2024-09-27 01:01:34
TH1987,PROP1599,Noida Extension,4,26900,2025-10-03,2026-09-03,OCCUPIED,Zaitra Bawa,2024-02-14 14:04:31
TH1988,PROP1603,Dwarka Sector 21,3,36500,2024-11-13,2025-10-13,OCCUPIED,Bhavika Shenoy,2024-01-19 23:40:21
TH1989,PROP1011,South Delhi,1,20100,2024-06-07,2025-05-07,OCCUPIED,Zansi Dhar,2024-12-10 12:23:35
TH1990,PROP1702,Ghaziabad Indirapuram,3,19600,2025-06-27,2027-04-27,OCCUPIED,Xiti Chowdhury,2024-02-03 13:01:35
TH1991,PROP1035,Vasant Kunj,1,18600,2025-04-22,2026-03-22,NOTICE_PERIOD,Maya Sachdev,2024-07-09 23:40:13
TH1992,PROP1654,Cyber City Gurgaon,1,20500,2023-08-17,2024-07-17,OCCUPIED,Saksham Sha,2023-10-28 09:00:27
TH1993,PROP1783,Gurgaon Sector 45,1,15000,2024-07-09,2026-05-09,OCCUPIED,Jatin Chand,2023-11-23 15:45:18
TH1994,PROP1677,Lajpat Nagar,4,59500,2024-11-24,2026-09-24,VACANT,Frederick Viswanathan,2025-09-03 13:02:41
TH1995,PROP1709,Noida Sector 76,3,23200,2025-09-23,2026-08-23,OCCUPIED,Kritika Rai,2023-09-07 16:08:18
TH1996,PROP1064,Sohna Road Gurgaon,4,31100,2024-01-24,2024-12-24,OCCUPIED,Mason Gaba,2026-02-27 13:05:31
TH1997,PROP1833,Preet Vihar,2,20700,2024-02-01,2025-12-01,NOTICE_PERIOD,Oni Morar,2024-06-24 17:01:02
TH1998,PROP1206,Noida Extension,2,14500,2025-11-08,2026-10-08,OCCUPIED,Bhavya Golla,2023-11-27 08:52:39
TH1999,PROP1788,Greater Noida Pari Chowk,2,11300,2023-12-12,2024-11-12,VACANT,Aarush Kulkarni,2023-08-03 22:33:31
TH2000,PROP1733,Preet Vihar,1,12100,2025-01-15,2025-12-15,OCCUPIED,Abdul Tak,2024-04-07 05:04:53
TH2001,PROP1257,Ghaziabad Indirapuram,1,10700,2025-04-25,2026-03-25,OCCUPIED,Sudiksha Rout,2024-11-16 17:38:52
TH2002,PROP1001,Saket,4,47600,2025-05-09,2027-03-09,VACANT,Yash Mall,2025-05-30 15:41:19
TH2003,PROP1589,South Delhi,4,62700,2025-03-22,2027-01-22,VACANT,Chandran Goyal,2023-12-31 00:15:42
TH2004,PROP1800,Lajpat Nagar,2,26400,2025-07-05,2027-05-05,OCCUPIED,Maanav Bali,2025-07-21 09:43:21
TH2005,PROP1549,East Delhi,3,21900,2026-01-23,2027-11-23,OCCUPIED,Garima Chahal,2023-09-13 06:55:09
TH2006,PROP1982,Gurgaon Golf Course Road,3,63500,2024-10-19,2026-08-19,OCCUPIED,Neel Mane,2025-05-21 03:31:34
TH2007,PROP1471,Noida Sector 18,2,24000,2025-08-16,2026-07-16,NOTICE_PERIOD,Tamanna Parsa,2026-05-07 04:54:48
TH2008,PROP1677,Dwarka Sector 21,3,36600,2023-10-30,2024-09-30,OCCUPIED,Ekantika Pillay,2026-03-31 00:07:10
TH2009,PROP1368,Faridabad Sector 15,1,9900,2026-01-04,2027-11-04,OCCUPIED,Dhruv Master,2024-12-18 10:43:48
TH2010,PROP1144,Saket,2,24800,2023-12-01,2024-11-01,OCCUPIED,Forum Vyas,2024-10-16 22:14:07
TH2011,PROP1065,Noida Sector 62,4,36300,2024-03-06,2026-01-06,NOTICE_PERIOD,Dalbir Chopra,2025-04-07 14:55:39
TH2012,PROP1017,Saket,3,35000,2026-06-27,2027-05-27,OCCUPIED,Veda Mani,2024-10-31 11:52:33
TH2013,PROP1217,Faridabad Neharpar,4,18900,2026-02-03,2027-01-03,OCCUPIED,Irya Dayal,2025-05-24 15:41:00
TH2014,PROP1239,Lajpat Nagar,1,20600,2025-01-14,2026-11-14,OCCUPIED,Waida Gole,2026-03-15 19:28:44
TH2015,PROP1483,Saket,2,29400,2024-03-31,2025-02-28,OCCUPIED,Rishi Agarwal,2023-11-28 02:03:14
TH2016,PROP1648,Hauz Khas,3,57300,2024-12-11,2025-11-11,OCCUPIED,Sarthak Sachdeva,2024-10-17 05:41:00
TH2017,PROP1175,Lajpat Nagar,1,17700,2024-07-20,2025-06-20,OCCUPIED,Advay Jaggi,2025-08-15 15:05:58
TH2018,PROP1208,Greater Noida Pari Chowk,3,16600,2024-04-24,2026-02-24,OCCUPIED,Darika Mital,2025-01-26 18:05:12
TH2019,PROP2000,Central Delhi,3,63500,2024-07-09,2025-06-09,VACANT,Ishaan Nath,2024-07-29 14:24:32
TH2020,PROP1608,Gurgaon Sector 45,3,27600,2025-09-21,2027-07-21,OCCUPIED,Parth Hari,2024-07-17 17:10:07
TH2021,PROP1426,Gurgaon Sector 56,3,34000,2024-07-25,2026-05-25,OCCUPIED,Urvi Banik,2025-06-28 00:25:30
TH2022,PROP1596,Saket,2,25300,2024-12-29,2026-10-29,VACANT,Gautami Shere,2025-11-26 14:18:24
TH2023,PROP1017,Faridabad Sector 15,1,8000,2024-10-16,2025-09-16,VACANT,Chandani Mutti,2025-03-20 21:10:41
TH2024,PROP1724,Noida Sector 18,4,49000,2023-08-10,2025-06-10,OCCUPIED,Irya Bhatti,2026-06-17 23:43:12
TH2025,PROP1212,Golf Course Extension Road,3,39400,2024-05-23,2026-03-23,OCCUPIED,Harinakshi Prashad,2025-06-07 01:03:32
TH2026,PROP1179,Saket,2,29500,2026-01-28,2026-12-28,OCCUPIED,Rachit Dada,2026-02-22 21:59:24
TH2027,PROP1802,Noida Sector 62,3,27500,2025-10-20,2026-09-20,OCCUPIED,Azad Magar,2024-10-17 01:10:18
TH2028,PROP1543,DLF Phase 5,3,60900,2025-01-15,2025-12-15,OCCUPIED,Kamya Seth,2026-01-15 10:00:11
TH2029,PROP1642,Rohini Sector 10,3,25000,2024-06-16,2025-05-16,VACANT,Parth Choudhury,2024-09-03 14:22:57
TH2030,PROP1702,Ghaziabad Raj Nagar Extension,4,16600,2023-08-30,2024-07-30,OCCUPIED,George Sawhney,2025-01-25 23:48:42
TH2031,PROP1373,Noida Sector 18,2,25600,2025-12-11,2027-10-11,OCCUPIED,Ranveer Oak,2026-04-28 14:39:44
TH2032,PROP1912,Ghaziabad Vasundhara,1,7600,2025-09-30,2026-08-30,VACANT,Falak Dhar,2025-11-10 16:47:43
TH2033,PROP1181,Gurgaon Sector 56,1,15500,2023-11-05,2024-10-05,OCCUPIED,Samesh Bansal,2024-12-05 21:40:02
TH2034,PROP1241,Ghaziabad Indirapuram,3,20600,2025-09-09,2027-07-09,OCCUPIED,Aayush Mukhopadhyay,2026-05-08 03:27:50
TH2035,PROP1113,Noida Sector 76,2,16300,2025-08-11,2027-06-11,VACANT,Gauri Sibal,2026-03-21 20:41:51
TH2036,PROP1385,Janakpuri,1,14200,2023-11-10,2025-09-10,OCCUPIED,Arin Muni,2025-06-20 13:34:03
TH2037,PROP1447,Golf Course Extension Road,2,30900,2024-03-06,2026-01-06,OCCUPIED,Reyansh Mangat,2024-05-19 16:39:29
TH2038,PROP1383,Central Delhi,4,79600,2024-07-04,2026-05-04,NOTICE_PERIOD,Jacob Mahajan,2024-01-01 04:15:23
TH2039,PROP1208,North Delhi,2,14200,2024-05-15,2025-04-15,OCCUPIED,Yoshita Chaudry,2024-03-03 21:57:03
TH2040,PROP1114,Ghaziabad Vasundhara,4,22900,2024-08-07,2026-06-07,OCCUPIED,Anika Dhaliwal,2026-05-20 03:10:07
TH2041,PROP1303,Gurgaon Sector 56,2,24400,2025-12-17,2026-11-17,OCCUPIED,Onveer Bobal,2024-06-26 17:54:38
TH2042,PROP1878,Faridabad Neharpar,4,18600,2026-03-24,2027-02-24,OCCUPIED,Chandresh De,2023-08-22 07:57:23
TH2043,PROP1858,Ghaziabad Vasundhara,3,16100,2026-04-05,2028-02-05,OCCUPIED,Hitesh Rajagopal,2023-09-18 12:19:05
TH2044,PROP1253,Pitampura,3,31700,2024-10-29,2025-09-29,VACANT,Sanaya Parekh,2024-06-27 21:52:01
TH2045,PROP1606,Golf Course Extension Road,1,17800,2026-01-01,2026-12-01,OCCUPIED,Udyati Deep,2023-10-31 08:58:13
TH2046,PROP1482,Faridabad Sector 81,1,7700,2025-12-15,2027-10-15,OCCUPIED,Gunbir Shah,2024-06-25 15:59:05
TH2047,PROP1818,DLF Phase 5,4,71900,2025-06-25,2026-05-25,OCCUPIED,Upma Kata,2026-05-24 16:50:24
TH2048,PROP1013,Greater Noida,2,10900,2023-12-25,2025-10-25,OCCUPIED,Januja Ramanathan,2024-02-07 11:12:53
TH2049,PROP1093,Vasant Kunj,4,59900,2026-04-20,2027-03-20,OCCUPIED,Ekta Setty,2025-01-05 17:37:43
TH2050,PROP1879,Vasant Kunj,4,57100,2023-09-30,2024-08-30,VACANT,Indali Srinivas,2024-12-07 22:55:46
TH2051,PROP1416,Gurgaon Sector 45,3,31700,2024-01-24,2024-12-24,VACANT,Joshua Trivedi,2023-11-11 08:21:53
TH2052,PROP1073,Sohna Road Gurgaon,3,25400,2026-01-01,2027-11-01,OCCUPIED,Eshana Bobal,2025-12-05 20:18:21
TH2053,PROP1277,Rohini Sector 10,1,13400,2025-02-23,2026-12-23,OCCUPIED,Odika Khare,2025-05-31 20:50:50
TH2054,PROP1057,Faridabad Sector 81,3,18400,2025-03-12,2026-02-12,OCCUPIED,Leena Bhatti,2024-07-28 21:23:00
TH2055,PROP1477,Saket,3,37900,2025-12-28,2026-11-28,OCCUPIED,Radhika Oommen,2025-03-09 05:06:13
TH2056,PROP1793,Rohini Sector 10,2,22300,2024-04-04,2025-03-04,OCCUPIED,Vidhi Contractor,2025-04-30 09:48:27
TH2057,PROP1665,Ghaziabad Raj Nagar Extension,2,10600,2024-12-08,2025-11-08,OCCUPIED,Sai Goda,2024-06-23 02:01:46
TH2058,PROP1920,Noida Sector 150,4,37500,2024-10-07,2025-09-07,OCCUPIED,Ladli Narang,2025-01-13 04:08:44
TH2059,PROP1464,Faridabad Sector 15,1,9000,2025-07-12,2027-05-12,OCCUPIED,Teerth Dewan,2026-03-19 18:05:34
TH2060,PROP1377,Lajpat Nagar,2,32800,2026-04-05,2028-02-05,OCCUPIED,Manan Dixit,2024-11-28 21:31:22
TH2061,PROP1401,Gurgaon Sector 45,3,34200,2024-06-04,2025-05-04,OCCUPIED,Rohan Jha,2025-08-06 07:33:56
TH2062,PROP1283,Cyber City Gurgaon,2,35000,2024-07-01,2025-06-01,OCCUPIED,Radhika Padmanabhan,2026-07-10 15:26:29
TH2063,PROP1643,Vasant Kunj,3,43900,2025-04-19,2026-03-19,OCCUPIED,Joshua Menon,2023-09-27 22:45:20
TH2064,PROP1431,Ghaziabad Indirapuram,1,9300,2026-04-02,2027-03-02,OCCUPIED,Aadi Parmer,2023-11-18 18:17:42
TH2065,PROP1822,Janakpuri,3,30100,2024-05-25,2026-03-25,OCCUPIED,Wahab Sankaran,2025-08-29 00:03:11
TH2066,PROP1806,Noida Sector 76,4,33100,2024-09-24,2026-07-24,OCCUPIED,Lavanya Ravi,2024-09-11 15:39:02
TH2067,PROP1581,Central Delhi,3,54200,2025-03-08,2027-01-08,OCCUPIED,Vaishnavi Dewan,2024-02-12 19:22:53
TH2068,PROP1381,Noida Sector 18,1,15500,2024-09-14,2026-07-14,OCCUPIED,Omisha Dube,2024-06-01 15:31:37
TH2069,PROP1171,Gurgaon Sector 56,3,31000,2026-03-02,2027-02-02,VACANT,Krish Apte,2023-10-08 04:15:08
TH2070,PROP1710,Golf Course Extension Road,2,26200,2023-08-07,2024-07-07,NOTICE_PERIOD,Rajeshri Deshpande,2023-10-22 07:56:45
TH2071,PROP1589,Central Delhi,4,71300,2025-06-23,2026-05-23,OCCUPIED,Tamanna Sandal,2025-06-03 11:16:03
TH2072,PROP1725,Saket,3,43700,2024-11-29,2025-10-29,OCCUPIED,Shivani Rajagopalan,2024-08-13 21:08:29
TH2073,PROP1553,Gurgaon Sector 56,3,30500,2024-02-09,2025-01-09,OCCUPIED,Wishi Khalsa,2025-09-08 20:36:35
TH2074,PROP1512,Golf Course Extension Road,4,55600,2024-05-10,2025-04-10,OCCUPIED,Bahadurjit Barad,2025-04-04 02:18:58
TH2075,PROP1757,Faridabad Sector 81,3,17400,2025-08-30,2027-06-30,OCCUPIED,Vasatika Buch,2023-12-24 06:02:31
TH2076,PROP1297,Golf Course Extension Road,4,48400,2025-09-28,2026-08-28,OCCUPIED,Udyati Varughese,2023-10-15 06:53:06
TH2077,PROP1922,Saket,2,29200,2026-03-21,2027-02-21,OCCUPIED,Yatan Sodhi,2025-06-11 14:14:43
TH2078,PROP1412,Janakpuri,4,38200,2025-07-16,2027-05-16,OCCUPIED,Devika Bera,2026-04-06 15:21:45
TH2079,PROP1657,Dwarka Sector 21,2,26700,2025-02-25,2026-12-25,OCCUPIED,Upasna Setty,2025-02-02 07:10:23
TH2080,PROP1086,Ghaziabad Indirapuram,1,10900,2024-12-15,2026-10-15,OCCUPIED,Oviya Pandit,2026-06-08 02:12:11
TH2081,PROP1326,Faridabad Sector 81,1,8600,2025-12-11,2027-10-11,OCCUPIED,Oliver Banik,2025-08-21 03:28:58
TH2082,PROP1734,Greater Noida Pari Chowk,3,15000,2025-05-05,2026-04-05,OCCUPIED,Abha Bhat,2025-06-10 02:24:27
TH2083,PROP1360,Noida Sector 62,4,39200,2025-04-14,2026-03-14,OCCUPIED,Bishakha Bala,2024-05-30 19:59:57
TH2084,PROP1910,Ghaziabad Indirapuram,4,29000,2023-10-19,2025-08-19,OCCUPIED,Arunima Krishnan,2023-12-13 18:56:12
TH2085,PROP1746,Greater Noida Pari Chowk,4,18100,2024-05-23,2025-04-23,OCCUPIED,Akshay Choudhury,2025-05-13 04:23:30
TH2086,PROP1311,Ghaziabad Raj Nagar Extension,3,12500,2026-04-12,2028-02-12,OCCUPIED,Sanya Pingle,2025-12-22 17:32:26
TH2087,PROP1420,Noida Sector 150,4,36500,2024-05-02,2026-03-02,OCCUPIED,Vedhika Golla,2025-12-13 10:50:14
TH2088,PROP1774,Central Delhi,2,38800,2026-02-18,2027-12-18,OCCUPIED,Frado Dhillon,2025-05-04 02:43:03
TH2089,PROP1503,Saket,3,42300,2026-01-05,2027-11-05,OCCUPIED,Nitara Rajagopal,2024-04-07 06:53:53
TH2090,PROP1758,Ghaziabad Vasundhara,2,11500,2024-11-14,2025-10-14,OCCUPIED,Shivansh Pai,2023-09-19 02:08:53
TH2091,PROP1308,Ghaziabad Raj Nagar Extension,1,6700,2024-05-05,2026-03-05,OCCUPIED,Charles Ganesh,2024-12-10 23:51:29
TH2092,PROP1504,Pitampura,1,13600,2024-12-23,2026-10-23,OCCUPIED,Vivaan Raghavan,2025-08-08 11:58:49
TH2093,PROP1994,Lajpat Nagar,3,42800,2024-09-20,2026-07-20,VACANT,Maanav Wali,2026-03-01 03:27:54
TH2094,PROP1644,Ghaziabad Raj Nagar Extension,1,6300,2023-08-02,2024-07-02,VACANT,Lavanya Mutti,2026-06-09 09:16:17
TH2095,PROP1167,Hauz Khas,2,36400,2025-08-06,2026-07-06,OCCUPIED,Gunbir Wali,2025-06-19 00:02:56
TH2096,PROP1055,Noida Sector 150,3,30200,2026-06-02,2028-04-02,OCCUPIED,Anjali Nayak,2024-05-12 18:22:09
TH2097,PROP1299,Faridabad Neharpar,1,6200,2025-12-15,2026-11-15,VACANT,Mahika Shenoy,2025-11-14 17:17:47
TH2098,PROP1614,Gurgaon Sector 56,3,36600,2025-10-18,2027-08-18,OCCUPIED,Zinal Nazareth,2025-08-02 03:40:19
TH2099,PROP1715,West Delhi,1,11100,2026-07-12,2028-05-12,VACANT,Advaith Anand,2026-01-17 20:41:57
TH2100,PROP1014,Central Delhi,3,57000,2023-08-03,2025-06-03,OCCUPIED,Hemang Sehgal,2024-08-09 17:27:12
TH2101,PROP1944,Gurgaon Sector 56,1,14500,2025-09-22,2026-08-22,VACANT,Reyansh Bandi,2023-08-16 12:47:08
TH2102,PROP1815,Faridabad Neharpar,1,6100,2023-10-29,2024-09-29,OCCUPIED,Jairaj Dar,2023-10-24 05:15:16
TH2103,PROP1135,Vasant Kunj,4,55500,2025-05-13,2027-03-13,OCCUPIED,Qasim Choudhry,2025-08-21 19:19:34
TH2104,PROP1453,Faridabad Neharpar,3,12300,2024-04-23,2026-02-23,OCCUPIED,Faqid Setty,2026-04-27 13:54:24
TH2105,PROP1835,Cyber City Gurgaon,2,31900,2024-05-18,2025-04-18,OCCUPIED,Ekiya Kurian,2024-01-15 00:47:37
TH2106,PROP1315,Central Delhi,2,38300,2023-10-10,2024-09-10,OCCUPIED,Lavanya Rama,2024-07-20 01:26:33
TH2107,PROP1782,Cyber City Gurgaon,1,20100,2023-09-24,2025-07-24,VACANT,Pranav Sastry,2023-10-05 14:31:08
TH2108,PROP1044,Dwarka Sector 21,1,14400,2026-06-27,2027-05-27,OCCUPIED,Maya Gokhale,2025-06-27 19:58:46
TH2109,PROP1931,Preet Vihar,1,12200,2023-11-16,2024-10-16,VACANT,Tejas Cherian,2026-04-16 12:40:04
TH2110,PROP1802,Cyber City Gurgaon,2,35700,2025-09-11,2026-08-11,OCCUPIED,Bakhshi Bora,2023-10-06 17:10:49
TH2111,PROP1360,Vasant Kunj,1,19000,2025-09-24,2027-07-24,NOTICE_PERIOD,Anirudh Tank,2023-12-31 15:59:25
TH2112,PROP1357,East Delhi,2,16300,2025-06-21,2026-05-21,OCCUPIED,Madhavi Lata,2024-01-03 16:23:31
TH2113,PROP1070,DLF Phase 5,1,26200,2024-07-16,2025-06-16,NOTICE_PERIOD,Aarush Varma,2025-09-03 21:37:54
TH2114,PROP1176,South Delhi,1,25100,2025-11-11,2027-09-11,OCCUPIED,Rajata Raval,2026-01-31 09:43:28
TH2115,PROP1604,Gurgaon Sector 45,4,41200,2025-11-22,2026-10-22,OCCUPIED,Upkaar Aggarwal,2024-09-14 18:49:48
TH2116,PROP1364,Sohna Road Gurgaon,4,30200,2025-08-13,2026-07-13,OCCUPIED,Jairaj Wason,2026-05-11 02:35:38
TH2117,PROP1780,Noida Sector 76,1,11600,2024-08-17,2025-07-17,OCCUPIED,Nandini Bhakta,2025-06-13 08:34:31
TH2118,PROP1370,Noida Sector 18,1,15200,2026-06-04,2028-04-04,OCCUPIED,Jasmit Warrior,2026-02-10 14:06:12
TH2119,PROP1291,Ghaziabad Vasundhara,3,19000,2024-07-27,2026-05-27,OCCUPIED,Bimala Jain,2024-01-31 02:06:31
TH2120,PROP1418,Noida Sector 18,4,43300,2023-09-02,2024-08-02,VACANT,Rayaan Mistry,2025-08-22 01:20:20
TH2121,PROP1822,Ghaziabad Raj Nagar Extension,3,12900,2026-03-28,2028-01-28,OCCUPIED,Vidhi Chad,2026-03-17 12:15:08
TH2122,PROP1406,Ghaziabad Indirapuram,1,8900,2024-11-11,2026-09-11,OCCUPIED,Logan Banik,2024-02-18 03:20:27
TH2123,PROP1605,DLF Phase 5,2,35800,2025-09-16,2026-08-16,OCCUPIED,Vrinda Ramachandran,2023-09-28 14:03:45
TH2124,PROP1610,Noida Extension,1,8500,2025-03-03,2027-01-03,OCCUPIED,Xalak Walla,2026-06-12 21:11:21
TH2125,PROP1286,Noida Sector 150,4,38200,2025-12-25,2027-10-25,NOTICE_PERIOD,Balhaar Nori,2023-09-20 23:36:26
TH2126,PROP1524,Noida Sector 150,2,23400,2025-11-29,2026-10-29,OCCUPIED,Nidra Dani,2024-03-09 12:05:16
TH2127,PROP1502,Faridabad Sector 15,2,14400,2025-07-05,2026-06-05,OCCUPIED,Manthan Kaul,2026-04-29 21:40:05
TH2128,PROP1756,Hauz Khas,1,24700,2023-08-30,2024-07-30,NOTICE_PERIOD,Vrinda Bahl,2024-12-18 21:19:20
TH2129,PROP1392,Noida Sector 76,2,17100,2026-04-21,2027-03-21,VACANT,Xavier De,2023-08-06 07:17:36
TH2130,PROP1677,Faridabad Neharpar,4,18300,2025-06-12,2026-05-12,OCCUPIED,Gunbir Shan,2025-05-21 07:06:22
TH2131,PROP1510,Faridabad Sector 15,3,19800,2026-01-20,2026-12-20,NOTICE_PERIOD,Hitesh Comar,2025-01-16 07:02:58
TH2132,PROP1033,Greater Noida Pari Chowk,1,7000,2025-12-12,2027-10-12,VACANT,Dev Jain,2024-10-30 13:43:47
TH2133,PROP1454,Ghaziabad Vasundhara,1,7500,2025-12-25,2027-10-25,VACANT,Ekta Dara,2026-06-24 19:48:51
TH2134,PROP1169,Faridabad Sector 15,4,23000,2025-04-11,2027-02-11,OCCUPIED,Ekanta Kala,2025-11-04 22:38:32
TH2135,PROP1113,Faridabad Sector 15,4,25100,2025-04-30,2026-03-30,OCCUPIED,Dev Dara,2024-05-16 16:10:41
TH2136,PROP1401,Preet Vihar,4,38600,2025-10-27,2027-08-27,OCCUPIED,Kala Gala,2024-11-13 05:07:28
TH2137,PROP1362,Noida Sector 18,3,32600,2026-04-29,2027-03-29,OCCUPIED,Kiaan Chaudhry,2025-12-04 08:03:05
TH2138,PROP1376,East Delhi,1,10400,2025-06-12,2027-04-12,OCCUPIED,Nakul Babu,2026-03-11 09:19:25
TH2139,PROP1439,East Delhi,3,20600,2023-10-17,2024-09-17,OCCUPIED,Praneel Chakraborty,2025-09-02 22:54:00
TH2140,PROP1254,Pitampura,3,32900,2025-05-01,2026-04-01,VACANT,Omaja Soni,2025-08-18 04:40:07
TH2141,PROP1118,North Delhi,2,14200,2024-03-02,2026-01-02,OCCUPIED,Shravya Sabharwal,2024-04-08 17:15:03
TH2142,PROP1674,Greater Noida Pari Chowk,4,18700,2024-01-28,2025-11-28,OCCUPIED,Pranit Tata,2025-05-22 04:46:23
TH2143,PROP1325,Sohna Road Gurgaon,4,31000,2023-10-25,2024-09-25,VACANT,Ijaya Sahota,2023-07-26 13:42:26
TH2144,PROP1103,Rohini Sector 10,3,28000,2024-04-04,2026-02-04,OCCUPIED,Girish Pathak,2026-02-20 21:00:28
TH2145,PROP1307,West Delhi,4,28400,2026-07-05,2027-06-05,VACANT,Ucchal Joshi,2024-05-19 10:47:42
TH2146,PROP1549,Rohini Sector 10,3,26400,2024-02-18,2025-12-18,NOTICE_PERIOD,Urvi Tank,2024-01-30 18:21:52
TH2147,PROP1412,Janakpuri,1,15000,2025-07-23,2026-06-23,OCCUPIED,Chatura Patla,2024-05-28 21:56:57
TH2148,PROP1280,Lajpat Nagar,4,53100,2024-11-07,2026-09-07,VACANT,Sudiksha Bassi,2023-11-12 23:31:07
TH2149,PROP1668,Noida Sector 62,3,27500,2023-09-16,2025-07-16,OCCUPIED,Nakul Balakrishnan,2025-01-03 01:19:23
TH2150,PROP1412,Preet Vihar,4,39400,2023-11-25,2024-10-25,VACANT,Sai Nanda,2024-10-22 17:49:51
TH2151,PROP1643,Faridabad Neharpar,2,9700,2025-10-16,2026-09-16,OCCUPIED,Victor Choudhary,2024-07-12 21:55:05
TH2152,PROP1844,Ghaziabad Vasundhara,3,20100,2023-11-05,2025-09-05,NOTICE_PERIOD,Ryan Prashad,2026-03-24 06:00:24
TH2153,PROP1745,Hauz Khas,2,36800,2023-10-09,2024-09-09,OCCUPIED,Chatura Sarin,2023-12-27 09:05:20
TH2154,PROP1765,Noida Sector 62,4,35200,2026-05-02,2027-04-02,OCCUPIED,Pranav Ram,2024-09-02 19:10:10
TH2155,PROP1867,Greater Noida,3,18100,2024-12-03,2025-11-03,OCCUPIED,Jagrati Madan,2024-02-28 03:07:27
TH2156,PROP1616,Pitampura,4,38800,2023-12-07,2024-11-07,OCCUPIED,Avni Deshpande,2023-11-20 07:23:57
TH2157,PROP1252,Noida Sector 62,4,35900,2024-12-11,2026-10-11,OCCUPIED,Onveer Oza,2024-03-18 11:04:42
TH2158,PROP1928,Saket,2,25700,2024-06-08,2025-05-08,OCCUPIED,Onkar Karpe,2023-10-24 07:34:03
TH2159,PROP1809,Noida Sector 150,2,22800,2026-02-13,2027-01-13,NOTICE_PERIOD,Tarak Solanki,2026-01-23 16:03:45
TH2160,PROP1498,Vasant Kunj,1,22600,2024-05-21,2025-04-21,OCCUPIED,Yatin Kota,2024-07-14 04:31:15
TH2161,PROP1306,Lajpat Nagar,4,59100,2025-04-15,2026-03-15,OCCUPIED,Abdul Sahni,2026-06-29 13:42:07
TH2162,PROP1860,Central Delhi,2,38100,2023-09-02,2024-08-02,OCCUPIED,Yamini Bandi,2024-10-30 00:13:04
TH2163,PROP1849,Faridabad Neharpar,3,13300,2024-09-24,2025-08-24,OCCUPIED,Sneha Tandon,2024-04-10 02:19:33
TH2164,PROP1126,Noida Sector 76,3,27200,2025-03-23,2027-01-23,VACANT,Niharika Kamdar,2023-12-13 23:29:32
TH2165,PROP1762,Pitampura,4,38600,2024-06-08,2025-05-08,OCCUPIED,Amol Srinivasan,2025-07-23 15:20:40
TH2166,PROP1994,Noida Sector 150,4,38700,2024-01-14,2024-12-14,OCCUPIED,Arjun Sha,2024-12-10 17:10:16
TH2167,PROP1384,Cyber City Gurgaon,3,49500,2023-12-19,2025-10-19,OCCUPIED,Qasim Prabhakar,2025-06-07 08:57:03
TH2168,PROP1987,Noida Sector 150,2,21300,2025-08-29,2027-06-29,VACANT,Ekavir Rajan,2026-03-26 12:25:24
TH2169,PROP1022,Saket,1,19000,2024-07-19,2025-06-19,OCCUPIED,Chaman Sandhu,2025-10-23 12:26:04
TH2170,PROP1394,Noida Sector 62,3,30700,2025-08-23,2026-07-23,OCCUPIED,Faris Nayak,2025-10-04 18:02:06
TH2171,PROP1243,Ghaziabad Indirapuram,4,23800,2023-09-19,2025-07-19,VACANT,Charan Choudhry,2024-09-13 04:12:09
TH2172,PROP1940,Preet Vihar,3,26500,2024-12-11,2025-11-11,OCCUPIED,Jasmit Peri,2024-01-29 14:35:01
TH2173,PROP1881,Gurgaon Sector 56,4,44600,2025-03-23,2027-01-23,VACANT,Samarth Devi,2026-06-30 17:46:35
TH2174,PROP1281,Gurgaon Golf Course Road,4,80400,2024-04-07,2026-02-07,VACANT,Vanya Kadakia,2025-10-23 19:56:31
TH2175,PROP1341,Greater Noida Pari Chowk,1,7700,2025-10-31,2027-08-31,OCCUPIED,Ira Loke,2025-01-23 07:56:35
TH2176,PROP1361,Greater Noida,3,16600,2024-10-26,2025-09-26,VACANT,Dev Pradhan,2024-08-02 20:02:52
TH2177,PROP1657,Gurgaon Sector 45,4,42400,2025-01-03,2025-12-03,OCCUPIED,Upma Wali,2025-08-02 19:11:27
TH2178,PROP1205,Noida Sector 62,3,28500,2025-02-23,2026-01-23,OCCUPIED,Siya Pillai,2025-12-14 00:49:25
TH2179,PROP1529,Central Delhi,4,80900,2026-05-21,2028-03-21,OCCUPIED,Raghav Shankar,2023-10-25 05:30:37
TH2180,PROP1895,Central Delhi,3,54200,2024-09-20,2026-07-20,VACANT,Bhavya Bose,2023-11-18 09:31:39
TH2181,PROP1204,Gurgaon Golf Course Road,4,78400,2024-05-18,2026-03-18,VACANT,Watika Dora,2026-03-06 07:28:02
TH2182,PROP1968,Janakpuri,1,15800,2025-02-10,2026-01-10,VACANT,Chaaya Saha,2026-06-17 22:42:09
TH2183,PROP1998,Ghaziabad Vasundhara,2,12300,2025-03-04,2026-02-04,OCCUPIED,Urvi Palan,2024-10-23 21:48:11
TH2184,PROP1633,Greater Noida Pari Chowk,3,14100,2025-10-05,2027-08-05,OCCUPIED,Bishakha Gulati,2023-09-28 12:55:43
TH2185,PROP1581,Cyber City Gurgaon,1,23900,2026-03-01,2028-01-01,VACANT,Zinal Nayak,2024-10-14 15:54:01
TH2186,PROP1951,Ghaziabad Vasundhara,4,21300,2024-07-30,2025-06-30,OCCUPIED,Vedika Wagle,2026-01-29 01:24:53
TH2187,PROP1883,Noida Sector 150,3,32600,2024-11-19,2026-09-19,OCCUPIED,Kevin Mohan,2024-01-25 17:44:49
TH2188,PROP1877,Rohini Sector 10,2,22400,2024-04-30,2026-02-28,OCCUPIED,Kamya Mani,2025-11-10 23:51:07
TH2189,PROP1194,Greater Noida,2,11700,2023-09-10,2024-08-10,OCCUPIED,Bhavani Shah,2026-06-03 07:21:04
TH2190,PROP2000,Preet Vihar,2,21600,2025-05-28,2026-04-28,OCCUPIED,Bhavika Gopal,2026-06-21 22:12:02
TH2191,PROP1701,Ghaziabad Vasundhara,1,7500,2026-01-25,2026-12-25,VACANT,Neel Khanna,2023-11-26 16:08:08
TH2192,PROP1998,Noida Extension,2,14700,2026-07-13,2028-05-13,OCCUPIED,Ridhi Lad,2024-08-29 14:53:58
TH2193,PROP1263,Lajpat Nagar,1,19800,2024-03-01,2025-02-01,OCCUPIED,Edhitha Padmanabhan,2023-12-30 16:03:29
TH2194,PROP1241,Ghaziabad Raj Nagar Extension,3,15700,2024-11-23,2025-10-23,OCCUPIED,Charvi Dara,2026-04-25 02:26:15
TH2195,PROP1517,Sohna Road Gurgaon,3,28100,2024-10-05,2026-08-05,OCCUPIED,Maanav Shanker,2026-05-03 04:26:27
TH2196,PROP1914,Saket,2,26400,2024-01-07,2025-11-07,NOTICE_PERIOD,Chakrika Som,2026-03-29 07:17:51
TH2197,PROP1899,Ghaziabad Vasundhara,2,11700,2026-06-16,2028-04-16,OCCUPIED,Riya Nigam,2025-08-14 16:13:08
TH2198,PROP1120,Noida Sector 76,1,13000,2025-09-29,2027-07-29,VACANT,Liam Dada,2024-06-23 03:15:06
TH2199,PROP1855,Noida Sector 150,3,34000,2024-10-02,2026-08-02,VACANT,Sanaya Parikh,2023-10-30 21:31:47
TH2200,PROP1270,Preet Vihar,3,28900,2023-09-19,2024-08-19,OCCUPIED,Tristan Mall,2024-02-21 00:19:03
TH2201,PROP1504,Golf Course Extension Road,4,45000,2023-10-20,2024-09-20,OCCUPIED,Gagan Vala,2024-09-25 17:47:45
TH2202,PROP1188,Saket,4,47500,2025-01-08,2026-11-08,OCCUPIED,Jalsa Rao,2023-12-30 16:06:12
TH2203,PROP1917,Faridabad Sector 15,1,9000,2026-02-09,2027-12-09,OCCUPIED,Libni Pradhan,2023-08-03 22:06:44
TH2204,PROP1116,Golf Course Extension Road,1,17500,2024-08-01,2025-07-01,VACANT,Sanaya Chahal,2024-03-13 21:43:25
TH2205,PROP1185,Gurgaon Sector 56,3,34100,2026-03-19,2027-02-19,OCCUPIED,Saanvi Mani,2024-01-17 00:46:05
TH2206,PROP1995,South Delhi,2,34300,2025-09-25,2026-08-25,OCCUPIED,Oeshi Dewan,2026-01-22 01:12:30
TH2207,PROP1511,DLF Phase 5,3,49600,2025-05-05,2026-04-05,OCCUPIED,Sarthak Mitter,2024-12-22 14:33:43
TH2208,PROP1605,DLF Phase 5,3,51300,2026-02-24,2027-01-24,OCCUPIED,Dominic Prashad,2023-10-26 11:28:36
TH2209,PROP1725,Ghaziabad Raj Nagar Extension,4,18600,2024-10-11,2026-08-11,OCCUPIED,Oeshi Gill,2025-03-21 13:55:12
TH2210,PROP1006,North Delhi,1,10800,2025-09-05,2027-07-05,OCCUPIED,Ryan Grewal,2026-01-18 12:19:33
TH2211,PROP1750,Central Delhi,2,45700,2024-06-01,2026-04-01,OCCUPIED,Brijesh Mittal,2026-01-21 00:50:54
TH2212,PROP1057,Lajpat Nagar,4,48700,2024-06-17,2026-04-17,OCCUPIED,Udarsh Bala,2025-12-04 12:26:59
TH2213,PROP1989,Noida Extension,1,8100,2024-01-05,2024-12-05,OCCUPIED,Urmi Dash,2025-07-06 23:01:50
TH2214,PROP1799,Noida Extension,3,20300,2026-03-24,2027-02-24,OCCUPIED,Praneel Swamy,2026-04-10 03:43:20
TH2215,PROP1503,Greater Noida Pari Chowk,3,16900,2025-06-26,2026-05-26,OCCUPIED,Jagdish Malhotra,2025-01-11 19:24:27
TH2216,PROP1099,West Delhi,2,17000,2026-06-17,2028-04-17,OCCUPIED,Vasana Sarin,2026-02-27 00:39:48
TH2217,PROP1577,Greater Noida Pari Chowk,1,7600,2025-06-07,2027-04-07,OCCUPIED,Jagdish Prakash,2025-02-02 03:33:50
TH2218,PROP1445,Greater Noida Pari Chowk,1,6400,2025-04-10,2027-02-10,NOTICE_PERIOD,Nicholas Bhardwaj,2023-12-28 16:32:11
TH2219,PROP1693,Janakpuri,2,24300,2024-12-06,2025-11-06,OCCUPIED,Ishanvi Gade,2023-09-17 12:20:49
TH2220,PROP1448,Gurgaon Golf Course Road,4,77100,2024-08-19,2025-07-19,OCCUPIED,Chanakya Mann,2024-06-05 03:30:00
TH2221,PROP1308,Pitampura,4,39400,2025-06-19,2026-05-19,OCCUPIED,Yoshita Hari,2025-11-07 08:52:44
TH2222,PROP1940,Saket,1,18200,2024-02-06,2025-12-06,OCCUPIED,Oliver Naidu,2026-03-03 12:24:33
TH2223,PROP1677,Preet Vihar,3,27700,2026-01-11,2026-12-11,VACANT,Anika Patil,2023-11-03 13:41:08
TH2224,PROP1017,Cyber City Gurgaon,4,58200,2025-04-16,2026-03-16,VACANT,Agastya Devan,2025-02-08 08:00:32
TH2225,PROP1047,Gurgaon Golf Course Road,4,88300,2024-09-01,2026-07-01,OCCUPIED,Nisha Oak,2026-04-25 14:53:12
TH2226,PROP1742,Ghaziabad Vasundhara,4,24100,2024-01-15,2025-11-15,OCCUPIED,Mohammed Thakur,2024-03-19 20:12:41
TH2227,PROP1941,Gurgaon Sector 45,2,20300,2024-02-12,2025-12-12,VACANT,Omisha Sharma,2026-04-20 06:39:20
TH2228,PROP1109,Greater Noida Pari Chowk,1,6300,2023-11-25,2024-10-25,OCCUPIED,Anay Srinivasan,2024-08-06 02:30:04
TH2229,PROP1672,Ghaziabad Raj Nagar Extension,4,18800,2025-08-15,2027-06-15,OCCUPIED,Riya Virk,2025-11-04 05:51:21
TH2230,PROP1833,West Delhi,4,32800,2024-07-29,2025-06-29,OCCUPIED,Ayush Dani,2024-03-21 04:56:03
TH2231,PROP1015,Dwarka Sector 21,1,17500,2026-02-13,2027-01-13,VACANT,Utkarsh Mohanty,2023-12-05 21:44:19
TH2232,PROP1215,Ghaziabad Raj Nagar Extension,2,10400,2023-12-10,2025-10-10,VACANT,Pavani Choudhury,2023-10-14 17:45:16
TH2233,PROP1879,Dwarka Sector 21,1,15500,2025-11-15,2027-09-15,OCCUPIED,Brijesh Hegde,2023-11-16 16:49:53
TH2234,PROP1433,Vasant Kunj,1,19100,2025-12-05,2026-11-05,OCCUPIED,Upasna Dani,2026-04-12 01:22:37
TH2235,PROP1456,Faridabad Sector 15,4,22300,2023-09-06,2025-07-06,OCCUPIED,Advaith Char,2025-11-24 19:45:07
TH2236,PROP1207,Noida Sector 18,4,41800,2026-04-23,2027-03-23,OCCUPIED,Ryan Goyal,2025-07-25 08:30:02
TH2237,PROP1868,Greater Noida Pari Chowk,4,21500,2023-08-22,2025-06-22,OCCUPIED,Arunima Pall,2024-08-10 11:30:57
TH2238,PROP1410,Faridabad Sector 15,4,23600,2026-02-11,2027-01-11,OCCUPIED,Yashasvi Bir,2023-11-07 03:44:15
TH2239,PROP1433,Noida Sector 76,1,11000,2025-04-14,2027-02-14,VACANT,Teerth Handa,2026-06-12 03:02:34
TH2240,PROP1120,Faridabad Sector 15,3,19400,2024-01-25,2025-11-25,OCCUPIED,Hardik Kala,2026-04-25 03:34:25
TH2241,PROP1295,Dwarka Sector 21,4,43300,2026-02-07,2027-01-07,OCCUPIED,Jeevika Goyal,2024-11-14 07:32:35
TH2242,PROP1602,North Delhi,4,26300,2026-06-03,2028-04-03,OCCUPIED,Isha Raghavan,2024-10-28 05:59:23
TH2243,PROP1400,Greater Noida,3,18000,2025-02-03,2026-01-03,OCCUPIED,Isaiah Murthy,2023-12-04 00:16:35
TH2244,PROP1290,Gurgaon Golf Course Road,4,73800,2023-11-18,2024-10-18,OCCUPIED,Warhi Patel,2025-08-31 18:02:02
TH2245,PROP1504,DLF Phase 5,4,79700,2025-03-22,2027-01-22,OCCUPIED,Fitan Narang,2025-01-12 12:49:53
TH2246,PROP1215,Hauz Khas,1,23900,2024-09-14,2026-07-14,OCCUPIED,Devika Sawhney,2024-03-25 01:23:04
TH2247,PROP1163,Gurgaon Sector 45,1,15400,2024-10-08,2026-08-08,OCCUPIED,Ranbir Boase,2026-03-27 23:08:28
TH2248,PROP1633,Janakpuri,1,14500,2025-12-15,2027-10-15,OCCUPIED,Praneel Arya,2026-07-19 21:14:04
TH2249,PROP1349,East Delhi,1,10400,2025-01-09,2026-11-09,VACANT,Meghana Sarma,2025-02-13 06:07:35
TH2250,PROP1874,Faridabad Sector 81,1,8200,2025-07-30,2027-05-30,VACANT,Luke Rana,2024-10-02 12:51:24
TH2251,PROP1986,Cyber City Gurgaon,1,24300,2025-04-27,2026-03-27,VACANT,Om Bhattacharyya,2024-08-23 02:06:40
TH2252,PROP1043,Faridabad Sector 81,1,7200,2024-02-23,2025-01-23,VACANT,Netra Das,2024-04-01 17:21:57
TH2253,PROP1933,West Delhi,2,17900,2024-10-28,2026-08-28,VACANT,Arya Mahajan,2025-10-27 06:14:16
TH2254,PROP1511,DLF Phase 5,2,41400,2025-12-14,2027-10-14,VACANT,Ishani Soni,2025-07-21 01:19:11
TH2255,PROP1126,Dwarka Sector 21,4,50100,2026-05-26,2027-04-26,OCCUPIED,Yasti Mallick,2023-12-30 01:03:56
TH2256,PROP1829,Ghaziabad Raj Nagar Extension,3,13300,2024-11-29,2025-10-29,OCCUPIED,Zashil Suri,2025-01-16 10:28:32
TH2257,PROP1382,Greater Noida,3,17300,2025-06-08,2026-05-08,OCCUPIED,Ayushman Chaudhary,2025-10-06 23:37:03
TH2258,PROP1772,Faridabad Neharpar,4,18300,2026-01-15,2026-12-15,VACANT,Avi Gola,2024-09-12 19:44:04
TH2259,PROP1424,Greater Noida,4,23900,2025-08-02,2027-06-02,NOTICE_PERIOD,Chavvi Char,2025-10-31 11:58:08
TH2260,PROP1454,Golf Course Extension Road,1,19200,2025-07-13,2026-06-13,OCCUPIED,Unnati Jaggi,2024-06-07 05:26:03
TH2261,PROP1323,Noida Extension,2,13800,2025-01-16,2026-11-16,VACANT,Hemal Zachariah,2025-03-11 12:08:52
TH2262,PROP1677,Golf Course Extension Road,1,20300,2026-05-29,2028-03-29,OCCUPIED,Qushi Dani,2024-09-13 21:57:00
TH2263,PROP1908,Noida Sector 62,3,30800,2024-06-29,2025-05-29,VACANT,Saanvi Sharaf,2023-08-29 23:44:00
TH2264,PROP1922,Faridabad Neharpar,2,10000,2024-01-30,2025-11-30,OCCUPIED,Nitesh Swamy,2024-11-04 11:16:11
TH2265,PROP1909,Ghaziabad Indirapuram,3,23000,2024-06-27,2026-04-27,VACANT,Vinaya Choudhary,2025-04-04 20:52:22
TH2266,PROP1903,Noida Sector 62,1,11600,2025-01-08,2026-11-08,OCCUPIED,Vamakshi Dugar,2025-01-26 17:57:58
TH2267,PROP1737,Central Delhi,3,54800,2024-09-21,2026-07-21,OCCUPIED,Krishna Pandit,2025-11-07 09:37:26
TH2268,PROP1776,Gurgaon Sector 56,1,13800,2024-05-27,2026-03-27,OCCUPIED,Ayaan Bath,2023-12-09 00:47:17
TH2269,PROP1793,Noida Sector 62,4,40200,2024-08-25,2025-07-25,OCCUPIED,Harita Rai,2023-11-05 05:34:09
TH2270,PROP1862,West Delhi,3,24500,2024-08-01,2026-06-01,OCCUPIED,Nisha Panchal,2023-09-21 09:59:21
TH2271,PROP1775,Cyber City Gurgaon,4,59900,2024-04-13,2025-03-13,OCCUPIED,Devika Chad,2026-04-14 02:16:57
TH2272,PROP1242,Janakpuri,3,29300,2023-09-30,2024-08-30,OCCUPIED,Ishwar Nazareth,2024-01-23 14:15:36
TH2273,PROP1533,Pitampura,1,14300,2025-03-01,2026-02-01,VACANT,Triveni Sami,2025-04-03 23:40:55
TH2274,PROP1370,Ghaziabad Vasundhara,1,7700,2026-04-03,2028-02-03,VACANT,Anmol Singh,2025-04-25 20:02:43
TH2275,PROP1084,Gurgaon Golf Course Road,1,28700,2026-07-04,2027-06-04,OCCUPIED,Madhavi Naidu,2025-04-08 21:44:12
TH2276,PROP1457,Lajpat Nagar,3,43800,2025-12-22,2027-10-22,OCCUPIED,Samesh Nayar,2025-01-15 20:12:44
TH2277,PROP1532,Noida Extension,3,20000,2025-12-25,2027-10-25,NOTICE_PERIOD,Ojas Mistry,2024-08-22 16:13:54
TH2278,PROP1706,Faridabad Sector 15,4,27200,2024-11-09,2025-10-09,OCCUPIED,Faqid Wason,2024-03-12 03:15:08
TH2279,PROP1497,Ghaziabad Vasundhara,2,14500,2024-05-06,2025-04-06,OCCUPIED,Neelima Kara,2025-06-04 22:04:48
TH2280,PROP1467,Ghaziabad Raj Nagar Extension,1,6900,2026-06-03,2028-04-03,VACANT,Gayathri Mahajan,2023-10-03 06:32:23
TH2281,PROP1122,Greater Noida,1,7100,2025-12-14,2027-10-14,OCCUPIED,Prisha Kadakia,2024-08-05 03:00:24
TH2282,PROP1157,Cyber City Gurgaon,3,46700,2023-10-12,2025-08-12,OCCUPIED,Yamini Mital,2024-11-06 21:53:45
TH2283,PROP1498,Vasant Kunj,2,29300,2025-03-03,2027-01-03,OCCUPIED,Oeshi Ratti,2024-04-21 21:06:30
TH2284,PROP1916,Noida Sector 62,3,26100,2025-02-04,2026-12-04,OCCUPIED,Anirudh Varty,2026-02-20 20:26:56
TH2285,PROP1561,East Delhi,1,10600,2025-04-12,2027-02-12,OCCUPIED,Unni Loyal,2026-05-13 10:21:49
TH2286,PROP1318,Ghaziabad Indirapuram,3,22400,2025-02-23,2026-12-23,VACANT,Darpan Vig,2024-02-26 10:01:30
TH2287,PROP1854,Central Delhi,2,42000,2024-12-08,2026-10-08,VACANT,Matthew Mital,2026-01-31 11:38:24
TH2288,PROP1684,Ghaziabad Indirapuram,2,16300,2024-10-12,2026-08-12,OCCUPIED,Samar Sachar,2024-05-09 01:11:09
TH2289,PROP1640,Greater Noida,4,20200,2024-05-30,2026-03-30,OCCUPIED,Aahana Keer,2024-10-08 06:41:52
TH2290,PROP1047,Ghaziabad Indirapuram,3,21700,2023-11-22,2024-10-22,OCCUPIED,Ayaan Korpal,2025-12-10 21:38:13
TH2291,PROP1586,Noida Sector 62,1,13400,2024-06-25,2025-05-25,OCCUPIED,Rajata Sami,2025-06-29 09:49:05
TH2292,PROP1634,Hauz Khas,2,40300,2023-08-30,2024-07-30,OCCUPIED,Anjali Deshpande,2023-08-22 11:52:46
TH2293,PROP1959,Gurgaon Sector 45,1,13500,2025-12-01,2026-11-01,OCCUPIED,Patrick Basak,2026-06-11 14:30:05
TH2294,PROP1723,Ghaziabad Indirapuram,1,10500,2025-01-02,2026-11-02,OCCUPIED,Christopher Chacko,2024-06-29 12:22:10
TH2295,PROP1047,Faridabad Sector 15,1,8800,2024-06-11,2025-05-11,OCCUPIED,Niharika Patla,2025-07-26 12:40:34
TH2296,PROP1881,Faridabad Neharpar,3,12900,2026-03-16,2027-02-16,OCCUPIED,Logan Keer,2023-11-21 05:02:40
TH2297,PROP1102,Gurgaon Sector 56,3,30700,2025-10-02,2027-08-02,VACANT,Zayan Taneja,2026-03-16 19:10:39
TH2298,PROP1158,Noida Sector 62,4,37500,2024-04-06,2025-03-06,OCCUPIED,Dhriti Narayan,2026-01-18 13:39:08
TH2299,PROP1334,Gurgaon Sector 45,1,15000,2025-10-05,2027-08-05,OCCUPIED,Pallavi Kamdar,2023-12-26 15:38:39
TH2300,PROP1328,Golf Course Extension Road,4,55200,2024-01-28,2025-11-28,OCCUPIED,Ria Rege,2024-04-25 05:04:54
TH2301,PROP1848,Cyber City Gurgaon,1,21100,2025-04-26,2026-03-26,OCCUPIED,Kavya Chowdhury,2024-07-02 08:21:09
TH2302,PROP1771,Faridabad Sector 81,4,23900,2024-10-27,2026-08-27,OCCUPIED,Arunima Dhillon,2024-08-22 07:23:17
TH2303,PROP1476,Greater Noida,1,7800,2025-09-11,2027-07-11,OCCUPIED,Ansh Banerjee,2026-01-28 13:58:40
TH2304,PROP1936,Vasant Kunj,3,45400,2025-07-15,2026-06-15,OCCUPIED,Wriddhish Kulkarni,2025-03-18 04:46:05
TH2305,PROP1569,Central Delhi,3,59800,2024-06-23,2026-04-23,OCCUPIED,Jairaj Warrior,2026-02-25 12:01:54
TH2306,PROP1652,Faridabad Sector 81,2,12800,2026-02-14,2027-01-14,OCCUPIED,Abhiram Ramaswamy,2026-05-02 20:26:58
TH2307,PROP1173,Pitampura,4,46000,2026-04-21,2028-02-21,OCCUPIED,Gautam Keer,2024-06-11 10:56:28
TH2308,PROP1833,Ghaziabad Vasundhara,3,18900,2026-02-16,2027-01-16,OCCUPIED,Reva Nadig,2026-03-11 05:07:27
TH2309,PROP1956,Ghaziabad Raj Nagar Extension,3,14300,2025-11-06,2027-09-06,NOTICE_PERIOD,Bahadurjit Mahal,2026-02-24 22:39:49
TH2310,PROP1863,Rohini Sector 10,3,24900,2026-01-07,2026-12-07,OCCUPIED,Urishilla Sachar,2026-05-01 17:53:04
TH2311,PROP1405,Cyber City Gurgaon,2,36900,2024-07-19,2026-05-19,VACANT,Harish Dyal,2025-08-24 21:42:33
TH2312,PROP1216,Faridabad Sector 81,3,18300,2025-01-25,2026-11-25,OCCUPIED,Osha Narain,2024-11-29 05:04:44
TH2313,PROP1771,Ghaziabad Indirapuram,3,19700,2023-08-19,2025-06-19,OCCUPIED,Qarin Sawhney,2025-12-04 07:11:03
TH2314,PROP1471,North Delhi,1,11400,2023-12-17,2024-11-17,OCCUPIED,Ryan Mody,2024-06-29 07:33:28
TH2315,PROP1003,Ghaziabad Raj Nagar Extension,1,7100,2023-10-19,2024-09-19,OCCUPIED,Zaid Varty,2025-09-10 10:19:06
TH2316,PROP1917,Faridabad Sector 15,4,25400,2025-11-07,2026-10-07,OCCUPIED,Nirja Nagarajan,2024-11-27 06:29:02
TH2317,PROP1914,Ghaziabad Indirapuram,1,9400,2026-03-03,2028-01-03,VACANT,Abha Ghose,2025-08-12 20:02:11
TH2318,PROP1367,Sohna Road Gurgaon,2,19500,2026-01-11,2026-12-11,OCCUPIED,Rushil Chad,2024-10-17 17:39:22
TH2319,PROP1380,Dwarka Sector 21,4,39700,2024-02-05,2025-01-05,VACANT,Udarsh Bail,2026-05-25 10:13:16
TH2320,PROP1697,East Delhi,2,13500,2026-04-26,2028-02-26,VACANT,Gaurav Shere,2024-02-23 19:23:22
TH2321,PROP1227,Janakpuri,4,44000,2025-08-26,2026-07-26,OCCUPIED,Chandran Rattan,2025-05-28 17:21:11
TH2322,PROP1927,Rohini Sector 10,1,12100,2025-05-08,2027-03-08,OCCUPIED,Gaurav Pillai,2024-01-23 23:17:48
TH2323,PROP1285,Faridabad Sector 81,4,19900,2025-04-02,2026-03-02,OCCUPIED,Radhika Setty,2026-01-13 00:08:55
TH2324,PROP1580,Gurgaon Sector 45,1,14600,2025-01-12,2025-12-12,OCCUPIED,Samar Halder,2026-05-23 04:07:50
TH2325,PROP1956,Janakpuri,3,28500,2025-12-27,2026-11-27,NOTICE_PERIOD,Bhavna Talwar,2024-09-12 05:01:19
TH2326,PROP1710,Preet Vihar,4,33300,2024-11-04,2026-09-04,OCCUPIED,Tanveer Mandal,2025-09-24 19:58:23
TH2327,PROP1966,Hauz Khas,3,52300,2024-02-13,2025-12-13,OCCUPIED,Nilima Dhingra,2023-08-22 02:10:56
TH2328,PROP1697,Faridabad Neharpar,4,17100,2026-06-23,2027-05-23,VACANT,Shravya Kothari,2024-08-29 13:59:41
TH2329,PROP1230,Hauz Khas,3,58500,2025-08-08,2027-06-08,OCCUPIED,Frederick Anne,2024-12-16 07:50:19
TH2330,PROP1402,Dwarka Sector 21,3,31500,2026-03-01,2027-02-01,NOTICE_PERIOD,Simon Rajagopal,2025-09-04 19:55:08
TH2331,PROP1232,Greater Noida Pari Chowk,1,7900,2025-10-04,2026-09-04,OCCUPIED,Elijah Chandran,2025-03-22 21:06:43
TH2332,PROP1319,Lajpat Nagar,1,17300,2023-09-16,2025-07-16,VACANT,Urishilla Pandya,2026-07-17 17:03:49
TH2333,PROP1607,North Delhi,3,21000,2026-05-14,2028-03-14,OCCUPIED,Abdul Kulkarni,2025-01-24 09:36:35
TH2334,PROP1349,Hauz Khas,3,53500,2024-09-10,2025-08-10,NOTICE_PERIOD,Kamala Deo,2026-06-16 06:48:54
TH2335,PROP1795,Ghaziabad Indirapuram,1,10000,2025-03-24,2026-02-24,OCCUPIED,Abha Gara,2025-01-23 12:41:46
TH2336,PROP1063,Saket,4,48100,2026-05-04,2027-04-04,VACANT,Kevin Chakraborty,2024-07-03 06:06:43
TH2337,PROP1064,Ghaziabad Indirapuram,1,9300,2025-02-20,2026-12-20,OCCUPIED,Abha Dada,2024-06-28 19:39:58
TH2338,PROP1694,Hauz Khas,1,23500,2026-06-26,2028-04-26,OCCUPIED,Avni Patel,2026-05-01 11:02:33
TH2339,PROP1633,Greater Noida,2,13000,2024-05-25,2025-04-25,OCCUPIED,Aishani Varughese,2024-06-28 12:50:51
TH2340,PROP1476,Greater Noida Pari Chowk,1,6900,2026-03-24,2027-02-24,OCCUPIED,Vyanjana Dora,2025-03-21 10:15:40
TH2341,PROP1337,Dwarka Sector 21,1,14700,2026-04-26,2027-03-26,OCCUPIED,Chatresh Gulati,2023-12-31 09:51:02
TH2342,PROP1861,Dwarka Sector 21,2,25800,2024-03-28,2026-01-28,OCCUPIED,Upma Lad,2024-01-16 18:34:41
TH2343,PROP1493,Ghaziabad Indirapuram,2,14100,2024-12-13,2025-11-13,OCCUPIED,Warda Baria,2024-11-16 08:17:40
TH2344,PROP1320,Greater Noida Pari Chowk,3,14700,2026-07-07,2027-06-07,OCCUPIED,Tanvi Tailor,2023-11-21 19:43:55
TH2345,PROP1317,North Delhi,3,21700,2025-09-16,2026-08-16,OCCUPIED,Jatin Palla,2023-11-01 02:22:17
TH2346,PROP1674,Golf Course Extension Road,1,17100,2026-02-25,2027-01-25,OCCUPIED,Om Trivedi,2026-01-07 20:55:39
TH2347,PROP1201,Dwarka Sector 21,2,26700,2025-03-28,2027-01-28,OCCUPIED,Aayush Vora,2025-11-07 19:32:04
TH2348,PROP1488,Ghaziabad Vasundhara,3,19700,2024-02-03,2025-12-03,OCCUPIED,Yatin Tara,2025-08-01 06:22:50
TH2349,PROP1429,North Delhi,2,14500,2026-03-18,2027-02-18,OCCUPIED,Bhavani Dara,2024-09-25 11:07:17
TH2350,PROP1943,South Delhi,2,36600,2025-04-27,2027-02-27,OCCUPIED,Ekiya Dube,2023-08-22 04:50:55
TH2351,PROP1245,Ghaziabad Raj Nagar Extension,3,15000,2024-12-05,2026-10-05,OCCUPIED,Sudiksha Luthra,2025-05-02 15:29:00
TH2352,PROP1189,South Delhi,3,43200,2023-07-27,2025-05-27,OCCUPIED,Sneha Nair,2026-05-24 16:03:16
TH2353,PROP1118,Golf Course Extension Road,3,38600,2026-07-19,2028-05-19,OCCUPIED,Siddharth Bava,2025-12-15 20:19:19
TH2354,PROP1031,Dwarka Sector 21,2,23700,2024-05-25,2025-04-25,VACANT,Ekavir Raj,2023-10-30 23:22:03
TH2355,PROP1737,Gurgaon Sector 45,3,33400,2024-04-25,2025-03-25,OCCUPIED,Mohini Chakraborty,2023-08-13 00:56:18
TH2356,PROP1023,Gurgaon Sector 45,3,33800,2024-03-05,2025-02-05,VACANT,Neha Mane,2025-06-29 16:17:09
TH2357,PROP1141,Sohna Road Gurgaon,1,11200,2026-05-31,2027-04-30,OCCUPIED,Jai Misra,2025-01-09 09:25:07
TH2358,PROP1246,West Delhi,3,24700,2024-11-05,2026-09-05,VACANT,Karan Parmer,2025-07-19 18:54:04
TH2359,PROP1067,Cyber City Gurgaon,2,38200,2026-01-17,2026-12-17,VACANT,Vrishti Sehgal,2026-03-17 17:28:56
TH2360,PROP1197,Sohna Road Gurgaon,3,24100,2024-12-23,2026-10-23,NOTICE_PERIOD,Gautam Sami,2025-12-26 04:28:24
TH2361,PROP1251,Saket,2,30400,2025-05-23,2027-03-23,VACANT,Pooja Chander,2023-09-03 20:56:22
TH2362,PROP1336,Pitampura,1,15400,2024-07-29,2026-05-29,VACANT,Udarsh Dubey,2026-05-06 07:33:16
TH2363,PROP1872,Faridabad Sector 81,4,20100,2025-02-17,2026-01-17,VACANT,Bina Sidhu,2024-11-11 18:47:17
TH2364,PROP1810,Lajpat Nagar,2,30100,2026-04-09,2028-02-09,OCCUPIED,Charita Dixit,2026-07-03 22:56:55
TH2365,PROP1476,Gurgaon Sector 45,3,32400,2025-08-08,2027-06-08,OCCUPIED,Yuvraj Virk,2024-11-01 05:42:39
TH2366,PROP1507,Ghaziabad Raj Nagar Extension,3,14300,2025-04-03,2026-03-03,OCCUPIED,Chakradev Varghese,2023-11-16 11:57:40
TH2367,PROP1917,Dwarka Sector 21,4,48900,2024-10-28,2026-08-28,OCCUPIED,Ucchal Kulkarni,2024-08-14 01:05:48
TH2368,PROP1436,Sohna Road Gurgaon,2,19900,2025-04-22,2027-02-22,OCCUPIED,Ishaan Shere,2024-02-03 07:15:43
TH2369,PROP1087,Central Delhi,1,26000,2024-02-05,2025-12-05,OCCUPIED,Chakradev Chacko,2024-10-19 15:48:41
TH2370,PROP1043,Ghaziabad Vasundhara,3,17900,2025-08-30,2027-06-30,OCCUPIED,Suhani Sengupta,2025-06-04 02:02:39
TH2371,PROP1377,Faridabad Sector 15,3,18500,2024-05-06,2025-04-06,OCCUPIED,Siddharth Goyal,2023-10-15 06:30:53
TH2372,PROP1240,Preet Vihar,1,13200,2026-06-30,2027-05-30,OCCUPIED,Hitesh Saraf,2025-02-26 02:09:47
TH2373,PROP1514,Faridabad Sector 81,1,8300,2023-07-27,2024-06-27,OCCUPIED,Agastya Garg,2025-07-09 03:18:34
TH2374,PROP1074,West Delhi,1,11200,2024-12-05,2026-10-05,OCCUPIED,Vidhi Mitter,2025-05-29 06:22:44
TH2375,PROP1338,Preet Vihar,3,31100,2026-06-21,2028-04-21,OCCUPIED,Megha Mittal,2023-10-25 14:05:36
TH2376,PROP1619,Central Delhi,3,51900,2023-12-15,2025-10-15,OCCUPIED,Isaac Babu,2025-08-22 05:17:16
TH2377,PROP1355,Noida Extension,4,27100,2024-02-12,2025-01-12,OCCUPIED,Shaurya Srivastava,2025-07-01 06:33:15
TH2378,PROP1525,Golf Course Extension Road,4,47100,2025-07-01,2026-06-01,OCCUPIED,Rayaan Chadha,2024-06-15 06:50:57
TH2379,PROP1529,Ghaziabad Vasundhara,4,22500,2024-12-09,2025-11-09,OCCUPIED,Pahal Bains,2023-11-26 04:04:40
TH2380,PROP1193,Greater Noida Pari Chowk,4,18400,2026-04-04,2028-02-04,VACANT,Vedhika Sinha,2023-08-12 01:41:05
TH2381,PROP1031,West Delhi,2,17300,2024-11-24,2025-10-24,OCCUPIED,Saksham Menon,2025-04-05 12:00:00
TH2382,PROP1756,South Delhi,4,67700,2026-01-19,2027-11-19,OCCUPIED,Gauri Anand,2023-11-11 01:17:56
TH2383,PROP1430,Greater Noida Pari Chowk,4,21000,2026-02-03,2027-12-03,OCCUPIED,Ojasvi Tandon,2025-10-06 04:40:57
TH2384,PROP1024,Saket,2,25700,2025-05-03,2027-03-03,OCCUPIED,Balhaar Sura,2024-10-01 12:02:03
TH2385,PROP1819,Noida Extension,4,23400,2025-02-02,2026-12-02,OCCUPIED,Vincent Bhat,2025-02-19 10:36:44
TH2386,PROP1396,Dwarka Sector 21,4,40800,2024-10-25,2026-08-25,OCCUPIED,Devansh Loyal,2026-03-25 21:46:09
TH2387,PROP1312,Gurgaon Golf Course Road,2,40700,2024-10-19,2025-09-19,OCCUPIED,Jackson Talwar,2025-06-02 20:45:25
TH2388,PROP1706,Faridabad Sector 15,1,8400,2025-06-27,2026-05-27,VACANT,Rajata Bail,2024-01-14 08:09:29
TH2389,PROP1396,Noida Sector 18,2,24300,2025-09-23,2026-08-23,OCCUPIED,Hemangini Sarma,2024-03-31 21:12:29
TH2390,PROP1378,Faridabad Neharpar,1,5700,2024-03-17,2026-01-17,OCCUPIED,Upadhriti Deep,2026-03-15 06:35:08
TH2391,PROP1114,Central Delhi,4,75200,2025-09-19,2026-08-19,OCCUPIED,Omaja Parsa,2025-12-09 17:26:37
TH2392,PROP1926,Rohini Sector 10,2,21800,2025-12-12,2027-10-12,OCCUPIED,Sarthak Mandal,2025-08-16 08:59:40
TH2393,PROP1727,Ghaziabad Raj Nagar Extension,2,10200,2023-10-23,2025-08-23,OCCUPIED,Kai Ghose,2024-02-25 03:25:12
TH2394,PROP1515,Ghaziabad Vasundhara,3,16900,2025-05-14,2026-04-14,OCCUPIED,Ojasvi Tak,2024-06-18 06:44:47
TH2395,PROP1845,Noida Extension,2,14100,2024-03-06,2026-01-06,OCCUPIED,Andrew Parmer,2026-03-12 18:57:44
TH2396,PROP1590,Saket,1,17300,2024-08-14,2026-06-14,OCCUPIED,Owen Thakur,2023-08-25 14:15:07
TH2397,PROP1863,Noida Sector 62,4,37000,2023-09-28,2024-08-28,OCCUPIED,Ishaan Karan,2023-11-30 19:17:41
TH2398,PROP1184,Greater Noida Pari Chowk,4,19300,2024-03-22,2025-02-22,OCCUPIED,Harini Pant,2025-11-10 13:58:07
TH2399,PROP1098,Noida Extension,1,8500,2025-11-10,2026-10-10,OCCUPIED,Matthew Varma,2025-05-13 16:41:51
TH2400,PROP1644,Noida Sector 18,1,17700,2023-11-12,2024-10-12,VACANT,Raksha Shankar,2026-06-10 08:31:42
TH2401,PROP1422,Cyber City Gurgaon,3,44000,2025-10-25,2026-09-25,OCCUPIED,Harsh Barman,2025-01-27 10:17:18
TH2402,PROP1799,Noida Sector 76,4,32000,2024-01-19,2025-11-19,OCCUPIED,Samesh Pathak,2024-01-09 15:03:23
TH2403,PROP1046,Ghaziabad Vasundhara,1,7600,2024-06-04,2026-04-04,OCCUPIED,Yashawini Tara,2025-10-01 05:39:00
TH2404,PROP1764,Noida Extension,2,13700,2023-11-06,2024-10-06,OCCUPIED,Gaurika Devi,2023-12-03 07:39:30
TH2405,PROP1727,Central Delhi,3,61200,2024-02-27,2025-12-27,OCCUPIED,Abeer Korpal,2026-01-21 06:50:55
TH2406,PROP1070,Gurgaon Golf Course Road,2,47300,2024-12-20,2026-10-20,OCCUPIED,Yashasvi Garg,2023-10-22 22:56:47
TH2407,PROP1841,Noida Sector 150,2,20300,2024-08-31,2025-07-31,OCCUPIED,Jalsa Korpal,2024-01-03 16:29:25
TH2408,PROP1182,Noida Sector 18,1,17000,2025-10-23,2027-08-23,OCCUPIED,Vedant Devi,2025-12-16 01:51:47
TH2409,PROP1688,South Delhi,3,44900,2024-10-15,2026-08-15,OCCUPIED,Tara Varty,2025-12-08 05:32:22
TH2410,PROP1732,Saket,2,27600,2024-08-20,2025-07-20,VACANT,Saanvi Dhingra,2025-11-11 10:25:36
TH2411,PROP1831,Faridabad Neharpar,1,6000,2025-09-13,2027-07-13,OCCUPIED,Frado Nigam,2024-06-30 12:01:54
TH2412,PROP1613,South Delhi,1,24200,2026-06-30,2027-05-30,VACANT,Radha Bhat,2024-09-24 11:21:39
TH2413,PROP1384,Pitampura,2,20700,2023-08-30,2025-06-30,OCCUPIED,Dalbir Venkatesh,2026-06-21 07:52:13
TH2414,PROP1015,North Delhi,2,16700,2024-10-22,2025-09-22,OCCUPIED,Dipta Padmanabhan,2023-07-30 05:20:06
TH2415,PROP1904,DLF Phase 5,2,42200,2024-05-22,2025-04-22,OCCUPIED,Netra Sehgal,2025-06-26 01:48:11
TH2416,PROP1111,Noida Sector 76,3,25600,2026-03-18,2027-02-18,OCCUPIED,Hemani Ravel,2025-11-17 04:26:50
TH2417,PROP1957,Noida Extension,4,22900,2026-03-11,2027-02-11,OCCUPIED,Balhaar Yogi,2024-07-22 01:46:54
TH2418,PROP1332,Gurgaon Sector 45,1,14000,2025-09-21,2027-07-21,OCCUPIED,Zinal Zachariah,2024-05-27 16:03:29
TH2419,PROP1218,Ghaziabad Vasundhara,2,11600,2023-10-30,2025-08-30,OCCUPIED,Harini Dutta,2023-08-16 05:27:21
TH2420,PROP1378,Saket,1,19900,2026-03-21,2028-01-21,OCCUPIED,Wyatt Modi,2025-09-24 14:44:41
TH2421,PROP1614,Faridabad Sector 15,1,9600,2026-07-05,2027-06-05,OCCUPIED,Darpan Pradhan,2024-05-01 04:24:57
TH2422,PROP1098,Noida Sector 76,4,33800,2025-01-26,2025-12-26,OCCUPIED,Champak Dash,2024-11-24 06:05:14
TH2423,PROP1651,Noida Sector 76,4,29000,2025-04-07,2026-03-07,OCCUPIED,Sudiksha Nori,2026-07-02 14:27:14
TH2424,PROP1600,Ghaziabad Indirapuram,4,27100,2025-12-18,2026-11-18,OCCUPIED,Inaya Mistry,2024-05-28 08:02:14
TH2425,PROP1722,South Delhi,2,31000,2025-11-26,2026-10-26,OCCUPIED,Krishna Venkatesh,2025-10-06 16:05:44
TH2426,PROP1756,Greater Noida Pari Chowk,2,11300,2023-11-13,2024-10-13,OCCUPIED,Jalsa Sha,2023-11-05 22:20:28
TH2427,PROP1511,Noida Sector 18,2,23800,2025-09-07,2026-08-07,OCCUPIED,Finn Chanda,2023-09-27 17:03:07
TH2428,PROP1244,Ghaziabad Indirapuram,3,19200,2026-03-19,2028-01-19,OCCUPIED,Tanish Sehgal,2023-10-15 02:37:38
TH2429,PROP1779,Saket,4,52200,2025-07-31,2027-05-31,VACANT,Zilmil Rana,2026-03-03 01:08:41
TH2430,PROP1235,North Delhi,3,21000,2025-04-20,2026-03-20,VACANT,Ria Suri,2025-09-30 07:41:36
TH2431,PROP1681,Pitampura,2,23600,2024-10-19,2026-08-19,OCCUPIED,Maanas Tiwari,2023-12-07 20:32:33
TH2432,PROP1188,Ghaziabad Indirapuram,1,8700,2025-09-06,2027-07-06,OCCUPIED,Yochana Wadhwa,2023-11-27 22:08:10
TH2433,PROP1198,Hauz Khas,2,42000,2024-03-09,2025-02-09,OCCUPIED,Bachittar Dugar,2026-05-20 23:59:21
TH2434,PROP1607,Rohini Sector 10,2,20000,2024-08-28,2026-06-28,OCCUPIED,Nilima Choudhary,2023-11-30 23:59:09
TH2435,PROP1319,Gurgaon Sector 56,2,22500,2025-04-07,2026-03-07,OCCUPIED,Michael Dalal,2024-08-31 14:06:31
TH2436,PROP1311,Noida Sector 18,4,52100,2026-07-10,2027-06-10,OCCUPIED,Chaitaly Sunder,2023-08-21 05:16:02
TH2437,PROP1801,Ghaziabad Raj Nagar Extension,1,7200,2023-12-24,2025-10-24,OCCUPIED,Chanakya Mody,2026-03-21 17:18:50
TH2438,PROP1172,Ghaziabad Raj Nagar Extension,4,17700,2024-03-13,2026-01-13,VACANT,Aarnav Das,2025-03-12 12:16:10
TH2439,PROP1840,Ghaziabad Raj Nagar Extension,1,6900,2023-10-02,2025-08-02,VACANT,Omisha Srivastava,2025-04-09 11:25:23
TH2440,PROP1778,Noida Sector 62,2,20300,2025-03-31,2026-02-28,OCCUPIED,Krishna Soman,2026-01-20 21:33:20
TH2441,PROP1475,Noida Sector 62,4,34100,2026-01-18,2027-11-18,OCCUPIED,Lakshit Thaman,2025-06-17 22:42:05
TH2442,PROP1140,Ghaziabad Raj Nagar Extension,2,9200,2025-11-01,2026-10-01,OCCUPIED,Manthan Nanda,2023-10-27 10:16:07
TH2443,PROP1883,Faridabad Sector 81,3,16800,2025-06-04,2027-04-04,NOTICE_PERIOD,Lila Kaul,2026-04-02 23:30:26
TH2444,PROP1994,West Delhi,4,30500,2024-07-26,2025-06-26,OCCUPIED,Saanvi Mall,2025-06-28 07:22:32
TH2445,PROP1040,Cyber City Gurgaon,4,69500,2026-02-23,2027-01-23,OCCUPIED,Dayamai Dasgupta,2025-06-26 02:43:10
TH2446,PROP1447,Preet Vihar,3,29500,2023-10-22,2025-08-22,OCCUPIED,Ranbir Soni,2025-01-22 07:33:39
TH2447,PROP1378,Hauz Khas,4,75400,2023-08-10,2024-07-10,OCCUPIED,Anirudh Maharaj,2025-11-29 15:05:53
TH2448,PROP1036,West Delhi,1,11600,2024-04-14,2025-03-14,OCCUPIED,Frado Walla,2025-05-16 12:09:32
TH2449,PROP1467,Golf Course Extension Road,3,36800,2024-10-02,2025-09-02,OCCUPIED,Vyanjana Bajaj,2024-07-28 01:27:37
TH2450,PROP1790,Gurgaon Golf Course Road,4,79000,2024-02-03,2025-01-03,OCCUPIED,Edhitha Raja,2024-04-28 08:36:15
TH2451,PROP1194,Greater Noida Pari Chowk,2,11900,2023-11-23,2025-09-23,OCCUPIED,Om Mangal,2023-12-26 09:14:12
TH2452,PROP1513,Sohna Road Gurgaon,3,26600,2024-04-25,2025-03-25,OCCUPIED,Mitesh Mohanty,2026-05-29 20:52:12
TH2453,PROP1587,East Delhi,2,14200,2025-08-02,2026-07-02,NOTICE_PERIOD,Eshana Golla,2023-08-20 08:03:22
TH2454,PROP1408,Noida Sector 62,1,14500,2023-09-23,2025-07-23,OCCUPIED,Hardik Nagarajan,2023-12-24 15:51:09
TH2455,PROP1072,Greater Noida,4,22400,2026-03-24,2028-01-24,OCCUPIED,Keya Dara,2023-09-16 09:46:52
TH2456,PROP1384,Gurgaon Sector 45,2,20400,2024-04-08,2025-03-08,OCCUPIED,Waida Trivedi,2025-10-22 23:20:15
TH2457,PROP1113,Ghaziabad Indirapuram,2,13900,2024-09-14,2025-08-14,OCCUPIED,Amruta Bhat,2024-07-04 08:54:37
TH2458,PROP1829,Dwarka Sector 21,3,39100,2025-03-17,2027-01-17,OCCUPIED,Veda Balakrishnan,2024-10-10 01:30:21
TH2459,PROP1935,DLF Phase 5,2,36000,2024-04-01,2025-03-01,OCCUPIED,Amruta Chaudhuri,2024-04-16 10:58:16
TH2460,PROP1284,Lajpat Nagar,3,37300,2025-03-19,2026-02-19,OCCUPIED,Daksha Ray,2024-11-21 05:38:52
TH2461,PROP1689,DLF Phase 5,1,23300,2026-02-01,2027-01-01,OCCUPIED,Lucky Prakash,2025-03-04 17:37:23
TH2462,PROP1809,Saket,1,16900,2024-01-21,2024-12-21,OCCUPIED,Pallavi Seth,2023-09-05 08:32:44
TH2463,PROP1533,Noida Sector 150,4,39300,2025-12-26,2027-10-26,OCCUPIED,Oliver Acharya,2023-09-25 11:58:02
TH2464,PROP1345,West Delhi,3,26700,2026-04-25,2027-03-25,NOTICE_PERIOD,Zashil Rai,2026-07-20 10:52:15
TH2465,PROP1682,Noida Extension,4,25900,2026-01-28,2027-11-28,VACANT,Yashvi Manda,2023-09-09 09:39:08
TH2466,PROP1826,DLF Phase 5,1,25700,2025-10-07,2027-08-07,OCCUPIED,Charita Chakraborty,2024-09-26 16:58:17
TH2467,PROP1910,Central Delhi,1,28000,2023-12-02,2025-10-02,NOTICE_PERIOD,Ati Sankaran,2024-03-08 14:18:50
TH2468,PROP1770,Pitampura,3,31800,2025-01-23,2026-11-23,OCCUPIED,Hema Lal,2026-06-28 23:24:15
TH2469,PROP1677,Dwarka Sector 21,1,18100,2025-09-02,2027-07-02,OCCUPIED,Yatan Nagy,2024-07-29 21:27:44
TH2470,PROP1369,Saket,3,40900,2024-12-05,2025-11-05,OCCUPIED,Amol Deol,2025-06-28 21:13:40
TH2471,PROP1410,Gurgaon Golf Course Road,3,61900,2023-07-23,2025-05-23,NOTICE_PERIOD,Aayush Andra,2025-07-27 15:52:35
TH2472,PROP1878,DLF Phase 5,4,68400,2024-10-15,2025-09-15,OCCUPIED,Maya Yohannan,2023-10-18 11:31:12
TH2473,PROP1891,Faridabad Neharpar,1,5600,2026-03-07,2027-02-07,OCCUPIED,Azaan Saxena,2025-07-27 03:46:00
TH2474,PROP1690,Ghaziabad Vasundhara,2,14200,2024-08-10,2025-07-10,OCCUPIED,Ishita Ram,2024-01-31 17:03:15
TH2475,PROP1554,Pitampura,2,21400,2025-11-07,2026-10-07,OCCUPIED,Jeet Shere,2024-08-30 12:09:39
TH2476,PROP1733,Vasant Kunj,2,35300,2024-02-17,2025-12-17,VACANT,Timothy Bahri,2025-10-29 13:56:13
TH2477,PROP1785,Noida Sector 150,2,23200,2025-08-04,2027-06-04,NOTICE_PERIOD,Rehaan Chana,2025-12-31 23:29:35
TH2478,PROP1687,Cyber City Gurgaon,2,38600,2025-06-04,2027-04-04,OCCUPIED,Vivaan Tak,2026-06-15 10:47:41
TH2479,PROP1709,North Delhi,2,17700,2023-08-30,2024-07-30,OCCUPIED,Shaurya Amble,2024-02-21 10:04:37
TH2480,PROP1387,Sohna Road Gurgaon,4,34800,2026-01-05,2026-12-05,OCCUPIED,Indrajit Mall,2025-04-05 03:22:06
TH2481,PROP1298,Gurgaon Golf Course Road,1,26400,2025-01-11,2025-12-11,OCCUPIED,Parth Bhattacharyya,2025-04-26 00:39:23
TH2482,PROP1119,West Delhi,2,18400,2025-10-14,2027-08-14,OCCUPIED,Aashi Kari,2026-03-12 21:30:46
TH2483,PROP1002,Noida Sector 62,1,13300,2025-09-26,2026-08-26,VACANT,Rehaan Bajaj,2026-07-12 11:09:00
TH2484,PROP1434,Noida Sector 76,3,27000,2025-08-17,2026-07-17,OCCUPIED,Sudiksha Agate,2026-05-14 05:29:36
TH2485,PROP1617,Janakpuri,1,13900,2025-06-21,2027-04-21,OCCUPIED,Ekantika Sankaran,2026-01-31 17:24:50
TH2486,PROP1836,Noida Sector 18,2,26000,2024-10-08,2026-08-08,OCCUPIED,Zarna Shukla,2025-01-14 13:47:41
TH2487,PROP1291,Golf Course Extension Road,1,18600,2025-02-06,2026-12-06,OCCUPIED,Udarsh Batta,2024-05-21 02:24:37
TH2488,PROP1706,Cyber City Gurgaon,3,54800,2024-10-22,2026-08-22,OCCUPIED,Diya Ahluwalia,2024-09-22 22:21:02
TH2489,PROP1221,Faridabad Sector 15,3,20600,2024-07-21,2026-05-21,OCCUPIED,Upkaar Sampath,2026-06-05 00:25:23
TH2490,PROP1830,North Delhi,2,17300,2026-04-20,2027-03-20,VACANT,Nitesh Narayan,2024-06-26 02:52:35
TH2491,PROP1957,Janakpuri,1,15800,2025-06-05,2026-05-05,VACANT,Ayaan Srinivasan,2024-11-05 20:36:36
TH2492,PROP1745,Noida Extension,3,21900,2023-08-16,2024-07-16,NOTICE_PERIOD,Zashil Kota,2023-11-16 17:26:37
TH2493,PROP1562,Noida Extension,3,19200,2024-04-07,2026-02-07,NOTICE_PERIOD,Chatura Nath,2025-02-09 23:34:04
TH2494,PROP1776,Noida Extension,4,22600,2024-04-05,2026-02-05,OCCUPIED,Reva Chandran,2025-06-05 18:29:56
TH2495,PROP1946,Dwarka Sector 21,4,40700,2025-04-14,2027-02-14,VACANT,Darsh Bandi,2024-09-07 01:59:35
TH2496,PROP1595,Hauz Khas,3,52700,2026-03-21,2027-02-21,OCCUPIED,Joshua Bhatia,2026-04-23 15:46:22
TH2497,PROP1453,Ghaziabad Raj Nagar Extension,3,15300,2024-11-15,2025-10-15,OCCUPIED,Rachana Bhatti,2023-11-10 03:18:58
TH2498,PROP1767,Dwarka Sector 21,1,15700,2023-09-20,2024-08-20,OCCUPIED,Chaitaly Raj,2024-10-03 16:41:59
TH2499,PROP1880,Golf Course Extension Road,4,55800,2025-05-26,2027-03-26,OCCUPIED,Viraj Anne,2024-11-29 09:00:37
TH2500,PROP1173,Hauz Khas,1,23800,2024-12-10,2026-10-10,OCCUPIED,Harrison Nori,2025-07-03 18:59:26
