sale_id,locality,city,property_type,bhk,area_sqft,sold_price,price_per_sqft,sold_date
SALE1001,Cyber City Gurgaon,Delhi NCR,APARTMENT,3,1725,25310000,14672.46,2025-06-20
SALE1002,DLF Phase 5,Delhi NCR,INDEPENDENT_HOUSE,5,2470,73070000,29583.0,2023-08-17
SALE1003,Saket,Delhi NCR,APARTMENT,1,561,9290000,16559.71,2024-05-17
SALE1004,Vasant Kunj,Delhi NCR,INDEPENDENT_HOUSE,2,1458,35850000,24588.48,2024-03-21
SALE1005,Ghaziabad Indirapuram,Delhi NCR,INDEPENDENT_HOUSE,3,1359,13180000,9698.31,2025-10-05
SALE1006,Gurgaon Sector 45,Delhi NCR,INDEPENDENT_HOUSE,4,2496,34950000,14002.4,2025-07-31
SALE1007,Janakpuri,Delhi NCR,BUILDER_FLOOR,1,497,6470000,13018.11,2026-03-24
SALE1008,West Delhi,Delhi NCR,BUILDER_FLOOR,5,2925,33540000,11466.67,2023-10-24
SALE1009,Ghaziabad Vasundhara,Delhi NCR,INDEPENDENT_HOUSE,1,643,4580000,7122.86,2024-10-25
SALE1010,Noida Sector 18,Delhi NCR,INDEPENDENT_HOUSE,5,3175,56530000,17804.72,2023-08-22
SALE1011,Lajpat Nagar,Delhi NCR,APARTMENT,2,1196,26030000,21764.21,2024-03-16
SALE1012,Pitampura,Delhi NCR,APARTMENT,4,2368,32690000,13804.9,2025-01-24
SALE1013,Sohna Road Gurgaon,Delhi NCR,APARTMENT,3,1893,15550000,8214.47,2023-08-19
SALE1014,Noida Sector 150,Delhi NCR,INDEPENDENT_HOUSE,1,537,7810000,14543.76,2024-02-23
SALE1015,Preet Vihar,Delhi NCR,APARTMENT,4,2576,29980000,11638.2,2025-07-02
SALE1016,Pitampura,Delhi NCR,INDEPENDENT_HOUSE,3,1434,22130000,15432.36,2025-03-09
SALE1017,Saket,Delhi NCR,BUILDER_FLOOR,4,2348,36760000,15655.88,2024-03-18
SALE1018,North Delhi,Delhi NCR,APARTMENT,4,2608,29090000,11154.14,2025-04-26
SALE1019,Ghaziabad Vasundhara,Delhi NCR,APARTMENT,3,1563,9820000,6282.79,2025-12-24
SALE1020,Central Delhi,Delhi NCR,INDEPENDENT_HOUSE,5,3345,116820000,34923.77,2023-07-28
SALE1021,Noida Sector 76,Delhi NCR,BUILDER_FLOOR,2,1040,8870000,8528.85,2025-12-20
SALE1022,Gurgaon Golf Course Road,Delhi NCR,APARTMENT,1,528,15350000,29071.97,2025-08-24
SALE1023,Greater Noida Pari Chowk,Delhi NCR,INDEPENDENT_HOUSE,1,647,5240000,8098.92,2024-07-27
SALE1024,Ghaziabad Vasundhara,Delhi NCR,INDEPENDENT_HOUSE,3,2199,19890000,9045.02,2024-01-07
SALE1025,South Delhi,Delhi NCR,INDEPENDENT_HOUSE,1,724,20550000,28383.98,2026-06-04
SALE1026,East Delhi,Delhi NCR,APARTMENT,3,2016,17190000,8526.79,2024-07-23
SALE1027,South Delhi,Delhi NCR,INDEPENDENT_HOUSE,3,2118,60310000,28474.98,2023-10-30
SALE1028,Faridabad Sector 81,Delhi NCR,APARTMENT,3,2127,14280000,6713.68,2023-11-04
SALE1029,Gurgaon Sector 56,Delhi NCR,BUILDER_FLOOR,2,1452,21440000,14765.84,2026-02-03
SALE1030,Faridabad Neharpar,Delhi NCR,APARTMENT,5,3075,15320000,4982.11,2025-05-12
SALE1031,Cyber City Gurgaon,Delhi NCR,BUILDER_FLOOR,3,1716,23810000,13875.29,2025-12-21
SALE1032,Gurgaon Golf Course Road,Delhi NCR,APARTMENT,4,1940,62110000,32015.46,2025-09-27
SALE1033,Golf Course Extension Road,Delhi NCR,APARTMENT,4,2924,39450000,13491.79,2025-02-27
SALE1034,Faridabad Neharpar,Delhi NCR,INDEPENDENT_HOUSE,4,2232,15120000,6774.19,2026-06-21
SALE1035,Rohini Sector 10,Delhi NCR,INDEPENDENT_HOUSE,3,1962,32450000,16539.25,2024-09-07
SALE1036,Sohna Road Gurgaon,Delhi NCR,BUILDER_FLOOR,5,3405,27160000,7976.51,2025-03-17
SALE1037,Pitampura,Delhi NCR,APARTMENT,3,1380,19830000,14369.57,2026-01-15
SALE1038,Pitampura,Delhi NCR,INDEPENDENT_HOUSE,2,906,13260000,14635.76,2025-05-28
SALE1039,Hauz Khas,Delhi NCR,APARTMENT,1,466,12910000,27703.86,2026-02-19
SALE1040,Lajpat Nagar,Delhi NCR,INDEPENDENT_HOUSE,2,1184,28360000,23952.7,2025-04-13
SALE1041,Janakpuri,Delhi NCR,INDEPENDENT_HOUSE,2,1484,24590000,16570.08,2025-08-31
SALE1042,Preet Vihar,Delhi NCR,BUILDER_FLOOR,4,2188,24020000,10978.06,2023-09-09
SALE1043,Greater Noida Pari Chowk,Delhi NCR,BUILDER_FLOOR,4,2640,18300000,6931.82,2024-03-26
SALE1044,Hauz Khas,Delhi NCR,INDEPENDENT_HOUSE,1,481,14010000,29126.82,2024-06-02
SALE1045,East Delhi,Delhi NCR,APARTMENT,2,1096,9440000,8613.14,2023-10-16
SALE1046,Ghaziabad Indirapuram,Delhi NCR,APARTMENT,4,2172,15210000,7002.76,2024-04-01
SALE1047,Preet Vihar,Delhi NCR,APARTMENT,4,2924,32140000,10991.79,2023-11-08
SALE1048,South Delhi,Delhi NCR,APARTMENT,2,1070,22880000,21383.18,2024-05-20
SALE1049,Ghaziabad Raj Nagar Extension,Delhi NCR,APARTMENT,4,1920,9500000,4947.92,2025-06-16
SALE1050,South Delhi,Delhi NCR,BUILDER_FLOOR,3,2046,42110000,20581.62,2024-08-23
SALE1051,Faridabad Sector 15,Delhi NCR,APARTMENT,2,1202,8800000,7321.13,2024-08-29
SALE1052,Hauz Khas,Delhi NCR,INDEPENDENT_HOUSE,5,2405,77520000,32232.85,2024-03-06
SALE1053,Hauz Khas,Delhi NCR,APARTMENT,5,3470,86820000,25020.17,2024-05-08
SALE1054,Faridabad Neharpar,Delhi NCR,APARTMENT,1,710,3100000,4366.2,2026-05-12
SALE1055,Dwarka Sector 21,Delhi NCR,APARTMENT,5,2420,38210000,15789.26,2025-06-30
SALE1056,Preet Vihar,Delhi NCR,BUILDER_FLOOR,1,741,8560000,11551.96,2025-05-18
SALE1057,Saket,Delhi NCR,INDEPENDENT_HOUSE,1,664,15020000,22620.48,2024-01-24
SALE1058,Faridabad Neharpar,Delhi NCR,BUILDER_FLOOR,3,1662,8730000,5252.71,2025-09-27
SALE1059,North Delhi,Delhi NCR,APARTMENT,3,1956,17390000,8890.59,2024-01-16
SALE1060,Noida Sector 62,Delhi NCR,BUILDER_FLOOR,3,1461,13710000,9383.98,2024-09-08
SALE1061,DLF Phase 5,Delhi NCR,APARTMENT,5,2795,67200000,24042.93,2026-07-09
SALE1062,Golf Course Extension Road,Delhi NCR,BUILDER_FLOOR,1,575,8290000,14417.39,2025-06-21
SALE1063,Gurgaon Sector 45,Delhi NCR,BUILDER_FLOOR,5,3020,39010000,12917.22,2025-03-22
SALE1064,Faridabad Neharpar,Delhi NCR,APARTMENT,5,3015,17030000,5648.42,2025-08-09
SALE1065,DLF Phase 5,Delhi NCR,APARTMENT,3,1527,40930000,26804.19,2026-01-29
SALE1066,Gurgaon Sector 56,Delhi NCR,BUILDER_FLOOR,3,1671,23140000,13848.0,2025-11-17
SALE1067,Janakpuri,Delhi NCR,INDEPENDENT_HOUSE,3,2124,34290000,16144.07,2024-03-28
SALE1068,Hauz Khas,Delhi NCR,APARTMENT,4,2364,51020000,21582.06,2023-08-25
SALE1069,East Delhi,Delhi NCR,APARTMENT,3,1596,16260000,10187.97,2024-06-30
SALE1070,Greater Noida Pari Chowk,Delhi NCR,INDEPENDENT_HOUSE,1,507,3720000,7337.28,2024-05-09
SALE1071,Gurgaon Sector 56,Delhi NCR,INDEPENDENT_HOUSE,1,639,10220000,15993.74,2024-03-08
SALE1072,Gurgaon Sector 56,Delhi NCR,BUILDER_FLOOR,2,942,11540000,12250.53,2026-05-19
SALE1073,Saket,Delhi NCR,BUILDER_FLOOR,2,1154,21810000,18899.48,2026-03-07
SALE1074,West Delhi,Delhi NCR,INDEPENDENT_HOUSE,4,2116,30070000,14210.78,2024-06-29
SALE1075,Preet Vihar,Delhi NCR,APARTMENT,2,1322,14170000,10718.61,2025-07-08
SALE1076,East Delhi,Delhi NCR,BUILDER_FLOOR,2,1172,10000000,8532.42,2024-09-26
SALE1077,DLF Phase 5,Delhi NCR,BUILDER_FLOOR,1,690,15180000,22000.0,2026-04-18
SALE1078,Ghaziabad Vasundhara,Delhi NCR,BUILDER_FLOOR,3,1698,10590000,6236.75,2024-12-04
SALE1079,Rohini Sector 10,Delhi NCR,BUILDER_FLOOR,3,1776,23640000,13310.81,2024-05-06
SALE1080,Noida Sector 150,Delhi NCR,BUILDER_FLOOR,5,3270,41350000,12645.26,2024-04-16
SALE1081,East Delhi,Delhi NCR,APARTMENT,1,583,5000000,8576.33,2025-03-27
SALE1082,Central Delhi,Delhi NCR,APARTMENT,1,672,16660000,24791.67,2024-05-03
SALE1083,North Delhi,Delhi NCR,BUILDER_FLOOR,5,3555,31450000,8846.69,2025-04-21
SALE1084,Rohini Sector 10,Delhi NCR,BUILDER_FLOOR,1,673,6870000,10208.02,2026-03-31
SALE1085,Rohini Sector 10,Delhi NCR,BUILDER_FLOOR,4,1940,26410000,13613.4,2024-09-30
SALE1086,East Delhi,Delhi NCR,INDEPENDENT_HOUSE,3,1539,18700000,12150.75,2024-03-17
SALE1087,Noida Sector 62,Delhi NCR,INDEPENDENT_HOUSE,3,1977,24740000,12513.91,2026-07-18
SALE1088,Noida Sector 18,Delhi NCR,INDEPENDENT_HOUSE,2,1096,18620000,16989.05,2025-01-29
SALE1089,Noida Extension,Delhi NCR,INDEPENDENT_HOUSE,2,1482,12540000,8461.54,2023-10-28
SALE1090,South Delhi,Delhi NCR,BUILDER_FLOOR,3,1671,35990000,21538.0,2023-09-10
SALE1091,North Delhi,Delhi NCR,BUILDER_FLOOR,4,2704,28460000,10525.15,2023-11-18
SALE1092,Faridabad Sector 81,Delhi NCR,BUILDER_FLOOR,2,986,5990000,6075.05,2025-06-07
SALE1093,East Delhi,Delhi NCR,APARTMENT,2,1216,10600000,8717.11,2025-12-05
SALE1094,Rohini Sector 10,Delhi NCR,APARTMENT,1,473,5240000,11078.22,2024-10-25
SALE1095,Ghaziabad Raj Nagar Extension,Delhi NCR,INDEPENDENT_HOUSE,1,683,4390000,6427.53,2023-09-28
SALE1096,Rohini Sector 10,Delhi NCR,INDEPENDENT_HOUSE,4,2812,39270000,13965.15,2024-09-11
SALE1097,Gurgaon Sector 56,Delhi NCR,INDEPENDENT_HOUSE,1,504,8520000,16904.76,2026-07-16
SALE1098,Pitampura,Delhi NCR,APARTMENT,5,3435,41600000,12110.63,2025-02-19
SALE1099,Preet Vihar,Delhi NCR,APARTMENT,4,2072,28240000,13629.34,2026-06-19
SALE1100,Faridabad Neharpar,Delhi NCR,INDEPENDENT_HOUSE,5,3060,20840000,6810.46,2026-02-18
SALE1101,Ghaziabad Indirapuram,Delhi NCR,INDEPENDENT_HOUSE,5,3340,33040000,9892.22,2023-08-02
SALE1102,Ghaziabad Indirapuram,Delhi NCR,APARTMENT,4,2720,18930000,6959.56,2025-09-17
SALE1103,Preet Vihar,Delhi NCR,INDEPENDENT_HOUSE,3,2148,32070000,14930.17,2025-08-06
SALE1104,Preet Vihar,Delhi NCR,BUILDER_FLOOR,4,1956,26020000,13302.66,2025-02-28
SALE1105,Preet Vihar,Delhi NCR,BUILDER_FLOOR,3,1839,25700000,13974.99,2024-05-08
SALE1106,Gurgaon Golf Course Road,Delhi NCR,APARTMENT,2,1136,30690000,27015.85,2025-06-22
SALE1107,Gurgaon Sector 56,Delhi NCR,INDEPENDENT_HOUSE,2,964,14650000,15197.1,2023-11-20
SALE1108,East Delhi,Delhi NCR,INDEPENDENT_HOUSE,4,2648,26220000,9901.81,2024-11-08
SALE1109,Greater Noida,Delhi NCR,BUILDER_FLOOR,5,2300,16550000,7195.65,2024-11-29
SALE1110,Noida Extension,Delhi NCR,BUILDER_FLOOR,1,630,4440000,7047.62,2026-05-31
SALE1111,Noida Extension,Delhi NCR,BUILDER_FLOOR,5,3645,29800000,8175.58,2026-03-06
SALE1112,Pitampura,Delhi NCR,BUILDER_FLOOR,2,1178,16170000,13726.66,2024-05-04
SALE1113,Vasant Kunj,Delhi NCR,BUILDER_FLOOR,3,1971,44170000,22409.94,2025-01-19
SALE1114,Ghaziabad Vasundhara,Delhi NCR,APARTMENT,5,3615,21090000,5834.02,2024-02-01
SALE1115,Noida Sector 76,Delhi NCR,INDEPENDENT_HOUSE,5,2315,20670000,8928.73,2026-04-16
SALE1116,Greater Noida Pari Chowk,Delhi NCR,APARTMENT,4,2172,13150000,6054.33,2026-03-01
SALE1117,Noida Extension,Delhi NCR,BUILDER_FLOOR,2,1364,9700000,7111.44,2024-06-12
SALE1118,Noida Extension,Delhi NCR,BUILDER_FLOOR,4,2316,19120000,8255.61,2025-06-20
SALE1119,Ghaziabad Raj Nagar Extension,Delhi NCR,APARTMENT,5,2380,15050000,6323.53,2025-05-18
SALE1120,West Delhi,Delhi NCR,APARTMENT,1,470,5310000,11297.87,2024-01-04
SALE1121,Preet Vihar,Delhi NCR,APARTMENT,1,528,6080000,11515.15,2025-11-02
SALE1122,Ghaziabad Raj Nagar Extension,Delhi NCR,INDEPENDENT_HOUSE,1,738,5530000,7493.22,2025-03-03
SALE1123,Ghaziabad Vasundhara,Delhi NCR,INDEPENDENT_HOUSE,3,1914,14060000,7345.87,2025-11-20
SALE1124,Cyber City Gurgaon,Delhi NCR,APARTMENT,3,1515,24810000,16376.24,2025-02-21
SALE1125,Noida Sector 62,Delhi NCR,INDEPENDENT_HOUSE,4,2612,39040000,14946.4,2023-07-21
SALE1126,Rohini Sector 10,Delhi NCR,APARTMENT,5,2870,30330000,10567.94,2024-07-10
SALE1127,Noida Sector 62,Delhi NCR,INDEPENDENT_HOUSE,5,2555,36720000,14371.82,2023-08-11
SALE1128,Saket,Delhi NCR,BUILDER_FLOOR,5,3345,63130000,18872.94,2026-05-04
SALE1129,Lajpat Nagar,Delhi NCR,INDEPENDENT_HOUSE,3,1368,34460000,25190.06,2026-03-10
SALE1130,Faridabad Sector 15,Delhi NCR,APARTMENT,4,2540,21150000,8326.77,2026-01-17
SALE1131,Ghaziabad Vasundhara,Delhi NCR,INDEPENDENT_HOUSE,2,1344,9900000,7366.07,2024-06-22
SALE1132,Faridabad Neharpar,Delhi NCR,INDEPENDENT_HOUSE,3,2175,14130000,6496.55,2023-09-22
SALE1133,Ghaziabad Vasundhara,Delhi NCR,BUILDER_FLOOR,5,2935,18890000,6436.12,2026-03-09
SALE1134,Preet Vihar,Delhi NCR,APARTMENT,3,2040,23540000,11539.22,2026-05-23
SALE1135,Ghaziabad Vasundhara,Delhi NCR,INDEPENDENT_HOUSE,5,3220,24990000,7760.87,2023-10-22
SALE1136,Faridabad Sector 15,Delhi NCR,BUILDER_FLOOR,2,1398,10220000,7310.44,2025-01-03
SALE1137,Central Delhi,Delhi NCR,BUILDER_FLOOR,3,1773,46870000,26435.42,2023-10-04
SALE1138,Faridabad Neharpar,Delhi NCR,APARTMENT,1,573,3050000,5322.86,2025-10-31
SALE1139,Faridabad Sector 15,Delhi NCR,INDEPENDENT_HOUSE,2,1386,13890000,10021.65,2025-11-06
SALE1140,Faridabad Sector 15,Delhi NCR,BUILDER_FLOOR,1,497,3730000,7505.03,2023-12-08
SALE1141,Noida Sector 76,Delhi NCR,INDEPENDENT_HOUSE,2,1212,12970000,10701.32,2024-12-22
SALE1142,Sohna Road Gurgaon,Delhi NCR,BUILDER_FLOOR,5,3605,30920000,8576.98,2025-03-14
SALE1143,East Delhi,Delhi NCR,BUILDER_FLOOR,4,2352,21050000,8949.83,2024-05-06
SALE1144,Pitampura,Delhi NCR,APARTMENT,2,1222,15160000,12405.89,2026-03-03
SALE1145,Dwarka Sector 21,Delhi NCR,APARTMENT,2,1394,19510000,13995.7,2024-10-26
SALE1146,Faridabad Neharpar,Delhi NCR,INDEPENDENT_HOUSE,3,1503,9920000,6600.13,2024-03-09
SALE1147,Noida Sector 18,Delhi NCR,APARTMENT,3,1623,22140000,13641.4,2025-03-03
SALE1148,Golf Course Extension Road,Delhi NCR,BUILDER_FLOOR,1,477,7270000,15241.09,2025-09-28
SALE1149,Golf Course Extension Road,Delhi NCR,INDEPENDENT_HOUSE,4,2008,40190000,20014.94,2024-02-26
SALE1150,Noida Sector 18,Delhi NCR,BUILDER_FLOOR,4,2700,37280000,13807.41,2024-06-26
SALE1151,Hauz Khas,Delhi NCR,BUILDER_FLOOR,4,2032,55710000,27416.34,2026-07-15
SALE1152,Noida Sector 76,Delhi NCR,BUILDER_FLOOR,1,745,6580000,8832.21,2025-07-02
SALE1153,Hauz Khas,Delhi NCR,APARTMENT,2,1476,41870000,28367.21,2024-11-12
SALE1154,Gurgaon Golf Course Road,Delhi NCR,APARTMENT,1,735,22210000,30217.69,2025-02-07
SALE1155,Pitampura,Delhi NCR,INDEPENDENT_HOUSE,4,2720,51300000,18860.29,2023-11-30
SALE1156,Noida Sector 62,Delhi NCR,INDEPENDENT_HOUSE,4,2424,32660000,13473.6,2024-03-23
SALE1157,Hauz Khas,Delhi NCR,INDEPENDENT_HOUSE,1,556,17310000,31133.09,2024-07-25
SALE1158,Central Delhi,Delhi NCR,INDEPENDENT_HOUSE,1,530,15250000,28773.58,2025-04-25
SALE1159,Lajpat Nagar,Delhi NCR,APARTMENT,1,659,12340000,18725.34,2024-03-29
SALE1160,Ghaziabad Raj Nagar Extension,Delhi NCR,BUILDER_FLOOR,1,568,2930000,5158.45,2024-03-18
SALE1161,Noida Sector 18,Delhi NCR,INDEPENDENT_HOUSE,4,1944,35730000,18379.63,2023-10-06
SALE1162,Central Delhi,Delhi NCR,INDEPENDENT_HOUSE,5,2755,84030000,30500.91,2025-06-11
SALE1163,Pitampura,Delhi NCR,INDEPENDENT_HOUSE,2,1172,21620000,18447.1,2024-03-27
SALE1164,Lajpat Nagar,Delhi NCR,APARTMENT,2,1214,23720000,19538.71,2026-04-08
SALE1165,Noida Sector 18,Delhi NCR,BUILDER_FLOOR,1,689,10560000,15326.56,2026-02-17
SALE1166,Noida Sector 76,Delhi NCR,BUILDER_FLOOR,5,3630,30800000,8484.85,2023-10-06
SALE1167,Gurgaon Golf Course Road,Delhi NCR,INDEPENDENT_HOUSE,1,671,24130000,35961.25,2024-04-06
SALE1168,Central Delhi,Delhi NCR,APARTMENT,1,567,16780000,29594.36,2025-07-23
SALE1169,Vasant Kunj,Delhi NCR,INDEPENDENT_HOUSE,3,2235,48550000,21722.6,2024-03-11
SALE1170,Dwarka Sector 21,Delhi NCR,BUILDER_FLOOR,5,3380,57030000,16872.78,2023-12-13
SALE1171,Dwarka Sector 21,Delhi NCR,INDEPENDENT_HOUSE,4,2804,57570000,20531.38,2026-05-11
SALE1172,Ghaziabad Raj Nagar Extension,Delhi NCR,BUILDER_FLOOR,4,2480,12910000,5205.65,2025-04-06
SALE1173,DLF Phase 5,Delhi NCR,APARTMENT,3,1980,50280000,25393.94,2024-12-20
SALE1174,Noida Sector 18,Delhi NCR,INDEPENDENT_HOUSE,4,2924,43810000,14982.9,2025-11-26
SALE1175,Gurgaon Golf Course Road,Delhi NCR,BUILDER_FLOOR,3,1845,45710000,24775.07,2025-12-22
SALE1176,Noida Sector 76,Delhi NCR,INDEPENDENT_HOUSE,1,727,7330000,10082.53,2024-02-14
SALE1177,Hauz Khas,Delhi NCR,APARTMENT,5,3175,82300000,25921.26,2023-11-04
SALE1178,Faridabad Sector 15,Delhi NCR,INDEPENDENT_HOUSE,4,1904,16650000,8744.75,2024-11-04
SALE1179,Golf Course Extension Road,Delhi NCR,BUILDER_FLOOR,4,2792,37120000,13295.13,2024-10-27
SALE1180,Preet Vihar,Delhi NCR,INDEPENDENT_HOUSE,2,1218,18550000,15229.89,2024-12-13
SALE1181,Greater Noida,Delhi NCR,APARTMENT,2,1016,6530000,6427.17,2025-09-27
SALE1182,Cyber City Gurgaon,Delhi NCR,INDEPENDENT_HOUSE,2,1410,30590000,21695.04,2025-07-28
SALE1183,Noida Sector 18,Delhi NCR,INDEPENDENT_HOUSE,3,1986,38030000,19149.04,2026-07-03
SALE1184,Ghaziabad Raj Nagar Extension,Delhi NCR,APARTMENT,4,2928,14390000,4914.62,2023-11-05
SALE1185,Rohini Sector 10,Delhi NCR,INDEPENDENT_HOUSE,5,2595,41450000,15973.03,2024-10-04
SALE1186,Noida Sector 150,Delhi NCR,BUILDER_FLOOR,3,2127,23740000,11161.26,2024-07-26
SALE1187,South Delhi,Delhi NCR,BUILDER_FLOOR,3,2250,50690000,22528.89,2026-02-19
SALE1188,Faridabad Sector 15,Delhi NCR,APARTMENT,4,2900,23090000,7962.07,2024-04-18
SALE1189,East Delhi,Delhi NCR,INDEPENDENT_HOUSE,5,3215,36160000,11247.28,2024-02-14
SALE1190,North Delhi,Delhi NCR,APARTMENT,2,1484,14320000,9649.6,2024-11-23
SALE1191,Greater Noida,Delhi NCR,APARTMENT,3,2076,14320000,6897.88,2024-10-25
SALE1192,Noida Extension,Delhi NCR,BUILDER_FLOOR,2,1406,12020000,8549.08,2024-05-21
SALE1193,Golf Course Extension Road,Delhi NCR,INDEPENDENT_HOUSE,5,3095,61890000,19996.77,2024-04-19
SALE1194,Ghaziabad Indirapuram,Delhi NCR,APARTMENT,5,3415,21890000,6409.96,2026-04-27
SALE1195,Gurgaon Sector 56,Delhi NCR,BUILDER_FLOOR,2,976,12570000,12879.1,2024-11-17
SALE1196,Central Delhi,Delhi NCR,BUILDER_FLOOR,5,3265,88710000,27169.98,2026-02-19
SALE1197,East Delhi,Delhi NCR,INDEPENDENT_HOUSE,5,3220,41710000,12953.42,2025-03-15
SALE1198,Faridabad Sector 15,Delhi NCR,INDEPENDENT_HOUSE,1,485,4290000,8845.36,2023-09-14
SALE1199,Noida Sector 18,Delhi NCR,APARTMENT,1,672,11140000,16577.38,2026-07-20
SALE1200,DLF Phase 5,Delhi NCR,BUILDER_FLOOR,2,1206,32450000,26907.13,2026-01-22
SALE1201,Saket,Delhi NCR,BUILDER_FLOOR,1,600,10340000,17233.33,2026-06-17
SALE1202,Greater Noida Pari Chowk,Delhi NCR,APARTMENT,2,1442,9830000,6816.92,2026-05-01
SALE1203,Dwarka Sector 21,Delhi NCR,APARTMENT,2,980,15180000,15489.8,2026-02-05
SALE1204,Noida Extension,Delhi NCR,INDEPENDENT_HOUSE,2,1408,14240000,10113.64,2024-01-19
SALE1205,Gurgaon Sector 56,Delhi NCR,APARTMENT,4,2320,29790000,12840.52,2025-01-03
SALE1206,South Delhi,Delhi NCR,BUILDER_FLOOR,3,2187,43180000,19743.94,2024-03-11
SALE1207,Ghaziabad Indirapuram,Delhi NCR,BUILDER_FLOOR,5,3015,23560000,7814.26,2024-10-02
SALE1208,Greater Noida Pari Chowk,Delhi NCR,INDEPENDENT_HOUSE,3,2049,18990000,9267.94,2023-09-23
SALE1209,Rohini Sector 10,Delhi NCR,BUILDER_FLOOR,4,2016,22280000,11051.59,2024-09-08
SALE1210,West Delhi,Delhi NCR,INDEPENDENT_HOUSE,3,1803,19460000,10793.12,2026-07-04
SALE1211,Noida Sector 76,Delhi NCR,BUILDER_FLOOR,1,739,6970000,9431.66,2024-05-06
SALE1212,Hauz Khas,Delhi NCR,INDEPENDENT_HOUSE,4,2384,77440000,32483.22,2025-11-26
SALE1213,Pitampura,Delhi NCR,INDEPENDENT_HOUSE,3,1686,29490000,17491.1,2024-11-30
SALE1214,Central Delhi,Delhi NCR,INDEPENDENT_HOUSE,2,998,34910000,34979.96,2024-10-26
SALE1215,Saket,Delhi NCR,BUILDER_FLOOR,4,1868,34430000,18431.48,2026-06-04
SALE1216,Golf Course Extension Road,Delhi NCR,APARTMENT,3,1851,29830000,16115.61,2026-07-15
SALE1217,Dwarka Sector 21,Delhi NCR,APARTMENT,2,1452,24240000,16694.21,2025-03-21
SALE1218,Sohna Road Gurgaon,Delhi NCR,INDEPENDENT_HOUSE,5,2945,34960000,11870.97,2025-09-15
SALE1219,Central Delhi,Delhi NCR,BUILDER_FLOOR,3,1869,53030000,28373.46,2024-01-06
SALE1220,Ghaziabad Vasundhara,Delhi NCR,APARTMENT,2,1130,8510000,7530.97,2024-06-10
SALE1221,Noida Sector 76,Delhi NCR,INDEPENDENT_HOUSE,3,1488,16500000,11088.71,2026-06-16
SALE1222,South Delhi,Delhi NCR,BUILDER_FLOOR,5,2565,55660000,21699.81,2025-04-15
SALE1223,Central Delhi,Delhi NCR,INDEPENDENT_HOUSE,4,2560,70490000,27535.16,2025-03-06
SALE1224,Pitampura,Delhi NCR,BUILDER_FLOOR,1,737,9790000,13283.58,2025-10-17
SALE1225,Pitampura,Delhi NCR,INDEPENDENT_HOUSE,1,687,12960000,18864.63,2023-09-21
SALE1226,Noida Sector 62,Delhi NCR,INDEPENDENT_HOUSE,4,2036,23970000,11773.08,2025-04-21
SALE1227,Saket,Delhi NCR,BUILDER_FLOOR,4,2036,32220000,15825.15,2025-01-22
SALE1228,Golf Course Extension Road,Delhi NCR,BUILDER_FLOOR,4,2556,40300000,15766.82,2026-02-09
SALE1229,Greater Noida,Delhi NCR,INDEPENDENT_HOUSE,2,1324,10810000,8164.65,2024-01-09
SALE1230,Faridabad Sector 15,Delhi NCR,INDEPENDENT_HOUSE,4,2372,19580000,8254.64,2026-06-08
SALE1231,Sohna Road Gurgaon,Delhi NCR,APARTMENT,4,2708,27670000,10217.87,2023-10-16
SALE1232,Sohna Road Gurgaon,Delhi NCR,APARTMENT,3,2184,22020000,10082.42,2024-02-09
SALE1233,West Delhi,Delhi NCR,APARTMENT,4,2364,22510000,9522.0,2025-05-03
SALE1234,Cyber City Gurgaon,Delhi NCR,BUILDER_FLOOR,1,558,9310000,16684.59,2025-07-30
SALE1235,Vasant Kunj,Delhi NCR,APARTMENT,3,1722,41470000,24082.46,2024-04-03
SALE1236,Janakpuri,Delhi NCR,APARTMENT,5,2780,38500000,13848.92,2023-11-29
SALE1237,Pitampura,Delhi NCR,BUILDER_FLOOR,2,902,11780000,13059.87,2026-03-22
SALE1238,Gurgaon Sector 56,Delhi NCR,APARTMENT,5,2890,40930000,14162.63,2024-04-15
SALE1239,Cyber City Gurgaon,Delhi NCR,INDEPENDENT_HOUSE,1,517,8480000,16402.32,2025-05-02
SALE1240,Preet Vihar,Delhi NCR,INDEPENDENT_HOUSE,3,1374,18600000,13537.12,2025-05-29
SALE1241,Hauz Khas,Delhi NCR,APARTMENT,4,2876,63570000,22103.62,2024-10-22
SALE1242,Lajpat Nagar,Delhi NCR,BUILDER_FLOOR,4,2540,48450000,19074.8,2025-04-20
SALE1243,DLF Phase 5,Delhi NCR,BUILDER_FLOOR,5,2815,76590000,27207.82,2025-02-12
SALE1244,Saket,Delhi NCR,INDEPENDENT_HOUSE,5,3020,64410000,21327.81,2026-05-10
SALE1245,Vasant Kunj,Delhi NCR,APARTMENT,4,2620,53800000,20534.35,2024-02-29
SALE1246,DLF Phase 5,Delhi NCR,BUILDER_FLOOR,4,1948,52350000,26873.72,2025-09-12
SALE1247,North Delhi,Delhi NCR,INDEPENDENT_HOUSE,2,966,10290000,10652.17,2024-04-07
SALE1248,North Delhi,Delhi NCR,BUILDER_FLOOR,5,3605,33830000,9384.19,2024-09-26
SALE1249,Faridabad Sector 81,Delhi NCR,INDEPENDENT_HOUSE,4,2000,16970000,8485.0,2025-07-26
SALE1250,Cyber City Gurgaon,Delhi NCR,INDEPENDENT_HOUSE,5,2800,52630000,18796.43,2024-06-13
SALE1251,Pitampura,Delhi NCR,BUILDER_FLOOR,3,2046,27770000,13572.83,2024-07-01
SALE1252,DLF Phase 5,Delhi NCR,BUILDER_FLOOR,4,2440,61460000,25188.52,2025-10-22
SALE1253,Sohna Road Gurgaon,Delhi NCR,APARTMENT,4,1936,15290000,7897.73,2023-10-08
SALE1254,Gurgaon Golf Course Road,Delhi NCR,APARTMENT,4,1996,59990000,30055.11,2024-12-04
SALE1255,Sohna Road Gurgaon,Delhi NCR,APARTMENT,5,2400,22160000,9233.33,2026-07-19
SALE1256,East Delhi,Delhi NCR,INDEPENDENT_HOUSE,1,660,7190000,10893.94,2026-07-16
SALE1257,Greater Noida Pari Chowk,Delhi NCR,INDEPENDENT_HOUSE,1,597,5170000,8659.97,2023-10-09
SALE1258,West Delhi,Delhi NCR,APARTMENT,5,3545,34010000,9593.79,2024-03-10
SALE1259,Ghaziabad Raj Nagar Extension,Delhi NCR,APARTMENT,1,629,3820000,6073.13,2024-05-06
SALE1260,Sohna Road Gurgaon,Delhi NCR,APARTMENT,3,2229,18410000,8259.31,2026-05-08
SALE1261,Greater Noida Pari Chowk,Delhi NCR,INDEPENDENT_HOUSE,5,3675,26480000,7205.44,2026-03-12
SALE1262,Noida Sector 150,Delhi NCR,APARTMENT,2,1178,15000000,12733.45,2026-03-10
SALE1263,Noida Sector 62,Delhi NCR,BUILDER_FLOOR,3,1359,13520000,9948.49,2024-08-29
SALE1264,Gurgaon Sector 56,Delhi NCR,INDEPENDENT_HOUSE,4,1940,27010000,13922.68,2024-01-09
SALE1265,Vasant Kunj,Delhi NCR,APARTMENT,5,2800,56620000,20221.43,2026-01-19
SALE1266,Ghaziabad Vasundhara,Delhi NCR,BUILDER_FLOOR,2,1278,8200000,6416.28,2025-08-30
SALE1267,North Delhi,Delhi NCR,INDEPENDENT_HOUSE,5,2465,32980000,13379.31,2025-05-21
SALE1268,Gurgaon Sector 56,Delhi NCR,APARTMENT,5,2375,32490000,13680.0,2026-07-07
SALE1269,Noida Sector 150,Delhi NCR,BUILDER_FLOOR,4,2792,34580000,12385.39,2025-07-06
SALE1270,Greater Noida,Delhi NCR,BUILDER_FLOOR,2,1424,8180000,5744.38,2023-07-29
SALE1271,Greater Noida Pari Chowk,Delhi NCR,APARTMENT,3,2097,14800000,7057.7,2026-01-01
SALE1272,Noida Sector 62,Delhi NCR,APARTMENT,2,1304,16430000,12599.69,2024-06-13
SALE1273,Hauz Khas,Delhi NCR,APARTMENT,2,1208,34230000,28336.09,2025-07-17
SALE1274,Golf Course Extension Road,Delhi NCR,BUILDER_FLOOR,3,1851,24600000,13290.11,2026-05-15
SALE1275,Faridabad Sector 15,Delhi NCR,INDEPENDENT_HOUSE,4,2156,18400000,8534.32,2023-12-15
SALE1276,Pitampura,Delhi NCR,INDEPENDENT_HOUSE,5,3155,46200000,14643.42,2023-11-24
SALE1277,Saket,Delhi NCR,BUILDER_FLOOR,1,685,13890000,20277.37,2023-11-15
SALE1278,North Delhi,Delhi NCR,INDEPENDENT_HOUSE,4,2972,34640000,11655.45,2025-03-18
SALE1279,Greater Noida,Delhi NCR,BUILDER_FLOOR,1,657,3660000,5570.78,2024-05-14
SALE1280,North Delhi,Delhi NCR,APARTMENT,5,3425,37660000,10995.62,2025-05-13
SALE1281,Sohna Road Gurgaon,Delhi NCR,APARTMENT,4,2016,16750000,8308.53,2025-09-14
SALE1282,Noida Sector 76,Delhi NCR,INDEPENDENT_HOUSE,1,652,7390000,11334.36,2024-02-29
SALE1283,East Delhi,Delhi NCR,APARTMENT,3,1608,13330000,8289.8,2025-06-15
SALE1284,Cyber City Gurgaon,Delhi NCR,INDEPENDENT_HOUSE,5,2745,59120000,21537.34,2024-05-05
SALE1285,West Delhi,Delhi NCR,BUILDER_FLOOR,2,1140,10540000,9245.61,2025-01-06
SALE1286,Central Delhi,Delhi NCR,APARTMENT,2,1056,29600000,28030.3,2026-04-08
SALE1287,Lajpat Nagar,Delhi NCR,APARTMENT,4,2748,56200000,20451.24,2026-02-02
SALE1288,Ghaziabad Indirapuram,Delhi NCR,INDEPENDENT_HOUSE,5,3075,30700000,9983.74,2023-10-30
SALE1289,North Delhi,Delhi NCR,APARTMENT,4,1936,19180000,9907.02,2024-10-27
SALE1290,Noida Sector 62,Delhi NCR,BUILDER_FLOOR,5,2390,25120000,10510.46,2024-05-19
SALE1291,Lajpat Nagar,Delhi NCR,BUILDER_FLOOR,4,2724,44580000,16365.64,2023-07-24
SALE1292,Sohna Road Gurgaon,Delhi NCR,BUILDER_FLOOR,1,496,4620000,9314.52,2025-11-12
SALE1293,Faridabad Sector 81,Delhi NCR,BUILDER_FLOOR,4,2988,19740000,6606.43,2025-06-18
SALE1294,Saket,Delhi NCR,BUILDER_FLOOR,5,2730,46510000,17036.63,2024-05-03
SALE1295,Ghaziabad Raj Nagar Extension,Delhi NCR,INDEPENDENT_HOUSE,2,962,6250000,6496.88,2025-10-10
SALE1296,East Delhi,Delhi NCR,INDEPENDENT_HOUSE,1,708,8430000,11906.78,2025-03-16
SALE1297,Saket,Delhi NCR,APARTMENT,4,2696,48880000,18130.56,2024-10-31
SALE1298,Gurgaon Sector 45,Delhi NCR,BUILDER_FLOOR,3,1782,21520000,12076.32,2023-07-31
SALE1299,East Delhi,Delhi NCR,INDEPENDENT_HOUSE,5,2380,29490000,12390.76,2023-10-11
SALE1300,East Delhi,Delhi NCR,APARTMENT,3,1494,14440000,9665.33,2026-03-14
SALE1301,Noida Extension,Delhi NCR,BUILDER_FLOOR,3,1578,11240000,7122.94,2026-04-06
SALE1302,Gurgaon Sector 56,Delhi NCR,BUILDER_FLOOR,3,1950,22530000,11553.85,2025-03-09
SALE1303,Gurgaon Golf Course Road,Delhi NCR,BUILDER_FLOOR,5,3210,93750000,29205.61,2026-01-20
SALE1304,East Delhi,Delhi NCR,APARTMENT,5,2485,24640000,9915.49,2025-04-19
SALE1305,Greater Noida Pari Chowk,Delhi NCR,INDEPENDENT_HOUSE,3,1377,11090000,8053.74,2023-12-30
SALE1306,Dwarka Sector 21,Delhi NCR,APARTMENT,3,2094,28510000,13615.09,2023-12-07
SALE1307,Golf Course Extension Road,Delhi NCR,APARTMENT,1,601,9950000,16555.74,2024-06-22
SALE1308,DLF Phase 5,Delhi NCR,INDEPENDENT_HOUSE,5,3595,89180000,24806.68,2026-04-01
SALE1309,East Delhi,Delhi NCR,INDEPENDENT_HOUSE,2,1284,13120000,10218.07,2025-12-09
SALE1310,Dwarka Sector 21,Delhi NCR,INDEPENDENT_HOUSE,5,2670,51250000,19194.76,2026-02-18
SALE1311,Saket,Delhi NCR,BUILDER_FLOOR,3,1713,35180000,20537.07,2026-04-01
SALE1312,Noida Sector 18,Delhi NCR,INDEPENDENT_HOUSE,4,2276,40010000,17579.09,2024-03-07
SALE1313,Noida Sector 62,Delhi NCR,BUILDER_FLOOR,2,1276,14790000,11590.91,2024-04-19
SALE1314,Ghaziabad Indirapuram,Delhi NCR,BUILDER_FLOOR,3,1935,14530000,7509.04,2023-11-10
SALE1315,Greater Noida,Delhi NCR,APARTMENT,2,1040,7520000,7230.77,2025-11-22
SALE1316,Hauz Khas,Delhi NCR,INDEPENDENT_HOUSE,4,2560,78060000,30492.19,2026-03-16
SALE1317,DLF Phase 5,Delhi NCR,INDEPENDENT_HOUSE,5,2565,69110000,26943.47,2024-10-08
SALE1318,Gurgaon Sector 45,Delhi NCR,BUILDER_FLOOR,4,2848,31830000,11176.26,2025-05-31
SALE1319,Greater Noida Pari Chowk,Delhi NCR,APARTMENT,2,1360,10620000,7808.82,2024-01-06
SALE1320,Vasant Kunj,Delhi NCR,BUILDER_FLOOR,1,652,13700000,21012.27,2026-05-05
SALE1321,Preet Vihar,Delhi NCR,BUILDER_FLOOR,1,641,7350000,11466.46,2026-02-22
SALE1322,North Delhi,Delhi NCR,APARTMENT,3,1572,14010000,8912.21,2026-06-24
SALE1323,Noida Sector 18,Delhi NCR,BUILDER_FLOOR,2,1380,19700000,14275.36,2025-12-25
SALE1324,South Delhi,Delhi NCR,APARTMENT,1,581,11690000,20120.48,2026-03-13
SALE1325,Gurgaon Sector 56,Delhi NCR,INDEPENDENT_HOUSE,5,3600,54870000,15241.67,2023-08-17
SALE1326,Noida Sector 18,Delhi NCR,APARTMENT,3,1536,19250000,12532.55,2025-10-05
SALE1327,Greater Noida,Delhi NCR,INDEPENDENT_HOUSE,5,3420,23180000,6777.78,2024-07-19
SALE1328,Faridabad Sector 15,Delhi NCR,INDEPENDENT_HOUSE,5,2290,22850000,9978.17,2026-05-06
SALE1329,Preet Vihar,Delhi NCR,INDEPENDENT_HOUSE,2,1198,17590000,14682.8,2025-12-16
SALE1330,West Delhi,Delhi NCR,APARTMENT,5,3315,31540000,9514.33,2026-02-22
SALE1331,Gurgaon Golf Course Road,Delhi NCR,INDEPENDENT_HOUSE,3,1452,55420000,38168.04,2025-12-25
SALE1332,Faridabad Sector 81,Delhi NCR,INDEPENDENT_HOUSE,5,2300,17350000,7543.48,2024-05-08
SALE1333,Ghaziabad Raj Nagar Extension,Delhi NCR,APARTMENT,4,2564,13060000,5093.6,2025-11-29
SALE1334,Vasant Kunj,Delhi NCR,BUILDER_FLOOR,1,626,12130000,19377.0,2023-11-16
SALE1335,DLF Phase 5,Delhi NCR,INDEPENDENT_HOUSE,3,1554,38640000,24864.86,2026-03-02
SALE1336,East Delhi,Delhi NCR,INDEPENDENT_HOUSE,2,1374,17920000,13042.21,2026-02-16
SALE1337,Ghaziabad Raj Nagar Extension,Delhi NCR,INDEPENDENT_HOUSE,2,1038,5950000,5732.18,2024-03-20
SALE1338,Ghaziabad Vasundhara,Delhi NCR,APARTMENT,3,1659,9740000,5871.01,2025-12-31
SALE1339,Rohini Sector 10,Delhi NCR,APARTMENT,3,1824,21990000,12055.92,2024-12-06
SALE1340,Ghaziabad Raj Nagar Extension,Delhi NCR,BUILDER_FLOOR,1,547,2820000,5155.39,2024-06-19
SALE1341,Hauz Khas,Delhi NCR,INDEPENDENT_HOUSE,3,1767,47040000,26621.39,2025-12-08
SALE1342,Sohna Road Gurgaon,Delhi NCR,BUILDER_FLOOR,4,2700,27180000,10066.67,2024-03-26
SALE1343,Noida Extension,Delhi NCR,BUILDER_FLOOR,2,1408,11170000,7933.24,2023-08-15
SALE1344,Sohna Road Gurgaon,Delhi NCR,INDEPENDENT_HOUSE,3,1476,17030000,11537.94,2024-02-17
SALE1345,Gurgaon Golf Course Road,Delhi NCR,BUILDER_FLOOR,5,2710,76920000,28383.76,2024-07-14
SALE1346,North Delhi,Delhi NCR,APARTMENT,1,617,6470000,10486.22,2026-02-22
SALE1347,Noida Sector 62,Delhi NCR,BUILDER_FLOOR,5,3340,33070000,9901.2,2026-06-14
SALE1348,Ghaziabad Indirapuram,Delhi NCR,BUILDER_FLOOR,4,1884,15090000,8009.55,2024-05-21
SALE1349,West Delhi,Delhi NCR,INDEPENDENT_HOUSE,4,2360,30980000,13127.12,2025-06-23
SALE1350,Hauz Khas,Delhi NCR,APARTMENT,4,2544,63850000,25098.27,2024-10-01
SALE1351,Gurgaon Sector 45,Delhi NCR,APARTMENT,2,1348,14500000,10756.68,2026-06-30
SALE1352,Lajpat Nagar,Delhi NCR,APARTMENT,3,1905,34920000,18330.71,2025-02-27
SALE1353,Saket,Delhi NCR,INDEPENDENT_HOUSE,2,1360,33330000,24507.35,2026-05-15
SALE1354,Sohna Road Gurgaon,Delhi NCR,BUILDER_FLOOR,1,743,5960000,8021.53,2023-11-24
SALE1355,Sohna Road Gurgaon,Delhi NCR,BUILDER_FLOOR,3,1776,14780000,8322.07,2026-06-18
SALE1356,Cyber City Gurgaon,Delhi NCR,APARTMENT,2,1410,22680000,16085.11,2024-02-01
SALE1357,Cyber City Gurgaon,Delhi NCR,BUILDER_FLOOR,3,2034,29760000,14631.27,2026-06-09
SALE1358,Noida Sector 18,Delhi NCR,INDEPENDENT_HOUSE,4,2208,34070000,15430.25,2024-05-06
SALE1359,Lajpat Nagar,Delhi NCR,BUILDER_FLOOR,2,1354,29560000,21831.61,2023-11-16
SALE1360,North Delhi,Delhi NCR,INDEPENDENT_HOUSE,3,1449,17650000,12180.81,2024-11-08
SALE1361,Noida Sector 18,Delhi NCR,BUILDER_FLOOR,2,1078,17010000,15779.22,2025-09-26
SALE1362,Faridabad Sector 81,Delhi NCR,APARTMENT,1,552,3900000,7065.22,2024-06-28
SALE1363,Preet Vihar,Delhi NCR,BUILDER_FLOOR,1,634,8050000,12697.16,2025-05-15
SALE1364,Sohna Road Gurgaon,Delhi NCR,BUILDER_FLOOR,5,2580,24000000,9302.33,2025-01-31
SALE1365,Gurgaon Golf Course Road,Delhi NCR,APARTMENT,3,1959,63070000,32195.0,2024-09-15
SALE1366,Ghaziabad Raj Nagar Extension,Delhi NCR,INDEPENDENT_HOUSE,4,2636,19090000,7242.03,2025-04-12
SALE1367,Lajpat Nagar,Delhi NCR,APARTMENT,3,1461,27340000,18713.21,2024-04-25
SALE1368,Faridabad Neharpar,Delhi NCR,BUILDER_FLOOR,2,1464,7630000,5211.75,2025-09-04
SALE1369,Dwarka Sector 21,Delhi NCR,APARTMENT,4,2828,47650000,16849.36,2023-07-22
SALE1370,Hauz Khas,Delhi NCR,APARTMENT,5,2640,62120000,23530.3,2026-04-30
SALE1371,Gurgaon Sector 45,Delhi NCR,BUILDER_FLOOR,2,1254,17780000,14178.63,2025-03-02
SALE1372,Faridabad Neharpar,Delhi NCR,BUILDER_FLOOR,1,578,2630000,4550.17,2025-09-16
SALE1373,Noida Sector 150,Delhi NCR,APARTMENT,3,2169,22850000,10534.81,2025-10-11
SALE1374,Gurgaon Sector 45,Delhi NCR,INDEPENDENT_HOUSE,5,2640,35690000,13518.94,2025-07-25
SALE1375,East Delhi,Delhi NCR,INDEPENDENT_HOUSE,1,464,4630000,9978.45,2024-08-23
SALE1376,Central Delhi,Delhi NCR,INDEPENDENT_HOUSE,2,1484,45140000,30417.79,2023-10-05
SALE1377,Vasant Kunj,Delhi NCR,BUILDER_FLOOR,5,2990,65460000,21892.98,2025-07-18
SALE1378,Noida Sector 62,Delhi NCR,BUILDER_FLOOR,2,1314,13580000,10334.86,2024-07-16
SALE1379,Lajpat Nagar,Delhi NCR,INDEPENDENT_HOUSE,1,530,11870000,22396.23,2024-06-29
SALE1380,Ghaziabad Raj Nagar Extension,Delhi NCR,BUILDER_FLOOR,2,1248,7080000,5673.08,2026-02-04
SALE1381,North Delhi,Delhi NCR,INDEPENDENT_HOUSE,3,1878,25750000,13711.4,2025-09-16
SALE1382,Golf Course Extension Road,Delhi NCR,BUILDER_FLOOR,5,3685,48740000,13226.59,2024-06-14
SALE1383,Preet Vihar,Delhi NCR,BUILDER_FLOOR,1,586,7210000,12303.75,2024-06-23
SALE1384,Gurgaon Sector 56,Delhi NCR,APARTMENT,1,598,8810000,14732.44,2024-10-10
SALE1385,Greater Noida,Delhi NCR,APARTMENT,2,1234,9060000,7341.98,2024-10-04
SALE1386,North Delhi,Delhi NCR,APARTMENT,2,1410,16200000,11489.36,2024-06-09
SALE1387,Ghaziabad Vasundhara,Delhi NCR,BUILDER_FLOOR,3,2112,12310000,5828.6,2023-12-07
SALE1388,Noida Sector 76,Delhi NCR,INDEPENDENT_HOUSE,4,2292,21380000,9328.1,2024-10-23
SALE1389,West Delhi,Delhi NCR,APARTMENT,1,594,6230000,10488.22,2026-05-16
SALE1390,Ghaziabad Raj Nagar Extension,Delhi NCR,BUILDER_FLOOR,5,2270,13790000,6074.89,2025-08-01
SALE1391,Greater Noida Pari Chowk,Delhi NCR,APARTMENT,3,1911,14440000,7556.25,2026-04-05
SALE1392,Sohna Road Gurgaon,Delhi NCR,APARTMENT,4,1904,17500000,9191.18,2025-05-25
SALE1393,Rohini Sector 10,Delhi NCR,BUILDER_FLOOR,5,2985,31240000,10465.66,2024-06-14
SALE1394,Faridabad Sector 81,Delhi NCR,BUILDER_FLOOR,5,2965,21150000,7133.22,2025-03-12
SALE1395,Cyber City Gurgaon,Delhi NCR,APARTMENT,1,651,10020000,15391.71,2023-07-21
SALE1396,East Delhi,Delhi NCR,INDEPENDENT_HOUSE,3,1569,16270000,10369.66,2024-05-30
SALE1397,Faridabad Sector 81,Delhi NCR,BUILDER_FLOOR,5,2350,13190000,5612.77,2024-11-03
SALE1398,Golf Course Extension Road,Delhi NCR,INDEPENDENT_HOUSE,3,2076,37580000,18102.12,2025-04-16
SALE1399,Gurgaon Sector 56,Delhi NCR,INDEPENDENT_HOUSE,5,2605,38540000,14794.63,2025-07-07
SALE1400,North Delhi,Delhi NCR,APARTMENT,4,2412,24800000,10281.92,2024-12-11
SALE1401,Faridabad Sector 81,Delhi NCR,INDEPENDENT_HOUSE,5,3500,29010000,8288.57,2024-11-16
SALE1402,Noida Sector 62,Delhi NCR,BUILDER_FLOOR,1,638,6660000,10438.87,2024-03-11
SALE1403,Cyber City Gurgaon,Delhi NCR,BUILDER_FLOOR,5,3035,52880000,17423.39,2024-12-20
SALE1404,Vasant Kunj,Delhi NCR,INDEPENDENT_HOUSE,4,2340,67230000,28730.77,2026-04-03
SALE1405,Pitampura,Delhi NCR,INDEPENDENT_HOUSE,1,748,12490000,16697.86,2025-12-09
SALE1406,Faridabad Neharpar,Delhi NCR,INDEPENDENT_HOUSE,5,3220,17280000,5366.46,2024-01-22
SALE1407,Preet Vihar,Delhi NCR,APARTMENT,5,2530,28690000,11339.92,2023-10-21
SALE1408,Ghaziabad Indirapuram,Delhi NCR,BUILDER_FLOOR,4,2108,15400000,7305.5,2025-02-04
SALE1409,Janakpuri,Delhi NCR,BUILDER_FLOOR,5,3455,51860000,15010.13,2025-06-13
SALE1410,Hauz Khas,Delhi NCR,INDEPENDENT_HOUSE,2,1430,39130000,27363.64,2024-07-22
SALE1411,North Delhi,Delhi NCR,INDEPENDENT_HOUSE,4,2876,33240000,11557.72,2026-01-02
SALE1412,Dwarka Sector 21,Delhi NCR,BUILDER_FLOOR,5,3125,47530000,15209.6,2025-10-21
SALE1413,Central Delhi,Delhi NCR,INDEPENDENT_HOUSE,4,2192,77770000,35479.01,2025-07-27
SALE1414,Noida Sector 150,Delhi NCR,INDEPENDENT_HOUSE,3,1695,27640000,16306.78,2024-03-23
SALE1415,Noida Sector 62,Delhi NCR,BUILDER_FLOOR,2,1400,14550000,10392.86,2024-02-24
SALE1416,West Delhi,Delhi NCR,INDEPENDENT_HOUSE,3,1791,20010000,11172.53,2023-08-16
SALE1417,Noida Extension,Delhi NCR,BUILDER_FLOOR,3,1572,11050000,7029.26,2024-04-14
SALE1418,Noida Sector 18,Delhi NCR,INDEPENDENT_HOUSE,1,627,12300000,19617.22,2024-12-22
SALE1419,Central Delhi,Delhi NCR,INDEPENDENT_HOUSE,4,2236,63530000,28412.34,2026-02-06
SALE1420,Noida Sector 150,Delhi NCR,INDEPENDENT_HOUSE,3,1560,19830000,12711.54,2023-10-08
SALE1421,Preet Vihar,Delhi NCR,APARTMENT,1,721,8270000,11470.18,2024-10-17
SALE1422,Pitampura,Delhi NCR,APARTMENT,1,661,8780000,13282.9,2025-06-10
SALE1423,Ghaziabad Raj Nagar Extension,Delhi NCR,APARTMENT,2,904,5660000,6261.06,2024-02-19
SALE1424,Gurgaon Sector 45,Delhi NCR,BUILDER_FLOOR,4,2776,36270000,13065.56,2025-08-22
SALE1425,Noida Sector 18,Delhi NCR,BUILDER_FLOOR,3,1440,23440000,16277.78,2025-01-12
SALE1426,Gurgaon Golf Course Road,Delhi NCR,INDEPENDENT_HOUSE,5,2840,96430000,33954.23,2024-04-13
SALE1427,Saket,Delhi NCR,APARTMENT,4,2160,43940000,20342.59,2025-07-09
SALE1428,Saket,Delhi NCR,BUILDER_FLOOR,4,2180,44380000,20357.8,2023-07-27
SALE1429,Noida Sector 18,Delhi NCR,APARTMENT,1,602,8910000,14800.66,2025-10-21
SALE1430,DLF Phase 5,Delhi NCR,BUILDER_FLOOR,3,2046,56310000,27521.99,2025-11-10
SALE1431,Faridabad Neharpar,Delhi NCR,BUILDER_FLOOR,2,1416,7010000,4950.56,2023-11-14
SALE1432,Rohini Sector 10,Delhi NCR,APARTMENT,3,1599,20520000,12833.02,2024-10-28
SALE1433,Central Delhi,Delhi NCR,INDEPENDENT_HOUSE,2,914,30540000,33413.57,2024-01-29
SALE1434,Noida Sector 18,Delhi NCR,INDEPENDENT_HOUSE,2,1078,19380000,17977.74,2026-06-04
SALE1435,Noida Sector 76,Delhi NCR,BUILDER_FLOOR,5,3085,22970000,7445.71,2025-02-07
SALE1436,DLF Phase 5,Delhi NCR,APARTMENT,2,1388,31550000,22730.55,2023-09-14
SALE1437,Preet Vihar,Delhi NCR,APARTMENT,3,1938,22300000,11506.71,2024-04-19
SALE1438,Noida Sector 150,Delhi NCR,BUILDER_FLOOR,3,2244,28730000,12803.03,2026-02-04
SALE1439,South Delhi,Delhi NCR,BUILDER_FLOOR,3,1710,32680000,19111.11,2024-12-02
SALE1440,Cyber City Gurgaon,Delhi NCR,BUILDER_FLOOR,3,1593,24760000,15543.0,2025-12-15
SALE1441,Faridabad Sector 81,Delhi NCR,INDEPENDENT_HOUSE,3,1530,12430000,8124.18,2025-07-21
SALE1442,Noida Sector 18,Delhi NCR,BUILDER_FLOOR,5,2815,37380000,13278.86,2026-07-07
SALE1443,Golf Course Extension Road,Delhi NCR,BUILDER_FLOOR,2,1364,21980000,16114.37,2025-05-03
SALE1444,Sohna Road Gurgaon,Delhi NCR,BUILDER_FLOOR,5,3455,33500000,9696.09,2026-05-27
SALE1445,Janakpuri,Delhi NCR,APARTMENT,5,2455,33400000,13604.89,2026-03-24
SALE1446,Faridabad Neharpar,Delhi NCR,INDEPENDENT_HOUSE,3,1467,9900000,6748.47,2025-05-22
SALE1447,Cyber City Gurgaon,Delhi NCR,APARTMENT,5,3540,51580000,14570.62,2025-09-16
SALE1448,Gurgaon Sector 56,Delhi NCR,APARTMENT,3,2148,27440000,12774.67,2025-01-24
SALE1449,Janakpuri,Delhi NCR,INDEPENDENT_HOUSE,5,3500,49740000,14211.43,2026-01-16
SALE1450,Faridabad Sector 81,Delhi NCR,BUILDER_FLOOR,1,682,3940000,5777.13,2025-03-12
SALE1451,Greater Noida,Delhi NCR,BUILDER_FLOOR,5,2395,15840000,6613.78,2026-03-30
SALE1452,Noida Sector 62,Delhi NCR,INDEPENDENT_HOUSE,1,652,7970000,12223.93,2025-10-13
SALE1453,South Delhi,Delhi NCR,INDEPENDENT_HOUSE,2,1492,34340000,23016.09,2024-12-22
SALE1454,Greater Noida Pari Chowk,Delhi NCR,BUILDER_FLOOR,1,727,5840000,8033.01,2024-04-30
SALE1455,Lajpat Nagar,Delhi NCR,BUILDER_FLOOR,1,596,11010000,18473.15,2024-04-16
SALE1456,Golf Course Extension Road,Delhi NCR,INDEPENDENT_HOUSE,4,2564,52980000,20663.03,2025-06-18
SALE1457,Noida Extension,Delhi NCR,BUILDER_FLOOR,4,2568,16830000,6553.74,2025-11-06
SALE1458,Golf Course Extension Road,Delhi NCR,INDEPENDENT_HOUSE,3,1530,24880000,16261.44,2025-02-11
SALE1459,Noida Sector 76,Delhi NCR,INDEPENDENT_HOUSE,2,1128,12660000,11223.4,2025-06-06
SALE1460,Vasant Kunj,Delhi NCR,BUILDER_FLOOR,4,2912,59760000,20521.98,2024-05-16
SALE1461,Noida Extension,Delhi NCR,APARTMENT,2,1370,9800000,7153.28,2023-10-13
SALE1462,Noida Sector 150,Delhi NCR,APARTMENT,1,466,6110000,13111.59,2024-05-29
SALE1463,Greater Noida,Delhi NCR,INDEPENDENT_HOUSE,1,573,4080000,7120.42,2024-05-13
SALE1464,DLF Phase 5,Delhi NCR,INDEPENDENT_HOUSE,1,678,20100000,29646.02,2024-07-05
SALE1465,Hauz Khas,Delhi NCR,APARTMENT,1,655,16080000,24549.62,2025-03-04
SALE1466,Janakpuri,Delhi NCR,APARTMENT,2,1414,21920000,15502.12,2023-12-19
SALE1467,Pitampura,Delhi NCR,INDEPENDENT_HOUSE,5,3065,52690000,17190.86,2024-03-30
SALE1468,North Delhi,Delhi NCR,APARTMENT,3,1569,17980000,11459.53,2025-08-19
SALE1469,Faridabad Neharpar,Delhi NCR,APARTMENT,4,2412,11250000,4664.18,2025-09-02
SALE1470,Dwarka Sector 21,Delhi NCR,INDEPENDENT_HOUSE,4,2936,52780000,17976.84,2023-09-29
SALE1471,West Delhi,Delhi NCR,INDEPENDENT_HOUSE,4,2872,34220000,11915.04,2024-10-09
SALE1472,Greater Noida,Delhi NCR,BUILDER_FLOOR,2,1206,7550000,6260.36,2025-03-06
SALE1473,Ghaziabad Raj Nagar Extension,Delhi NCR,APARTMENT,2,1206,7340000,6086.24,2024-10-18
SALE1474,Gurgaon Sector 56,Delhi NCR,BUILDER_FLOOR,1,737,9330000,12659.43,2024-03-03
SALE1475,Greater Noida,Delhi NCR,INDEPENDENT_HOUSE,5,2590,19530000,7540.54,2024-10-23
SALE1476,Central Delhi,Delhi NCR,APARTMENT,3,1470,43060000,29292.52,2026-04-07
SALE1477,Sohna Road Gurgaon,Delhi NCR,APARTMENT,5,2735,21300000,7787.93,2025-04-21
SALE1478,Noida Extension,Delhi NCR,INDEPENDENT_HOUSE,5,2350,23520000,10008.51,2025-08-21
SALE1479,Rohini Sector 10,Delhi NCR,INDEPENDENT_HOUSE,5,2805,40140000,14310.16,2026-02-13
SALE1480,East Delhi,Delhi NCR,BUILDER_FLOOR,1,558,6000000,10752.69,2025-11-06
SALE1481,Cyber City Gurgaon,Delhi NCR,INDEPENDENT_HOUSE,4,2296,46670000,20326.66,2024-09-09
SALE1482,Janakpuri,Delhi NCR,BUILDER_FLOOR,2,1464,18710000,12780.05,2023-07-27
SALE1483,Noida Sector 18,Delhi NCR,BUILDER_FLOOR,4,2892,43800000,15145.23,2024-08-09
SALE1484,Noida Sector 62,Delhi NCR,BUILDER_FLOOR,3,2136,26190000,12261.24,2025-10-23
SALE1485,Ghaziabad Vasundhara,Delhi NCR,APARTMENT,4,2452,18750000,7646.82,2026-02-10
SALE1486,Sohna Road Gurgaon,Delhi NCR,BUILDER_FLOOR,4,1892,17350000,9170.19,2026-05-30
SALE1487,Pitampura,Delhi NCR,INDEPENDENT_HOUSE,2,916,14280000,15589.52,2024-10-22
SALE1488,Greater Noida,Delhi NCR,BUILDER_FLOOR,2,1100,6790000,6172.73,2025-10-17
SALE1489,Noida Extension,Delhi NCR,INDEPENDENT_HOUSE,2,1410,12880000,9134.75,2025-03-10
SALE1490,East Delhi,Delhi NCR,BUILDER_FLOOR,4,2804,26320000,9386.59,2025-05-12
SALE1491,West Delhi,Delhi NCR,APARTMENT,2,1458,15260000,10466.39,2024-03-18
SALE1492,Hauz Khas,Delhi NCR,INDEPENDENT_HOUSE,1,488,16600000,34016.39,2024-03-17
SALE1493,Hauz Khas,Delhi NCR,APARTMENT,4,2080,57340000,27567.31,2024-11-09
SALE1494,Pitampura,Delhi NCR,APARTMENT,2,908,11640000,12819.38,2023-08-21
SALE1495,Ghaziabad Vasundhara,Delhi NCR,BUILDER_FLOOR,1,697,4970000,7130.56,2024-07-23
SALE1496,Vasant Kunj,Delhi NCR,APARTMENT,5,3660,74820000,20442.62,2025-08-03
SALE1497,Vasant Kunj,Delhi NCR,INDEPENDENT_HOUSE,3,2172,62570000,28807.55,2024-10-06
SALE1498,Vasant Kunj,Delhi NCR,INDEPENDENT_HOUSE,4,2164,48100000,22227.36,2024-01-17
SALE1499,DLF Phase 5,Delhi NCR,INDEPENDENT_HOUSE,2,1146,29950000,26134.38,2024-12-14
SALE1500,Faridabad Neharpar,Delhi NCR,BUILDER_FLOOR,3,1758,9570000,5443.69,2023-12-07
SALE1501,Gurgaon Golf Course Road,Delhi NCR,BUILDER_FLOOR,4,2740,78220000,28547.45,2025-06-01
SALE1502,Pitampura,Delhi NCR,BUILDER_FLOOR,1,466,5730000,12296.14,2023-08-19
SALE1503,Noida Extension,Delhi NCR,BUILDER_FLOOR,5,3465,22530000,6502.16,2024-09-24
SALE1504,South Delhi,Delhi NCR,INDEPENDENT_HOUSE,2,984,25980000,26402.44,2025-03-30
SALE1505,Greater Noida Pari Chowk,Delhi NCR,INDEPENDENT_HOUSE,3,2217,21290000,9603.07,2023-08-19
SALE1506,DLF Phase 5,Delhi NCR,INDEPENDENT_HOUSE,1,567,14920000,26313.93,2025-06-24
SALE1507,Ghaziabad Raj Nagar Extension,Delhi NCR,BUILDER_FLOOR,1,488,2830000,5799.18,2023-12-16
SALE1508,Noida Sector 150,Delhi NCR,INDEPENDENT_HOUSE,5,2330,30320000,13012.88,2024-12-08
SALE1509,North Delhi,Delhi NCR,APARTMENT,2,1500,13400000,8933.33,2023-09-14
SALE1510,Noida Sector 76,Delhi NCR,APARTMENT,3,1599,13850000,8661.66,2024-09-08
SALE1511,Noida Extension,Delhi NCR,INDEPENDENT_HOUSE,5,3095,26880000,8684.98,2024-03-08
SALE1512,Golf Course Extension Road,Delhi NCR,INDEPENDENT_HOUSE,1,706,13640000,19320.11,2024-07-13
SALE1513,West Delhi,Delhi NCR,APARTMENT,1,673,6500000,9658.25,2025-11-01
SALE1514,Lajpat Nagar,Delhi NCR,BUILDER_FLOOR,5,3265,70760000,21672.28,2024-09-08
SALE1515,North Delhi,Delhi NCR,APARTMENT,3,2040,20340000,9970.59,2025-10-22
SALE1516,West Delhi,Delhi NCR,INDEPENDENT_HOUSE,4,2684,30630000,11412.07,2026-01-17
SALE1517,Noida Extension,Delhi NCR,APARTMENT,5,3005,24550000,8169.72,2024-04-22
SALE1518,Lajpat Nagar,Delhi NCR,APARTMENT,3,1584,29010000,18314.39,2023-10-18
SALE1519,Gurgaon Sector 56,Delhi NCR,INDEPENDENT_HOUSE,4,2448,36590000,14946.9,2023-08-11
SALE1520,Gurgaon Golf Course Road,Delhi NCR,APARTMENT,3,2031,54480000,26824.22,2025-03-03
SALE1521,Noida Sector 150,Delhi NCR,APARTMENT,2,988,10740000,10870.45,2026-07-20
SALE1522,Ghaziabad Indirapuram,Delhi NCR,INDEPENDENT_HOUSE,5,3560,31160000,8752.81,2024-08-07
SALE1523,Vasant Kunj,Delhi NCR,APARTMENT,3,2199,40540000,18435.65,2025-07-02
SALE1524,North Delhi,Delhi NCR,BUILDER_FLOOR,1,599,5840000,9749.58,2025-11-23
SALE1525,Gurgaon Golf Course Road,Delhi NCR,INDEPENDENT_HOUSE,5,2870,98510000,34324.04,2025-07-04
SALE1526,Gurgaon Sector 45,Delhi NCR,INDEPENDENT_HOUSE,4,2144,28680000,13376.87,2025-10-24
SALE1527,Noida Sector 62,Delhi NCR,BUILDER_FLOOR,4,2096,20040000,9561.07,2026-05-26
SALE1528,Greater Noida Pari Chowk,Delhi NCR,BUILDER_FLOOR,4,2412,16800000,6965.17,2024-02-24
SALE1529,Lajpat Nagar,Delhi NCR,BUILDER_FLOOR,3,1728,35010000,20260.42,2023-08-12
SALE1530,Faridabad Sector 15,Delhi NCR,INDEPENDENT_HOUSE,5,2750,26070000,9480.0,2024-01-04
SALE1531,Golf Course Extension Road,Delhi NCR,BUILDER_FLOOR,1,652,9290000,14248.47,2023-12-06
SALE1532,Noida Extension,Delhi NCR,BUILDER_FLOOR,4,2484,18240000,7343.0,2025-07-23
SALE1533,Golf Course Extension Road,Delhi NCR,BUILDER_FLOOR,3,1656,24680000,14903.38,2025-03-30
SALE1534,Dwarka Sector 21,Delhi NCR,BUILDER_FLOOR,3,1797,28850000,16054.54,2024-03-15
SALE1535,Faridabad Sector 15,Delhi NCR,INDEPENDENT_HOUSE,2,1232,11390000,9245.13,2025-08-25
SALE1536,Noida Sector 76,Delhi NCR,BUILDER_FLOOR,1,738,5710000,7737.13,2025-11-07
SALE1537,Dwarka Sector 21,Delhi NCR,INDEPENDENT_HOUSE,5,2315,47330000,20444.92,2024-01-20
SALE1538,Ghaziabad Vasundhara,Delhi NCR,INDEPENDENT_HOUSE,2,1348,11980000,8887.24,2025-05-16
SALE1539,Lajpat Nagar,Delhi NCR,BUILDER_FLOOR,4,2084,41180000,19760.08,2025-10-17
SALE1540,Preet Vihar,Delhi NCR,BUILDER_FLOOR,2,1332,18090000,13581.08,2023-11-23
SALE1541,Lajpat Nagar,Delhi NCR,BUILDER_FLOOR,5,3475,67650000,19467.63,2026-01-03
SALE1542,Faridabad Sector 81,Delhi NCR,INDEPENDENT_HOUSE,4,2912,19560000,6717.03,2026-06-12
SALE1543,Sohna Road Gurgaon,Delhi NCR,INDEPENDENT_HOUSE,5,2465,23500000,9533.47,2023-11-16
SALE1544,Preet Vihar,Delhi NCR,INDEPENDENT_HOUSE,3,1605,25140000,15663.55,2023-08-18
SALE1545,Saket,Delhi NCR,INDEPENDENT_HOUSE,4,2476,60950000,24616.32,2024-06-26
SALE1546,Greater Noida Pari Chowk,Delhi NCR,APARTMENT,1,500,3250000,6500.0,2025-08-01
SALE1547,Faridabad Sector 81,Delhi NCR,INDEPENDENT_HOUSE,5,3675,29360000,7989.12,2026-06-05
SALE1548,Pitampura,Delhi NCR,BUILDER_FLOOR,3,1950,27000000,13846.15,2024-09-27
SALE1549,Faridabad Sector 81,Delhi NCR,APARTMENT,3,1386,8960000,6464.65,2025-09-11
SALE1550,Noida Sector 18,Delhi NCR,BUILDER_FLOOR,1,509,8110000,15933.2,2023-10-12
SALE1551,Gurgaon Sector 56,Delhi NCR,BUILDER_FLOOR,3,1875,24050000,12826.67,2025-08-15
SALE1552,Janakpuri,Delhi NCR,INDEPENDENT_HOUSE,4,2512,40400000,16082.8,2025-06-07
SALE1553,Ghaziabad Indirapuram,Delhi NCR,INDEPENDENT_HOUSE,4,2452,19200000,7830.34,2023-11-09
SALE1554,Saket,Delhi NCR,INDEPENDENT_HOUSE,1,461,11000000,23861.17,2025-11-13
SALE1555,DLF Phase 5,Delhi NCR,INDEPENDENT_HOUSE,2,1148,33220000,28937.28,2026-02-06
SALE1556,Gurgaon Sector 45,Delhi NCR,BUILDER_FLOOR,5,3340,47490000,14218.56,2025-05-09
SALE1557,Pitampura,Delhi NCR,BUILDER_FLOOR,2,1090,15900000,14587.16,2023-11-30
SALE1558,Greater Noida Pari Chowk,Delhi NCR,BUILDER_FLOOR,1,551,3800000,6896.55,2026-07-03
SALE1559,Greater Noida Pari Chowk,Delhi NCR,BUILDER_FLOOR,1,559,3570000,6386.4,2025-11-24
SALE1560,Lajpat Nagar,Delhi NCR,INDEPENDENT_HOUSE,1,724,14960000,20662.98,2024-08-04
SALE1561,North Delhi,Delhi NCR,APARTMENT,4,2032,18870000,9286.42,2024-11-01
SALE1562,Faridabad Sector 15,Delhi NCR,INDEPENDENT_HOUSE,3,1944,19290000,9922.84,2024-08-30
SALE1563,Cyber City Gurgaon,Delhi NCR,BUILDER_FLOOR,3,2052,33990000,16564.33,2025-01-25
SALE1564,Noida Sector 62,Delhi NCR,INDEPENDENT_HOUSE,5,2465,34220000,13882.35,2024-07-28
SALE1565,North Delhi,Delhi NCR,APARTMENT,2,1212,10730000,8853.14,2026-02-06
SALE1566,Sohna Road Gurgaon,Delhi NCR,INDEPENDENT_HOUSE,2,1422,14840000,10436.01,2026-01-07
SALE1567,Golf Course Extension Road,Delhi NCR,INDEPENDENT_HOUSE,4,2664,43430000,16302.55,2023-11-13
SALE1568,Dwarka Sector 21,Delhi NCR,INDEPENDENT_HOUSE,2,1400,23600000,16857.14,2026-06-08
SALE1569,Dwarka Sector 21,Delhi NCR,BUILDER_FLOOR,4,1908,31760000,16645.7,2025-06-16
SALE1570,South Delhi,Delhi NCR,BUILDER_FLOOR,2,1098,26440000,24080.15,2026-01-14
SALE1571,Faridabad Sector 81,Delhi NCR,INDEPENDENT_HOUSE,4,2636,21700000,8232.17,2025-09-03
SALE1572,Greater Noida,Delhi NCR,INDEPENDENT_HOUSE,4,2800,19660000,7021.43,2024-11-09
SALE1573,Vasant Kunj,Delhi NCR,APARTMENT,3,1398,27380000,19585.12,2025-10-02
SALE1574,Noida Sector 18,Delhi NCR,APARTMENT,4,2956,45980000,15554.8,2026-06-13
SALE1575,Faridabad Sector 15,Delhi NCR,INDEPENDENT_HOUSE,5,2535,24870000,9810.65,2024-05-12
SALE1576,Noida Sector 150,Delhi NCR,INDEPENDENT_HOUSE,3,2181,34450000,15795.51,2025-12-22
SALE1577,Saket,Delhi NCR,INDEPENDENT_HOUSE,4,2916,57670000,19777.09,2025-03-01
SALE1578,Greater Noida Pari Chowk,Delhi NCR,APARTMENT,2,1204,9380000,7790.7,2024-12-31
SALE1579,Saket,Delhi NCR,BUILDER_FLOOR,3,1884,37600000,19957.54,2024-11-09
SALE1580,Gurgaon Golf Course Road,Delhi NCR,BUILDER_FLOOR,1,571,14600000,25569.18,2025-09-29
SALE1581,West Delhi,Delhi NCR,INDEPENDENT_HOUSE,5,3345,37920000,11336.32,2024-05-10
SALE1582,Golf Course Extension Road,Delhi NCR,APARTMENT,2,960,14700000,15312.5,2026-02-08
SALE1583,Noida Sector 150,Delhi NCR,INDEPENDENT_HOUSE,5,2680,36550000,13638.06,2026-01-16
SALE1584,Noida Sector 18,Delhi NCR,BUILDER_FLOOR,5,2930,48250000,16467.58,2023-10-23
SALE1585,Faridabad Sector 81,Delhi NCR,INDEPENDENT_HOUSE,1,519,4610000,8882.47,2026-03-13
SALE1586,Greater Noida,Delhi NCR,APARTMENT,3,1542,10630000,6893.64,2024-04-13
SALE1587,Golf Course Extension Road,Delhi NCR,APARTMENT,2,1228,20240000,16482.08,2024-12-11
SALE1588,Noida Sector 76,Delhi NCR,BUILDER_FLOOR,2,1490,13170000,8838.93,2025-05-19
SALE1589,Greater Noida,Delhi NCR,BUILDER_FLOOR,4,1952,13200000,6762.3,2024-09-08
SALE1590,Gurgaon Golf Course Road,Delhi NCR,BUILDER_FLOOR,5,2960,87720000,29635.14,2023-08-21
SALE1591,Sohna Road Gurgaon,Delhi NCR,BUILDER_FLOOR,4,2468,22760000,9222.04,2026-02-07
SALE1592,Gurgaon Golf Course Road,Delhi NCR,INDEPENDENT_HOUSE,4,2532,94010000,37128.75,2024-02-05
SALE1593,Noida Sector 76,Delhi NCR,APARTMENT,4,2232,18940000,8485.66,2024-03-09
SALE1594,North Delhi,Delhi NCR,BUILDER_FLOOR,3,2190,22410000,10232.88,2025-12-11
SALE1595,Faridabad Sector 15,Delhi NCR,BUILDER_FLOOR,1,473,3330000,7040.17,2024-07-28
SALE1596,Ghaziabad Vasundhara,Delhi NCR,APARTMENT,1,530,3540000,6679.25,2026-03-11
SALE1597,South Delhi,Delhi NCR,BUILDER_FLOOR,2,1034,25360000,24526.11,2025-08-27
SALE1598,Noida Sector 62,Delhi NCR,APARTMENT,3,1491,17160000,11509.05,2024-05-18
SALE1599,Central Delhi,Delhi NCR,APARTMENT,3,1602,36050000,22503.12,2023-08-01
SALE1600,Noida Sector 62,Delhi NCR,INDEPENDENT_HOUSE,2,1338,18490000,13819.13,2026-05-25
SALE1601,DLF Phase 5,Delhi NCR,APARTMENT,2,1388,29090000,20958.21,2023-10-22
SALE1602,Pitampura,Delhi NCR,INDEPENDENT_HOUSE,4,1816,26010000,14322.69,2025-09-17
SALE1603,East Delhi,Delhi NCR,APARTMENT,4,2068,19510000,9434.24,2025-01-06
SALE1604,Pitampura,Delhi NCR,BUILDER_FLOOR,1,502,6190000,12330.68,2025-10-28
SALE1605,Sohna Road Gurgaon,Delhi NCR,BUILDER_FLOOR,2,1290,12560000,9736.43,2025-08-15
SALE1606,Golf Course Extension Road,Delhi NCR,INDEPENDENT_HOUSE,2,970,17620000,18164.95,2025-06-27
SALE1607,South Delhi,Delhi NCR,INDEPENDENT_HOUSE,2,1350,34050000,25222.22,2025-01-08
SALE1608,Janakpuri,Delhi NCR,INDEPENDENT_HOUSE,2,1320,22130000,16765.15,2025-12-06
SALE1609,Ghaziabad Indirapuram,Delhi NCR,APARTMENT,1,501,3350000,6686.63,2023-10-30
SALE1610,Cyber City Gurgaon,Delhi NCR,INDEPENDENT_HOUSE,4,2516,55020000,21868.04,2024-03-19
SALE1611,North Delhi,Delhi NCR,APARTMENT,2,1182,12330000,10431.47,2025-08-17
SALE1612,Preet Vihar,Delhi NCR,INDEPENDENT_HOUSE,5,2975,48360000,16255.46,2024-06-20
SALE1613,Vasant Kunj,Delhi NCR,INDEPENDENT_HOUSE,3,1665,42180000,25333.33,2025-04-18
SALE1614,Faridabad Sector 81,Delhi NCR,APARTMENT,4,2404,16310000,6784.53,2024-12-20
SALE1615,Preet Vihar,Delhi NCR,BUILDER_FLOOR,4,2028,23380000,11528.6,2025-02-21
SALE1616,Lajpat Nagar,Delhi NCR,INDEPENDENT_HOUSE,1,634,16340000,25772.87,2024-10-29
SALE1617,Golf Course Extension Road,Delhi NCR,BUILDER_FLOOR,5,3325,47860000,14393.98,2025-10-15
SALE1618,Dwarka Sector 21,Delhi NCR,BUILDER_FLOOR,1,458,7050000,15393.01,2024-07-17
SALE1619,South Delhi,Delhi NCR,BUILDER_FLOOR,2,940,23300000,24787.23,2025-08-29
SALE1620,Noida Sector 76,Delhi NCR,INDEPENDENT_HOUSE,3,2118,23330000,11015.11,2024-05-12
SALE1621,Greater Noida Pari Chowk,Delhi NCR,INDEPENDENT_HOUSE,4,1968,17230000,8755.08,2024-04-21
SALE1622,Gurgaon Sector 56,Delhi NCR,BUILDER_FLOOR,1,608,6910000,11365.13,2023-11-30
SALE1623,Janakpuri,Delhi NCR,APARTMENT,5,3085,40280000,13056.73,2024-02-17
SALE1624,Lajpat Nagar,Delhi NCR,BUILDER_FLOOR,4,2288,37710000,16481.64,2023-11-29
SALE1625,Gurgaon Golf Course Road,Delhi NCR,BUILDER_FLOOR,1,682,19740000,28944.28,2025-02-27
SALE1626,Hauz Khas,Delhi NCR,BUILDER_FLOOR,2,1022,21810000,21340.51,2025-11-02
SALE1627,Golf Course Extension Road,Delhi NCR,INDEPENDENT_HOUSE,1,533,9580000,17973.73,2024-02-08
SALE1628,West Delhi,Delhi NCR,INDEPENDENT_HOUSE,5,2910,33000000,11340.21,2024-03-14
SALE1629,Golf Course Extension Road,Delhi NCR,INDEPENDENT_HOUSE,3,1530,29780000,19464.05,2025-01-01
SALE1630,Vasant Kunj,Delhi NCR,BUILDER_FLOOR,4,2356,49830000,21150.25,2025-09-22
SALE1631,Central Delhi,Delhi NCR,INDEPENDENT_HOUSE,5,2445,76200000,31165.64,2026-06-25
SALE1632,Faridabad Sector 81,Delhi NCR,BUILDER_FLOOR,1,705,5080000,7205.67,2025-02-15
SALE1633,Gurgaon Sector 45,Delhi NCR,BUILDER_FLOOR,2,1160,15690000,13525.86,2024-05-26
SALE1634,Cyber City Gurgaon,Delhi NCR,APARTMENT,5,2255,31140000,13809.31,2023-11-08
SALE1635,South Delhi,Delhi NCR,APARTMENT,1,691,14580000,21099.86,2024-02-18
SALE1636,Gurgaon Sector 56,Delhi NCR,APARTMENT,1,733,10400000,14188.27,2024-03-26
SALE1637,Greater Noida,Delhi NCR,APARTMENT,3,1731,10970000,6337.38,2024-02-02
SALE1638,North Delhi,Delhi NCR,BUILDER_FLOOR,1,742,7140000,9622.64,2023-08-05
SALE1639,Faridabad Sector 81,Delhi NCR,INDEPENDENT_HOUSE,1,541,3870000,7153.42,2025-02-25
SALE1640,Faridabad Neharpar,Delhi NCR,APARTMENT,4,1940,10800000,5567.01,2024-05-16
SALE1641,Noida Sector 18,Delhi NCR,BUILDER_FLOOR,3,1482,21830000,14730.09,2026-06-22
SALE1642,South Delhi,Delhi NCR,BUILDER_FLOOR,2,1198,26860000,22420.7,2025-03-18
SALE1643,Noida Sector 62,Delhi NCR,INDEPENDENT_HOUSE,5,2870,37470000,13055.75,2025-08-23
SALE1644,Faridabad Sector 15,Delhi NCR,APARTMENT,5,2875,20590000,7161.74,2023-12-06
SALE1645,Greater Noida,Delhi NCR,APARTMENT,2,1454,9020000,6203.58,2026-02-26
SALE1646,South Delhi,Delhi NCR,BUILDER_FLOOR,1,642,15600000,24299.07,2025-01-09
SALE1647,Noida Sector 62,Delhi NCR,APARTMENT,2,1442,18160000,12593.62,2026-03-03
SALE1648,Greater Noida,Delhi NCR,BUILDER_FLOOR,1,522,3610000,6915.71,2025-04-10
SALE1649,Gurgaon Golf Course Road,Delhi NCR,APARTMENT,2,1432,39050000,27269.55,2024-12-16
SALE1650,Sohna Road Gurgaon,Delhi NCR,BUILDER_FLOOR,1,747,5910000,7911.65,2024-11-14
SALE1651,Golf Course Extension Road,Delhi NCR,INDEPENDENT_HOUSE,4,1952,36100000,18493.85,2024-02-08
SALE1652,Hauz Khas,Delhi NCR,BUILDER_FLOOR,2,1142,26770000,23441.33,2023-09-15
SALE1653,North Delhi,Delhi NCR,BUILDER_FLOOR,3,1836,18100000,9858.39,2026-05-17
SALE1654,Pitampura,Delhi NCR,APARTMENT,2,1038,15750000,15173.41,2024-12-25
SALE1655,DLF Phase 5,Delhi NCR,APARTMENT,1,534,12620000,23632.96,2026-01-07
SALE1656,North Delhi,Delhi NCR,BUILDER_FLOOR,1,724,6930000,9571.82,2024-10-02
SALE1657,Janakpuri,Delhi NCR,BUILDER_FLOOR,3,2061,25860000,12547.31,2023-10-10
SALE1658,Cyber City Gurgaon,Delhi NCR,APARTMENT,2,1210,21260000,17570.25,2025-06-09
SALE1659,Saket,Delhi NCR,APARTMENT,3,1575,24870000,15790.48,2023-09-17
SALE1660,Preet Vihar,Delhi NCR,BUILDER_FLOOR,4,2848,30780000,10807.58,2023-12-31
SALE1661,Noida Sector 62,Delhi NCR,BUILDER_FLOOR,2,930,11620000,12494.62,2025-03-28
SALE1662,Ghaziabad Indirapuram,Delhi NCR,INDEPENDENT_HOUSE,5,2885,22810000,7906.41,2024-06-18
SALE1663,DLF Phase 5,Delhi NCR,APARTMENT,1,456,9500000,20833.33,2026-07-14
SALE1664,Pitampura,Delhi NCR,APARTMENT,2,1310,17640000,13465.65,2023-11-27
SALE1665,Gurgaon Golf Course Road,Delhi NCR,INDEPENDENT_HOUSE,5,2910,110020000,37807.56,2025-11-04
SALE1666,Lajpat Nagar,Delhi NCR,APARTMENT,1,551,11730000,21288.57,2025-05-15
SALE1667,Ghaziabad Indirapuram,Delhi NCR,APARTMENT,1,619,4120000,6655.9,2025-12-03
SALE1668,Ghaziabad Vasundhara,Delhi NCR,APARTMENT,2,1486,9900000,6662.18,2024-03-24
SALE1669,Noida Sector 76,Delhi NCR,BUILDER_FLOOR,1,645,5780000,8961.24,2025-02-12
SALE1670,Dwarka Sector 21,Delhi NCR,BUILDER_FLOOR,2,1090,15250000,13990.83,2024-11-25
SALE1671,Ghaziabad Indirapuram,Delhi NCR,APARTMENT,1,575,4500000,7826.09,2024-11-17
SALE1672,Faridabad Sector 15,Delhi NCR,BUILDER_FLOOR,5,3475,24140000,6946.76,2026-02-17
SALE1673,Noida Sector 150,Delhi NCR,BUILDER_FLOOR,2,1328,14500000,10918.67,2026-07-10
SALE1674,Faridabad Neharpar,Delhi NCR,APARTMENT,5,2295,13160000,5734.2,2024-06-19
SALE1675,West Delhi,Delhi NCR,BUILDER_FLOOR,5,3490,34930000,10008.6,2025-05-31
SALE1676,Faridabad Sector 81,Delhi NCR,BUILDER_FLOOR,4,2352,13820000,5875.85,2025-05-19
SALE1677,North Delhi,Delhi NCR,INDEPENDENT_HOUSE,2,930,12490000,13430.11,2025-10-09
SALE1678,Noida Sector 150,Delhi NCR,APARTMENT,4,2884,33130000,11487.52,2026-05-24
SALE1679,Pitampura,Delhi NCR,APARTMENT,1,576,8440000,14652.78,2024-03-04
SALE1680,Noida Sector 150,Delhi NCR,INDEPENDENT_HOUSE,1,562,8280000,14733.1,2024-03-08
SALE1681,Noida Extension,Delhi NCR,BUILDER_FLOOR,2,1080,7460000,6907.41,2025-07-13
SALE1682,North Delhi,Delhi NCR,INDEPENDENT_HOUSE,3,1392,17720000,12729.89,2024-01-09
SALE1683,West Delhi,Delhi NCR,INDEPENDENT_HOUSE,5,2610,33510000,12839.08,2024-01-27
SALE1684,Rohini Sector 10,Delhi NCR,BUILDER_FLOOR,5,3040,32930000,10832.24,2023-10-11
SALE1685,Saket,Delhi NCR,APARTMENT,1,569,10550000,18541.3,2023-07-23
SALE1686,Vasant Kunj,Delhi NCR,INDEPENDENT_HOUSE,4,1800,43070000,23927.78,2024-11-25
SALE1687,Rohini Sector 10,Delhi NCR,APARTMENT,3,1620,21880000,13506.17,2025-05-01
SALE1688,North Delhi,Delhi NCR,APARTMENT,1,525,5390000,10266.67,2024-06-04
SALE1689,Gurgaon Sector 56,Delhi NCR,APARTMENT,5,3180,47050000,14795.6,2024-03-30
SALE1690,Sohna Road Gurgaon,Delhi NCR,INDEPENDENT_HOUSE,4,3000,28520000,9506.67,2025-09-02
SALE1691,Noida Sector 62,Delhi NCR,BUILDER_FLOOR,2,1060,12470000,11764.15,2025-08-29
SALE1692,Greater Noida Pari Chowk,Delhi NCR,INDEPENDENT_HOUSE,4,2448,18550000,7577.61,2024-11-29
SALE1693,West Delhi,Delhi NCR,APARTMENT,5,2695,27270000,10118.74,2025-08-12
SALE1694,Noida Sector 18,Delhi NCR,APARTMENT,2,900,14810000,16455.56,2026-04-28
SALE1695,Noida Sector 76,Delhi NCR,INDEPENDENT_HOUSE,1,543,5710000,10515.65,2025-11-30
SALE1696,Pitampura,Delhi NCR,INDEPENDENT_HOUSE,5,2515,47790000,19001.99,2025-06-05
SALE1697,Gurgaon Sector 56,Delhi NCR,BUILDER_FLOOR,1,571,7080000,12399.3,2025-07-14
SALE1698,North Delhi,Delhi NCR,APARTMENT,1,621,6110000,9838.97,2026-05-09
SALE1699,Central Delhi,Delhi NCR,APARTMENT,2,968,24040000,24834.71,2024-10-28
SALE1700,DLF Phase 5,Delhi NCR,INDEPENDENT_HOUSE,1,474,13180000,27805.91,2025-03-08
SALE1701,Greater Noida,Delhi NCR,APARTMENT,4,2808,20340000,7243.59,2025-06-29
SALE1702,West Delhi,Delhi NCR,INDEPENDENT_HOUSE,4,2004,27740000,13842.32,2026-04-11
SALE1703,Pitampura,Delhi NCR,APARTMENT,4,1948,29720000,15256.67,2026-01-11
SALE1704,Saket,Delhi NCR,BUILDER_FLOOR,1,613,10240000,16704.73,2023-10-07
SALE1705,DLF Phase 5,Delhi NCR,APARTMENT,3,1611,43160000,26790.81,2024-01-18
SALE1706,Gurgaon Sector 45,Delhi NCR,INDEPENDENT_HOUSE,1,730,12400000,16986.3,2024-06-22
SALE1707,Gurgaon Golf Course Road,Delhi NCR,BUILDER_FLOOR,5,3485,103570000,29718.79,2025-10-18
SALE1708,Greater Noida Pari Chowk,Delhi NCR,INDEPENDENT_HOUSE,2,1344,10130000,7537.2,2025-04-04
SALE1709,DLF Phase 5,Delhi NCR,BUILDER_FLOOR,2,1094,25540000,23345.52,2024-06-01
SALE1710,Central Delhi,Delhi NCR,INDEPENDENT_HOUSE,3,1806,51910000,28743.08,2023-12-04
SALE1711,Hauz Khas,Delhi NCR,BUILDER_FLOOR,5,3655,100690000,27548.56,2025-08-13
SALE1712,Gurgaon Sector 56,Delhi NCR,APARTMENT,3,1353,17210000,12719.88,2025-08-25
SALE1713,Noida Sector 18,Delhi NCR,INDEPENDENT_HOUSE,5,3475,55020000,15833.09,2026-05-19
SALE1714,Vasant Kunj,Delhi NCR,APARTMENT,2,1198,28760000,24006.68,2025-01-19
SALE1715,Ghaziabad Raj Nagar Extension,Delhi NCR,APARTMENT,3,1959,10680000,5451.76,2025-01-12
SALE1716,Central Delhi,Delhi NCR,APARTMENT,5,3240,76280000,23543.21,2023-10-17
SALE1717,Noida Extension,Delhi NCR,BUILDER_FLOOR,2,1356,8780000,6474.93,2023-09-02
SALE1718,Ghaziabad Indirapuram,Delhi NCR,BUILDER_FLOOR,3,1695,14000000,8259.59,2024-11-05
SALE1719,Hauz Khas,Delhi NCR,APARTMENT,1,493,12950000,26267.75,2024-07-08
SALE1720,Greater Noida,Delhi NCR,INDEPENDENT_HOUSE,2,1466,9930000,6773.53,2024-04-20
SALE1721,Noida Extension,Delhi NCR,INDEPENDENT_HOUSE,4,2896,27530000,9506.22,2023-10-29
SALE1722,Ghaziabad Raj Nagar Extension,Delhi NCR,INDEPENDENT_HOUSE,2,1386,8600000,6204.91,2026-06-09
SALE1723,Noida Sector 76,Delhi NCR,INDEPENDENT_HOUSE,1,707,7370000,10424.33,2026-01-22
SALE1724,Faridabad Neharpar,Delhi NCR,INDEPENDENT_HOUSE,5,2625,13960000,5318.1,2025-04-11
SALE1725,Ghaziabad Indirapuram,Delhi NCR,APARTMENT,2,1116,9140000,8189.96,2026-05-28
SALE1726,Golf Course Extension Road,Delhi NCR,APARTMENT,4,1960,33710000,17198.98,2026-07-20
SALE1727,Greater Noida Pari Chowk,Delhi NCR,APARTMENT,2,1164,7710000,6623.71,2025-07-26
SALE1728,Lajpat Nagar,Delhi NCR,APARTMENT,4,2936,54070000,18416.21,2024-05-11
SALE1729,North Delhi,Delhi NCR,BUILDER_FLOOR,5,3420,38480000,11251.46,2023-09-03
SALE1730,South Delhi,Delhi NCR,INDEPENDENT_HOUSE,5,3750,99670000,26578.67,2025-10-26
SALE1731,Greater Noida,Delhi NCR,APARTMENT,4,2104,12230000,5812.74,2024-12-17
SALE1732,DLF Phase 5,Delhi NCR,APARTMENT,5,2505,65270000,26055.89,2025-07-04
SALE1733,West Delhi,Delhi NCR,BUILDER_FLOOR,3,1938,21290000,10985.55,2026-04-20
SALE1734,Ghaziabad Raj Nagar Extension,Delhi NCR,APARTMENT,2,1182,6310000,5338.41,2024-02-04
SALE1735,Noida Sector 76,Delhi NCR,APARTMENT,4,2476,22250000,8986.27,2025-04-22
SALE1736,Hauz Khas,Delhi NCR,INDEPENDENT_HOUSE,4,2348,78830000,33573.25,2025-06-15
SALE1737,Vasant Kunj,Delhi NCR,BUILDER_FLOOR,3,1827,35840000,19616.86,2025-01-09
SALE1738,Faridabad Sector 15,Delhi NCR,INDEPENDENT_HOUSE,1,566,4840000,8551.24,2023-10-29
SALE1739,Ghaziabad Indirapuram,Delhi NCR,BUILDER_FLOOR,3,1989,15390000,7737.56,2024-08-05
SALE1740,Gurgaon Golf Course Road,Delhi NCR,APARTMENT,4,2232,70250000,31474.01,2024-07-20
SALE1741,Greater Noida,Delhi NCR,INDEPENDENT_HOUSE,4,2856,24730000,8658.96,2025-07-24
SALE1742,Hauz Khas,Delhi NCR,INDEPENDENT_HOUSE,2,966,27340000,28302.28,2026-02-15
SALE1743,Faridabad Sector 81,Delhi NCR,BUILDER_FLOOR,2,1436,10400000,7242.34,2024-07-16
SALE1744,Vasant Kunj,Delhi NCR,APARTMENT,2,1104,25530000,23125.0,2025-08-19
SALE1745,Preet Vihar,Delhi NCR,APARTMENT,4,1900,26730000,14068.42,2024-05-31
SALE1746,Rohini Sector 10,Delhi NCR,BUILDER_FLOOR,3,2061,24770000,12018.44,2026-05-21
SALE1747,Cyber City Gurgaon,Delhi NCR,INDEPENDENT_HOUSE,1,573,10580000,18464.22,2025-12-28
SALE1748,Ghaziabad Indirapuram,Delhi NCR,APARTMENT,4,3000,22850000,7616.67,2025-03-14
SALE1749,West Delhi,Delhi NCR,APARTMENT,3,1488,14620000,9825.27,2024-11-30
SALE1750,Noida Extension,Delhi NCR,APARTMENT,2,1484,12060000,8126.68,2024-06-29
SALE1751,Janakpuri,Delhi NCR,APARTMENT,2,1110,13950000,12567.57,2024-07-09
SALE1752,Greater Noida,Delhi NCR,INDEPENDENT_HOUSE,1,454,3510000,7731.28,2026-06-18
SALE1753,Golf Course Extension Road,Delhi NCR,INDEPENDENT_HOUSE,2,908,14990000,16508.81,2024-10-05
SALE1754,Noida Sector 62,Delhi NCR,INDEPENDENT_HOUSE,3,1998,29500000,14764.76,2025-02-03
SALE1755,West Delhi,Delhi NCR,BUILDER_FLOOR,3,1683,17490000,10392.16,2026-07-07
SALE1756,Faridabad Neharpar,Delhi NCR,INDEPENDENT_HOUSE,4,2996,15830000,5283.71,2025-07-10
SALE1757,Faridabad Sector 81,Delhi NCR,INDEPENDENT_HOUSE,3,2211,18010000,8145.64,2025-03-06
SALE1758,Noida Sector 18,Delhi NCR,BUILDER_FLOOR,1,696,8770000,12600.57,2024-10-15
SALE1759,Noida Sector 150,Delhi NCR,INDEPENDENT_HOUSE,3,1773,23700000,13367.17,2024-02-11
SALE1760,Noida Sector 62,Delhi NCR,APARTMENT,2,1428,16960000,11876.75,2024-08-20
SALE1761,Hauz Khas,Delhi NCR,INDEPENDENT_HOUSE,4,2452,77550000,31627.24,2025-10-27
SALE1762,Vasant Kunj,Delhi NCR,INDEPENDENT_HOUSE,4,2404,56210000,23381.86,2025-06-05
SALE1763,Greater Noida,Delhi NCR,BUILDER_FLOOR,4,1872,12470000,6661.32,2025-10-30
SALE1764,Rohini Sector 10,Delhi NCR,BUILDER_FLOOR,2,1446,18070000,12496.54,2024-02-29
SALE1765,Ghaziabad Raj Nagar Extension,Delhi NCR,INDEPENDENT_HOUSE,3,2127,13200000,6205.92,2025-03-13
SALE1766,Gurgaon Sector 45,Delhi NCR,INDEPENDENT_HOUSE,5,2710,38140000,14073.8,2026-05-02
SALE1767,Ghaziabad Raj Nagar Extension,Delhi NCR,APARTMENT,3,2208,13100000,5932.97,2024-11-12
SALE1768,Dwarka Sector 21,Delhi NCR,INDEPENDENT_HOUSE,3,1485,24500000,16498.32,2025-08-24
SALE1769,Pitampura,Delhi NCR,INDEPENDENT_HOUSE,3,1995,36410000,18250.63,2023-12-01
SALE1770,East Delhi,Delhi NCR,BUILDER_FLOOR,3,2247,20030000,8914.11,2026-06-21
SALE1771,Cyber City Gurgaon,Delhi NCR,BUILDER_FLOOR,1,748,12260000,16390.37,2025-05-18
SALE1772,Lajpat Nagar,Delhi NCR,BUILDER_FLOOR,2,1412,23770000,16834.28,2024-04-08
SALE1773,Noida Extension,Delhi NCR,INDEPENDENT_HOUSE,3,1983,15460000,7796.27,2024-01-10
SALE1774,Gurgaon Sector 56,Delhi NCR,APARTMENT,2,1250,15810000,12648.0,2025-03-15
SALE1775,Ghaziabad Vasundhara,Delhi NCR,APARTMENT,3,1626,11980000,7367.77,2025-03-17
SALE1776,Faridabad Sector 15,Delhi NCR,BUILDER_FLOOR,2,1220,10150000,8319.67,2023-10-31
SALE1777,South Delhi,Delhi NCR,BUILDER_FLOOR,3,1671,39640000,23722.32,2026-07-12
SALE1778,Gurgaon Sector 45,Delhi NCR,INDEPENDENT_HOUSE,2,1400,22800000,16285.71,2026-04-16
SALE1779,Gurgaon Golf Course Road,Delhi NCR,APARTMENT,5,3360,97850000,29122.02,2024-12-07
SALE1780,Noida Sector 76,Delhi NCR,BUILDER_FLOOR,4,2584,18700000,7236.84,2023-11-26
SALE1781,Rohini Sector 10,Delhi NCR,INDEPENDENT_HOUSE,3,1371,22060000,16090.44,2026-01-18
SALE1782,Faridabad Neharpar,Delhi NCR,APARTMENT,1,452,2350000,5199.12,2025-01-17
SALE1783,Preet Vihar,Delhi NCR,APARTMENT,3,1827,20300000,11111.11,2025-09-13
SALE1784,Noida Extension,Delhi NCR,INDEPENDENT_HOUSE,5,3030,24550000,8102.31,2025-01-28
SALE1785,Saket,Delhi NCR,BUILDER_FLOOR,3,2049,39400000,19228.89,2024-05-15
SALE1786,Faridabad Neharpar,Delhi NCR,BUILDER_FLOOR,4,2072,9870000,4763.51,2026-01-20
SALE1787,Faridabad Sector 15,Delhi NCR,BUILDER_FLOOR,2,1068,9690000,9073.03,2026-06-29
SALE1788,Noida Sector 76,Delhi NCR,APARTMENT,2,1128,10240000,9078.01,2024-04-13
SALE1789,Golf Course Extension Road,Delhi NCR,APARTMENT,1,708,9570000,13516.95,2025-03-16
SALE1790,Sohna Road Gurgaon,Delhi NCR,INDEPENDENT_HOUSE,1,642,7720000,12024.92,2024-09-13
SALE1791,Central Delhi,Delhi NCR,INDEPENDENT_HOUSE,5,2370,76030000,32080.17,2026-04-26
SALE1792,Hauz Khas,Delhi NCR,INDEPENDENT_HOUSE,1,460,11930000,25934.78,2025-01-28
SALE1793,Cyber City Gurgaon,Delhi NCR,BUILDER_FLOOR,4,2576,36560000,14192.55,2026-03-10
SALE1794,Central Delhi,Delhi NCR,BUILDER_FLOOR,2,1110,30550000,27522.52,2026-02-21
SALE1795,South Delhi,Delhi NCR,BUILDER_FLOOR,4,2004,46240000,23073.85,2024-05-18
SALE1796,Noida Sector 150,Delhi NCR,INDEPENDENT_HOUSE,5,2600,36530000,14050.0,2025-12-02
SALE1797,DLF Phase 5,Delhi NCR,INDEPENDENT_HOUSE,5,2550,68650000,26921.57,2024-10-17
SALE1798,DLF Phase 5,Delhi NCR,BUILDER_FLOOR,2,1104,28710000,26005.43,2026-05-09
SALE1799,Faridabad Neharpar,Delhi NCR,APARTMENT,3,1977,9280000,4693.98,2025-01-27
SALE1800,Saket,Delhi NCR,INDEPENDENT_HOUSE,4,2224,50750000,22819.24,2026-01-05
SALE1801,Ghaziabad Raj Nagar Extension,Delhi NCR,BUILDER_FLOOR,2,902,4240000,4700.67,2024-05-25
SALE1802,Gurgaon Golf Course Road,Delhi NCR,APARTMENT,5,3510,87940000,25054.13,2024-06-12
SALE1803,Gurgaon Golf Course Road,Delhi NCR,INDEPENDENT_HOUSE,1,501,18880000,37684.63,2025-04-24
SALE1804,Pitampura,Delhi NCR,BUILDER_FLOOR,3,1755,24310000,13851.85,2026-07-19
SALE1805,DLF Phase 5,Delhi NCR,APARTMENT,1,598,13750000,22993.31,2025-01-07
SALE1806,North Delhi,Delhi NCR,BUILDER_FLOOR,1,498,5500000,11044.18,2023-12-30
SALE1807,Saket,Delhi NCR,APARTMENT,2,1074,18340000,17076.35,2025-03-02
SALE1808,Ghaziabad Indirapuram,Delhi NCR,INDEPENDENT_HOUSE,3,1491,12910000,8658.62,2024-08-02
SALE1809,East Delhi,Delhi NCR,APARTMENT,1,655,6040000,9221.37,2025-03-16
SALE1810,Ghaziabad Vasundhara,Delhi NCR,BUILDER_FLOOR,4,2776,20580000,7413.54,2025-03-07
SALE1811,Gurgaon Sector 45,Delhi NCR,APARTMENT,2,960,13730000,14302.08,2024-12-01
SALE1812,Gurgaon Sector 45,Delhi NCR,APARTMENT,4,2788,38010000,13633.43,2024-07-07
SALE1813,Ghaziabad Indirapuram,Delhi NCR,APARTMENT,5,3220,26170000,8127.33,2024-02-12
SALE1814,Vasant Kunj,Delhi NCR,INDEPENDENT_HOUSE,2,1394,39560000,28378.77,2025-08-23
SALE1815,Cyber City Gurgaon,Delhi NCR,BUILDER_FLOOR,4,1892,26310000,13905.92,2025-04-07
SALE1816,North Delhi,Delhi NCR,APARTMENT,5,3725,39750000,10671.14,2024-04-01
SALE1817,Pitampura,Delhi NCR,INDEPENDENT_HOUSE,3,2145,36290000,16918.41,2025-11-16
SALE1818,DLF Phase 5,Delhi NCR,BUILDER_FLOOR,2,1392,31860000,22887.93,2023-09-06
SALE1819,Noida Extension,Delhi NCR,APARTMENT,5,2385,15270000,6402.52,2025-10-14
SALE1820,Gurgaon Sector 45,Delhi NCR,INDEPENDENT_HOUSE,4,2812,46850000,16660.74,2025-08-31
SALE1821,Lajpat Nagar,Delhi NCR,BUILDER_FLOOR,3,1719,31000000,18033.74,2025-12-26
SALE1822,Noida Sector 150,Delhi NCR,APARTMENT,5,2820,34350000,12180.85,2024-09-16
SALE1823,Noida Extension,Delhi NCR,BUILDER_FLOOR,2,980,7260000,7408.16,2025-07-17
SALE1824,Ghaziabad Indirapuram,Delhi NCR,APARTMENT,4,2712,19220000,7087.02,2026-01-05
SALE1825,Faridabad Sector 15,Delhi NCR,INDEPENDENT_HOUSE,1,502,4680000,9322.71,2026-06-29
SALE1826,Saket,Delhi NCR,INDEPENDENT_HOUSE,5,2250,53350000,23711.11,2025-01-13
SALE1827,Noida Sector 62,Delhi NCR,INDEPENDENT_HOUSE,5,2775,38330000,13812.61,2023-08-30
SALE1828,Ghaziabad Vasundhara,Delhi NCR,BUILDER_FLOOR,3,1431,10650000,7442.35,2025-01-21
SALE1829,Ghaziabad Vasundhara,Delhi NCR,BUILDER_FLOOR,5,3460,25060000,7242.77,2025-04-27
SALE1830,Sohna Road Gurgaon,Delhi NCR,INDEPENDENT_HOUSE,4,2032,19300000,9498.03,2026-02-28
SALE1831,Pitampura,Delhi NCR,APARTMENT,3,1893,29120000,15382.99,2026-03-05
SALE1832,Noida Sector 18,Delhi NCR,INDEPENDENT_HOUSE,5,3205,59150000,18455.54,2024-11-14
SALE1833,Saket,Delhi NCR,APARTMENT,4,2084,41130000,19736.08,2025-02-16
SALE1834,Greater Noida,Delhi NCR,APARTMENT,3,1650,9720000,5890.91,2024-12-02
SALE1835,Noida Sector 76,Delhi NCR,APARTMENT,4,2188,19810000,9053.93,2025-09-19
SALE1836,DLF Phase 5,Delhi NCR,BUILDER_FLOOR,1,513,13320000,25964.91,2024-10-12
SALE1837,Ghaziabad Indirapuram,Delhi NCR,BUILDER_FLOOR,5,3540,23640000,6677.97,2025-07-07
SALE1838,Faridabad Sector 15,Delhi NCR,APARTMENT,5,2370,19260000,8126.58,2024-01-06
SALE1839,Greater Noida Pari Chowk,Delhi NCR,INDEPENDENT_HOUSE,4,2840,25870000,9109.15,2024-12-16
SALE1840,Dwarka Sector 21,Delhi NCR,INDEPENDENT_HOUSE,5,2690,51770000,19245.35,2026-06-17
SALE1841,Golf Course Extension Road,Delhi NCR,APARTMENT,4,2456,36890000,15020.36,2024-07-26
SALE1842,Noida Extension,Delhi NCR,BUILDER_FLOOR,5,2885,20170000,6991.33,2025-08-18
SALE1843,East Delhi,Delhi NCR,BUILDER_FLOOR,4,2072,17550000,8470.08,2025-07-02
SALE1844,Faridabad Sector 81,Delhi NCR,BUILDER_FLOOR,5,3050,21090000,6914.75,2026-02-08
SALE1845,Janakpuri,Delhi NCR,APARTMENT,2,1196,17050000,14255.85,2026-02-09
SALE1846,Golf Course Extension Road,Delhi NCR,INDEPENDENT_HOUSE,2,1414,25780000,18231.97,2026-02-16
SALE1847,North Delhi,Delhi NCR,INDEPENDENT_HOUSE,1,630,7700000,12222.22,2024-09-09
SALE1848,Greater Noida,Delhi NCR,INDEPENDENT_HOUSE,5,2980,25880000,8684.56,2024-07-02
SALE1849,Greater Noida Pari Chowk,Delhi NCR,APARTMENT,5,2520,15130000,6003.97,2025-09-15
SALE1850,Gurgaon Sector 56,Delhi NCR,APARTMENT,1,552,6670000,12083.33,2025-10-30
SALE1851,Gurgaon Sector 45,Delhi NCR,BUILDER_FLOOR,3,1572,21650000,13772.26,2026-03-03
SALE1852,Noida Sector 18,Delhi NCR,APARTMENT,5,2330,32350000,13884.12,2023-08-29
SALE1853,Ghaziabad Indirapuram,Delhi NCR,APARTMENT,5,3685,30660000,8320.22,2023-10-03
SALE1854,Noida Extension,Delhi NCR,APARTMENT,5,2985,23680000,7933.0,2025-06-11
SALE1855,Hauz Khas,Delhi NCR,BUILDER_FLOOR,4,2652,75380000,28423.83,2026-04-25
SALE1856,North Delhi,Delhi NCR,INDEPENDENT_HOUSE,1,456,5870000,12872.81,2026-07-18
SALE1857,Rohini Sector 10,Delhi NCR,INDEPENDENT_HOUSE,4,2260,36560000,16176.99,2025-10-16
SALE1858,Sohna Road Gurgaon,Delhi NCR,INDEPENDENT_HOUSE,5,2750,32160000,11694.55,2024-11-07
SALE1859,Rohini Sector 10,Delhi NCR,BUILDER_FLOOR,4,2160,29680000,13740.74,2023-11-05
SALE1860,Lajpat Nagar,Delhi NCR,APARTMENT,2,1426,24000000,16830.29,2025-06-14
SALE1861,Saket,Delhi NCR,BUILDER_FLOOR,3,2202,36830000,16725.7,2026-03-03
SALE1862,Gurgaon Sector 45,Delhi NCR,INDEPENDENT_HOUSE,3,1356,19310000,14240.41,2024-11-18
SALE1863,Gurgaon Sector 56,Delhi NCR,APARTMENT,2,1230,16450000,13373.98,2025-08-19
SALE1864,Noida Sector 62,Delhi NCR,BUILDER_FLOOR,5,3655,38490000,10530.78,2026-04-06
SALE1865,North Delhi,Delhi NCR,INDEPENDENT_HOUSE,2,1088,13140000,12077.21,2023-09-09
SALE1866,Faridabad Sector 81,Delhi NCR,APARTMENT,4,2912,19140000,6572.8,2025-12-09
SALE1867,Gurgaon Golf Course Road,Delhi NCR,BUILDER_FLOOR,2,1118,32840000,29373.88,2024-06-06
SALE1868,East Delhi,Delhi NCR,BUILDER_FLOOR,3,1683,18150000,10784.31,2024-09-03
SALE1869,Faridabad Neharpar,Delhi NCR,BUILDER_FLOOR,5,2270,10040000,4422.91,2023-12-27
SALE1870,West Delhi,Delhi NCR,BUILDER_FLOOR,2,1148,13710000,11942.51,2025-02-22
SALE1871,North Delhi,Delhi NCR,BUILDER_FLOOR,1,647,6000000,9273.57,2025-04-01
SALE1872,Noida Sector 18,Delhi NCR,APARTMENT,5,3205,46670000,14561.62,2025-12-05
SALE1873,Faridabad Sector 81,Delhi NCR,BUILDER_FLOOR,4,1888,11520000,6101.69,2024-01-23
SALE1874,Rohini Sector 10,Delhi NCR,BUILDER_FLOOR,5,2460,33490000,13613.82,2023-10-15
SALE1875,Gurgaon Sector 45,Delhi NCR,INDEPENDENT_HOUSE,5,2265,35270000,15571.74,2026-03-01
SALE1876,Janakpuri,Delhi NCR,INDEPENDENT_HOUSE,2,1334,23790000,17833.58,2025-05-30
SALE1877,Janakpuri,Delhi NCR,INDEPENDENT_HOUSE,4,1944,33830000,17402.26,2024-04-09
SALE1878,Gurgaon Sector 56,Delhi NCR,APARTMENT,4,2476,27730000,11199.52,2026-04-16
SALE1879,Lajpat Nagar,Delhi NCR,APARTMENT,2,1156,22350000,19333.91,2023-12-24
SALE1880,Pitampura,Delhi NCR,BUILDER_FLOOR,4,2592,35760000,13796.3,2024-12-07
SALE1881,Noida Sector 76,Delhi NCR,BUILDER_FLOOR,3,1374,11290000,8216.89,2024-04-24
SALE1882,Cyber City Gurgaon,Delhi NCR,INDEPENDENT_HOUSE,1,482,9970000,20684.65,2024-04-25
SALE1883,Saket,Delhi NCR,INDEPENDENT_HOUSE,1,633,15430000,24375.99,2023-07-31
SALE1884,DLF Phase 5,Delhi NCR,BUILDER_FLOOR,3,1482,33240000,22429.15,2025-12-18
SALE1885,Ghaziabad Indirapuram,Delhi NCR,BUILDER_FLOOR,4,1860,13840000,7440.86,2026-04-03
SALE1886,Pitampura,Delhi NCR,APARTMENT,4,2916,38310000,13137.86,2025-08-01
SALE1887,Gurgaon Sector 56,Delhi NCR,BUILDER_FLOOR,3,1365,18030000,13208.79,2024-01-10
SALE1888,Gurgaon Sector 56,Delhi NCR,APARTMENT,1,452,6000000,13274.34,2024-11-16
SALE1889,Noida Sector 76,Delhi NCR,INDEPENDENT_HOUSE,5,2465,23670000,9602.43,2024-08-02
SALE1890,West Delhi,Delhi NCR,APARTMENT,4,2848,26700000,9375.0,2025-04-24
SALE1891,Dwarka Sector 21,Delhi NCR,APARTMENT,5,2895,39440000,13623.49,2025-06-20
SALE1892,Dwarka Sector 21,Delhi NCR,INDEPENDENT_HOUSE,5,2385,47460000,19899.37,2024-10-28
SALE1893,Ghaziabad Vasundhara,Delhi NCR,INDEPENDENT_HOUSE,5,2435,18620000,7646.82,2024-04-20
SALE1894,Lajpat Nagar,Delhi NCR,BUILDER_FLOOR,1,551,11180000,20290.38,2026-02-01
SALE1895,Faridabad Sector 15,Delhi NCR,BUILDER_FLOOR,3,1545,13000000,8414.24,2024-02-24
SALE1896,Preet Vihar,Delhi NCR,APARTMENT,3,1455,20370000,14000.0,2024-09-14
SALE1897,North Delhi,Delhi NCR,BUILDER_FLOOR,4,2472,25580000,10347.9,2024-12-31
SALE1898,Noida Sector 62,Delhi NCR,INDEPENDENT_HOUSE,5,2640,35530000,13458.33,2024-04-05
SALE1899,Sohna Road Gurgaon,Delhi NCR,BUILDER_FLOOR,4,2144,16430000,7663.25,2025-04-07
SALE1900,Preet Vihar,Delhi NCR,APARTMENT,4,2364,32570000,13777.5,2025-04-10
SALE1901,Golf Course Extension Road,Delhi NCR,INDEPENDENT_HOUSE,3,2085,37110000,17798.56,2026-07-12
SALE1902,West Delhi,Delhi NCR,BUILDER_FLOOR,4,2928,27140000,9269.13,2024-06-08
SALE1903,Gurgaon Golf Course Road,Delhi NCR,BUILDER_FLOOR,2,1450,36900000,25448.28,2026-06-26
SALE1904,Lajpat Nagar,Delhi NCR,INDEPENDENT_HOUSE,1,459,11560000,25185.19,2025-07-11
SALE1905,Vasant Kunj,Delhi NCR,INDEPENDENT_HOUSE,5,3285,89470000,27235.92,2024-05-16
SALE1906,Janakpuri,Delhi NCR,APARTMENT,5,2915,39870000,13677.53,2025-04-01
SALE1907,Ghaziabad Raj Nagar Extension,Delhi NCR,INDEPENDENT_HOUSE,2,1274,8140000,6389.32,2025-08-10
SALE1908,Noida Sector 18,Delhi NCR,APARTMENT,4,2824,41080000,14546.74,2025-10-14
SALE1909,Noida Sector 76,Delhi NCR,BUILDER_FLOOR,5,2275,20280000,8914.29,2023-09-12
SALE1910,Gurgaon Sector 45,Delhi NCR,INDEPENDENT_HOUSE,2,1356,18260000,13466.08,2025-05-15
SALE1911,Gurgaon Sector 56,Delhi NCR,INDEPENDENT_HOUSE,4,2532,34050000,13447.87,2025-01-15
SALE1912,Faridabad Sector 15,Delhi NCR,APARTMENT,1,585,4500000,7692.31,2026-04-06
SALE1913,Saket,Delhi NCR,INDEPENDENT_HOUSE,2,1430,34670000,24244.76,2024-05-29
SALE1914,Sohna Road Gurgaon,Delhi NCR,BUILDER_FLOOR,4,2728,27360000,10029.33,2025-12-12
SALE1915,Saket,Delhi NCR,INDEPENDENT_HOUSE,3,1506,34520000,22921.65,2025-05-16
SALE1916,Faridabad Neharpar,Delhi NCR,INDEPENDENT_HOUSE,3,1752,10760000,6141.55,2024-08-10
SALE1917,Dwarka Sector 21,Delhi NCR,BUILDER_FLOOR,4,2548,39230000,15396.39,2025-06-17
SALE1918,Lajpat Nagar,Delhi NCR,INDEPENDENT_HOUSE,3,1926,50140000,26033.23,2025-05-31
SALE1919,Pitampura,Delhi NCR,INDEPENDENT_HOUSE,4,2520,46370000,18400.79,2025-08-01
SALE1920,West Delhi,Delhi NCR,BUILDER_FLOOR,4,1812,19040000,10507.73,2025-09-18
SALE1921,Golf Course Extension Road,Delhi NCR,BUILDER_FLOOR,2,1134,14850000,13095.24,2025-07-12
SALE1922,Noida Sector 150,Delhi NCR,APARTMENT,2,1090,11740000,10770.64,2026-01-24
SALE1923,Cyber City Gurgaon,Delhi NCR,INDEPENDENT_HOUSE,2,1324,27790000,20989.43,2025-06-08
SALE1924,Cyber City Gurgaon,Delhi NCR,BUILDER_FLOOR,4,2780,40620000,14611.51,2026-04-06
SALE1925,Gurgaon Sector 45,Delhi NCR,INDEPENDENT_HOUSE,4,1844,25530000,13844.9,2025-06-28
SALE1926,Golf Course Extension Road,Delhi NCR,INDEPENDENT_HOUSE,5,2660,42630000,16026.32,2024-06-23
SALE1927,Faridabad Sector 81,Delhi NCR,APARTMENT,5,2625,14790000,5634.29,2024-11-15
SALE1928,Central Delhi,Delhi NCR,APARTMENT,5,3285,87960000,26776.26,2025-04-16
SALE1929,Vasant Kunj,Delhi NCR,INDEPENDENT_HOUSE,3,1479,34100000,23056.12,2025-09-30
SALE1930,Ghaziabad Raj Nagar Extension,Delhi NCR,BUILDER_FLOOR,2,1124,6790000,6040.93,2023-10-27
SALE1931,Gurgaon Sector 56,Delhi NCR,INDEPENDENT_HOUSE,2,1422,20620000,14500.7,2024-06-08
SALE1932,East Delhi,Delhi NCR,BUILDER_FLOOR,5,2425,21170000,8729.9,2025-10-17
SALE1933,Noida Extension,Delhi NCR,APARTMENT,1,458,3130000,6834.06,2024-01-29
SALE1934,Faridabad Sector 81,Delhi NCR,INDEPENDENT_HOUSE,4,2104,16930000,8046.58,2023-12-12
SALE1935,Dwarka Sector 21,Delhi NCR,BUILDER_FLOOR,5,2345,39160000,16699.36,2025-03-03
SALE1936,Faridabad Sector 81,Delhi NCR,APARTMENT,1,696,4740000,6810.34,2026-06-19
SALE1937,South Delhi,Delhi NCR,INDEPENDENT_HOUSE,4,2868,73910000,25770.57,2025-02-21
SALE1938,Saket,Delhi NCR,INDEPENDENT_HOUSE,5,3345,66390000,19847.53,2026-04-17
SALE1939,Ghaziabad Raj Nagar Extension,Delhi NCR,BUILDER_FLOOR,3,2232,10790000,4834.23,2026-01-16
SALE1940,Golf Course Extension Road,Delhi NCR,BUILDER_FLOOR,4,2276,38340000,16845.34,2024-04-27
SALE1941,Gurgaon Golf Course Road,Delhi NCR,BUILDER_FLOOR,5,3640,99130000,27233.52,2026-01-09
SALE1942,Rohini Sector 10,Delhi NCR,APARTMENT,1,745,9000000,12080.54,2024-12-30
SALE1943,Faridabad Neharpar,Delhi NCR,APARTMENT,4,2220,11730000,5283.78,2025-12-20
SALE1944,North Delhi,Delhi NCR,BUILDER_FLOOR,3,1512,13550000,8961.64,2025-10-16
SALE1945,Central Delhi,Delhi NCR,BUILDER_FLOOR,5,3330,88260000,26504.5,2024-07-26
SALE1946,Noida Sector 150,Delhi NCR,INDEPENDENT_HOUSE,4,2216,31080000,14025.27,2023-11-24
SALE1947,Ghaziabad Raj Nagar Extension,Delhi NCR,APARTMENT,3,2208,12340000,5588.77,2026-06-10
SALE1948,Central Delhi,Delhi NCR,BUILDER_FLOOR,5,3130,88070000,28137.38,2023-12-22
SALE1949,Noida Sector 76,Delhi NCR,INDEPENDENT_HOUSE,2,1020,11180000,10960.78,2026-06-14
SALE1950,Ghaziabad Indirapuram,Delhi NCR,INDEPENDENT_HOUSE,2,1002,8250000,8233.53,2026-02-17
SALE1951,Noida Sector 76,Delhi NCR,BUILDER_FLOOR,5,2380,18170000,7634.45,2025-09-21
SALE1952,South Delhi,Delhi NCR,APARTMENT,2,1382,34290000,24811.87,2026-06-29
SALE1953,Greater Noida Pari Chowk,Delhi NCR,APARTMENT,1,584,3750000,6421.23,2026-06-15
SALE1954,Gurgaon Golf Course Road,Delhi NCR,INDEPENDENT_HOUSE,1,646,24510000,37941.18,2025-12-18
SALE1955,Noida Sector 76,Delhi NCR,INDEPENDENT_HOUSE,5,2980,32330000,10848.99,2024-08-24
SALE1956,Hauz Khas,Delhi NCR,APARTMENT,4,2696,57510000,21331.6,2025-12-03
SALE1957,Faridabad Neharpar,Delhi NCR,BUILDER_FLOOR,2,934,5070000,5428.27,2023-08-05
SALE1958,Faridabad Sector 81,Delhi NCR,INDEPENDENT_HOUSE,2,1072,8800000,8208.96,2025-02-28
SALE1959,Sohna Road Gurgaon,Delhi NCR,APARTMENT,1,530,4180000,7886.79,2024-11-30
SALE1960,Noida Sector 150,Delhi NCR,BUILDER_FLOOR,3,1956,22810000,11661.55,2025-07-27
SALE1961,Rohini Sector 10,Delhi NCR,INDEPENDENT_HOUSE,1,485,7860000,16206.19,2025-07-26
SALE1962,Noida Sector 18,Delhi NCR,INDEPENDENT_HOUSE,5,3740,62110000,16606.95,2025-04-21
SALE1963,Noida Sector 150,Delhi NCR,APARTMENT,5,2745,32490000,11836.07,2026-01-07
SALE1964,Noida Sector 76,Delhi NCR,INDEPENDENT_HOUSE,1,583,5370000,9210.98,2026-05-16
SALE1965,Faridabad Sector 81,Delhi NCR,APARTMENT,5,2435,15840000,6505.13,2023-11-16
SALE1966,East Delhi,Delhi NCR,APARTMENT,5,2905,30710000,10571.43,2024-04-02
SALE1967,Central Delhi,Delhi NCR,INDEPENDENT_HOUSE,4,2572,81770000,31792.38,2023-08-17
SALE1968,Preet Vihar,Delhi NCR,BUILDER_FLOOR,4,2740,38320000,13985.4,2026-03-16
SALE1969,Vasant Kunj,Delhi NCR,BUILDER_FLOOR,1,582,10640000,18281.79,2025-03-27
SALE1970,Pitampura,Delhi NCR,INDEPENDENT_HOUSE,2,1222,19990000,16358.43,2026-04-19
SALE1971,West Delhi,Delhi NCR,INDEPENDENT_HOUSE,5,2270,30330000,13361.23,2024-03-19
SALE1972,Central Delhi,Delhi NCR,APARTMENT,3,1491,37590000,25211.27,2023-09-28
SALE1973,East Delhi,Delhi NCR,APARTMENT,5,2705,25520000,9434.38,2026-01-08
SALE1974,West Delhi,Delhi NCR,APARTMENT,5,2935,27880000,9499.15,2026-04-12
SALE1975,Rohini Sector 10,Delhi NCR,BUILDER_FLOOR,2,1140,14650000,12850.88,2024-06-16
SALE1976,Central Delhi,Delhi NCR,APARTMENT,2,1106,31650000,28616.64,2024-10-10
SALE1977,West Delhi,Delhi NCR,APARTMENT,1,511,6040000,11819.96,2023-12-21
SALE1978,Faridabad Sector 15,Delhi NCR,INDEPENDENT_HOUSE,1,727,7940000,10921.6,2026-05-23
SALE1979,Ghaziabad Raj Nagar Extension,Delhi NCR,BUILDER_FLOOR,5,3055,16760000,5486.09,2024-06-18
SALE1980,Noida Sector 150,Delhi NCR,BUILDER_FLOOR,2,1422,15940000,11209.56,2025-01-10
SALE1981,Pitampura,Delhi NCR,INDEPENDENT_HOUSE,2,954,16150000,16928.72,2023-11-04
SALE1982,Greater Noida Pari Chowk,Delhi NCR,BUILDER_FLOOR,5,2330,16320000,7004.29,2026-03-19
SALE1983,Noida Sector 76,Delhi NCR,INDEPENDENT_HOUSE,2,1368,15950000,11659.36,2023-12-16
SALE1984,Faridabad Neharpar,Delhi NCR,BUILDER_FLOOR,3,1362,5810000,4265.79,2024-11-29
SALE1985,Janakpuri,Delhi NCR,BUILDER_FLOOR,5,2505,32050000,12794.41,2025-07-24
SALE1986,Central Delhi,Delhi NCR,APARTMENT,5,2920,69930000,23948.63,2025-10-12
SALE1987,Ghaziabad Raj Nagar Extension,Delhi NCR,INDEPENDENT_HOUSE,3,1911,11420000,5975.93,2026-05-22
SALE1988,Greater Noida Pari Chowk,Delhi NCR,APARTMENT,4,2560,17190000,6714.84,2024-10-22
SALE1989,Noida Sector 76,Delhi NCR,BUILDER_FLOOR,4,2168,18820000,8680.81,2025-10-11
SALE1990,Pitampura,Delhi NCR,APARTMENT,3,1710,24340000,14233.92,2024-01-06
SALE1991,Noida Extension,Delhi NCR,APARTMENT,2,1052,7830000,7442.97,2024-10-17
SALE1992,South Delhi,Delhi NCR,APARTMENT,4,2820,55240000,19588.65,2023-11-06
SALE1993,Faridabad Neharpar,Delhi NCR,INDEPENDENT_HOUSE,3,2097,11830000,5641.39,2025-01-07
SALE1994,Hauz Khas,Delhi NCR,BUILDER_FLOOR,1,533,11570000,21707.32,2024-10-10
SALE1995,Central Delhi,Delhi NCR,BUILDER_FLOOR,1,680,18980000,27911.76,2026-05-28
SALE1996,Central Delhi,Delhi NCR,BUILDER_FLOOR,3,2208,58400000,26449.28,2023-08-25
SALE1997,Central Delhi,Delhi NCR,BUILDER_FLOOR,1,660,15210000,23045.45,2024-08-30
SALE1998,Rohini Sector 10,Delhi NCR,INDEPENDENT_HOUSE,5,3625,47100000,12993.1,2024-11-17
SALE1999,Noida Sector 18,Delhi NCR,BUILDER_FLOOR,3,2133,30810000,14444.44,2026-05-27
SALE2000,Ghaziabad Indirapuram,Delhi NCR,APARTMENT,4,2384,17690000,7420.3,2026-02-12
SALE2001,Gurgaon Sector 56,Delhi NCR,APARTMENT,3,1995,26960000,13513.78,2023-11-06
SALE2002,Noida Sector 76,Delhi NCR,APARTMENT,1,532,4310000,8101.5,2025-08-10
SALE2003,North Delhi,Delhi NCR,BUILDER_FLOOR,3,1758,18140000,10318.54,2025-03-08
SALE2004,Noida Sector 76,Delhi NCR,BUILDER_FLOOR,4,2540,23200000,9133.86,2026-06-26
SALE2005,Faridabad Neharpar,Delhi NCR,BUILDER_FLOOR,4,2140,9690000,4528.04,2024-08-17
SALE2006,Vasant Kunj,Delhi NCR,APARTMENT,2,1156,27480000,23771.63,2024-09-29
SALE2007,Gurgaon Golf Course Road,Delhi NCR,APARTMENT,2,1306,32210000,24663.09,2024-02-14
SALE2008,Lajpat Nagar,Delhi NCR,BUILDER_FLOOR,5,2385,38880000,16301.89,2023-12-01
SALE2009,Noida Sector 76,Delhi NCR,INDEPENDENT_HOUSE,1,503,4760000,9463.22,2026-02-04
SALE2010,Gurgaon Sector 56,Delhi NCR,APARTMENT,4,2432,29050000,11944.9,2024-11-30
SALE2011,Noida Sector 18,Delhi NCR,BUILDER_FLOOR,2,1034,15110000,14613.15,2025-07-16
SALE2012,Gurgaon Sector 45,Delhi NCR,APARTMENT,1,632,8750000,13844.94,2025-06-23
SALE2013,North Delhi,Delhi NCR,BUILDER_FLOOR,4,2904,32830000,11305.1,2025-05-05
SALE2014,Ghaziabad Indirapuram,Delhi NCR,APARTMENT,5,2700,20800000,7703.7,2023-08-13
SALE2015,Ghaziabad Vasundhara,Delhi NCR,INDEPENDENT_HOUSE,5,3360,27610000,8217.26,2025-11-29
SALE2016,Noida Sector 62,Delhi NCR,BUILDER_FLOOR,4,2904,29330000,10099.86,2024-04-12
SALE2017,Gurgaon Golf Course Road,Delhi NCR,BUILDER_FLOOR,3,1911,52100000,27263.21,2023-12-06
SALE2018,Gurgaon Sector 56,Delhi NCR,BUILDER_FLOOR,1,450,5890000,13088.89,2025-03-30
SALE2019,Golf Course Extension Road,Delhi NCR,BUILDER_FLOOR,3,2070,31380000,15159.42,2023-10-04
SALE2020,Faridabad Sector 15,Delhi NCR,BUILDER_FLOOR,3,1362,11770000,8641.7,2025-11-05
SALE2021,Noida Sector 18,Delhi NCR,INDEPENDENT_HOUSE,2,906,15990000,17649.01,2024-03-04
SALE2022,Rohini Sector 10,Delhi NCR,BUILDER_FLOOR,5,3365,39110000,11622.59,2024-03-13
SALE2023,Gurgaon Sector 45,Delhi NCR,INDEPENDENT_HOUSE,4,2572,35350000,13744.17,2026-02-28
SALE2024,Gurgaon Golf Course Road,Delhi NCR,BUILDER_FLOOR,2,1428,43160000,30224.09,2024-07-15
SALE2025,Noida Sector 150,Delhi NCR,BUILDER_FLOOR,5,2935,34300000,11686.54,2023-12-29
SALE2026,Lajpat Nagar,Delhi NCR,APARTMENT,2,1196,20070000,16780.94,2026-04-02
SALE2027,Ghaziabad Vasundhara,Delhi NCR,INDEPENDENT_HOUSE,4,2356,20380000,8650.25,2023-07-24
SALE2028,Faridabad Sector 15,Delhi NCR,APARTMENT,3,1377,9870000,7167.76,2026-02-15
SALE2029,Vasant Kunj,Delhi NCR,APARTMENT,1,594,11610000,19545.45,2023-12-26
SALE2030,Ghaziabad Indirapuram,Delhi NCR,INDEPENDENT_HOUSE,1,569,4490000,7891.04,2023-12-10
SALE2031,South Delhi,Delhi NCR,BUILDER_FLOOR,2,1250,26840000,21472.0,2024-04-20
SALE2032,Faridabad Sector 15,Delhi NCR,BUILDER_FLOOR,4,1864,14150000,7591.2,2024-01-28
SALE2033,Gurgaon Sector 56,Delhi NCR,APARTMENT,3,1950,22090000,11328.21,2025-07-14
SALE2034,Ghaziabad Raj Nagar Extension,Delhi NCR,APARTMENT,2,1156,6960000,6020.76,2023-08-18
SALE2035,South Delhi,Delhi NCR,APARTMENT,2,1294,30780000,23786.71,2023-08-06
SALE2036,Ghaziabad Indirapuram,Delhi NCR,APARTMENT,1,551,4080000,7404.72,2025-12-02
SALE2037,DLF Phase 5,Delhi NCR,INDEPENDENT_HOUSE,2,1384,38530000,27839.6,2024-04-06
SALE2038,Noida Sector 62,Delhi NCR,BUILDER_FLOOR,2,942,11120000,11804.67,2024-07-09
SALE2039,Faridabad Neharpar,Delhi NCR,APARTMENT,3,2088,10870000,5205.94,2024-01-27
SALE2040,Rohini Sector 10,Delhi NCR,BUILDER_FLOOR,1,561,7690000,13707.66,2023-09-16
SALE2041,Preet Vihar,Delhi NCR,INDEPENDENT_HOUSE,4,2464,31580000,12816.56,2025-10-10
SALE2042,Noida Sector 150,Delhi NCR,INDEPENDENT_HOUSE,1,652,10200000,15644.17,2025-02-16
SALE2043,South Delhi,Delhi NCR,APARTMENT,5,3465,80540000,23243.87,2025-10-15
SALE2044,Gurgaon Sector 56,Delhi NCR,BUILDER_FLOOR,1,577,6730000,11663.78,2024-12-23
SALE2045,Gurgaon Golf Course Road,Delhi NCR,INDEPENDENT_HOUSE,5,3115,118190000,37942.22,2025-11-19
SALE2046,Hauz Khas,Delhi NCR,APARTMENT,3,1584,41990000,26508.84,2025-02-02
SALE2047,DLF Phase 5,Delhi NCR,APARTMENT,4,2276,51620000,22680.14,2023-11-17
SALE2048,West Delhi,Delhi NCR,BUILDER_FLOOR,2,920,10210000,11097.83,2025-01-23
SALE2049,West Delhi,Delhi NCR,INDEPENDENT_HOUSE,2,1156,16310000,14109.0,2026-05-22
SALE2050,Faridabad Sector 15,Delhi NCR,INDEPENDENT_HOUSE,4,2944,26520000,9008.15,2023-09-06
SALE2051,Faridabad Sector 15,Delhi NCR,APARTMENT,5,2725,22090000,8106.42,2025-11-25
SALE2052,North Delhi,Delhi NCR,INDEPENDENT_HOUSE,4,2360,31440000,13322.03,2026-02-25
SALE2053,Gurgaon Sector 45,Delhi NCR,APARTMENT,5,2645,32560000,12310.02,2025-02-11
SALE2054,Central Delhi,Delhi NCR,INDEPENDENT_HOUSE,3,2046,54270000,26524.93,2024-12-04
SALE2055,Faridabad Sector 81,Delhi NCR,BUILDER_FLOOR,2,918,6180000,6732.03,2026-06-11
SALE2056,Sohna Road Gurgaon,Delhi NCR,INDEPENDENT_HOUSE,2,1228,14140000,11514.66,2023-09-25
SALE2057,Noida Extension,Delhi NCR,APARTMENT,5,3520,28500000,8096.59,2024-12-26
SALE2058,Gurgaon Sector 56,Delhi NCR,INDEPENDENT_HOUSE,3,1845,28000000,15176.15,2024-10-03
SALE2059,North Delhi,Delhi NCR,APARTMENT,1,717,7510000,10474.2,2025-08-10
SALE2060,Saket,Delhi NCR,APARTMENT,2,932,15280000,16394.85,2025-01-08
SALE2061,Faridabad Sector 15,Delhi NCR,APARTMENT,1,466,3810000,8175.97,2026-04-13
SALE2062,Noida Extension,Delhi NCR,INDEPENDENT_HOUSE,4,2876,26850000,9335.88,2023-10-09
SALE2063,Central Delhi,Delhi NCR,APARTMENT,3,1689,45310000,26826.52,2023-10-17
SALE2064,Lajpat Nagar,Delhi NCR,APARTMENT,2,1402,30060000,21440.8,2025-05-17
SALE2065,Gurgaon Golf Course Road,Delhi NCR,BUILDER_FLOOR,1,634,18060000,28485.8,2023-09-30
SALE2066,Greater Noida,Delhi NCR,BUILDER_FLOOR,1,586,3840000,6552.9,2024-05-17
SALE2067,Lajpat Nagar,Delhi NCR,BUILDER_FLOOR,1,560,12110000,21625.0,2025-06-13
SALE2068,DLF Phase 5,Delhi NCR,APARTMENT,2,1444,33460000,23171.75,2025-03-12
SALE2069,Rohini Sector 10,Delhi NCR,INDEPENDENT_HOUSE,2,1482,22140000,14939.27,2024-07-11
SALE2070,Dwarka Sector 21,Delhi NCR,INDEPENDENT_HOUSE,5,3310,63980000,19329.31,2026-07-15
SALE2071,West Delhi,Delhi NCR,INDEPENDENT_HOUSE,4,2672,37530000,14045.66,2025-02-21
SALE2072,Gurgaon Sector 45,Delhi NCR,APARTMENT,5,3275,41000000,12519.08,2024-11-29
SALE2073,Gurgaon Sector 45,Delhi NCR,INDEPENDENT_HOUSE,5,3380,57290000,16949.7,2025-05-14
SALE2074,North Delhi,Delhi NCR,INDEPENDENT_HOUSE,3,1920,22430000,11682.29,2023-11-06
SALE2075,Greater Noida Pari Chowk,Delhi NCR,INDEPENDENT_HOUSE,3,1719,14710000,8557.3,2025-08-28
SALE2076,Janakpuri,Delhi NCR,BUILDER_FLOOR,5,2900,37510000,12934.48,2026-02-09
SALE2077,Ghaziabad Indirapuram,Delhi NCR,BUILDER_FLOOR,4,1800,14420000,8011.11,2025-07-03
SALE2078,Noida Sector 18,Delhi NCR,INDEPENDENT_HOUSE,1,715,11080000,15496.5,2025-11-09
SALE2079,Noida Sector 62,Delhi NCR,APARTMENT,3,1689,16990000,10059.21,2025-09-18
SALE2080,North Delhi,Delhi NCR,APARTMENT,3,2199,22060000,10031.83,2024-03-12
SALE2081,Gurgaon Sector 56,Delhi NCR,APARTMENT,1,685,8520000,12437.96,2024-11-26
SALE2082,Golf Course Extension Road,Delhi NCR,BUILDER_FLOOR,3,2244,31130000,13872.55,2024-03-27
SALE2083,Central Delhi,Delhi NCR,BUILDER_FLOOR,1,742,18710000,25215.63,2024-07-26
SALE2084,Janakpuri,Delhi NCR,INDEPENDENT_HOUSE,1,616,10860000,17629.87,2024-11-29
SALE2085,Dwarka Sector 21,Delhi NCR,BUILDER_FLOOR,5,2490,38420000,15429.72,2024-10-18
SALE2086,Noida Sector 62,Delhi NCR,APARTMENT,5,3225,30990000,9609.3,2023-11-02
SALE2087,Hauz Khas,Delhi NCR,BUILDER_FLOOR,3,2016,49140000,24375.0,2024-10-30
SALE2088,Cyber City Gurgaon,Delhi NCR,APARTMENT,5,2275,37860000,16641.76,2025-07-18
SALE2089,Noida Extension,Delhi NCR,APARTMENT,3,2154,13930000,6467.04,2024-09-03
SALE2090,Gurgaon Sector 56,Delhi NCR,BUILDER_FLOOR,5,2815,32790000,11648.31,2024-01-04
SALE2091,Noida Sector 76,Delhi NCR,BUILDER_FLOOR,5,3720,31660000,8510.75,2026-04-27
SALE2092,Pitampura,Delhi NCR,BUILDER_FLOOR,3,1953,24450000,12519.2,2023-10-02
SALE2093,East Delhi,Delhi NCR,APARTMENT,4,2968,30270000,10198.79,2026-01-17
SALE2094,Noida Sector 76,Delhi NCR,BUILDER_FLOOR,1,654,5560000,8501.53,2023-10-31
SALE2095,Golf Course Extension Road,Delhi NCR,APARTMENT,4,2944,40160000,13641.3,2023-11-03
SALE2096,Noida Sector 76,Delhi NCR,INDEPENDENT_HOUSE,5,2750,28560000,10385.45,2025-10-07
SALE2097,Faridabad Neharpar,Delhi NCR,APARTMENT,2,972,4520000,4650.21,2025-12-26
SALE2098,Greater Noida Pari Chowk,Delhi NCR,BUILDER_FLOOR,5,2475,15310000,6185.86,2025-03-21
SALE2099,Greater Noida,Delhi NCR,BUILDER_FLOOR,3,1884,11110000,5897.03,2025-04-23
SALE2100,West Delhi,Delhi NCR,INDEPENDENT_HOUSE,1,606,6880000,11353.14,2025-03-27
SALE2101,West Delhi,Delhi NCR,INDEPENDENT_HOUSE,4,2096,25940000,12375.95,2024-07-16
SALE2102,Pitampura,Delhi NCR,APARTMENT,3,1587,23940000,15085.07,2023-12-01
SALE2103,Gurgaon Golf Course Road,Delhi NCR,APARTMENT,1,574,18240000,31777.0,2024-08-11
SALE2104,Gurgaon Sector 56,Delhi NCR,BUILDER_FLOOR,1,625,8600000,13760.0,2025-07-19
SALE2105,Cyber City Gurgaon,Delhi NCR,BUILDER_FLOOR,4,2764,37890000,13708.39,2025-10-20
SALE2106,Janakpuri,Delhi NCR,INDEPENDENT_HOUSE,5,2790,41180000,14759.86,2026-02-26
SALE2107,Faridabad Neharpar,Delhi NCR,BUILDER_FLOOR,5,3485,18070000,5185.08,2025-09-18
SALE2108,Gurgaon Sector 56,Delhi NCR,INDEPENDENT_HOUSE,1,642,10260000,15981.31,2026-06-16
SALE2109,Faridabad Neharpar,Delhi NCR,APARTMENT,3,1611,6990000,4338.92,2025-05-09
SALE2110,Rohini Sector 10,Delhi NCR,INDEPENDENT_HOUSE,5,2940,36660000,12469.39,2024-08-09
SALE2111,South Delhi,Delhi NCR,APARTMENT,4,2352,54270000,23073.98,2025-04-14
SALE2112,Sohna Road Gurgaon,Delhi NCR,APARTMENT,1,599,5990000,10000.0,2024-03-10
SALE2113,Noida Extension,Delhi NCR,APARTMENT,4,2840,24350000,8573.94,2025-07-09
SALE2114,DLF Phase 5,Delhi NCR,BUILDER_FLOOR,4,2888,60750000,21035.32,2024-03-22
SALE2115,Rohini Sector 10,Delhi NCR,INDEPENDENT_HOUSE,4,2948,47880000,16241.52,2023-11-16
SALE2116,Vasant Kunj,Delhi NCR,APARTMENT,2,1442,28510000,19771.15,2026-02-01
SALE2117,Faridabad Sector 15,Delhi NCR,BUILDER_FLOOR,2,918,7010000,7636.17,2024-08-26
SALE2118,West Delhi,Delhi NCR,BUILDER_FLOOR,3,1710,20630000,12064.33,2025-11-02
SALE2119,Faridabad Sector 81,Delhi NCR,BUILDER_FLOOR,1,581,4210000,7246.13,2025-04-10
SALE2120,Vasant Kunj,Delhi NCR,INDEPENDENT_HOUSE,3,1695,38250000,22566.37,2025-12-21
SALE2121,Noida Sector 76,Delhi NCR,INDEPENDENT_HOUSE,2,988,10770000,10900.81,2026-02-01
SALE2122,Faridabad Neharpar,Delhi NCR,INDEPENDENT_HOUSE,5,2830,16560000,5851.59,2026-06-23
SALE2123,Gurgaon Sector 56,Delhi NCR,BUILDER_FLOOR,3,1854,23730000,12799.35,2026-01-02
SALE2124,Golf Course Extension Road,Delhi NCR,APARTMENT,2,1494,22690000,15187.42,2025-05-23
SALE2125,Rohini Sector 10,Delhi NCR,APARTMENT,3,2154,29020000,13472.61,2025-06-24
SALE2126,Greater Noida Pari Chowk,Delhi NCR,APARTMENT,5,2650,17530000,6615.09,2023-08-18
SALE2127,Cyber City Gurgaon,Delhi NCR,APARTMENT,3,1572,26870000,17092.88,2026-05-04
SALE2128,North Delhi,Delhi NCR,BUILDER_FLOOR,4,2420,23790000,9830.58,2026-01-15
SALE2129,Noida Sector 150,Delhi NCR,APARTMENT,2,1008,10760000,10674.6,2024-05-09
SALE2130,Vasant Kunj,Delhi NCR,INDEPENDENT_HOUSE,5,2930,76180000,26000.0,2024-02-03
SALE2131,Pitampura,Delhi NCR,INDEPENDENT_HOUSE,2,1136,20160000,17746.48,2025-08-29
SALE2132,West Delhi,Delhi NCR,APARTMENT,4,2072,21770000,10506.76,2024-06-23
SALE2133,Ghaziabad Raj Nagar Extension,Delhi NCR,INDEPENDENT_HOUSE,3,1632,11910000,7297.79,2024-07-27
SALE2134,Faridabad Sector 15,Delhi NCR,BUILDER_FLOOR,2,1066,7740000,7260.79,2023-07-27
SALE2135,Saket,Delhi NCR,BUILDER_FLOOR,1,588,12010000,20425.17,2026-02-28
SALE2136,Pitampura,Delhi NCR,INDEPENDENT_HOUSE,2,1108,16190000,14611.91,2025-04-01
SALE2137,Ghaziabad Indirapuram,Delhi NCR,INDEPENDENT_HOUSE,4,2464,24620000,9991.88,2024-10-02
SALE2138,Preet Vihar,Delhi NCR,BUILDER_FLOOR,4,1884,24310000,12903.4,2023-12-23
SALE2139,Noida Extension,Delhi NCR,INDEPENDENT_HOUSE,3,1953,18160000,9298.52,2025-06-13
SALE2140,Faridabad Neharpar,Delhi NCR,INDEPENDENT_HOUSE,1,716,3790000,5293.3,2023-08-23
SALE2141,Ghaziabad Vasundhara,Delhi NCR,APARTMENT,2,1430,9830000,6874.13,2025-10-15
SALE2142,Saket,Delhi NCR,INDEPENDENT_HOUSE,4,2856,66600000,23319.33,2024-03-12
SALE2143,Hauz Khas,Delhi NCR,APARTMENT,3,2025,49080000,24237.04,2024-10-23
SALE2144,Noida Sector 62,Delhi NCR,BUILDER_FLOOR,4,2140,22990000,10742.99,2024-07-28
SALE2145,Hauz Khas,Delhi NCR,INDEPENDENT_HOUSE,5,2610,77440000,29670.5,2024-08-29
SALE2146,Ghaziabad Indirapuram,Delhi NCR,APARTMENT,5,2535,17190000,6781.07,2025-09-18
SALE2147,Golf Course Extension Road,Delhi NCR,BUILDER_FLOOR,4,2460,36360000,14780.49,2025-11-18
SALE2148,Dwarka Sector 21,Delhi NCR,BUILDER_FLOOR,5,2765,46230000,16719.71,2025-04-03
SALE2149,Gurgaon Golf Course Road,Delhi NCR,BUILDER_FLOOR,3,1599,47710000,29837.4,2023-10-22
SALE2150,Cyber City Gurgaon,Delhi NCR,APARTMENT,1,680,11320000,16647.06,2023-09-16
SALE2151,Gurgaon Golf Course Road,Delhi NCR,INDEPENDENT_HOUSE,4,2844,98770000,34729.25,2024-01-09
SALE2152,Gurgaon Sector 45,Delhi NCR,BUILDER_FLOOR,5,3220,34740000,10788.82,2025-05-28
SALE2153,Gurgaon Sector 45,Delhi NCR,BUILDER_FLOOR,5,2630,29540000,11231.94,2025-07-28
SALE2154,Gurgaon Sector 56,Delhi NCR,APARTMENT,1,664,8130000,12243.98,2024-05-14
SALE2155,Ghaziabad Indirapuram,Delhi NCR,BUILDER_FLOOR,2,1020,8560000,8392.16,2025-07-15
SALE2156,Rohini Sector 10,Delhi NCR,APARTMENT,5,2895,29660000,10245.25,2025-01-03
SALE2157,Faridabad Sector 15,Delhi NCR,BUILDER_FLOOR,5,2260,18670000,8261.06,2024-11-16
SALE2158,Faridabad Sector 15,Delhi NCR,APARTMENT,2,1386,10930000,7886.0,2024-05-15
SALE2159,Ghaziabad Indirapuram,Delhi NCR,APARTMENT,5,2265,15690000,6927.15,2025-10-25
SALE2160,Noida Sector 150,Delhi NCR,INDEPENDENT_HOUSE,5,2780,34610000,12449.64,2023-11-22
SALE2161,Gurgaon Sector 56,Delhi NCR,APARTMENT,3,1404,16310000,11616.81,2024-11-03
SALE2162,Saket,Delhi NCR,INDEPENDENT_HOUSE,5,3010,61720000,20504.98,2024-05-26
SALE2163,Gurgaon Golf Course Road,Delhi NCR,APARTMENT,1,663,21310000,32141.78,2025-08-02
SALE2164,Gurgaon Sector 45,Delhi NCR,INDEPENDENT_HOUSE,3,2229,36320000,16294.3,2025-01-04
SALE2165,Dwarka Sector 21,Delhi NCR,BUILDER_FLOOR,5,3170,53710000,16943.22,2025-07-21
SALE2166,Gurgaon Golf Course Road,Delhi NCR,BUILDER_FLOOR,3,1914,59980000,31337.51,2023-09-08
SALE2167,Lajpat Nagar,Delhi NCR,BUILDER_FLOOR,5,2415,43030000,17817.81,2024-09-26
SALE2168,Golf Course Extension Road,Delhi NCR,APARTMENT,3,1854,28040000,15124.06,2025-05-07
SALE2169,Faridabad Neharpar,Delhi NCR,APARTMENT,2,958,4230000,4415.45,2023-07-29
SALE2170,Faridabad Neharpar,Delhi NCR,APARTMENT,4,2388,11680000,4891.12,2024-06-15
SALE2171,North Delhi,Delhi NCR,BUILDER_FLOOR,5,3720,42720000,11483.87,2024-03-08
SALE2172,West Delhi,Delhi NCR,APARTMENT,5,3690,38700000,10487.8,2023-12-18
SALE2173,Faridabad Sector 15,Delhi NCR,BUILDER_FLOOR,2,1138,9670000,8497.36,2024-04-26
SALE2174,Rohini Sector 10,Delhi NCR,APARTMENT,1,462,5490000,11883.12,2024-07-14
SALE2175,Cyber City Gurgaon,Delhi NCR,INDEPENDENT_HOUSE,2,1324,24770000,18708.46,2023-07-29
SALE2176,East Delhi,Delhi NCR,BUILDER_FLOOR,5,2790,22620000,8107.53,2025-10-16
SALE2177,Rohini Sector 10,Delhi NCR,INDEPENDENT_HOUSE,3,1740,27240000,15655.17,2024-01-29
SALE2178,Noida Sector 62,Delhi NCR,BUILDER_FLOOR,5,3655,38080000,10418.6,2024-09-09
SALE2179,South Delhi,Delhi NCR,APARTMENT,3,1872,39900000,21314.1,2025-08-30
SALE2180,Vasant Kunj,Delhi NCR,APARTMENT,2,1238,28600000,23101.78,2025-01-19
SALE2181,Ghaziabad Raj Nagar Extension,Delhi NCR,BUILDER_FLOOR,1,519,2840000,5472.06,2026-01-19
SALE2182,Ghaziabad Vasundhara,Delhi NCR,INDEPENDENT_HOUSE,3,2058,18220000,8853.26,2025-12-20
SALE2183,Greater Noida,Delhi NCR,INDEPENDENT_HOUSE,1,716,5250000,7332.4,2023-10-07
SALE2184,North Delhi,Delhi NCR,INDEPENDENT_HOUSE,5,2295,25130000,10949.89,2026-02-19
SALE2185,East Delhi,Delhi NCR,BUILDER_FLOOR,1,526,4670000,8878.33,2023-09-05
SALE2186,Vasant Kunj,Delhi NCR,BUILDER_FLOOR,4,2892,66970000,23156.98,2023-08-10
SALE2187,Noida Extension,Delhi NCR,APARTMENT,5,2545,21180000,8322.2,2026-04-25
SALE2188,Noida Sector 62,Delhi NCR,INDEPENDENT_HOUSE,3,1398,17190000,12296.14,2026-02-19
SALE2189,Gurgaon Golf Course Road,Delhi NCR,BUILDER_FLOOR,2,1280,35320000,27593.75,2025-04-12
SALE2190,Noida Sector 62,Delhi NCR,APARTMENT,5,3020,29980000,9927.15,2025-04-09
SALE2191,Sohna Road Gurgaon,Delhi NCR,APARTMENT,2,994,8800000,8853.12,2025-09-05
SALE2192,Vasant Kunj,Delhi NCR,BUILDER_FLOOR,5,2640,50290000,19049.24,2024-10-20
SALE2193,Ghaziabad Raj Nagar Extension,Delhi NCR,INDEPENDENT_HOUSE,5,3040,21720000,7144.74,2023-11-24
SALE2194,Gurgaon Sector 56,Delhi NCR,APARTMENT,5,2585,30630000,11849.13,2023-08-12
SALE2195,Saket,Delhi NCR,BUILDER_FLOOR,4,2868,45670000,15923.99,2024-07-10
SALE2196,Noida Sector 62,Delhi NCR,APARTMENT,5,2470,25810000,10449.39,2025-12-15
SALE2197,Saket,Delhi NCR,APARTMENT,5,3045,46960000,15422.0,2025-05-28
SALE2198,Noida Sector 62,Delhi NCR,INDEPENDENT_HOUSE,2,1228,14750000,12011.4,2026-01-17
SALE2199,Noida Sector 18,Delhi NCR,BUILDER_FLOOR,5,3065,48080000,15686.79,2026-04-24
SALE2200,Cyber City Gurgaon,Delhi NCR,BUILDER_FLOOR,2,1060,15810000,14915.09,2023-10-25
SALE2201,South Delhi,Delhi NCR,INDEPENDENT_HOUSE,5,3565,82890000,23251.05,2026-01-31
SALE2202,West Delhi,Delhi NCR,INDEPENDENT_HOUSE,3,1764,19840000,11247.17,2024-04-12
SALE2203,Noida Sector 18,Delhi NCR,INDEPENDENT_HOUSE,2,1074,16280000,15158.29,2025-04-26
SALE2204,East Delhi,Delhi NCR,INDEPENDENT_HOUSE,4,1900,19260000,10136.84,2025-02-14
SALE2205,Ghaziabad Raj Nagar Extension,Delhi NCR,INDEPENDENT_HOUSE,1,504,3210000,6369.05,2024-09-26
SALE2206,Gurgaon Golf Course Road,Delhi NCR,BUILDER_FLOOR,4,2164,64310000,29718.11,2024-06-25
SALE2207,Ghaziabad Indirapuram,Delhi NCR,INDEPENDENT_HOUSE,3,1827,15620000,8549.53,2024-07-27
SALE2208,Rohini Sector 10,Delhi NCR,INDEPENDENT_HOUSE,5,2450,40290000,16444.9,2024-07-20
SALE2209,Ghaziabad Vasundhara,Delhi NCR,INDEPENDENT_HOUSE,2,994,8870000,8923.54,2024-01-21
SALE2210,Ghaziabad Vasundhara,Delhi NCR,APARTMENT,4,2432,17450000,7175.16,2025-01-30
SALE2211,Ghaziabad Vasundhara,Delhi NCR,BUILDER_FLOOR,2,1128,6850000,6072.7,2023-11-22
SALE2212,Central Delhi,Delhi NCR,BUILDER_FLOOR,4,2172,59850000,27555.25,2025-01-29
SALE2213,East Delhi,Delhi NCR,BUILDER_FLOOR,4,2796,22820000,8161.66,2026-04-08
SALE2214,Ghaziabad Raj Nagar Extension,Delhi NCR,APARTMENT,3,2085,11330000,5434.05,2024-08-06
SALE2215,Gurgaon Sector 45,Delhi NCR,BUILDER_FLOOR,3,2232,24780000,11102.15,2025-09-25
SALE2216,DLF Phase 5,Delhi NCR,BUILDER_FLOOR,1,616,15030000,24399.35,2026-01-03
SALE2217,Lajpat Nagar,Delhi NCR,BUILDER_FLOOR,5,3430,63230000,18434.4,2025-12-30
SALE2218,Greater Noida,Delhi NCR,APARTMENT,5,2870,18920000,6592.33,2024-04-04
SALE2219,Ghaziabad Raj Nagar Extension,Delhi NCR,BUILDER_FLOOR,1,624,3130000,5016.03,2023-12-28
SALE2220,Greater Noida Pari Chowk,Delhi NCR,BUILDER_FLOOR,5,3125,22170000,7094.4,2024-02-22
SALE2221,Preet Vihar,Delhi NCR,APARTMENT,1,743,10230000,13768.51,2025-05-11
SALE2222,Cyber City Gurgaon,Delhi NCR,INDEPENDENT_HOUSE,5,3435,62500000,18195.05,2025-10-31
SALE2223,DLF Phase 5,Delhi NCR,BUILDER_FLOOR,2,1214,33120000,27281.71,2025-07-08
SALE2224,Lajpat Nagar,Delhi NCR,INDEPENDENT_HOUSE,1,644,13920000,21614.91,2024-01-31
SALE2225,Hauz Khas,Delhi NCR,APARTMENT,2,1042,29080000,27907.87,2025-11-14
SALE2226,South Delhi,Delhi NCR,APARTMENT,2,1362,30240000,22202.64,2025-01-12
SALE2227,Noida Extension,Delhi NCR,INDEPENDENT_HOUSE,5,3390,27720000,8176.99,2025-10-24
SALE2228,North Delhi,Delhi NCR,BUILDER_FLOOR,5,3025,34050000,11256.2,2025-10-30
SALE2229,Greater Noida Pari Chowk,Delhi NCR,INDEPENDENT_HOUSE,3,1485,12780000,8606.06,2024-11-24
SALE2230,Faridabad Sector 81,Delhi NCR,BUILDER_FLOOR,2,1200,6780000,5650.0,2026-04-28
SALE2231,Hauz Khas,Delhi NCR,APARTMENT,5,3165,69860000,22072.67,2025-03-30
SALE2232,Noida Sector 18,Delhi NCR,APARTMENT,2,1342,20640000,15380.03,2025-06-16
SALE2233,Noida Sector 76,Delhi NCR,INDEPENDENT_HOUSE,3,1935,19180000,9912.14,2025-06-04
SALE2234,Greater Noida Pari Chowk,Delhi NCR,INDEPENDENT_HOUSE,2,1076,8970000,8336.43,2026-02-22
SALE2235,Rohini Sector 10,Delhi NCR,INDEPENDENT_HOUSE,4,2536,40240000,15867.51,2025-06-07
SALE2236,Gurgaon Sector 56,Delhi NCR,BUILDER_FLOOR,2,1036,11490000,11090.73,2024-01-02
SALE2237,Vasant Kunj,Delhi NCR,APARTMENT,4,2692,64590000,23993.31,2023-10-03
SALE2238,Golf Course Extension Road,Delhi NCR,APARTMENT,2,1324,22010000,16623.87,2024-11-16
SALE2239,Greater Noida Pari Chowk,Delhi NCR,INDEPENDENT_HOUSE,2,1364,11490000,8423.75,2024-06-16
SALE2240,Ghaziabad Indirapuram,Delhi NCR,BUILDER_FLOOR,3,1695,11510000,6790.56,2024-05-17
SALE2241,South Delhi,Delhi NCR,INDEPENDENT_HOUSE,4,2284,64130000,28077.93,2023-09-20
SALE2242,Noida Sector 150,Delhi NCR,BUILDER_FLOOR,5,3725,42920000,11522.15,2025-01-27
SALE2243,Saket,Delhi NCR,INDEPENDENT_HOUSE,4,2552,48730000,19094.83,2024-06-25
SALE2244,Ghaziabad Raj Nagar Extension,Delhi NCR,INDEPENDENT_HOUSE,1,522,3680000,7049.81,2024-11-27
SALE2245,Faridabad Neharpar,Delhi NCR,BUILDER_FLOOR,4,2856,12470000,4366.25,2023-09-21
SALE2246,Gurgaon Golf Course Road,Delhi NCR,APARTMENT,4,1956,57790000,29544.99,2026-01-17
SALE2247,Noida Sector 62,Delhi NCR,INDEPENDENT_HOUSE,1,625,8340000,13344.0,2023-10-13
SALE2248,South Delhi,Delhi NCR,BUILDER_FLOOR,4,2848,70290000,24680.48,2026-02-22
SALE2249,East Delhi,Delhi NCR,BUILDER_FLOOR,3,1800,16020000,8900.0,2026-02-12
SALE2250,Saket,Delhi NCR,INDEPENDENT_HOUSE,5,3025,69790000,23071.07,2025-05-25
SALE2251,Central Delhi,Delhi NCR,APARTMENT,4,2984,69880000,23418.23,2025-01-26
SALE2252,Hauz Khas,Delhi NCR,INDEPENDENT_HOUSE,3,1389,39000000,28077.75,2024-12-09
SALE2253,Gurgaon Golf Course Road,Delhi NCR,APARTMENT,5,2445,75680000,30952.97,2025-03-19
SALE2254,Noida Sector 150,Delhi NCR,BUILDER_FLOOR,2,1186,13270000,11188.87,2025-12-04
SALE2255,Central Delhi,Delhi NCR,APARTMENT,1,539,15740000,29202.23,2026-03-28
SALE2256,Gurgaon Sector 56,Delhi NCR,INDEPENDENT_HOUSE,4,2556,43560000,17042.25,2024-11-24
SALE2257,Central Delhi,Delhi NCR,INDEPENDENT_HOUSE,2,1396,39380000,28209.17,2025-12-24
SALE2258,Faridabad Neharpar,Delhi NCR,APARTMENT,3,1479,8430000,5699.8,2025-07-04
SALE2259,Gurgaon Sector 56,Delhi NCR,BUILDER_FLOOR,4,2584,30950000,11977.55,2024-07-07
SALE2260,Ghaziabad Indirapuram,Delhi NCR,INDEPENDENT_HOUSE,2,1114,10260000,9210.05,2024-12-23
SALE2261,West Delhi,Delhi NCR,APARTMENT,3,1527,13880000,9089.72,2024-01-02
SALE2262,Ghaziabad Vasundhara,Delhi NCR,BUILDER_FLOOR,4,2416,16310000,6750.83,2023-09-26
SALE2263,Pitampura,Delhi NCR,BUILDER_FLOOR,4,2768,35990000,13002.17,2023-11-11
SALE2264,Faridabad Neharpar,Delhi NCR,BUILDER_FLOOR,1,597,3370000,5644.89,2026-04-01
SALE2265,Ghaziabad Indirapuram,Delhi NCR,BUILDER_FLOOR,3,2163,17110000,7910.31,2024-07-31
SALE2266,Saket,Delhi NCR,APARTMENT,5,3155,64560000,20462.76,2025-09-10
SALE2267,Greater Noida Pari Chowk,Delhi NCR,INDEPENDENT_HOUSE,3,1863,14570000,7820.72,2025-01-23
SALE2268,DLF Phase 5,Delhi NCR,BUILDER_FLOOR,5,3250,77090000,23720.0,2024-01-26
SALE2269,Preet Vihar,Delhi NCR,INDEPENDENT_HOUSE,5,2745,41420000,15089.25,2024-04-17
SALE2270,Dwarka Sector 21,Delhi NCR,BUILDER_FLOOR,5,2275,35890000,15775.82,2024-11-11
SALE2271,Lajpat Nagar,Delhi NCR,APARTMENT,4,2000,38290000,19145.0,2024-11-13
SALE2272,Ghaziabad Indirapuram,Delhi NCR,BUILDER_FLOOR,2,1190,8260000,6941.18,2025-02-12
SALE2273,Saket,Delhi NCR,APARTMENT,5,2485,38780000,15605.63,2024-01-10
SALE2274,Janakpuri,Delhi NCR,INDEPENDENT_HOUSE,1,511,7250000,14187.87,2024-09-01
SALE2275,Golf Course Extension Road,Delhi NCR,BUILDER_FLOOR,5,2720,45650000,16783.09,2024-05-26
SALE2276,Dwarka Sector 21,Delhi NCR,BUILDER_FLOOR,3,2067,32500000,15723.27,2024-10-11
SALE2277,Lajpat Nagar,Delhi NCR,INDEPENDENT_HOUSE,4,2364,58250000,24640.44,2024-07-25
SALE2278,North Delhi,Delhi NCR,BUILDER_FLOOR,2,974,9090000,9332.65,2025-05-06
SALE2279,Hauz Khas,Delhi NCR,BUILDER_FLOOR,4,2480,71220000,28717.74,2025-12-01
SALE2280,Central Delhi,Delhi NCR,BUILDER_FLOOR,2,1350,30570000,22644.44,2025-06-29
SALE2281,Rohini Sector 10,Delhi NCR,INDEPENDENT_HOUSE,4,2164,32520000,15027.73,2023-10-01
SALE2282,DLF Phase 5,Delhi NCR,APARTMENT,5,3350,73610000,21973.13,2023-11-01
SALE2283,DLF Phase 5,Delhi NCR,BUILDER_FLOOR,3,1506,31100000,20650.73,2025-08-02
SALE2284,Lajpat Nagar,Delhi NCR,INDEPENDENT_HOUSE,3,2034,39680000,19508.36,2024-05-27
SALE2285,Faridabad Sector 15,Delhi NCR,APARTMENT,1,469,3940000,8400.85,2025-09-21
SALE2286,Noida Sector 150,Delhi NCR,APARTMENT,3,1950,23920000,12266.67,2025-07-09
SALE2287,Faridabad Sector 81,Delhi NCR,INDEPENDENT_HOUSE,4,2776,21240000,7651.3,2026-04-09
SALE2288,Lajpat Nagar,Delhi NCR,INDEPENDENT_HOUSE,2,902,19850000,22006.65,2026-03-04
SALE2289,Ghaziabad Raj Nagar Extension,Delhi NCR,APARTMENT,5,3620,22510000,6218.23,2024-07-20
SALE2290,West Delhi,Delhi NCR,BUILDER_FLOOR,3,1965,17880000,9099.24,2025-04-19
SALE2291,Gurgaon Golf Course Road,Delhi NCR,BUILDER_FLOOR,5,3120,76360000,24474.36,2023-12-23
SALE2292,Ghaziabad Vasundhara,Delhi NCR,BUILDER_FLOOR,2,1080,7460000,6907.41,2024-08-07
SALE2293,Noida Extension,Delhi NCR,INDEPENDENT_HOUSE,2,1206,11490000,9527.36,2026-06-15
SALE2294,DLF Phase 5,Delhi NCR,INDEPENDENT_HOUSE,3,2097,52870000,25212.21,2025-08-24
SALE2295,Ghaziabad Indirapuram,Delhi NCR,INDEPENDENT_HOUSE,2,1042,8070000,7744.72,2024-09-22
SALE2296,Vasant Kunj,Delhi NCR,INDEPENDENT_HOUSE,5,2860,71840000,25118.88,2025-05-03
SALE2297,Lajpat Nagar,Delhi NCR,INDEPENDENT_HOUSE,3,2115,48710000,23030.73,2026-05-14
SALE2298,Ghaziabad Indirapuram,Delhi NCR,APARTMENT,1,623,4050000,6500.8,2024-06-24
SALE2299,Saket,Delhi NCR,BUILDER_FLOOR,1,558,10970000,19659.5,2024-09-05
SALE2300,Faridabad Neharpar,Delhi NCR,BUILDER_FLOOR,5,2630,14100000,5361.22,2025-12-04
SALE2301,Pitampura,Delhi NCR,APARTMENT,1,522,7280000,13946.36,2025-12-28
SALE2302,Vasant Kunj,Delhi NCR,BUILDER_FLOOR,5,2365,45830000,19378.44,2025-07-24
SALE2303,Golf Course Extension Road,Delhi NCR,APARTMENT,2,950,15980000,16821.05,2026-01-14
SALE2304,DLF Phase 5,Delhi NCR,BUILDER_FLOOR,5,2685,70920000,26413.41,2025-10-07
SALE2305,Lajpat Nagar,Delhi NCR,APARTMENT,1,704,13760000,19545.45,2025-08-10
SALE2306,Pitampura,Delhi NCR,APARTMENT,2,1336,17790000,13315.87,2025-02-16
SALE2307,Noida Sector 76,Delhi NCR,BUILDER_FLOOR,1,744,6410000,8615.59,2025-06-28
SALE2308,North Delhi,Delhi NCR,APARTMENT,1,538,5110000,9498.14,2024-10-27
SALE2309,Cyber City Gurgaon,Delhi NCR,BUILDER_FLOOR,2,1324,19070000,14403.32,2024-08-20
SALE2310,Sohna Road Gurgaon,Delhi NCR,INDEPENDENT_HOUSE,2,1348,13440000,9970.33,2024-08-21
SALE2311,Saket,Delhi NCR,APARTMENT,1,642,12520000,19501.56,2024-02-03
SALE2312,Vasant Kunj,Delhi NCR,BUILDER_FLOOR,1,453,8110000,17902.87,2024-03-11
SALE2313,Gurgaon Golf Course Road,Delhi NCR,INDEPENDENT_HOUSE,5,2975,97450000,32756.3,2026-05-24
SALE2314,Ghaziabad Raj Nagar Extension,Delhi NCR,INDEPENDENT_HOUSE,2,1110,6540000,5891.89,2025-01-03
SALE2315,Noida Sector 150,Delhi NCR,INDEPENDENT_HOUSE,4,2640,35040000,13272.73,2024-03-25
SALE2316,Dwarka Sector 21,Delhi NCR,INDEPENDENT_HOUSE,1,542,10390000,19169.74,2023-12-18
SALE2317,Gurgaon Golf Course Road,Delhi NCR,INDEPENDENT_HOUSE,3,1884,61760000,32781.32,2023-10-13
SALE2318,Preet Vihar,Delhi NCR,APARTMENT,1,721,10300000,14285.71,2026-01-31
SALE2319,Sohna Road Gurgaon,Delhi NCR,INDEPENDENT_HOUSE,5,2810,30020000,10683.27,2023-11-08
SALE2320,Janakpuri,Delhi NCR,BUILDER_FLOOR,1,549,6550000,11930.78,2025-11-11
SALE2321,Gurgaon Sector 56,Delhi NCR,INDEPENDENT_HOUSE,4,2816,39660000,14083.81,2026-01-21
SALE2322,Saket,Delhi NCR,APARTMENT,3,1785,29330000,16431.37,2026-03-15
SALE2323,Central Delhi,Delhi NCR,BUILDER_FLOOR,5,3410,76510000,22436.95,2023-08-31
SALE2324,Hauz Khas,Delhi NCR,INDEPENDENT_HOUSE,2,1060,34520000,32566.04,2024-07-24
SALE2325,Faridabad Sector 15,Delhi NCR,INDEPENDENT_HOUSE,1,486,5220000,10740.74,2025-11-06
SALE2326,Ghaziabad Indirapuram,Delhi NCR,INDEPENDENT_HOUSE,5,3080,27050000,8782.47,2023-12-11
SALE2327,North Delhi,Delhi NCR,APARTMENT,1,616,5660000,9188.31,2024-09-05
SALE2328,Preet Vihar,Delhi NCR,INDEPENDENT_HOUSE,4,2208,31880000,14438.41,2024-01-14
SALE2329,Pitampura,Delhi NCR,APARTMENT,4,2996,41750000,13935.25,2026-01-17
SALE2330,Greater Noida Pari Chowk,Delhi NCR,APARTMENT,2,1364,8630000,6326.98,2025-11-12
SALE2331,Sohna Road Gurgaon,Delhi NCR,APARTMENT,4,2196,20550000,9357.92,2025-12-23
SALE2332,Noida Sector 150,Delhi NCR,APARTMENT,3,1545,15940000,10317.15,2024-01-18
SALE2333,Hauz Khas,Delhi NCR,BUILDER_FLOOR,2,1012,27970000,27638.34,2024-11-11
SALE2334,Ghaziabad Vasundhara,Delhi NCR,BUILDER_FLOOR,2,1250,7790000,6232.0,2024-10-13
SALE2335,Noida Sector 18,Delhi NCR,INDEPENDENT_HOUSE,2,1074,19130000,17811.92,2025-07-31
SALE2336,Pitampura,Delhi NCR,APARTMENT,4,2868,40020000,13953.97,2024-04-06
SALE2337,Janakpuri,Delhi NCR,INDEPENDENT_HOUSE,4,2744,41510000,15127.55,2024-11-18
SALE2338,Greater Noida Pari Chowk,Delhi NCR,INDEPENDENT_HOUSE,2,1152,9180000,7968.75,2024-05-28
SALE2339,Pitampura,Delhi NCR,INDEPENDENT_HOUSE,2,1486,27950000,18808.88,2025-10-18
SALE2340,Greater Noida,Delhi NCR,APARTMENT,1,690,4800000,6956.52,2024-11-24
SALE2341,Faridabad Sector 81,Delhi NCR,APARTMENT,4,2884,18150000,6293.34,2025-02-25
SALE2342,DLF Phase 5,Delhi NCR,BUILDER_FLOOR,4,2292,48130000,20999.13,2024-06-24
SALE2343,South Delhi,Delhi NCR,INDEPENDENT_HOUSE,4,2244,52710000,23489.3,2025-12-23
SALE2344,Noida Sector 18,Delhi NCR,APARTMENT,1,458,6600000,14410.48,2024-12-16
SALE2345,Noida Sector 62,Delhi NCR,APARTMENT,4,2968,35070000,11816.04,2026-01-21
SALE2346,Vasant Kunj,Delhi NCR,BUILDER_FLOOR,4,2080,48580000,23355.77,2024-08-27
SALE2347,Noida Sector 76,Delhi NCR,APARTMENT,3,2061,18590000,9019.89,2026-05-24
SALE2348,South Delhi,Delhi NCR,INDEPENDENT_HOUSE,1,647,19100000,29520.87,2026-07-03
SALE2349,East Delhi,Delhi NCR,INDEPENDENT_HOUSE,1,601,6700000,11148.09,2024-12-08
SALE2350,Noida Sector 150,Delhi NCR,INDEPENDENT_HOUSE,5,3635,53530000,14726.27,2024-05-24
SALE2351,Janakpuri,Delhi NCR,INDEPENDENT_HOUSE,1,621,10770000,17343.0,2024-09-11
SALE2352,Hauz Khas,Delhi NCR,INDEPENDENT_HOUSE,3,1428,37840000,26498.6,2025-02-18
SALE2353,Sohna Road Gurgaon,Delhi NCR,BUILDER_FLOOR,5,2350,20300000,8638.3,2026-06-14
SALE2354,Dwarka Sector 21,Delhi NCR,INDEPENDENT_HOUSE,5,2420,44350000,18326.45,2026-01-01
SALE2355,Janakpuri,Delhi NCR,APARTMENT,3,1716,23440000,13659.67,2025-12-15
SALE2356,Ghaziabad Raj Nagar Extension,Delhi NCR,INDEPENDENT_HOUSE,5,2785,19780000,7102.33,2023-12-19
SALE2357,Pitampura,Delhi NCR,BUILDER_FLOOR,3,1758,24640000,14015.93,2024-04-20
SALE2358,Greater Noida Pari Chowk,Delhi NCR,BUILDER_FLOOR,1,482,3250000,6742.74,2025-06-22
SALE2359,Ghaziabad Indirapuram,Delhi NCR,BUILDER_FLOOR,5,3595,29630000,8242.0,2026-03-05
SALE2360,Ghaziabad Raj Nagar Extension,Delhi NCR,INDEPENDENT_HOUSE,5,3610,26680000,7390.58,2025-03-19
SALE2361,Ghaziabad Indirapuram,Delhi NCR,INDEPENDENT_HOUSE,3,1449,11820000,8157.35,2023-11-10
SALE2362,Ghaziabad Vasundhara,Delhi NCR,APARTMENT,1,650,4950000,7615.38,2026-02-02
SALE2363,Noida Sector 18,Delhi NCR,APARTMENT,1,534,7220000,13520.6,2026-02-07
SALE2364,Gurgaon Sector 56,Delhi NCR,BUILDER_FLOOR,2,1108,14490000,13077.62,2024-05-28
SALE2365,Vasant Kunj,Delhi NCR,BUILDER_FLOOR,4,2908,68980000,23720.77,2025-11-03
SALE2366,Ghaziabad Raj Nagar Extension,Delhi NCR,BUILDER_FLOOR,4,2708,15960000,5893.65,2024-05-14
SALE2367,Vasant Kunj,Delhi NCR,BUILDER_FLOOR,2,964,17340000,17987.55,2026-04-08
SALE2368,Pitampura,Delhi NCR,INDEPENDENT_HOUSE,3,1980,34050000,17196.97,2023-12-29
SALE2369,North Delhi,Delhi NCR,BUILDER_FLOOR,5,3605,39750000,11026.35,2024-11-11
SALE2370,Ghaziabad Indirapuram,Delhi NCR,BUILDER_FLOOR,3,2220,14810000,6671.17,2026-05-23
SALE2371,Noida Sector 62,Delhi NCR,APARTMENT,3,1698,18590000,10948.17,2024-03-20
SALE2372,Noida Sector 18,Delhi NCR,APARTMENT,2,1260,17090000,13563.49,2024-11-26
SALE2373,Gurgaon Sector 45,Delhi NCR,INDEPENDENT_HOUSE,2,1448,20320000,14033.15,2024-08-07
SALE2374,Dwarka Sector 21,Delhi NCR,INDEPENDENT_HOUSE,2,1064,17650000,16588.35,2023-08-19
SALE2375,Saket,Delhi NCR,BUILDER_FLOOR,5,2570,45440000,17680.93,2023-09-17
SALE2376,Sohna Road Gurgaon,Delhi NCR,APARTMENT,2,1474,14090000,9559.02,2025-01-21
SALE2377,North Delhi,Delhi NCR,BUILDER_FLOOR,2,1280,12600000,9843.75,2024-04-04
SALE2378,Gurgaon Sector 45,Delhi NCR,INDEPENDENT_HOUSE,3,1536,25950000,16894.53,2026-07-14
SALE2379,Noida Sector 76,Delhi NCR,BUILDER_FLOOR,2,1368,13120000,9590.64,2024-09-03
SALE2380,Gurgaon Sector 56,Delhi NCR,APARTMENT,5,3545,43750000,12341.33,2023-08-20
SALE2381,Noida Sector 18,Delhi NCR,BUILDER_FLOOR,3,2229,33940000,15226.56,2026-05-06
SALE2382,Ghaziabad Indirapuram,Delhi NCR,BUILDER_FLOOR,1,695,5840000,8402.88,2026-01-25
SALE2383,Golf Course Extension Road,Delhi NCR,INDEPENDENT_HOUSE,5,2545,43170000,16962.67,2025-07-02
SALE2384,Noida Sector 76,Delhi NCR,INDEPENDENT_HOUSE,2,1356,13240000,9764.01,2025-12-04
SALE2385,North Delhi,Delhi NCR,APARTMENT,5,2745,28140000,10251.37,2023-12-18
SALE2386,Pitampura,Delhi NCR,BUILDER_FLOOR,2,922,11300000,12255.97,2024-05-30
SALE2387,Ghaziabad Indirapuram,Delhi NCR,INDEPENDENT_HOUSE,1,712,6210000,8721.91,2026-01-15
SALE2388,Faridabad Sector 15,Delhi NCR,BUILDER_FLOOR,5,3555,32220000,9063.29,2025-08-21
SALE2389,Sohna Road Gurgaon,Delhi NCR,BUILDER_FLOOR,2,1336,11550000,8645.21,2023-12-20
SALE2390,Sohna Road Gurgaon,Delhi NCR,APARTMENT,3,1878,16150000,8599.57,2025-09-01
SALE2391,Ghaziabad Indirapuram,Delhi NCR,INDEPENDENT_HOUSE,1,560,5380000,9607.14,2024-11-23
SALE2392,Ghaziabad Indirapuram,Delhi NCR,INDEPENDENT_HOUSE,4,2704,22790000,8428.25,2023-07-26
SALE2393,Greater Noida Pari Chowk,Delhi NCR,INDEPENDENT_HOUSE,4,2084,19270000,9246.64,2023-10-15
SALE2394,Gurgaon Golf Course Road,Delhi NCR,APARTMENT,2,1210,33620000,27785.12,2024-04-26
SALE2395,Faridabad Neharpar,Delhi NCR,BUILDER_FLOOR,1,642,2810000,4376.95,2026-01-21
SALE2396,Greater Noida,Delhi NCR,INDEPENDENT_HOUSE,3,1986,13980000,7039.27,2025-03-13
SALE2397,Ghaziabad Vasundhara,Delhi NCR,INDEPENDENT_HOUSE,5,2600,19300000,7423.08,2025-09-25
SALE2398,Noida Extension,Delhi NCR,BUILDER_FLOOR,5,3505,22680000,6470.76,2025-02-18
SALE2399,Noida Sector 62,Delhi NCR,INDEPENDENT_HOUSE,3,2106,28290000,13433.05,2023-11-19
SALE2400,Ghaziabad Vasundhara,Delhi NCR,APARTMENT,1,451,2750000,6097.56,2024-05-31
SALE2401,Noida Sector 62,Delhi NCR,INDEPENDENT_HOUSE,4,2052,28340000,13810.92,2024-06-15
SALE2402,Noida Sector 18,Delhi NCR,BUILDER_FLOOR,2,1402,22810000,16269.61,2023-09-11
SALE2403,Preet Vihar,Delhi NCR,APARTMENT,1,591,7370000,12470.39,2024-10-23
SALE2404,Lajpat Nagar,Delhi NCR,INDEPENDENT_HOUSE,3,2241,50800000,22668.45,2025-12-07
SALE2405,Greater Noida Pari Chowk,Delhi NCR,BUILDER_FLOOR,4,2044,13760000,6731.9,2024-12-02
SALE2406,Vasant Kunj,Delhi NCR,BUILDER_FLOOR,2,1494,27220000,18219.54,2023-11-19
SALE2407,North Delhi,Delhi NCR,BUILDER_FLOOR,2,1264,11360000,8987.34,2026-04-08
SALE2408,Noida Sector 150,Delhi NCR,BUILDER_FLOOR,4,2528,26230000,10375.79,2025-05-05
SALE2409,Noida Sector 18,Delhi NCR,INDEPENDENT_HOUSE,1,713,11270000,15806.45,2023-08-08
SALE2410,Dwarka Sector 21,Delhi NCR,APARTMENT,5,2675,40650000,15196.26,2025-02-04
SALE2411,North Delhi,Delhi NCR,INDEPENDENT_HOUSE,3,1764,22350000,12670.07,2024-04-11
SALE2412,Sohna Road Gurgaon,Delhi NCR,APARTMENT,5,3730,32080000,8600.54,2023-12-25
SALE2413,Gurgaon Sector 56,Delhi NCR,APARTMENT,2,1430,17370000,12146.85,2024-11-02
SALE2414,Faridabad Sector 15,Delhi NCR,BUILDER_FLOOR,3,1599,11270000,7048.16,2025-05-24
SALE2415,Gurgaon Sector 56,Delhi NCR,INDEPENDENT_HOUSE,2,1092,18540000,16978.02,2024-04-09
SALE2416,Faridabad Neharpar,Delhi NCR,INDEPENDENT_HOUSE,5,2540,14860000,5850.39,2024-10-19
SALE2417,Lajpat Nagar,Delhi NCR,APARTMENT,2,916,17300000,18886.46,2025-07-18
SALE2418,Noida Sector 62,Delhi NCR,INDEPENDENT_HOUSE,3,1563,22590000,14452.98,2023-10-22
SALE2419,Faridabad Neharpar,Delhi NCR,BUILDER_FLOOR,2,1210,5190000,4289.26,2026-06-23
SALE2420,Cyber City Gurgaon,Delhi NCR,APARTMENT,2,1044,17650000,16906.13,2023-10-03
SALE2421,Noida Sector 62,Delhi NCR,APARTMENT,2,1032,12990000,12587.21,2025-02-16
SALE2422,Greater Noida Pari Chowk,Delhi NCR,INDEPENDENT_HOUSE,1,489,3510000,7177.91,2025-01-27
SALE2423,Ghaziabad Raj Nagar Extension,Delhi NCR,BUILDER_FLOOR,1,550,2670000,4854.55,2026-07-08
SALE2424,Faridabad Sector 81,Delhi NCR,INDEPENDENT_HOUSE,1,690,4770000,6913.04,2025-03-19
SALE2425,Central Delhi,Delhi NCR,APARTMENT,1,604,16490000,27301.32,2024-09-20
SALE2426,DLF Phase 5,Delhi NCR,APARTMENT,5,2775,68350000,24630.63,2024-12-17
SALE2427,Rohini Sector 10,Delhi NCR,APARTMENT,3,1392,14650000,10524.43,2025-06-16
SALE2428,Noida Sector 150,Delhi NCR,INDEPENDENT_HOUSE,3,1890,24440000,12931.22,2026-06-30
SALE2429,Faridabad Sector 81,Delhi NCR,INDEPENDENT_HOUSE,5,2865,22380000,7811.52,2024-04-24
SALE2430,Lajpat Nagar,Delhi NCR,APARTMENT,5,2285,43790000,19164.11,2023-08-07
SALE2431,Rohini Sector 10,Delhi NCR,BUILDER_FLOOR,2,1450,14810000,10213.79,2025-12-01
SALE2432,DLF Phase 5,Delhi NCR,APARTMENT,5,3465,79830000,23038.96,2024-08-01
SALE2433,Dwarka Sector 21,Delhi NCR,BUILDER_FLOOR,1,542,8950000,16512.92,2025-10-01
SALE2434,Noida Extension,Delhi NCR,BUILDER_FLOOR,2,1426,9820000,6886.4,2025-06-08
SALE2435,Cyber City Gurgaon,Delhi NCR,BUILDER_FLOOR,1,688,9720000,14127.91,2025-11-12
SALE2436,Golf Course Extension Road,Delhi NCR,BUILDER_FLOOR,3,1791,27330000,15259.63,2025-10-03
SALE2437,Saket,Delhi NCR,APARTMENT,3,2106,33540000,15925.93,2024-07-19
SALE2438,Noida Sector 18,Delhi NCR,BUILDER_FLOOR,5,3045,46630000,15313.63,2023-09-07
SALE2439,Ghaziabad Indirapuram,Delhi NCR,APARTMENT,5,3290,23120000,7027.36,2025-03-10
SALE2440,Greater Noida Pari Chowk,Delhi NCR,APARTMENT,1,693,5490000,7922.08,2025-12-28
SALE2441,Sohna Road Gurgaon,Delhi NCR,APARTMENT,1,701,6630000,9457.92,2024-01-28
SALE2442,Noida Sector 76,Delhi NCR,BUILDER_FLOOR,5,2465,18560000,7529.41,2025-11-20
SALE2443,Noida Sector 76,Delhi NCR,BUILDER_FLOOR,5,2510,22880000,9115.54,2024-12-11
SALE2444,Gurgaon Sector 45,Delhi NCR,APARTMENT,3,1653,19660000,11893.53,2025-08-21
SALE2445,Noida Sector 76,Delhi NCR,APARTMENT,2,1334,12110000,9077.96,2025-06-12
SALE2446,Noida Sector 150,Delhi NCR,INDEPENDENT_HOUSE,5,2945,45670000,15507.64,2025-12-26
SALE2447,Noida Sector 76,Delhi NCR,BUILDER_FLOOR,4,2628,25610000,9745.05,2023-09-28
SALE2448,Faridabad Sector 81,Delhi NCR,BUILDER_FLOOR,2,1364,7820000,5733.14,2025-11-17
SALE2449,Central Delhi,Delhi NCR,BUILDER_FLOOR,4,2272,61350000,27002.64,2024-12-03
SALE2450,Golf Course Extension Road,Delhi NCR,APARTMENT,1,477,7860000,16477.99,2024-06-06
SALE2451,Faridabad Sector 15,Delhi NCR,INDEPENDENT_HOUSE,1,541,5010000,9260.63,2023-09-07
SALE2452,North Delhi,Delhi NCR,APARTMENT,3,1497,16140000,10781.56,2024-02-24
SALE2453,Faridabad Neharpar,Delhi NCR,BUILDER_FLOOR,4,2212,10380000,4692.59,2023-09-04
SALE2454,Faridabad Sector 15,Delhi NCR,BUILDER_FLOOR,5,2915,23620000,8102.92,2026-05-08
SALE2455,Vasant Kunj,Delhi NCR,APARTMENT,4,2040,41340000,20264.71,2025-02-04
SALE2456,North Delhi,Delhi NCR,BUILDER_FLOOR,4,2740,23590000,8609.49,2026-07-09
SALE2457,Dwarka Sector 21,Delhi NCR,INDEPENDENT_HOUSE,3,1602,28760000,17952.56,2025-03-07
SALE2458,Golf Course Extension Road,Delhi NCR,BUILDER_FLOOR,4,2796,45260000,16187.41,2024-04-23
SALE2459,Faridabad Sector 15,Delhi NCR,INDEPENDENT_HOUSE,5,3630,35600000,9807.16,2025-10-23
SALE2460,Ghaziabad Raj Nagar Extension,Delhi NCR,INDEPENDENT_HOUSE,2,1418,8110000,5719.32,2024-02-15
SALE2461,Central Delhi,Delhi NCR,BUILDER_FLOOR,5,3215,86520000,26911.35,2024-08-15
SALE2462,West Delhi,Delhi NCR,BUILDER_FLOOR,3,1443,13010000,9015.94,2025-11-22
SALE2463,Saket,Delhi NCR,APARTMENT,3,1884,37060000,19670.91,2026-02-23
SALE2464,Vasant Kunj,Delhi NCR,INDEPENDENT_HOUSE,3,1932,42810000,22158.39,2024-07-18
SALE2465,West Delhi,Delhi NCR,BUILDER_FLOOR,4,2516,22900000,9101.75,2023-12-04
SALE2466,Preet Vihar,Delhi NCR,APARTMENT,2,1218,15650000,12848.93,2024-08-27
SALE2467,Lajpat Nagar,Delhi NCR,BUILDER_FLOOR,1,622,10650000,17122.19,2026-03-21
SALE2468,North Delhi,Delhi NCR,APARTMENT,4,2664,27180000,10202.7,2025-10-12
SALE2469,Greater Noida,Delhi NCR,BUILDER_FLOOR,1,690,4600000,6666.67,2026-03-27
SALE2470,North Delhi,Delhi NCR,BUILDER_FLOOR,5,3245,30720000,9466.87,2024-09-16
SALE2471,DLF Phase 5,Delhi NCR,BUILDER_FLOOR,1,555,12660000,22810.81,2026-06-22
SALE2472,Faridabad Sector 81,Delhi NCR,INDEPENDENT_HOUSE,3,1605,12950000,8068.54,2025-01-14
SALE2473,Sohna Road Gurgaon,Delhi NCR,BUILDER_FLOOR,2,1408,13190000,9367.9,2025-01-16
SALE2474,Lajpat Nagar,Delhi NCR,INDEPENDENT_HOUSE,2,1194,25310000,21197.65,2026-04-29
SALE2475,Noida Sector 62,Delhi NCR,INDEPENDENT_HOUSE,4,2260,30950000,13694.69,2025-02-09
SALE2476,Gurgaon Golf Course Road,Delhi NCR,INDEPENDENT_HOUSE,5,2490,85970000,34526.1,2025-12-15
SALE2477,Noida Sector 150,Delhi NCR,APARTMENT,5,3605,42940000,11911.23,2025-09-24
SALE2478,Janakpuri,Delhi NCR,BUILDER_FLOOR,1,604,8170000,13526.49,2023-10-15
SALE2479,Noida Sector 62,Delhi NCR,BUILDER_FLOOR,5,3050,30530000,10009.84,2025-05-11
SALE2480,Noida Sector 76,Delhi NCR,BUILDER_FLOOR,5,3565,29880000,8381.49,2026-01-07
SALE2481,Dwarka Sector 21,Delhi NCR,APARTMENT,5,2725,41820000,15346.79,2025-03-09
SALE2482,Janakpuri,Delhi NCR,INDEPENDENT_HOUSE,4,2348,43030000,18326.24,2024-07-07
SALE2483,Greater Noida Pari Chowk,Delhi NCR,INDEPENDENT_HOUSE,1,717,5480000,7642.96,2023-10-16
SALE2484,Ghaziabad Vasundhara,Delhi NCR,APARTMENT,2,1054,7700000,7305.5,2025-07-14
SALE2485,Noida Sector 62,Delhi NCR,BUILDER_FLOOR,4,2452,29890000,12190.05,2024-06-20
SALE2486,Lajpat Nagar,Delhi NCR,INDEPENDENT_HOUSE,2,1322,28030000,21202.72,2025-05-11
SALE2487,Noida Sector 18,Delhi NCR,INDEPENDENT_HOUSE,2,1162,21350000,18373.49,2024-10-30
SALE2488,Preet Vihar,Delhi NCR,BUILDER_FLOOR,2,1016,11370000,11190.94,2025-08-14
SALE2489,Vasant Kunj,Delhi NCR,APARTMENT,3,2061,43090000,20907.33,2024-08-09
SALE2490,Greater Noida Pari Chowk,Delhi NCR,BUILDER_FLOOR,1,553,3480000,6292.95,2023-09-05
SALE2491,Golf Course Extension Road,Delhi NCR,APARTMENT,3,1776,27910000,15715.09,2026-02-28
SALE2492,Dwarka Sector 21,Delhi NCR,INDEPENDENT_HOUSE,1,698,13630000,19527.22,2024-08-10
SALE2493,Hauz Khas,Delhi NCR,APARTMENT,3,1806,50120000,27751.94,2026-07-18
SALE2494,Greater Noida,Delhi NCR,BUILDER_FLOOR,1,653,4810000,7366.0,2024-05-16
SALE2495,Golf Course Extension Road,Delhi NCR,APARTMENT,1,742,11910000,16051.21,2026-06-29
SALE2496,Cyber City Gurgaon,Delhi NCR,INDEPENDENT_HOUSE,5,3590,63800000,17771.59,2026-05-24
SALE2497,Gurgaon Golf Course Road,Delhi NCR,APARTMENT,5,2560,77550000,30292.97,2023-10-11
SALE2498,North Delhi,Delhi NCR,BUILDER_FLOOR,5,3245,35430000,10918.34,2025-06-18
SALE2499,Preet Vihar,Delhi NCR,BUILDER_FLOOR,2,1046,11530000,11022.94,2024-08-22
SALE2500,Janakpuri,Delhi NCR,BUILDER_FLOOR,4,2636,32960000,12503.79,2025-12-15
SALE2501,Hauz Khas,Delhi NCR,BUILDER_FLOOR,5,3205,84920000,26496.1,2025-08-03
SALE2502,Cyber City Gurgaon,Delhi NCR,BUILDER_FLOOR,5,3330,52880000,15879.88,2026-05-30
SALE2503,Preet Vihar,Delhi NCR,BUILDER_FLOOR,2,1270,15760000,12409.45,2023-12-24
SALE2504,Sohna Road Gurgaon,Delhi NCR,BUILDER_FLOOR,1,467,4630000,9914.35,2025-05-16
SALE2505,Hauz Khas,Delhi NCR,INDEPENDENT_HOUSE,2,1158,35290000,30474.96,2025-11-23
SALE2506,Noida Sector 62,Delhi NCR,INDEPENDENT_HOUSE,3,1536,20490000,13339.84,2023-08-28
SALE2507,Preet Vihar,Delhi NCR,BUILDER_FLOOR,4,1816,25490000,14036.34,2023-10-02
SALE2508,Noida Sector 76,Delhi NCR,BUILDER_FLOOR,3,1488,14300000,9610.22,2025-11-20
SALE2509,Preet Vihar,Delhi NCR,BUILDER_FLOOR,2,1064,14960000,14060.15,2024-08-25
SALE2510,North Delhi,Delhi NCR,INDEPENDENT_HOUSE,4,1868,20900000,11188.44,2024-09-12
SALE2511,Gurgaon Golf Course Road,Delhi NCR,BUILDER_FLOOR,4,2644,83500000,31580.94,2025-04-02
SALE2512,East Delhi,Delhi NCR,INDEPENDENT_HOUSE,4,2004,25070000,12509.98,2025-05-14
SALE2513,Central Delhi,Delhi NCR,INDEPENDENT_HOUSE,1,630,19190000,30460.32,2025-08-03
SALE2514,North Delhi,Delhi NCR,BUILDER_FLOOR,1,476,4960000,10420.17,2026-05-25
SALE2515,Dwarka Sector 21,Delhi NCR,INDEPENDENT_HOUSE,4,2076,31800000,15317.92,2024-08-31
SALE2516,Rohini Sector 10,Delhi NCR,INDEPENDENT_HOUSE,3,1830,26950000,14726.78,2025-11-03
SALE2517,Cyber City Gurgaon,Delhi NCR,APARTMENT,2,1428,24310000,17023.81,2025-04-10
SALE2518,Golf Course Extension Road,Delhi NCR,INDEPENDENT_HOUSE,4,2452,43490000,17736.54,2025-02-20
SALE2519,Golf Course Extension Road,Delhi NCR,BUILDER_FLOOR,2,1234,20170000,16345.22,2024-09-29
SALE2520,Rohini Sector 10,Delhi NCR,APARTMENT,4,2552,27700000,10854.23,2025-07-01
SALE2521,Noida Extension,Delhi NCR,INDEPENDENT_HOUSE,2,920,9390000,10206.52,2024-04-19
SALE2522,Pitampura,Delhi NCR,APARTMENT,4,2204,28650000,12999.09,2023-11-22
SALE2523,Gurgaon Sector 45,Delhi NCR,APARTMENT,4,2676,34460000,12877.43,2025-10-04
SALE2524,Gurgaon Sector 56,Delhi NCR,APARTMENT,3,1611,23750000,14742.4,2025-01-17
SALE2525,Cyber City Gurgaon,Delhi NCR,APARTMENT,5,3360,58170000,17312.5,2024-09-17
SALE2526,Ghaziabad Vasundhara,Delhi NCR,INDEPENDENT_HOUSE,4,2040,15270000,7485.29,2025-03-27
SALE2527,Janakpuri,Delhi NCR,APARTMENT,3,1791,25970000,14500.28,2024-05-02
SALE2528,Noida Extension,Delhi NCR,APARTMENT,4,2220,17150000,7725.23,2024-05-01
SALE2529,Noida Sector 18,Delhi NCR,INDEPENDENT_HOUSE,2,1328,20890000,15730.42,2024-11-21
SALE2530,Gurgaon Sector 56,Delhi NCR,APARTMENT,3,1752,20970000,11969.18,2026-07-17
SALE2531,Ghaziabad Indirapuram,Delhi NCR,APARTMENT,3,2244,17760000,7914.44,2024-05-28
SALE2532,Ghaziabad Vasundhara,Delhi NCR,APARTMENT,1,690,4180000,6057.97,2026-04-20
SALE2533,North Delhi,Delhi NCR,INDEPENDENT_HOUSE,4,2232,28500000,12768.82,2025-01-09
SALE2534,Greater Noida Pari Chowk,Delhi NCR,INDEPENDENT_HOUSE,5,2905,21280000,7325.3,2023-12-02
SALE2535,Hauz Khas,Delhi NCR,APARTMENT,3,1710,42380000,24783.63,2026-02-09
SALE2536,West Delhi,Delhi NCR,INDEPENDENT_HOUSE,5,2365,25380000,10731.5,2024-11-27
SALE2537,Faridabad Sector 81,Delhi NCR,INDEPENDENT_HOUSE,4,2416,21540000,8915.56,2026-03-31
SALE2538,Sohna Road Gurgaon,Delhi NCR,APARTMENT,5,2355,21710000,9218.68,2024-11-19
SALE2539,Central Delhi,Delhi NCR,APARTMENT,5,3510,103040000,29356.13,2023-10-25
SALE2540,Ghaziabad Vasundhara,Delhi NCR,APARTMENT,1,612,4420000,7222.22,2025-08-06
SALE2541,Greater Noida Pari Chowk,Delhi NCR,APARTMENT,3,1527,10090000,6607.73,2026-02-01
SALE2542,Golf Course Extension Road,Delhi NCR,BUILDER_FLOOR,3,1902,32180000,16919.03,2024-07-05
SALE2543,Noida Sector 18,Delhi NCR,BUILDER_FLOOR,5,2925,42630000,14574.36,2024-08-04
SALE2544,Greater Noida Pari Chowk,Delhi NCR,APARTMENT,3,2103,15890000,7555.87,2023-09-30
SALE2545,Gurgaon Sector 56,Delhi NCR,INDEPENDENT_HOUSE,4,1908,26990000,14145.7,2025-03-06
SALE2546,Hauz Khas,Delhi NCR,APARTMENT,2,936,23190000,24775.64,2026-03-23
SALE2547,Gurgaon Sector 45,Delhi NCR,INDEPENDENT_HOUSE,4,2692,35730000,13272.66,2026-02-08
SALE2548,Faridabad Sector 15,Delhi NCR,APARTMENT,4,2528,23190000,9173.26,2025-09-08
SALE2549,Faridabad Sector 15,Delhi NCR,BUILDER_FLOOR,4,2028,17910000,8831.36,2026-05-02
SALE2550,Gurgaon Sector 56,Delhi NCR,APARTMENT,3,1491,17660000,11844.4,2025-06-18
SALE2551,Noida Sector 18,Delhi NCR,APARTMENT,2,1420,22580000,15901.41,2025-12-06
SALE2552,Janakpuri,Delhi NCR,INDEPENDENT_HOUSE,1,719,12580000,17496.52,2025-01-28
SALE2553,Dwarka Sector 21,Delhi NCR,BUILDER_FLOOR,1,576,9340000,16215.28,2023-12-01
SALE2554,DLF Phase 5,Delhi NCR,BUILDER_FLOOR,1,595,15060000,25310.92,2024-02-26
SALE2555,Cyber City Gurgaon,Delhi NCR,BUILDER_FLOOR,3,1512,26640000,17619.05,2023-12-20
SALE2556,Gurgaon Sector 56,Delhi NCR,APARTMENT,1,685,9790000,14291.97,2025-12-03
SALE2557,Ghaziabad Raj Nagar Extension,Delhi NCR,BUILDER_FLOOR,3,1356,7080000,5221.24,2023-08-18
SALE2558,Saket,Delhi NCR,INDEPENDENT_HOUSE,5,3405,69680000,20464.02,2025-03-19
SALE2559,Golf Course Extension Road,Delhi NCR,APARTMENT,1,594,8440000,14208.75,2024-08-28
SALE2560,Hauz Khas,Delhi NCR,INDEPENDENT_HOUSE,1,730,24870000,34068.49,2025-12-17
SALE2561,Noida Extension,Delhi NCR,APARTMENT,4,2320,15720000,6775.86,2025-03-16
SALE2562,Noida Sector 76,Delhi NCR,APARTMENT,1,556,4250000,7643.88,2025-05-21
SALE2563,Noida Sector 76,Delhi NCR,BUILDER_FLOOR,2,1022,8160000,7984.34,2023-10-23
SALE2564,Greater Noida Pari Chowk,Delhi NCR,INDEPENDENT_HOUSE,3,1551,12480000,8046.42,2024-06-23
SALE2565,DLF Phase 5,Delhi NCR,BUILDER_FLOOR,5,2760,66030000,23923.91,2026-07-20
SALE2566,Noida Extension,Delhi NCR,BUILDER_FLOOR,3,2214,17100000,7723.58,2025-09-15
SALE2567,Gurgaon Golf Course Road,Delhi NCR,BUILDER_FLOOR,3,1635,44880000,27449.54,2025-02-16
SALE2568,Greater Noida Pari Chowk,Delhi NCR,APARTMENT,1,712,4750000,6671.35,2025-11-10
SALE2569,Ghaziabad Vasundhara,Delhi NCR,INDEPENDENT_HOUSE,2,1058,9750000,9215.5,2026-01-08
SALE2570,Faridabad Neharpar,Delhi NCR,INDEPENDENT_HOUSE,5,2460,13830000,5621.95,2023-10-09
SALE2571,Greater Noida Pari Chowk,Delhi NCR,APARTMENT,4,2412,15100000,6260.36,2026-06-20
SALE2572,Golf Course Extension Road,Delhi NCR,INDEPENDENT_HOUSE,3,1731,31370000,18122.47,2025-06-24
SALE2573,Noida Sector 18,Delhi NCR,INDEPENDENT_HOUSE,1,732,11120000,15191.26,2024-11-25
SALE2574,Saket,Delhi NCR,INDEPENDENT_HOUSE,1,711,15010000,21111.11,2025-08-04
SALE2575,DLF Phase 5,Delhi NCR,BUILDER_FLOOR,5,2895,66470000,22960.28,2024-08-01
SALE2576,Gurgaon Golf Course Road,Delhi NCR,INDEPENDENT_HOUSE,1,508,18300000,36023.62,2026-03-09
SALE2577,Ghaziabad Vasundhara,Delhi NCR,APARTMENT,2,1302,7650000,5875.58,2025-11-22
SALE2578,Greater Noida,Delhi NCR,INDEPENDENT_HOUSE,3,1830,14650000,8005.46,2025-06-21
SALE2579,Ghaziabad Vasundhara,Delhi NCR,INDEPENDENT_HOUSE,4,2340,18190000,7773.5,2024-02-05
SALE2580,Dwarka Sector 21,Delhi NCR,APARTMENT,2,980,15790000,16112.24,2026-06-14
SALE2581,Central Delhi,Delhi NCR,INDEPENDENT_HOUSE,1,672,21180000,31517.86,2024-11-06
SALE2582,South Delhi,Delhi NCR,BUILDER_FLOOR,1,456,9040000,19824.56,2026-04-14
SALE2583,Ghaziabad Raj Nagar Extension,Delhi NCR,BUILDER_FLOOR,4,2796,14470000,5175.25,2023-09-19
SALE2584,Sohna Road Gurgaon,Delhi NCR,INDEPENDENT_HOUSE,4,2416,22860000,9461.92,2023-12-04
SALE2585,Golf Course Extension Road,Delhi NCR,APARTMENT,2,1014,16650000,16420.12,2024-01-04
SALE2586,Rohini Sector 10,Delhi NCR,APARTMENT,2,1392,17450000,12535.92,2024-01-17
SALE2587,Preet Vihar,Delhi NCR,BUILDER_FLOOR,5,2735,29940000,10946.98,2024-07-08
SALE2588,Ghaziabad Vasundhara,Delhi NCR,APARTMENT,4,2664,15520000,5825.83,2025-09-05
SALE2589,Gurgaon Sector 45,Delhi NCR,APARTMENT,4,2792,34600000,12392.55,2024-08-03
SALE2590,Ghaziabad Indirapuram,Delhi NCR,INDEPENDENT_HOUSE,2,1106,9340000,8444.85,2026-05-17
SALE2591,Noida Sector 76,Delhi NCR,APARTMENT,3,1362,10200000,7488.99,2026-03-27
SALE2592,Greater Noida Pari Chowk,Delhi NCR,BUILDER_FLOOR,4,2984,21490000,7201.74,2026-02-02
SALE2593,Noida Sector 18,Delhi NCR,APARTMENT,4,2616,37770000,14438.07,2024-04-20
SALE2594,Faridabad Sector 15,Delhi NCR,APARTMENT,1,720,4930000,6847.22,2025-06-16
SALE2595,North Delhi,Delhi NCR,INDEPENDENT_HOUSE,1,587,7870000,13407.16,2025-03-15
SALE2596,Greater Noida,Delhi NCR,BUILDER_FLOOR,1,703,4740000,6742.53,2023-12-05
SALE2597,West Delhi,Delhi NCR,BUILDER_FLOOR,4,1840,17360000,9434.78,2024-06-16
SALE2598,Rohini Sector 10,Delhi NCR,BUILDER_FLOOR,3,2022,22310000,11033.63,2025-02-24
SALE2599,Pitampura,Delhi NCR,INDEPENDENT_HOUSE,3,2067,30880000,14939.53,2025-01-21
SALE2600,Noida Sector 18,Delhi NCR,INDEPENDENT_HOUSE,4,2652,50760000,19140.27,2024-01-21
SALE2601,Sohna Road Gurgaon,Delhi NCR,BUILDER_FLOOR,2,1112,9350000,8408.27,2026-05-18
SALE2602,Gurgaon Golf Course Road,Delhi NCR,INDEPENDENT_HOUSE,4,2064,62550000,30305.23,2024-01-05
SALE2603,Gurgaon Sector 45,Delhi NCR,INDEPENDENT_HOUSE,4,2004,32710000,16322.36,2025-07-11
SALE2604,Faridabad Sector 15,Delhi NCR,BUILDER_FLOOR,2,1114,9060000,8132.85,2025-09-17
SALE2605,Vasant Kunj,Delhi NCR,BUILDER_FLOOR,3,1896,41930000,22114.98,2025-05-14
SALE2606,Dwarka Sector 21,Delhi NCR,INDEPENDENT_HOUSE,1,482,8250000,17116.18,2026-01-29
SALE2607,Cyber City Gurgaon,Delhi NCR,INDEPENDENT_HOUSE,2,1022,19990000,19559.69,2025-03-29
SALE2608,Faridabad Sector 15,Delhi NCR,BUILDER_FLOOR,3,1893,16370000,8647.65,2026-01-10
SALE2609,Noida Sector 150,Delhi NCR,APARTMENT,5,2515,32050000,12743.54,2023-08-21
SALE2610,Ghaziabad Indirapuram,Delhi NCR,BUILDER_FLOOR,1,504,4100000,8134.92,2023-09-08
SALE2611,DLF Phase 5,Delhi NCR,INDEPENDENT_HOUSE,1,709,18000000,25387.87,2025-06-23
SALE2612,Cyber City Gurgaon,Delhi NCR,APARTMENT,3,1590,27180000,17094.34,2025-04-13
SALE2613,Ghaziabad Indirapuram,Delhi NCR,INDEPENDENT_HOUSE,4,2000,16130000,8065.0,2025-07-03
SALE2614,Sohna Road Gurgaon,Delhi NCR,BUILDER_FLOOR,2,1024,10180000,9941.41,2025-11-07
SALE2615,Ghaziabad Indirapuram,Delhi NCR,BUILDER_FLOOR,1,575,4750000,8260.87,2024-10-19
SALE2616,Ghaziabad Raj Nagar Extension,Delhi NCR,BUILDER_FLOOR,3,2124,10530000,4957.63,2025-06-20
SALE2617,Noida Sector 150,Delhi NCR,BUILDER_FLOOR,4,2536,31610000,12464.51,2025-01-16
SALE2618,Preet Vihar,Delhi NCR,APARTMENT,5,3325,45140000,13575.94,2025-06-07
SALE2619,Golf Course Extension Road,Delhi NCR,BUILDER_FLOOR,4,2636,44260000,16790.59,2024-06-02
SALE2620,Faridabad Neharpar,Delhi NCR,INDEPENDENT_HOUSE,3,1395,8230000,5899.64,2026-06-03
SALE2621,South Delhi,Delhi NCR,INDEPENDENT_HOUSE,5,2425,56050000,23113.4,2024-12-31
SALE2622,North Delhi,Delhi NCR,BUILDER_FLOOR,2,1344,11670000,8683.04,2025-12-18
SALE2623,Saket,Delhi NCR,INDEPENDENT_HOUSE,2,1488,27880000,18736.56,2025-08-09
SALE2624,Faridabad Neharpar,Delhi NCR,BUILDER_FLOOR,4,2620,14620000,5580.15,2024-06-10
SALE2625,Noida Sector 62,Delhi NCR,INDEPENDENT_HOUSE,3,1878,21130000,11251.33,2023-10-08
SALE2626,Noida Sector 150,Delhi NCR,INDEPENDENT_HOUSE,5,2625,40070000,15264.76,2023-09-24
SALE2627,Ghaziabad Indirapuram,Delhi NCR,INDEPENDENT_HOUSE,2,1456,13590000,9333.79,2024-11-13
SALE2628,Ghaziabad Indirapuram,Delhi NCR,INDEPENDENT_HOUSE,3,1971,19200000,9741.25,2025-01-01
SALE2629,Noida Sector 62,Delhi NCR,APARTMENT,1,725,7580000,10455.17,2024-02-29
SALE2630,Golf Course Extension Road,Delhi NCR,INDEPENDENT_HOUSE,5,2975,48950000,16453.78,2025-05-15
SALE2631,Faridabad Sector 81,Delhi NCR,INDEPENDENT_HOUSE,3,2148,15950000,7425.51,2024-06-27
SALE2632,Gurgaon Sector 45,Delhi NCR,APARTMENT,1,726,9330000,12851.24,2025-09-15
SALE2633,Preet Vihar,Delhi NCR,BUILDER_FLOOR,4,2832,31260000,11038.14,2025-10-02
SALE2634,Hauz Khas,Delhi NCR,BUILDER_FLOOR,3,2127,50850000,23906.91,2026-02-18
SALE2635,Hauz Khas,Delhi NCR,INDEPENDENT_HOUSE,1,679,19140000,28188.51,2026-06-24
SALE2636,South Delhi,Delhi NCR,BUILDER_FLOOR,3,1710,41070000,24017.54,2023-12-11
SALE2637,Pitampura,Delhi NCR,BUILDER_FLOOR,3,1785,26240000,14700.28,2024-08-30
SALE2638,Golf Course Extension Road,Delhi NCR,INDEPENDENT_HOUSE,4,2864,55230000,19284.22,2025-03-27
SALE2639,DLF Phase 5,Delhi NCR,BUILDER_FLOOR,5,3740,81480000,21786.1,2024-07-04
SALE2640,Sohna Road Gurgaon,Delhi NCR,BUILDER_FLOOR,1,525,5030000,9580.95,2024-12-13
SALE2641,Greater Noida,Delhi NCR,APARTMENT,1,481,3060000,6361.75,2024-05-09
SALE2642,Golf Course Extension Road,Delhi NCR,BUILDER_FLOOR,2,1356,17770000,13104.72,2024-04-17
SALE2643,Faridabad Neharpar,Delhi NCR,BUILDER_FLOOR,5,3680,18500000,5027.17,2023-11-04
SALE2644,Noida Sector 76,Delhi NCR,BUILDER_FLOOR,5,3525,31190000,8848.23,2024-06-03
SALE2645,Ghaziabad Indirapuram,Delhi NCR,INDEPENDENT_HOUSE,4,2652,26190000,9875.57,2024-09-14
SALE2646,Gurgaon Sector 56,Delhi NCR,INDEPENDENT_HOUSE,2,1396,23160000,16590.26,2025-05-25
SALE2647,Golf Course Extension Road,Delhi NCR,INDEPENDENT_HOUSE,5,3600,57380000,15938.89,2024-04-18
SALE2648,Janakpuri,Delhi NCR,BUILDER_FLOOR,4,1864,27020000,14495.71,2026-02-23
SALE2649,Sohna Road Gurgaon,Delhi NCR,APARTMENT,5,3295,26190000,7948.41,2024-01-12
SALE2650,Sohna Road Gurgaon,Delhi NCR,INDEPENDENT_HOUSE,3,1410,15330000,10872.34,2024-07-13
SALE2651,Cyber City Gurgaon,Delhi NCR,BUILDER_FLOOR,3,1923,28950000,15054.6,2025-04-14
SALE2652,Faridabad Sector 15,Delhi NCR,APARTMENT,2,1044,9060000,8678.16,2024-06-27
SALE2653,Greater Noida,Delhi NCR,APARTMENT,3,1785,10610000,5943.98,2025-11-03
SALE2654,Faridabad Sector 15,Delhi NCR,APARTMENT,1,730,5570000,7630.14,2025-01-17
SALE2655,Saket,Delhi NCR,BUILDER_FLOOR,4,2972,50440000,16971.74,2025-02-04
SALE2656,Ghaziabad Indirapuram,Delhi NCR,BUILDER_FLOOR,4,2772,22880000,8253.97,2025-01-17
SALE2657,Golf Course Extension Road,Delhi NCR,APARTMENT,5,3425,55410000,16178.1,2024-06-23
SALE2658,Ghaziabad Indirapuram,Delhi NCR,APARTMENT,3,1485,12140000,8175.08,2023-08-15
SALE2659,Greater Noida,Delhi NCR,BUILDER_FLOOR,2,1304,8070000,6188.65,2026-05-21
SALE2660,Saket,Delhi NCR,INDEPENDENT_HOUSE,4,2368,53390000,22546.45,2025-01-24
SALE2661,Gurgaon Sector 45,Delhi NCR,INDEPENDENT_HOUSE,1,742,11560000,15579.51,2026-06-14
SALE2662,Noida Sector 62,Delhi NCR,INDEPENDENT_HOUSE,1,736,8510000,11562.5,2024-03-12
SALE2663,Hauz Khas,Delhi NCR,INDEPENDENT_HOUSE,5,2730,88060000,32256.41,2024-08-10
SALE2664,Faridabad Sector 81,Delhi NCR,APARTMENT,1,722,4240000,5872.58,2023-09-14
SALE2665,Vasant Kunj,Delhi NCR,BUILDER_FLOOR,2,1150,26540000,23078.26,2025-01-13
SALE2666,Ghaziabad Indirapuram,Delhi NCR,APARTMENT,5,3070,22350000,7280.13,2026-03-14
SALE2667,Saket,Delhi NCR,BUILDER_FLOOR,1,624,11020000,17660.26,2025-07-07
SALE2668,Greater Noida,Delhi NCR,APARTMENT,5,3060,19190000,6271.24,2024-12-17
SALE2669,Gurgaon Golf Course Road,Delhi NCR,APARTMENT,1,727,18330000,25213.2,2025-02-28
SALE2670,Gurgaon Sector 56,Delhi NCR,APARTMENT,3,1485,17300000,11649.83,2026-02-03
SALE2671,Greater Noida,Delhi NCR,INDEPENDENT_HOUSE,2,960,7750000,8072.92,2024-11-04
SALE2672,North Delhi,Delhi NCR,APARTMENT,1,479,4500000,9394.57,2026-03-14
SALE2673,DLF Phase 5,Delhi NCR,BUILDER_FLOOR,2,1322,35470000,26830.56,2025-09-25
SALE2674,Central Delhi,Delhi NCR,BUILDER_FLOOR,1,476,11270000,23676.47,2025-11-04
SALE2675,Preet Vihar,Delhi NCR,BUILDER_FLOOR,5,3540,42720000,12067.8,2024-08-25
SALE2676,Cyber City Gurgaon,Delhi NCR,BUILDER_FLOOR,1,612,9690000,15833.33,2024-10-02
SALE2677,Greater Noida,Delhi NCR,APARTMENT,4,1856,11730000,6320.04,2025-04-06
SALE2678,Pitampura,Delhi NCR,APARTMENT,3,2199,35070000,15948.16,2024-02-19
SALE2679,DLF Phase 5,Delhi NCR,APARTMENT,5,2570,58060000,22591.44,2025-03-18
SALE2680,Greater Noida,Delhi NCR,BUILDER_FLOOR,1,706,4180000,5920.68,2023-10-09
SALE2681,Gurgaon Sector 56,Delhi NCR,BUILDER_FLOOR,5,2680,37790000,14100.75,2025-01-23
SALE2682,Greater Noida Pari Chowk,Delhi NCR,INDEPENDENT_HOUSE,4,1884,13460000,7144.37,2025-11-04
SALE2683,Ghaziabad Vasundhara,Delhi NCR,INDEPENDENT_HOUSE,3,1605,11130000,6934.58,2024-05-22
SALE2684,Ghaziabad Raj Nagar Extension,Delhi NCR,BUILDER_FLOOR,5,2890,17510000,6058.82,2026-07-09
SALE2685,Noida Extension,Delhi NCR,BUILDER_FLOOR,2,1498,12380000,8264.35,2025-08-04
SALE2686,Noida Sector 18,Delhi NCR,APARTMENT,2,1446,21360000,14771.78,2023-11-28
SALE2687,Noida Sector 62,Delhi NCR,APARTMENT,4,2048,24760000,12089.84,2026-06-23
SALE2688,Noida Sector 150,Delhi NCR,BUILDER_FLOOR,2,1416,19320000,13644.07,2024-09-24
SALE2689,North Delhi,Delhi NCR,INDEPENDENT_HOUSE,3,1749,24010000,13727.84,2025-12-08
SALE2690,Ghaziabad Indirapuram,Delhi NCR,BUILDER_FLOOR,2,1228,8770000,7141.69,2024-07-26
SALE2691,Ghaziabad Vasundhara,Delhi NCR,INDEPENDENT_HOUSE,3,1374,12600000,9170.31,2026-05-15
SALE2692,Golf Course Extension Road,Delhi NCR,INDEPENDENT_HOUSE,1,693,10620000,15324.68,2025-10-25
SALE2693,South Delhi,Delhi NCR,INDEPENDENT_HOUSE,2,1322,35480000,26838.12,2024-02-24
SALE2694,Faridabad Sector 15,Delhi NCR,BUILDER_FLOOR,5,2455,21330000,8688.39,2025-01-28
SALE2695,Lajpat Nagar,Delhi NCR,INDEPENDENT_HOUSE,1,677,16230000,23973.41,2025-01-19
SALE2696,West Delhi,Delhi NCR,BUILDER_FLOOR,5,3165,32100000,10142.18,2023-09-08
SALE2697,South Delhi,Delhi NCR,APARTMENT,4,2556,63590000,24878.72,2023-12-18
SALE2698,Ghaziabad Indirapuram,Delhi NCR,APARTMENT,2,920,7430000,8076.09,2024-07-20
SALE2699,West Delhi,Delhi NCR,APARTMENT,1,605,6940000,11471.07,2024-12-21
SALE2700,Pitampura,Delhi NCR,APARTMENT,4,2540,30620000,12055.12,2024-12-02
SALE2701,Faridabad Sector 15,Delhi NCR,INDEPENDENT_HOUSE,5,2785,22780000,8179.53,2025-05-15
SALE2702,Noida Sector 76,Delhi NCR,APARTMENT,3,2223,18900000,8502.02,2025-02-04
SALE2703,Gurgaon Sector 45,Delhi NCR,INDEPENDENT_HOUSE,2,1478,23320000,15778.08,2024-07-14
SALE2704,Dwarka Sector 21,Delhi NCR,APARTMENT,5,2575,41480000,16108.74,2025-05-22
SALE2705,Golf Course Extension Road,Delhi NCR,BUILDER_FLOOR,5,2830,47300000,16713.78,2024-01-15
SALE2706,Noida Sector 150,Delhi NCR,APARTMENT,1,722,8960000,12409.97,2026-07-10
SALE2707,Ghaziabad Vasundhara,Delhi NCR,APARTMENT,4,1904,14320000,7521.01,2025-10-08
SALE2708,North Delhi,Delhi NCR,BUILDER_FLOOR,4,2360,20920000,8864.41,2024-06-12
SALE2709,Faridabad Neharpar,Delhi NCR,BUILDER_FLOOR,4,2540,12770000,5027.56,2024-07-23
SALE2710,Saket,Delhi NCR,INDEPENDENT_HOUSE,2,948,19110000,20158.23,2026-01-13
SALE2711,Greater Noida,Delhi NCR,INDEPENDENT_HOUSE,4,2444,16230000,6640.75,2025-02-23
SALE2712,Rohini Sector 10,Delhi NCR,BUILDER_FLOOR,1,742,9730000,13113.21,2025-09-04
SALE2713,Pitampura,Delhi NCR,INDEPENDENT_HOUSE,4,1952,36900000,18903.69,2024-06-13
SALE2714,Rohini Sector 10,Delhi NCR,APARTMENT,3,1827,19050000,10426.93,2025-12-31
SALE2715,DLF Phase 5,Delhi NCR,APARTMENT,4,2684,70370000,26218.33,2024-08-27
SALE2716,East Delhi,Delhi NCR,BUILDER_FLOOR,2,1010,9520000,9425.74,2025-07-28
SALE2717,East Delhi,Delhi NCR,APARTMENT,3,2148,22210000,10339.85,2026-06-28
SALE2718,Lajpat Nagar,Delhi NCR,INDEPENDENT_HOUSE,5,3370,82920000,24605.34,2025-04-20
SALE2719,Ghaziabad Indirapuram,Delhi NCR,INDEPENDENT_HOUSE,1,493,5070000,10283.98,2025-12-10
SALE2720,Saket,Delhi NCR,BUILDER_FLOOR,3,1449,28290000,19523.81,2025-09-22
SALE2721,Hauz Khas,Delhi NCR,BUILDER_FLOOR,1,604,15600000,25827.81,2025-08-13
SALE2722,Greater Noida Pari Chowk,Delhi NCR,APARTMENT,1,478,3410000,7133.89,2023-08-19
SALE2723,Noida Sector 18,Delhi NCR,BUILDER_FLOOR,4,1996,29960000,15010.02,2024-12-22
SALE2724,Greater Noida,Delhi NCR,APARTMENT,5,2275,14580000,6408.79,2026-06-14
SALE2725,Ghaziabad Vasundhara,Delhi NCR,BUILDER_FLOOR,5,2505,16210000,6471.06,2025-11-25
SALE2726,Vasant Kunj,Delhi NCR,BUILDER_FLOOR,5,3090,66600000,21553.4,2025-11-17
SALE2727,DLF Phase 5,Delhi NCR,APARTMENT,1,484,11940000,24669.42,2025-04-14
SALE2728,Rohini Sector 10,Delhi NCR,INDEPENDENT_HOUSE,2,1420,18950000,13345.07,2025-09-18
SALE2729,Greater Noida,Delhi NCR,BUILDER_FLOOR,5,3385,19930000,5887.74,2025-04-20
SALE2730,Golf Course Extension Road,Delhi NCR,APARTMENT,1,515,7290000,14155.34,2024-01-23
SALE2731,Greater Noida Pari Chowk,Delhi NCR,INDEPENDENT_HOUSE,3,1827,15730000,8609.74,2025-06-09
SALE2732,Gurgaon Sector 56,Delhi NCR,APARTMENT,4,2432,32600000,13404.61,2025-05-30
SALE2733,Noida Sector 18,Delhi NCR,BUILDER_FLOOR,1,715,10640000,14881.12,2026-01-27
SALE2734,Gurgaon Sector 56,Delhi NCR,APARTMENT,2,1418,20200000,14245.42,2023-12-29
SALE2735,Hauz Khas,Delhi NCR,BUILDER_FLOOR,3,1650,47150000,28575.76,2025-08-05
SALE2736,Rohini Sector 10,Delhi NCR,APARTMENT,3,1638,20650000,12606.84,2023-08-24
SALE2737,Ghaziabad Vasundhara,Delhi NCR,INDEPENDENT_HOUSE,3,2238,18620000,8319.93,2026-05-25
SALE2738,East Delhi,Delhi NCR,INDEPENDENT_HOUSE,3,1992,21540000,10813.25,2023-11-18
SALE2739,DLF Phase 5,Delhi NCR,BUILDER_FLOOR,1,703,15450000,21977.24,2023-08-10
SALE2740,South Delhi,Delhi NCR,INDEPENDENT_HOUSE,2,1134,29640000,26137.57,2024-06-28
SALE2741,Janakpuri,Delhi NCR,APARTMENT,4,2476,36510000,14745.56,2024-01-02
SALE2742,Noida Extension,Delhi NCR,APARTMENT,4,2176,17920000,8235.29,2025-08-15
SALE2743,South Delhi,Delhi NCR,BUILDER_FLOOR,1,487,10260000,21067.76,2024-10-12
SALE2744,Cyber City Gurgaon,Delhi NCR,APARTMENT,3,2025,29430000,14533.33,2025-11-16
SALE2745,Sohna Road Gurgaon,Delhi NCR,APARTMENT,1,551,4510000,8185.12,2026-04-24
SALE2746,Dwarka Sector 21,Delhi NCR,APARTMENT,3,1617,23090000,14279.53,2026-03-03
SALE2747,Preet Vihar,Delhi NCR,APARTMENT,2,922,10410000,11290.67,2025-10-04
SALE2748,Central Delhi,Delhi NCR,APARTMENT,1,520,13030000,25057.69,2023-09-27
SALE2749,Cyber City Gurgaon,Delhi NCR,BUILDER_FLOOR,2,1212,19140000,15792.08,2023-12-19
SALE2750,Sohna Road Gurgaon,Delhi NCR,BUILDER_FLOOR,2,1438,14790000,10285.12,2024-03-04
SALE2751,Greater Noida Pari Chowk,Delhi NCR,INDEPENDENT_HOUSE,1,510,3830000,7509.8,2024-07-11
SALE2752,Golf Course Extension Road,Delhi NCR,APARTMENT,2,1444,20870000,14452.91,2025-07-15
SALE2753,Sohna Road Gurgaon,Delhi NCR,BUILDER_FLOOR,5,3345,34410000,10287.0,2025-02-15
SALE2754,Preet Vihar,Delhi NCR,APARTMENT,5,3750,42500000,11333.33,2024-06-28
SALE2755,Noida Sector 18,Delhi NCR,APARTMENT,3,1728,21700000,12557.87,2024-01-26
SALE2756,Noida Sector 150,Delhi NCR,APARTMENT,5,3745,50140000,13388.52,2026-04-15
SALE2757,Janakpuri,Delhi NCR,INDEPENDENT_HOUSE,1,690,12150000,17608.7,2024-07-30
SALE2758,Lajpat Nagar,Delhi NCR,APARTMENT,5,3240,66200000,20432.1,2024-08-12
SALE2759,Faridabad Sector 81,Delhi NCR,BUILDER_FLOOR,4,2860,18390000,6430.07,2025-11-13
SALE2760,North Delhi,Delhi NCR,INDEPENDENT_HOUSE,3,2157,27390000,12698.19,2025-09-18
SALE2761,Faridabad Sector 15,Delhi NCR,BUILDER_FLOOR,3,2241,17400000,7764.39,2025-06-25
SALE2762,Saket,Delhi NCR,APARTMENT,2,1106,19620000,17739.6,2025-08-18
SALE2763,Preet Vihar,Delhi NCR,BUILDER_FLOOR,2,1212,14810000,12219.47,2025-05-19
SALE2764,Noida Extension,Delhi NCR,INDEPENDENT_HOUSE,2,1282,10690000,8338.53,2024-02-16
SALE2765,Gurgaon Golf Course Road,Delhi NCR,APARTMENT,1,601,16550000,27537.44,2024-04-16
SALE2766,West Delhi,Delhi NCR,APARTMENT,5,2355,24470000,10390.66,2025-03-23
SALE2767,East Delhi,Delhi NCR,BUILDER_FLOOR,4,2756,25650000,9306.97,2024-03-23
SALE2768,Sohna Road Gurgaon,Delhi NCR,BUILDER_FLOOR,3,1767,15340000,8681.38,2026-06-21
SALE2769,Dwarka Sector 21,Delhi NCR,BUILDER_FLOOR,2,1170,18320000,15658.12,2024-06-11
SALE2770,West Delhi,Delhi NCR,APARTMENT,3,2118,22320000,10538.24,2024-06-01
SALE2771,Gurgaon Golf Course Road,Delhi NCR,BUILDER_FLOOR,2,1000,24800000,24800.0,2024-03-04
SALE2772,Sohna Road Gurgaon,Delhi NCR,APARTMENT,5,2760,23600000,8550.72,2025-08-31
SALE2773,East Delhi,Delhi NCR,BUILDER_FLOOR,3,1770,15250000,8615.82,2024-07-02
SALE2774,Golf Course Extension Road,Delhi NCR,INDEPENDENT_HOUSE,5,2915,44730000,15344.77,2024-08-06
SALE2775,Noida Sector 62,Delhi NCR,BUILDER_FLOOR,3,1968,24540000,12469.51,2026-05-09
SALE2776,South Delhi,Delhi NCR,BUILDER_FLOOR,5,2630,64200000,24410.65,2025-12-08
SALE2777,Pitampura,Delhi NCR,APARTMENT,2,1384,17830000,12882.95,2024-05-15
SALE2778,Ghaziabad Vasundhara,Delhi NCR,INDEPENDENT_HOUSE,4,2496,22150000,8874.2,2023-12-01
SALE2779,North Delhi,Delhi NCR,APARTMENT,4,2652,24210000,9128.96,2025-07-31
SALE2780,Ghaziabad Indirapuram,Delhi NCR,INDEPENDENT_HOUSE,1,641,5140000,8018.72,2024-09-09
SALE2781,Golf Course Extension Road,Delhi NCR,BUILDER_FLOOR,1,705,11560000,16397.16,2026-06-29
SALE2782,West Delhi,Delhi NCR,BUILDER_FLOOR,2,1328,13630000,10263.55,2026-01-02
SALE2783,Noida Sector 76,Delhi NCR,INDEPENDENT_HOUSE,5,3015,29150000,9668.33,2026-06-01
SALE2784,Vasant Kunj,Delhi NCR,INDEPENDENT_HOUSE,1,521,11770000,22591.17,2025-12-18
SALE2785,East Delhi,Delhi NCR,INDEPENDENT_HOUSE,5,3715,47010000,12654.1,2024-06-03
SALE2786,Noida Extension,Delhi NCR,APARTMENT,4,1928,14610000,7577.8,2024-05-31
SALE2787,Rohini Sector 10,Delhi NCR,BUILDER_FLOOR,1,618,7570000,12249.19,2025-09-10
SALE2788,Ghaziabad Indirapuram,Delhi NCR,INDEPENDENT_HOUSE,3,1491,12100000,8115.36,2024-08-03
SALE2789,Dwarka Sector 21,Delhi NCR,APARTMENT,5,3500,45050000,12871.43,2024-11-16
SALE2790,Rohini Sector 10,Delhi NCR,APARTMENT,4,2380,26040000,10941.18,2024-04-27
SALE2791,Noida Sector 18,Delhi NCR,INDEPENDENT_HOUSE,5,2425,41620000,17162.89,2024-12-27
SALE2792,Sohna Road Gurgaon,Delhi NCR,INDEPENDENT_HOUSE,1,537,5500000,10242.09,2024-02-27
SALE2793,Greater Noida,Delhi NCR,BUILDER_FLOOR,2,1012,5850000,5780.63,2025-03-02
SALE2794,Greater Noida,Delhi NCR,BUILDER_FLOOR,1,649,4790000,7380.59,2026-05-08
SALE2795,Janakpuri,Delhi NCR,APARTMENT,2,1216,16080000,13223.68,2025-08-22
SALE2796,Ghaziabad Raj Nagar Extension,Delhi NCR,APARTMENT,5,3720,23160000,6225.81,2023-12-18
SALE2797,Rohini Sector 10,Delhi NCR,INDEPENDENT_HOUSE,4,2364,31000000,13113.37,2025-05-25
SALE2798,Gurgaon Sector 56,Delhi NCR,BUILDER_FLOOR,1,654,8770000,13409.79,2025-04-24
SALE2799,Preet Vihar,Delhi NCR,INDEPENDENT_HOUSE,3,2223,37140000,16707.15,2024-04-11
SALE2800,Ghaziabad Vasundhara,Delhi NCR,BUILDER_FLOOR,5,2350,17120000,7285.11,2025-07-24
SALE2801,Noida Sector 18,Delhi NCR,INDEPENDENT_HOUSE,4,2508,46260000,18444.98,2025-02-22
SALE2802,Noida Sector 62,Delhi NCR,BUILDER_FLOOR,5,2695,28890000,10719.85,2025-06-19
SALE2803,Dwarka Sector 21,Delhi NCR,INDEPENDENT_HOUSE,4,2736,47540000,17375.73,2023-09-16
SALE2804,Dwarka Sector 21,Delhi NCR,INDEPENDENT_HOUSE,5,2490,43390000,17425.7,2024-10-15
SALE2805,Saket,Delhi NCR,APARTMENT,2,1180,23680000,20067.8,2025-09-14
SALE2806,Noida Sector 18,Delhi NCR,INDEPENDENT_HOUSE,1,561,10960000,19536.54,2023-11-08
SALE2807,Greater Noida,Delhi NCR,INDEPENDENT_HOUSE,1,638,4340000,6802.51,2025-11-11
SALE2808,DLF Phase 5,Delhi NCR,INDEPENDENT_HOUSE,3,1977,56100000,28376.33,2023-07-26
SALE2809,Central Delhi,Delhi NCR,APARTMENT,5,2360,60660000,25703.39,2025-03-15
SALE2810,Lajpat Nagar,Delhi NCR,INDEPENDENT_HOUSE,4,2580,56060000,21728.68,2026-05-04
SALE2811,Noida Sector 76,Delhi NCR,APARTMENT,4,1876,13610000,7254.8,2024-10-08
SALE2812,Cyber City Gurgaon,Delhi NCR,INDEPENDENT_HOUSE,2,1234,24900000,20178.28,2026-05-10
SALE2813,Ghaziabad Vasundhara,Delhi NCR,BUILDER_FLOOR,4,1936,11520000,5950.41,2026-03-09
SALE2814,Preet Vihar,Delhi NCR,INDEPENDENT_HOUSE,4,2084,30990000,14870.44,2024-12-25
SALE2815,Noida Sector 150,Delhi NCR,APARTMENT,2,918,11370000,12385.62,2024-02-24
SALE2816,Dwarka Sector 21,Delhi NCR,BUILDER_FLOOR,1,723,11630000,16085.75,2026-06-11
SALE2817,Gurgaon Sector 45,Delhi NCR,APARTMENT,1,589,6600000,11205.43,2024-07-06
SALE2818,West Delhi,Delhi NCR,APARTMENT,2,934,10960000,11734.48,2025-06-27
SALE2819,Janakpuri,Delhi NCR,BUILDER_FLOOR,1,717,10090000,14072.52,2026-04-11
SALE2820,DLF Phase 5,Delhi NCR,BUILDER_FLOOR,3,2031,42200000,20777.94,2023-10-27
SALE2821,South Delhi,Delhi NCR,APARTMENT,4,2212,54920000,24828.21,2025-04-10
SALE2822,Sohna Road Gurgaon,Delhi NCR,APARTMENT,2,992,7630000,7691.53,2025-02-26
SALE2823,Vasant Kunj,Delhi NCR,APARTMENT,3,1644,36390000,22135.04,2025-09-20
SALE2824,Lajpat Nagar,Delhi NCR,APARTMENT,1,535,10850000,20280.37,2026-05-12
SALE2825,Saket,Delhi NCR,BUILDER_FLOOR,5,2525,49750000,19702.97,2026-04-16
SALE2826,North Delhi,Delhi NCR,INDEPENDENT_HOUSE,2,1112,15080000,13561.15,2024-01-28
SALE2827,Noida Sector 76,Delhi NCR,BUILDER_FLOOR,1,568,4410000,7764.08,2026-03-13
SALE2828,West Delhi,Delhi NCR,BUILDER_FLOOR,2,914,9320000,10196.94,2024-01-29
SALE2829,North Delhi,Delhi NCR,APARTMENT,4,2232,22040000,9874.55,2026-04-23
SALE2830,Lajpat Nagar,Delhi NCR,INDEPENDENT_HOUSE,3,1914,37670000,19681.3,2026-07-17
SALE2831,Janakpuri,Delhi NCR,BUILDER_FLOOR,3,2115,32690000,15456.26,2024-09-28
SALE2832,DLF Phase 5,Delhi NCR,INDEPENDENT_HOUSE,5,3705,96190000,25962.21,2025-01-13
SALE2833,DLF Phase 5,Delhi NCR,INDEPENDENT_HOUSE,3,1944,58980000,30339.51,2026-05-12
SALE2834,Golf Course Extension Road,Delhi NCR,BUILDER_FLOOR,2,1224,20990000,17148.69,2026-06-09
SALE2835,Ghaziabad Raj Nagar Extension,Delhi NCR,APARTMENT,3,1377,7820000,5679.01,2026-04-30
SALE2836,Ghaziabad Indirapuram,Delhi NCR,BUILDER_FLOOR,5,2845,21360000,7507.91,2026-03-07
SALE2837,South Delhi,Delhi NCR,APARTMENT,1,513,10640000,20740.74,2023-07-31
SALE2838,Greater Noida Pari Chowk,Delhi NCR,APARTMENT,5,2450,14890000,6077.55,2025-04-03
SALE2839,Sohna Road Gurgaon,Delhi NCR,BUILDER_FLOOR,3,1659,13370000,8059.07,2023-11-15
SALE2840,Janakpuri,Delhi NCR,INDEPENDENT_HOUSE,1,571,10430000,18266.2,2026-07-02
SALE2841,Ghaziabad Indirapuram,Delhi NCR,INDEPENDENT_HOUSE,3,1554,13060000,8404.12,2024-05-27
SALE2842,Saket,Delhi NCR,INDEPENDENT_HOUSE,4,2388,55460000,23224.46,2026-07-09
SALE2843,Pitampura,Delhi NCR,INDEPENDENT_HOUSE,3,1875,29060000,15498.67,2025-03-07
SALE2844,Hauz Khas,Delhi NCR,INDEPENDENT_HOUSE,2,1126,34880000,30976.91,2025-01-12
SALE2845,Noida Extension,Delhi NCR,INDEPENDENT_HOUSE,3,1629,14410000,8845.92,2026-05-14
SALE2846,South Delhi,Delhi NCR,APARTMENT,4,1940,48490000,24994.85,2026-02-07
SALE2847,Hauz Khas,Delhi NCR,INDEPENDENT_HOUSE,2,1108,29510000,26633.57,2024-12-14
SALE2848,Dwarka Sector 21,Delhi NCR,INDEPENDENT_HOUSE,5,2770,45920000,16577.62,2024-02-17
SALE2849,Gurgaon Golf Course Road,Delhi NCR,BUILDER_FLOOR,4,2436,61340000,25180.62,2023-11-21
SALE2850,Rohini Sector 10,Delhi NCR,APARTMENT,4,2160,26740000,12379.63,2024-01-15
SALE2851,Noida Sector 62,Delhi NCR,BUILDER_FLOOR,5,3395,42590000,12544.92,2024-12-04
SALE2852,Rohini Sector 10,Delhi NCR,BUILDER_FLOOR,4,1960,26700000,13622.45,2024-04-27
SALE2853,Sohna Road Gurgaon,Delhi NCR,BUILDER_FLOOR,4,2140,19090000,8920.56,2024-02-10
SALE2854,Greater Noida Pari Chowk,Delhi NCR,INDEPENDENT_HOUSE,5,3355,30380000,9055.14,2025-10-05
SALE2855,Ghaziabad Raj Nagar Extension,Delhi NCR,APARTMENT,4,2672,16260000,6085.33,2025-12-03
SALE2856,Noida Sector 62,Delhi NCR,INDEPENDENT_HOUSE,5,2640,35400000,13409.09,2025-04-03
SALE2857,Dwarka Sector 21,Delhi NCR,BUILDER_FLOOR,4,2748,38820000,14126.64,2025-10-27
SALE2858,Noida Sector 18,Delhi NCR,BUILDER_FLOOR,5,3480,43980000,12637.93,2024-01-29
SALE2859,Golf Course Extension Road,Delhi NCR,INDEPENDENT_HOUSE,4,2200,35500000,16136.36,2026-02-13
SALE2860,Rohini Sector 10,Delhi NCR,APARTMENT,1,706,9060000,12832.86,2026-03-30
SALE2861,Sohna Road Gurgaon,Delhi NCR,BUILDER_FLOOR,4,2648,26980000,10188.82,2026-01-12
SALE2862,Sohna Road Gurgaon,Delhi NCR,BUILDER_FLOOR,4,2428,22780000,9382.21,2025-02-04
SALE2863,Lajpat Nagar,Delhi NCR,BUILDER_FLOOR,1,513,9410000,18343.08,2023-10-24
SALE2864,Gurgaon Sector 45,Delhi NCR,APARTMENT,4,2320,31360000,13517.24,2025-07-23
SALE2865,West Delhi,Delhi NCR,INDEPENDENT_HOUSE,4,2552,34050000,13342.48,2024-02-08
SALE2866,Noida Extension,Delhi NCR,BUILDER_FLOOR,2,1148,8550000,7447.74,2023-12-22
SALE2867,Sohna Road Gurgaon,Delhi NCR,INDEPENDENT_HOUSE,1,525,5260000,10019.05,2024-07-09
SALE2868,Ghaziabad Vasundhara,Delhi NCR,INDEPENDENT_HOUSE,2,1160,8750000,7543.1,2024-04-17
SALE2869,Gurgaon Sector 45,Delhi NCR,APARTMENT,1,497,6480000,13038.23,2024-05-01
SALE2870,Noida Extension,Delhi NCR,BUILDER_FLOOR,5,2455,18510000,7539.71,2024-04-04
SALE2871,Rohini Sector 10,Delhi NCR,BUILDER_FLOOR,2,1336,14840000,11107.78,2025-10-24
SALE2872,Noida Sector 62,Delhi NCR,INDEPENDENT_HOUSE,5,3225,43670000,13541.09,2026-05-31
SALE2873,Greater Noida,Delhi NCR,INDEPENDENT_HOUSE,1,505,4100000,8118.81,2024-06-15
SALE2874,West Delhi,Delhi NCR,APARTMENT,3,1671,19810000,11855.18,2025-09-20
SALE2875,Noida Sector 76,Delhi NCR,INDEPENDENT_HOUSE,3,1359,15890000,11692.42,2023-08-02
SALE2876,Faridabad Sector 15,Delhi NCR,APARTMENT,1,485,4200000,8659.79,2025-07-06
SALE2877,Greater Noida,Delhi NCR,INDEPENDENT_HOUSE,4,2388,19930000,8345.9,2025-08-18
SALE2878,Gurgaon Sector 45,Delhi NCR,APARTMENT,3,1635,21690000,13266.06,2023-09-27
SALE2879,Rohini Sector 10,Delhi NCR,BUILDER_FLOOR,2,1414,19250000,13613.86,2023-11-27
SALE2880,Ghaziabad Indirapuram,Delhi NCR,INDEPENDENT_HOUSE,2,1090,8930000,8192.66,2024-06-21
SALE2881,Dwarka Sector 21,Delhi NCR,APARTMENT,3,1977,29130000,14734.45,2024-10-07
SALE2882,DLF Phase 5,Delhi NCR,INDEPENDENT_HOUSE,2,980,26470000,27010.2,2025-01-21
SALE2883,Noida Extension,Delhi NCR,APARTMENT,3,1446,10330000,7143.85,2026-03-28
SALE2884,Preet Vihar,Delhi NCR,BUILDER_FLOOR,4,2004,21360000,10658.68,2025-08-30
SALE2885,Noida Sector 150,Delhi NCR,APARTMENT,5,2355,24840000,10547.77,2024-06-25
SALE2886,Faridabad Neharpar,Delhi NCR,APARTMENT,4,2864,16410000,5729.75,2023-11-26
SALE2887,Noida Sector 150,Delhi NCR,BUILDER_FLOOR,4,2488,30790000,12375.4,2026-04-20
SALE2888,East Delhi,Delhi NCR,BUILDER_FLOOR,3,1833,19070000,10403.71,2024-06-08
SALE2889,Sohna Road Gurgaon,Delhi NCR,INDEPENDENT_HOUSE,4,2572,28700000,11158.63,2025-05-24
SALE2890,West Delhi,Delhi NCR,BUILDER_FLOOR,1,451,4670000,10354.77,2024-03-17
SALE2891,Noida Sector 76,Delhi NCR,INDEPENDENT_HOUSE,2,926,9730000,10507.56,2023-12-14
SALE2892,Faridabad Neharpar,Delhi NCR,BUILDER_FLOOR,2,1276,6290000,4929.47,2024-01-04
SALE2893,Ghaziabad Raj Nagar Extension,Delhi NCR,INDEPENDENT_HOUSE,4,2184,12270000,5618.13,2025-10-17
SALE2894,North Delhi,Delhi NCR,APARTMENT,3,1419,16190000,11409.44,2025-05-14
SALE2895,North Delhi,Delhi NCR,INDEPENDENT_HOUSE,4,2276,28190000,12385.76,2024-10-18
SALE2896,Noida Sector 76,Delhi NCR,INDEPENDENT_HOUSE,5,2455,23900000,9735.23,2025-03-13
SALE2897,Ghaziabad Raj Nagar Extension,Delhi NCR,INDEPENDENT_HOUSE,1,647,4010000,6197.84,2024-12-18
SALE2898,Rohini Sector 10,Delhi NCR,INDEPENDENT_HOUSE,2,1432,22950000,16026.54,2025-03-01
SALE2899,Faridabad Sector 81,Delhi NCR,APARTMENT,2,1408,9970000,7080.97,2025-07-17
SALE2900,Noida Sector 62,Delhi NCR,INDEPENDENT_HOUSE,5,3445,40950000,11886.79,2024-03-16
SALE2901,Ghaziabad Indirapuram,Delhi NCR,APARTMENT,4,2904,20090000,6918.04,2024-04-17
SALE2902,Janakpuri,Delhi NCR,APARTMENT,1,504,6670000,13234.13,2025-10-25
SALE2903,Vasant Kunj,Delhi NCR,APARTMENT,3,1938,43950000,22678.02,2026-03-03
SALE2904,Pitampura,Delhi NCR,INDEPENDENT_HOUSE,3,2079,39660000,19076.48,2023-10-18
SALE2905,Cyber City Gurgaon,Delhi NCR,INDEPENDENT_HOUSE,2,1446,28880000,19972.34,2024-11-21
SALE2906,Faridabad Sector 15,Delhi NCR,APARTMENT,3,1692,15290000,9036.64,2025-08-30
SALE2907,Lajpat Nagar,Delhi NCR,INDEPENDENT_HOUSE,3,1929,49390000,25603.94,2023-10-14
SALE2908,Noida Extension,Delhi NCR,INDEPENDENT_HOUSE,5,3365,33090000,9833.58,2025-03-30
SALE2909,Pitampura,Delhi NCR,BUILDER_FLOOR,1,598,7340000,12274.25,2023-09-26
SALE2910,Gurgaon Golf Course Road,Delhi NCR,BUILDER_FLOOR,5,2730,82050000,30054.95,2025-03-12
SALE2911,Cyber City Gurgaon,Delhi NCR,INDEPENDENT_HOUSE,3,1545,32810000,21236.25,2025-01-25
SALE2912,Noida Extension,Delhi NCR,INDEPENDENT_HOUSE,1,609,4760000,7816.09,2025-04-08
SALE2913,Rohini Sector 10,Delhi NCR,BUILDER_FLOOR,4,2452,31820000,12977.16,2024-01-01
SALE2914,Golf Course Extension Road,Delhi NCR,INDEPENDENT_HOUSE,5,2815,44690000,15875.67,2024-07-14
SALE2915,South Delhi,Delhi NCR,INDEPENDENT_HOUSE,4,2444,57640000,23584.29,2025-02-10
SALE2916,Noida Sector 18,Delhi NCR,APARTMENT,4,2732,35420000,12964.86,2023-11-25
SALE2917,Noida Sector 18,Delhi NCR,APARTMENT,1,613,8380000,13670.47,2024-03-02
SALE2918,Cyber City Gurgaon,Delhi NCR,BUILDER_FLOOR,5,3470,57700000,16628.24,2025-04-20
SALE2919,Janakpuri,Delhi NCR,BUILDER_FLOOR,3,1926,22560000,11713.4,2023-10-28
SALE2920,East Delhi,Delhi NCR,APARTMENT,2,1130,11380000,10070.8,2025-01-30
SALE2921,Hauz Khas,Delhi NCR,APARTMENT,4,2600,61080000,23492.31,2025-12-23
SALE2922,Gurgaon Sector 45,Delhi NCR,APARTMENT,5,3250,38640000,11889.23,2024-11-28
SALE2923,Ghaziabad Raj Nagar Extension,Delhi NCR,BUILDER_FLOOR,4,2600,12460000,4792.31,2025-02-02
SALE2924,Noida Sector 18,Delhi NCR,BUILDER_FLOOR,2,1460,20500000,14041.1,2024-12-02
SALE2925,Golf Course Extension Road,Delhi NCR,BUILDER_FLOOR,5,2385,39530000,16574.42,2023-09-22
SALE2926,Noida Sector 62,Delhi NCR,BUILDER_FLOOR,2,1490,14610000,9805.37,2024-12-08
SALE2927,Ghaziabad Raj Nagar Extension,Delhi NCR,BUILDER_FLOOR,2,1114,5610000,5035.91,2025-12-21
SALE2928,Rohini Sector 10,Delhi NCR,INDEPENDENT_HOUSE,1,635,9760000,15370.08,2025-09-20
SALE2929,DLF Phase 5,Delhi NCR,INDEPENDENT_HOUSE,2,1284,41980000,32694.7,2024-09-26
SALE2930,Greater Noida Pari Chowk,Delhi NCR,INDEPENDENT_HOUSE,2,956,7060000,7384.94,2025-12-31
SALE2931,Ghaziabad Raj Nagar Extension,Delhi NCR,APARTMENT,1,510,3210000,6294.12,2025-10-15
SALE2932,East Delhi,Delhi NCR,INDEPENDENT_HOUSE,4,2104,24900000,11834.6,2025-04-14
SALE2933,Noida Sector 76,Delhi NCR,APARTMENT,1,510,4000000,7843.14,2023-09-08
SALE2934,Faridabad Sector 15,Delhi NCR,BUILDER_FLOOR,5,2690,22510000,8368.03,2024-08-01
SALE2935,Noida Extension,Delhi NCR,INDEPENDENT_HOUSE,1,687,6860000,9985.44,2023-09-28
SALE2936,Noida Extension,Delhi NCR,BUILDER_FLOOR,4,2552,16340000,6402.82,2026-07-14
SALE2937,Cyber City Gurgaon,Delhi NCR,APARTMENT,1,700,11680000,16685.71,2026-05-10
SALE2938,Faridabad Sector 81,Delhi NCR,APARTMENT,1,750,4980000,6640.0,2023-10-04
SALE2939,Ghaziabad Raj Nagar Extension,Delhi NCR,BUILDER_FLOOR,1,542,2880000,5313.65,2026-05-09
SALE2940,Greater Noida Pari Chowk,Delhi NCR,BUILDER_FLOOR,5,2570,15830000,6159.53,2023-08-24
SALE2941,Lajpat Nagar,Delhi NCR,INDEPENDENT_HOUSE,5,2720,60250000,22150.74,2024-10-11
SALE2942,Vasant Kunj,Delhi NCR,BUILDER_FLOOR,5,3620,82480000,22784.53,2025-11-09
SALE2943,Faridabad Neharpar,Delhi NCR,BUILDER_FLOOR,1,715,3940000,5510.49,2025-11-06
SALE2944,Cyber City Gurgaon,Delhi NCR,APARTMENT,1,542,9610000,17730.63,2026-06-27
SALE2945,Dwarka Sector 21,Delhi NCR,APARTMENT,5,3390,55430000,16351.03,2025-06-27
SALE2946,Cyber City Gurgaon,Delhi NCR,APARTMENT,2,1488,21710000,14590.05,2024-10-23
SALE2947,Gurgaon Sector 45,Delhi NCR,APARTMENT,5,2905,40140000,13817.56,2026-07-13
SALE2948,Saket,Delhi NCR,APARTMENT,1,709,11990000,16911.14,2024-09-12
SALE2949,Gurgaon Sector 45,Delhi NCR,BUILDER_FLOOR,1,577,6780000,11750.43,2026-02-28
SALE2950,Faridabad Neharpar,Delhi NCR,BUILDER_FLOOR,5,3385,15100000,4460.86,2026-04-09
SALE2951,Faridabad Sector 15,Delhi NCR,INDEPENDENT_HOUSE,3,2151,23190000,10781.03,2024-09-04
SALE2952,West Delhi,Delhi NCR,INDEPENDENT_HOUSE,5,3555,40890000,11502.11,2025-08-07
SALE2953,DLF Phase 5,Delhi NCR,INDEPENDENT_HOUSE,1,571,14160000,24798.6,2025-07-15
SALE2954,Gurgaon Sector 56,Delhi NCR,BUILDER_FLOOR,2,1036,13880000,13397.68,2025-03-03
SALE2955,Janakpuri,Delhi NCR,INDEPENDENT_HOUSE,3,1776,25560000,14391.89,2025-07-06
SALE2956,Greater Noida Pari Chowk,Delhi NCR,APARTMENT,5,2900,18840000,6496.55,2024-08-05
SALE2957,Gurgaon Sector 45,Delhi NCR,BUILDER_FLOOR,4,1968,27880000,14166.67,2024-02-01
SALE2958,Greater Noida Pari Chowk,Delhi NCR,INDEPENDENT_HOUSE,2,1448,11080000,7651.93,2025-02-28
SALE2959,Noida Sector 150,Delhi NCR,INDEPENDENT_HOUSE,2,1280,18780000,14671.88,2025-02-19
SALE2960,Faridabad Sector 81,Delhi NCR,INDEPENDENT_HOUSE,2,1328,11360000,8554.22,2025-09-25
SALE2961,North Delhi,Delhi NCR,BUILDER_FLOOR,4,1852,21100000,11393.09,2024-03-21
SALE2962,Preet Vihar,Delhi NCR,APARTMENT,3,1539,19420000,12618.58,2023-07-24
SALE2963,Greater Noida,Delhi NCR,APARTMENT,3,1485,9260000,6235.69,2023-08-14
SALE2964,East Delhi,Delhi NCR,BUILDER_FLOOR,2,1130,10010000,8858.41,2024-06-12
SALE2965,DLF Phase 5,Delhi NCR,BUILDER_FLOOR,2,1286,35050000,27255.05,2025-07-28
SALE2966,Cyber City Gurgaon,Delhi NCR,APARTMENT,5,3030,49770000,16425.74,2025-03-08
SALE2967,Faridabad Sector 15,Delhi NCR,APARTMENT,5,3140,26630000,8480.89,2025-02-22
SALE2968,Noida Sector 18,Delhi NCR,INDEPENDENT_HOUSE,3,1500,29210000,19473.33,2026-01-08
SALE2969,Gurgaon Sector 45,Delhi NCR,BUILDER_FLOOR,4,2168,25840000,11918.82,2024-04-17
SALE2970,Noida Sector 76,Delhi NCR,BUILDER_FLOOR,5,2575,20310000,7887.38,2024-08-03
SALE2971,Faridabad Sector 81,Delhi NCR,INDEPENDENT_HOUSE,2,1028,7160000,6964.98,2024-05-18
SALE2972,Noida Sector 150,Delhi NCR,APARTMENT,3,1731,21880000,12640.09,2026-05-13
SALE2973,Greater Noida,Delhi NCR,INDEPENDENT_HOUSE,4,2172,16630000,7656.54,2025-09-22
SALE2974,West Delhi,Delhi NCR,BUILDER_FLOOR,5,2980,29190000,9795.3,2023-11-21
SALE2975,Greater Noida Pari Chowk,Delhi NCR,INDEPENDENT_HOUSE,2,1212,10600000,8745.87,2025-12-24
SALE2976,Gurgaon Golf Course Road,Delhi NCR,BUILDER_FLOOR,4,2440,75400000,30901.64,2024-10-22
SALE2977,Gurgaon Golf Course Road,Delhi NCR,APARTMENT,2,994,25040000,25191.15,2025-11-06
SALE2978,Hauz Khas,Delhi NCR,APARTMENT,3,2199,62060000,28221.92,2026-03-15
SALE2979,South Delhi,Delhi NCR,BUILDER_FLOOR,5,2595,56740000,21865.13,2023-08-07
SALE2980,Faridabad Sector 81,Delhi NCR,INDEPENDENT_HOUSE,5,2565,19440000,7578.95,2024-03-02
SALE2981,Rohini Sector 10,Delhi NCR,INDEPENDENT_HOUSE,1,667,10190000,15277.36,2023-11-08
SALE2982,West Delhi,Delhi NCR,APARTMENT,5,2355,25520000,10836.52,2023-08-26
SALE2983,Gurgaon Sector 45,Delhi NCR,INDEPENDENT_HOUSE,5,2825,38240000,13536.28,2025-05-06
SALE2984,Sohna Road Gurgaon,Delhi NCR,APARTMENT,5,3150,32200000,10222.22,2025-08-29
SALE2985,Greater Noida Pari Chowk,Delhi NCR,BUILDER_FLOOR,4,2148,14460000,6731.84,2023-09-12
SALE2986,Cyber City Gurgaon,Delhi NCR,BUILDER_FLOOR,2,1452,25680000,17685.95,2025-10-09
SALE2987,Cyber City Gurgaon,Delhi NCR,BUILDER_FLOOR,3,2091,31380000,15007.17,2024-10-03
SALE2988,Janakpuri,Delhi NCR,APARTMENT,5,3255,40220000,12356.37,2024-04-02
SALE2989,Noida Sector 62,Delhi NCR,INDEPENDENT_HOUSE,5,2340,34920000,14923.08,2024-03-15
SALE2990,Faridabad Sector 15,Delhi NCR,APARTMENT,3,1359,11250000,8278.15,2026-02-21
SALE2991,East Delhi,Delhi NCR,BUILDER_FLOOR,3,1512,12230000,8088.62,2023-09-20
SALE2992,Dwarka Sector 21,Delhi NCR,BUILDER_FLOOR,3,1362,17990000,13208.52,2025-01-23
SALE2993,Faridabad Sector 15,Delhi NCR,APARTMENT,1,720,5780000,8027.78,2024-06-02
SALE2994,Gurgaon Sector 56,Delhi NCR,BUILDER_FLOOR,1,699,7740000,11072.96,2025-12-31
SALE2995,Central Delhi,Delhi NCR,APARTMENT,4,2608,65250000,25019.17,2025-09-29
SALE2996,Sohna Road Gurgaon,Delhi NCR,BUILDER_FLOOR,2,1448,14250000,9841.16,2024-07-04
SALE2997,DLF Phase 5,Delhi NCR,BUILDER_FLOOR,4,2128,45550000,21405.08,2025-05-06
SALE2998,Greater Noida Pari Chowk,Delhi NCR,APARTMENT,3,1653,10220000,6182.7,2025-07-27
SALE2999,Noida Sector 18,Delhi NCR,APARTMENT,2,1304,18460000,14156.44,2024-07-06
SALE3000,East Delhi,Delhi NCR,APARTMENT,2,1102,11880000,10780.4,2024-06-15
SALE3001,Noida Sector 150,Delhi NCR,APARTMENT,4,2800,34110000,12182.14,2023-12-25
SALE3002,Golf Course Extension Road,Delhi NCR,BUILDER_FLOOR,4,2824,45230000,16016.29,2025-07-13
SALE3003,Noida Extension,Delhi NCR,APARTMENT,1,505,4120000,8158.42,2024-03-19
SALE3004,Golf Course Extension Road,Delhi NCR,APARTMENT,3,2118,27130000,12809.25,2024-06-14
SALE3005,Preet Vihar,Delhi NCR,APARTMENT,3,2007,28670000,14285.0,2023-09-25
SALE3006,South Delhi,Delhi NCR,BUILDER_FLOOR,4,2392,49190000,20564.38,2026-05-25
SALE3007,Gurgaon Golf Course Road,Delhi NCR,BUILDER_FLOOR,2,1056,31600000,29924.24,2026-03-11
SALE3008,Dwarka Sector 21,Delhi NCR,APARTMENT,3,1524,25360000,16640.42,2026-04-15
SALE3009,Preet Vihar,Delhi NCR,INDEPENDENT_HOUSE,4,2204,32800000,14882.03,2025-06-06
SALE3010,DLF Phase 5,Delhi NCR,INDEPENDENT_HOUSE,5,2710,70760000,26110.7,2024-10-31
SALE3011,Gurgaon Sector 56,Delhi NCR,APARTMENT,1,517,6520000,12611.22,2025-01-14
SALE3012,Noida Sector 150,Delhi NCR,APARTMENT,2,1336,13710000,10261.98,2026-06-20
SALE3013,Rohini Sector 10,Delhi NCR,APARTMENT,1,644,7510000,11661.49,2026-05-17
SALE3014,Noida Sector 62,Delhi NCR,INDEPENDENT_HOUSE,2,1126,14130000,12548.85,2025-07-25
SALE3015,Ghaziabad Raj Nagar Extension,Delhi NCR,APARTMENT,5,3340,19160000,5736.53,2025-11-28
SALE3016,Noida Sector 62,Delhi NCR,APARTMENT,3,1908,19610000,10277.78,2024-07-04
SALE3017,West Delhi,Delhi NCR,INDEPENDENT_HOUSE,4,2304,27460000,11918.4,2024-10-19
SALE3018,Hauz Khas,Delhi NCR,APARTMENT,1,450,9740000,21644.44,2023-12-31
SALE3019,North Delhi,Delhi NCR,APARTMENT,3,2073,19360000,9339.12,2024-09-05
SALE3020,DLF Phase 5,Delhi NCR,BUILDER_FLOOR,2,1158,31530000,27227.98,2025-10-24
SALE3021,Sohna Road Gurgaon,Delhi NCR,BUILDER_FLOOR,3,1521,12030000,7909.27,2024-12-20
SALE3022,South Delhi,Delhi NCR,INDEPENDENT_HOUSE,5,2580,64660000,25062.02,2026-02-05
SALE3023,Sohna Road Gurgaon,Delhi NCR,INDEPENDENT_HOUSE,5,3600,40100000,11138.89,2024-06-14
SALE3024,Preet Vihar,Delhi NCR,INDEPENDENT_HOUSE,3,1671,25700000,15380.01,2025-09-03
SALE3025,Gurgaon Golf Course Road,Delhi NCR,APARTMENT,2,1022,24680000,24148.73,2025-12-20
SALE3026,Rohini Sector 10,Delhi NCR,APARTMENT,4,2000,20940000,10470.0,2026-04-18
SALE3027,East Delhi,Delhi NCR,BUILDER_FLOOR,4,2212,21230000,9597.65,2025-03-28
SALE3028,Gurgaon Sector 56,Delhi NCR,APARTMENT,2,1096,13900000,12682.48,2026-06-15
SALE3029,Central Delhi,Delhi NCR,INDEPENDENT_HOUSE,3,1911,58700000,30716.9,2025-03-22
SALE3030,Cyber City Gurgaon,Delhi NCR,BUILDER_FLOOR,1,697,10880000,15609.76,2023-12-14
SALE3031,Faridabad Sector 81,Delhi NCR,APARTMENT,2,1180,8120000,6881.36,2024-04-12
SALE3032,Golf Course Extension Road,Delhi NCR,BUILDER_FLOOR,1,739,9620000,13017.59,2024-02-28
SALE3033,Rohini Sector 10,Delhi NCR,INDEPENDENT_HOUSE,4,2812,42740000,15199.15,2025-06-28
SALE3034,Faridabad Sector 81,Delhi NCR,APARTMENT,2,1348,9420000,6988.13,2026-04-26
SALE3035,Noida Extension,Delhi NCR,INDEPENDENT_HOUSE,4,2620,24340000,9290.08,2026-02-03
SALE3036,Janakpuri,Delhi NCR,APARTMENT,1,531,7320000,13785.31,2023-10-30
SALE3037,South Delhi,Delhi NCR,INDEPENDENT_HOUSE,4,2828,79310000,28044.55,2025-09-22
SALE3038,Faridabad Neharpar,Delhi NCR,BUILDER_FLOOR,3,1686,7920000,4697.51,2024-02-14
SALE3039,Noida Sector 150,Delhi NCR,INDEPENDENT_HOUSE,1,537,7090000,13202.98,2024-05-10
SALE3040,Preet Vihar,Delhi NCR,BUILDER_FLOOR,1,525,7430000,14152.38,2025-07-28
SALE3041,Noida Sector 150,Delhi NCR,APARTMENT,3,1428,17870000,12514.01,2025-05-11
SALE3042,Preet Vihar,Delhi NCR,APARTMENT,5,2545,27050000,10628.68,2026-03-04
SALE3043,West Delhi,Delhi NCR,INDEPENDENT_HOUSE,5,3190,38080000,11937.3,2024-02-12
SALE3044,Central Delhi,Delhi NCR,INDEPENDENT_HOUSE,2,1318,46040000,34931.71,2025-11-01
SALE3045,Noida Sector 18,Delhi NCR,BUILDER_FLOOR,1,455,7240000,15912.09,2025-09-21
SALE3046,Pitampura,Delhi NCR,INDEPENDENT_HOUSE,3,1620,25220000,15567.9,2025-03-24
SALE3047,Vasant Kunj,Delhi NCR,INDEPENDENT_HOUSE,5,2520,67740000,26880.95,2024-12-27
SALE3048,Noida Extension,Delhi NCR,INDEPENDENT_HOUSE,3,2196,18020000,8205.83,2026-02-27
SALE3049,Ghaziabad Indirapuram,Delhi NCR,APARTMENT,3,1761,12030000,6831.35,2024-07-19
SALE3050,Noida Sector 76,Delhi NCR,APARTMENT,4,2272,20640000,9084.51,2026-06-03
SALE3051,Greater Noida Pari Chowk,Delhi NCR,BUILDER_FLOOR,2,1390,8540000,6143.88,2023-08-06
SALE3052,Dwarka Sector 21,Delhi NCR,BUILDER_FLOOR,2,1080,14690000,13601.85,2026-05-13
SALE3053,Faridabad Sector 15,Delhi NCR,INDEPENDENT_HOUSE,2,1188,9770000,8223.91,2026-06-09
SALE3054,Gurgaon Sector 45,Delhi NCR,APARTMENT,4,2184,23770000,10883.7,2023-11-26
SALE3055,Lajpat Nagar,Delhi NCR,BUILDER_FLOOR,2,1364,29100000,21334.31,2026-07-20
SALE3056,Noida Sector 76,Delhi NCR,APARTMENT,5,2600,23600000,9076.92,2024-12-26
SALE3057,South Delhi,Delhi NCR,INDEPENDENT_HOUSE,1,643,16380000,25474.34,2024-04-11
SALE3058,Cyber City Gurgaon,Delhi NCR,APARTMENT,1,517,7650000,14796.91,2025-05-13
SALE3059,Gurgaon Golf Course Road,Delhi NCR,BUILDER_FLOOR,2,912,27780000,30460.53,2024-03-01
SALE3060,South Delhi,Delhi NCR,APARTMENT,5,3115,75780000,24327.45,2026-04-18
SALE3061,Gurgaon Golf Course Road,Delhi NCR,APARTMENT,2,1390,41950000,30179.86,2025-03-17
SALE3062,Ghaziabad Indirapuram,Delhi NCR,APARTMENT,3,1857,13840000,7452.88,2025-11-16
SALE3063,Preet Vihar,Delhi NCR,APARTMENT,5,2930,38030000,12979.52,2024-09-10
SALE3064,Cyber City Gurgaon,Delhi NCR,APARTMENT,1,502,8140000,16215.14,2025-02-24
SALE3065,DLF Phase 5,Delhi NCR,INDEPENDENT_HOUSE,4,2088,51140000,24492.34,2024-08-17
SALE3066,Pitampura,Delhi NCR,APARTMENT,2,1336,18060000,13517.96,2024-05-02
SALE3067,West Delhi,Delhi NCR,INDEPENDENT_HOUSE,3,1695,24060000,14194.69,2025-02-02
SALE3068,Noida Extension,Delhi NCR,INDEPENDENT_HOUSE,1,701,5680000,8102.71,2025-01-16
SALE3069,Cyber City Gurgaon,Delhi NCR,APARTMENT,1,594,9100000,15319.87,2023-11-06
SALE3070,East Delhi,Delhi NCR,APARTMENT,3,1479,15720000,10628.8,2026-06-30
SALE3071,Gurgaon Sector 56,Delhi NCR,APARTMENT,4,2884,35630000,12354.37,2024-12-16
SALE3072,Dwarka Sector 21,Delhi NCR,INDEPENDENT_HOUSE,4,2104,42340000,20123.57,2026-01-26
SALE3073,Noida Sector 62,Delhi NCR,INDEPENDENT_HOUSE,3,1884,27670000,14686.84,2026-04-18
SALE3074,Noida Sector 150,Delhi NCR,BUILDER_FLOOR,3,1755,23020000,13116.81,2024-08-30
SALE3075,Lajpat Nagar,Delhi NCR,APARTMENT,2,1050,18870000,17971.43,2024-10-16
SALE3076,Noida Extension,Delhi NCR,BUILDER_FLOOR,4,1936,12830000,6627.07,2025-03-28
SALE3077,Greater Noida Pari Chowk,Delhi NCR,INDEPENDENT_HOUSE,3,1572,11580000,7366.41,2024-03-19
SALE3078,Golf Course Extension Road,Delhi NCR,APARTMENT,4,2520,35750000,14186.51,2023-12-27
SALE3079,Greater Noida Pari Chowk,Delhi NCR,BUILDER_FLOOR,4,2480,15480000,6241.94,2024-05-01
SALE3080,Preet Vihar,Delhi NCR,BUILDER_FLOOR,4,2924,36520000,12489.74,2026-05-10
SALE3081,Faridabad Sector 15,Delhi NCR,INDEPENDENT_HOUSE,5,2835,26270000,9266.31,2025-04-15
SALE3082,Greater Noida,Delhi NCR,INDEPENDENT_HOUSE,5,2810,23250000,8274.02,2024-10-20
SALE3083,Preet Vihar,Delhi NCR,BUILDER_FLOOR,1,554,7950000,14350.18,2024-01-04
SALE3084,Vasant Kunj,Delhi NCR,BUILDER_FLOOR,5,3460,82640000,23884.39,2024-07-16
SALE3085,Cyber City Gurgaon,Delhi NCR,APARTMENT,3,1902,33620000,17676.13,2024-09-09
SALE3086,Golf Course Extension Road,Delhi NCR,BUILDER_FLOOR,4,2092,34540000,16510.52,2026-01-19
SALE3087,Greater Noida,Delhi NCR,APARTMENT,2,1128,6360000,5638.3,2025-01-18
SALE3088,Golf Course Extension Road,Delhi NCR,APARTMENT,2,1286,20640000,16049.77,2025-07-07
SALE3089,Greater Noida Pari Chowk,Delhi NCR,BUILDER_FLOOR,1,504,3700000,7341.27,2025-08-09
SALE3090,Lajpat Nagar,Delhi NCR,BUILDER_FLOOR,5,2650,43250000,16320.75,2024-04-28
SALE3091,Sohna Road Gurgaon,Delhi NCR,APARTMENT,1,575,4520000,7860.87,2026-01-06
SALE3092,Greater Noida,Delhi NCR,APARTMENT,2,1380,9630000,6978.26,2026-06-14
SALE3093,Faridabad Neharpar,Delhi NCR,INDEPENDENT_HOUSE,3,2070,12090000,5840.58,2025-06-23
SALE3094,East Delhi,Delhi NCR,BUILDER_FLOOR,1,596,5000000,8389.26,2025-01-08
SALE3095,Hauz Khas,Delhi NCR,INDEPENDENT_HOUSE,1,538,16160000,30037.17,2024-01-21
SALE3096,South Delhi,Delhi NCR,BUILDER_FLOOR,4,2728,60990000,22357.04,2025-12-08
SALE3097,Central Delhi,Delhi NCR,INDEPENDENT_HOUSE,5,3030,100470000,33158.42,2024-01-22
SALE3098,Greater Noida Pari Chowk,Delhi NCR,APARTMENT,3,1491,10500000,7042.25,2025-09-17
SALE3099,Golf Course Extension Road,Delhi NCR,INDEPENDENT_HOUSE,2,1310,24420000,18641.22,2025-01-06
SALE3100,Pitampura,Delhi NCR,BUILDER_FLOOR,2,1472,21260000,14442.93,2026-04-20
SALE3101,Lajpat Nagar,Delhi NCR,INDEPENDENT_HOUSE,4,2776,59750000,21523.78,2025-03-06
SALE3102,Noida Sector 76,Delhi NCR,BUILDER_FLOOR,2,954,8850000,9276.73,2025-06-23
SALE3103,Greater Noida Pari Chowk,Delhi NCR,APARTMENT,3,1515,9350000,6171.62,2023-09-23
SALE3104,Sohna Road Gurgaon,Delhi NCR,INDEPENDENT_HOUSE,3,1392,13860000,9956.9,2023-08-27
SALE3105,Gurgaon Sector 45,Delhi NCR,INDEPENDENT_HOUSE,1,483,6620000,13706.0,2026-02-02
SALE3106,South Delhi,Delhi NCR,BUILDER_FLOOR,2,1464,29330000,20034.15,2026-05-21
SALE3107,Saket,Delhi NCR,APARTMENT,3,1479,30430000,20574.71,2025-07-22
SALE3108,Saket,Delhi NCR,INDEPENDENT_HOUSE,4,1892,35330000,18673.36,2025-11-04
SALE3109,Gurgaon Golf Course Road,Delhi NCR,BUILDER_FLOOR,1,632,19030000,30110.76,2024-10-14
SALE3110,Noida Sector 76,Delhi NCR,INDEPENDENT_HOUSE,2,1222,13410000,10973.81,2026-01-29
SALE3111,West Delhi,Delhi NCR,APARTMENT,1,619,6320000,10210.02,2024-03-30
SALE3112,Faridabad Sector 81,Delhi NCR,APARTMENT,5,2630,14650000,5570.34,2025-09-03
SALE3113,Noida Extension,Delhi NCR,BUILDER_FLOOR,5,2345,16480000,7027.72,2023-07-31
SALE3114,Gurgaon Sector 56,Delhi NCR,INDEPENDENT_HOUSE,4,1960,34110000,17403.06,2025-01-25
SALE3115,Gurgaon Golf Course Road,Delhi NCR,INDEPENDENT_HOUSE,2,1120,41100000,36696.43,2024-09-02
SALE3116,Gurgaon Sector 56,Delhi NCR,INDEPENDENT_HOUSE,2,1412,22130000,15672.8,2025-05-28
SALE3117,Faridabad Neharpar,Delhi NCR,BUILDER_FLOOR,4,2068,9840000,4758.22,2025-07-20
SALE3118,Sohna Road Gurgaon,Delhi NCR,INDEPENDENT_HOUSE,4,1880,22680000,12063.83,2025-05-26
SALE3119,Noida Extension,Delhi NCR,APARTMENT,2,976,8330000,8534.84,2024-12-31
SALE3120,Faridabad Sector 15,Delhi NCR,APARTMENT,1,523,4520000,8642.45,2025-01-05
SALE3121,Noida Sector 62,Delhi NCR,INDEPENDENT_HOUSE,1,705,8170000,11588.65,2023-07-28
SALE3122,North Delhi,Delhi NCR,APARTMENT,3,1596,13890000,8703.01,2025-03-16
SALE3123,Sohna Road Gurgaon,Delhi NCR,BUILDER_FLOOR,1,486,3950000,8127.57,2023-08-02
SALE3124,Ghaziabad Vasundhara,Delhi NCR,BUILDER_FLOOR,4,2324,17050000,7336.49,2025-02-20
SALE3125,Ghaziabad Indirapuram,Delhi NCR,INDEPENDENT_HOUSE,2,1026,10540000,10272.9,2024-05-17
SALE3126,Faridabad Sector 15,Delhi NCR,APARTMENT,3,1788,13880000,7762.86,2026-06-26
SALE3127,Golf Course Extension Road,Delhi NCR,BUILDER_FLOOR,3,2136,35350000,16549.63,2023-08-08
SALE3128,North Delhi,Delhi NCR,BUILDER_FLOOR,1,661,6620000,10015.13,2025-12-28
SALE3129,Central Delhi,Delhi NCR,INDEPENDENT_HOUSE,1,479,16030000,33465.55,2025-07-28
SALE3130,Preet Vihar,Delhi NCR,INDEPENDENT_HOUSE,5,2270,30520000,13444.93,2025-12-20
SALE3131,DLF Phase 5,Delhi NCR,BUILDER_FLOOR,4,2124,52050000,24505.65,2026-04-13
SALE3132,Lajpat Nagar,Delhi NCR,APARTMENT,4,2744,54780000,19963.56,2023-11-15
SALE3133,West Delhi,Delhi NCR,BUILDER_FLOOR,4,2892,34010000,11760.03,2023-11-03
SALE3134,Ghaziabad Vasundhara,Delhi NCR,APARTMENT,1,542,3940000,7269.37,2023-12-31
SALE3135,Noida Sector 76,Delhi NCR,BUILDER_FLOOR,2,1310,10560000,8061.07,2024-02-16
SALE3136,North Delhi,Delhi NCR,BUILDER_FLOOR,5,3490,31890000,9137.54,2025-02-16
SALE3137,Ghaziabad Raj Nagar Extension,Delhi NCR,APARTMENT,3,2046,9690000,4736.07,2025-12-30
SALE3138,Gurgaon Sector 56,Delhi NCR,BUILDER_FLOOR,2,1118,13750000,12298.75,2024-05-08
SALE3139,Saket,Delhi NCR,INDEPENDENT_HOUSE,4,1924,47000000,24428.27,2024-09-27
SALE3140,Sohna Road Gurgaon,Delhi NCR,BUILDER_FLOOR,4,2236,17430000,7795.17,2024-09-01
SALE3141,Vasant Kunj,Delhi NCR,INDEPENDENT_HOUSE,4,2352,54860000,23324.83,2024-10-08
SALE3142,Dwarka Sector 21,Delhi NCR,APARTMENT,2,970,13560000,13979.38,2025-03-31
SALE3143,Gurgaon Golf Course Road,Delhi NCR,BUILDER_FLOOR,4,2656,74920000,28207.83,2026-07-10
SALE3144,Central Delhi,Delhi NCR,APARTMENT,1,497,14450000,29074.45,2024-03-24
SALE3145,Greater Noida Pari Chowk,Delhi NCR,BUILDER_FLOOR,3,1602,10200000,6367.04,2025-08-08
SALE3146,Greater Noida,Delhi NCR,BUILDER_FLOOR,4,2896,19890000,6868.09,2026-02-04
SALE3147,Gurgaon Sector 45,Delhi NCR,INDEPENDENT_HOUSE,4,2524,42550000,16858.16,2025-07-06
SALE3148,Noida Extension,Delhi NCR,APARTMENT,5,2755,18050000,6551.72,2026-02-15
SALE3149,Gurgaon Sector 56,Delhi NCR,BUILDER_FLOOR,3,1371,15950000,11633.84,2025-10-30
SALE3150,Ghaziabad Vasundhara,Delhi NCR,APARTMENT,4,2448,14720000,6013.07,2023-10-31
SALE3151,Greater Noida,Delhi NCR,BUILDER_FLOOR,5,2255,16800000,7450.11,2024-09-08
SALE3152,Golf Course Extension Road,Delhi NCR,INDEPENDENT_HOUSE,4,2984,47230000,15827.75,2025-03-17
SALE3153,Janakpuri,Delhi NCR,INDEPENDENT_HOUSE,2,1330,22820000,17157.89,2023-09-20
SALE3154,Gurgaon Sector 45,Delhi NCR,INDEPENDENT_HOUSE,4,2240,32070000,14316.96,2023-07-31
SALE3155,Rohini Sector 10,Delhi NCR,INDEPENDENT_HOUSE,5,2285,31620000,13838.07,2024-01-24
SALE3156,Sohna Road Gurgaon,Delhi NCR,APARTMENT,3,1821,16400000,9006.04,2025-01-18
SALE3157,Cyber City Gurgaon,Delhi NCR,INDEPENDENT_HOUSE,4,2732,51100000,18704.25,2024-11-07
SALE3158,West Delhi,Delhi NCR,BUILDER_FLOOR,5,3340,35310000,10571.86,2025-11-26
SALE3159,East Delhi,Delhi NCR,APARTMENT,2,1368,12720000,9298.25,2025-04-01
SALE3160,Dwarka Sector 21,Delhi NCR,INDEPENDENT_HOUSE,5,2665,48590000,18232.65,2026-02-15
SALE3161,Noida Extension,Delhi NCR,BUILDER_FLOOR,4,2380,18930000,7953.78,2023-11-02
SALE3162,DLF Phase 5,Delhi NCR,APARTMENT,1,495,12410000,25070.71,2025-02-18
SALE3163,Greater Noida,Delhi NCR,APARTMENT,4,2912,16650000,5717.72,2023-09-05
SALE3164,Ghaziabad Indirapuram,Delhi NCR,INDEPENDENT_HOUSE,5,2330,22030000,9454.94,2024-03-08
SALE3165,Greater Noida,Delhi NCR,APARTMENT,2,1364,9000000,6598.24,2026-02-26
SALE3166,Cyber City Gurgaon,Delhi NCR,APARTMENT,4,2052,31360000,15282.65,2026-03-19
SALE3167,Ghaziabad Vasundhara,Delhi NCR,BUILDER_FLOOR,4,1812,13950000,7698.68,2024-12-23
SALE3168,Pitampura,Delhi NCR,INDEPENDENT_HOUSE,3,1761,32950000,18710.96,2023-09-10
SALE3169,Central Delhi,Delhi NCR,BUILDER_FLOOR,4,2292,50730000,22133.51,2023-10-10
SALE3170,Greater Noida,Delhi NCR,APARTMENT,1,463,2700000,5831.53,2026-04-30
SALE3171,Sohna Road Gurgaon,Delhi NCR,INDEPENDENT_HOUSE,5,3060,31410000,10264.71,2026-04-01
SALE3172,Greater Noida Pari Chowk,Delhi NCR,APARTMENT,5,3250,20650000,6353.85,2025-03-29
SALE3173,Noida Sector 76,Delhi NCR,APARTMENT,5,3345,25270000,7554.56,2023-08-26
SALE3174,Noida Extension,Delhi NCR,INDEPENDENT_HOUSE,2,1312,13240000,10091.46,2026-05-03
SALE3175,Faridabad Neharpar,Delhi NCR,APARTMENT,4,2272,10000000,4401.41,2024-06-29
SALE3176,Golf Course Extension Road,Delhi NCR,INDEPENDENT_HOUSE,1,745,14550000,19530.2,2026-06-08
SALE3177,Central Delhi,Delhi NCR,INDEPENDENT_HOUSE,2,1230,34970000,28430.89,2025-04-24
SALE3178,Gurgaon Golf Course Road,Delhi NCR,APARTMENT,4,1820,52930000,29082.42,2025-10-22
SALE3179,Gurgaon Sector 56,Delhi NCR,APARTMENT,5,3640,53290000,14640.11,2025-09-09
SALE3180,Gurgaon Golf Course Road,Delhi NCR,INDEPENDENT_HOUSE,4,1848,66610000,36044.37,2024-09-29
SALE3181,Golf Course Extension Road,Delhi NCR,BUILDER_FLOOR,3,1635,22610000,13828.75,2023-10-13
SALE3182,Pitampura,Delhi NCR,BUILDER_FLOOR,2,1448,22340000,15428.18,2024-01-15
SALE3183,Noida Extension,Delhi NCR,BUILDER_FLOOR,1,590,3870000,6559.32,2024-04-09
SALE3184,Gurgaon Sector 56,Delhi NCR,INDEPENDENT_HOUSE,1,746,12920000,17319.03,2026-01-20
SALE3185,Cyber City Gurgaon,Delhi NCR,BUILDER_FLOOR,5,2560,36130000,14113.28,2024-09-19
SALE3186,Noida Sector 18,Delhi NCR,BUILDER_FLOOR,2,994,12590000,12666.0,2026-03-29
SALE3187,Sohna Road Gurgaon,Delhi NCR,APARTMENT,4,2004,17990000,8977.05,2024-07-18
SALE3188,Vasant Kunj,Delhi NCR,BUILDER_FLOOR,1,699,16700000,23891.27,2025-10-26
SALE3189,Lajpat Nagar,Delhi NCR,APARTMENT,4,2568,54500000,21222.74,2023-12-21
SALE3190,Ghaziabad Indirapuram,Delhi NCR,APARTMENT,2,1204,7700000,6395.35,2026-07-08
SALE3191,Dwarka Sector 21,Delhi NCR,INDEPENDENT_HOUSE,5,2330,37120000,15931.33,2025-09-21
SALE3192,East Delhi,Delhi NCR,BUILDER_FLOOR,4,2916,23590000,8089.85,2025-01-19
SALE3193,Faridabad Neharpar,Delhi NCR,INDEPENDENT_HOUSE,3,1536,8370000,5449.22,2026-06-22
SALE3194,Vasant Kunj,Delhi NCR,INDEPENDENT_HOUSE,1,715,18080000,25286.71,2023-09-17
SALE3195,Gurgaon Sector 56,Delhi NCR,APARTMENT,3,1524,22180000,14553.81,2024-11-11
SALE3196,Vasant Kunj,Delhi NCR,BUILDER_FLOOR,2,1124,20650000,18371.89,2026-01-25
SALE3197,Golf Course Extension Road,Delhi NCR,BUILDER_FLOOR,3,2088,28490000,13644.64,2024-07-28
SALE3198,Gurgaon Golf Course Road,Delhi NCR,BUILDER_FLOOR,5,3000,83170000,27723.33,2025-11-09
SALE3199,Faridabad Sector 15,Delhi NCR,BUILDER_FLOOR,5,3270,29470000,9012.23,2026-06-01
SALE3200,Central Delhi,Delhi NCR,APARTMENT,2,1186,35110000,29603.71,2024-09-27
SALE3201,DLF Phase 5,Delhi NCR,INDEPENDENT_HOUSE,5,3045,78900000,25911.33,2025-11-14
SALE3202,Janakpuri,Delhi NCR,INDEPENDENT_HOUSE,4,2684,48470000,18058.87,2023-08-22
SALE3203,Greater Noida Pari Chowk,Delhi NCR,INDEPENDENT_HOUSE,3,1839,16020000,8711.26,2024-05-15
SALE3204,Noida Extension,Delhi NCR,BUILDER_FLOOR,2,1480,10610000,7168.92,2026-07-12
SALE3205,Lajpat Nagar,Delhi NCR,BUILDER_FLOOR,2,934,20180000,21606.0,2025-01-08
SALE3206,Central Delhi,Delhi NCR,INDEPENDENT_HOUSE,4,2400,77210000,32170.83,2024-08-13
SALE3207,Faridabad Neharpar,Delhi NCR,BUILDER_FLOOR,4,1860,8220000,4419.35,2026-05-17
SALE3208,North Delhi,Delhi NCR,BUILDER_FLOOR,2,1266,11690000,9233.81,2024-11-05
SALE3209,Janakpuri,Delhi NCR,INDEPENDENT_HOUSE,3,1920,27790000,14473.96,2025-08-03
SALE3210,North Delhi,Delhi NCR,APARTMENT,1,613,6480000,10570.96,2025-07-14
SALE3211,East Delhi,Delhi NCR,APARTMENT,4,2960,30610000,10341.22,2023-10-22
SALE3212,Pitampura,Delhi NCR,INDEPENDENT_HOUSE,1,647,10160000,15703.25,2025-05-29
SALE3213,Janakpuri,Delhi NCR,INDEPENDENT_HOUSE,2,1004,16560000,16494.02,2025-12-11
SALE3214,Lajpat Nagar,Delhi NCR,INDEPENDENT_HOUSE,4,2688,57940000,21555.06,2025-09-09
SALE3215,North Delhi,Delhi NCR,APARTMENT,2,950,10360000,10905.26,2023-10-18
SALE3216,Faridabad Sector 15,Delhi NCR,APARTMENT,3,1995,14140000,7087.72,2024-01-06
SALE3217,Ghaziabad Indirapuram,Delhi NCR,APARTMENT,5,3085,23770000,7705.02,2025-09-07
SALE3218,Preet Vihar,Delhi NCR,INDEPENDENT_HOUSE,1,595,7630000,12823.53,2025-06-14
SALE3219,South Delhi,Delhi NCR,BUILDER_FLOOR,3,1551,37620000,24255.32,2025-10-08
SALE3220,Noida Sector 76,Delhi NCR,APARTMENT,5,3600,26370000,7325.0,2024-07-02
SALE3221,Vasant Kunj,Delhi NCR,APARTMENT,4,1992,45970000,23077.31,2023-11-14
SALE3222,Greater Noida,Delhi NCR,INDEPENDENT_HOUSE,3,1770,13050000,7372.88,2023-07-26
SALE3223,West Delhi,Delhi NCR,BUILDER_FLOOR,1,734,8340000,11362.4,2024-06-22
SALE3224,Faridabad Sector 15,Delhi NCR,INDEPENDENT_HOUSE,1,651,5870000,9016.9,2024-08-18
SALE3225,Ghaziabad Vasundhara,Delhi NCR,BUILDER_FLOOR,1,641,4930000,7691.11,2024-05-11
SALE3226,DLF Phase 5,Delhi NCR,APARTMENT,2,948,24970000,26339.66,2023-12-13
SALE3227,Golf Course Extension Road,Delhi NCR,APARTMENT,3,2019,27800000,13769.19,2024-02-11
SALE3228,Gurgaon Golf Course Road,Delhi NCR,APARTMENT,3,2175,69840000,32110.34,2024-11-23
SALE3229,Hauz Khas,Delhi NCR,BUILDER_FLOOR,1,506,10930000,21600.79,2025-03-19
SALE3230,Noida Sector 62,Delhi NCR,APARTMENT,3,1854,21540000,11618.12,2024-10-10
SALE3231,Noida Extension,Delhi NCR,BUILDER_FLOOR,2,1040,8000000,7692.31,2023-08-18
SALE3232,Cyber City Gurgaon,Delhi NCR,APARTMENT,3,1575,27110000,17212.7,2024-08-11
SALE3233,Greater Noida,Delhi NCR,INDEPENDENT_HOUSE,4,2048,16080000,7851.56,2023-10-30
SALE3234,Preet Vihar,Delhi NCR,INDEPENDENT_HOUSE,4,2800,48000000,17142.86,2025-05-06
SALE3235,North Delhi,Delhi NCR,INDEPENDENT_HOUSE,4,2260,23800000,10530.97,2024-07-10
SALE3236,Noida Sector 18,Delhi NCR,INDEPENDENT_HOUSE,1,630,11150000,17698.41,2024-09-15
SALE3237,Preet Vihar,Delhi NCR,INDEPENDENT_HOUSE,2,978,12800000,13087.93,2024-06-04
SALE3238,Faridabad Sector 15,Delhi NCR,APARTMENT,2,912,7670000,8410.09,2024-09-18
SALE3239,Ghaziabad Vasundhara,Delhi NCR,BUILDER_FLOOR,2,1398,8380000,5994.28,2023-10-21
SALE3240,Janakpuri,Delhi NCR,INDEPENDENT_HOUSE,5,3565,63960000,17941.09,2026-04-03
SALE3241,Noida Sector 62,Delhi NCR,INDEPENDENT_HOUSE,4,2112,30790000,14578.6,2026-04-08
SALE3242,DLF Phase 5,Delhi NCR,APARTMENT,2,1272,29480000,23176.1,2026-06-27
SALE3243,Ghaziabad Indirapuram,Delhi NCR,INDEPENDENT_HOUSE,5,2765,26980000,9757.69,2025-04-07
SALE3244,Rohini Sector 10,Delhi NCR,APARTMENT,3,1998,21560000,10790.79,2024-01-22
SALE3245,Noida Sector 62,Delhi NCR,INDEPENDENT_HOUSE,1,525,6850000,13047.62,2024-09-10
SALE3246,DLF Phase 5,Delhi NCR,INDEPENDENT_HOUSE,1,573,14110000,24624.78,2023-12-20
SALE3247,Ghaziabad Vasundhara,Delhi NCR,APARTMENT,3,1392,9400000,6752.87,2024-06-15
SALE3248,Faridabad Neharpar,Delhi NCR,BUILDER_FLOOR,3,1755,7770000,4427.35,2025-01-11
SALE3249,Gurgaon Golf Course Road,Delhi NCR,BUILDER_FLOOR,4,2232,55950000,25067.2,2023-09-28
SALE3250,Faridabad Sector 81,Delhi NCR,BUILDER_FLOOR,5,3100,17450000,5629.03,2024-11-08
SALE3251,Noida Sector 150,Delhi NCR,BUILDER_FLOOR,1,475,5950000,12526.32,2024-10-24
SALE3252,Greater Noida Pari Chowk,Delhi NCR,APARTMENT,3,1638,11130000,6794.87,2025-01-01
SALE3253,Noida Sector 150,Delhi NCR,INDEPENDENT_HOUSE,5,3510,50830000,14481.48,2023-10-13
SALE3254,DLF Phase 5,Delhi NCR,INDEPENDENT_HOUSE,1,577,18910000,32772.96,2024-04-21
SALE3255,Pitampura,Delhi NCR,APARTMENT,1,468,6700000,14316.24,2024-04-16
SALE3256,Preet Vihar,Delhi NCR,APARTMENT,5,2505,29200000,11656.69,2025-06-05
SALE3257,Noida Sector 76,Delhi NCR,BUILDER_FLOOR,4,2004,15600000,7784.43,2025-05-01
SALE3258,Noida Sector 150,Delhi NCR,BUILDER_FLOOR,2,1074,13990000,13026.07,2024-02-20
SALE3259,West Delhi,Delhi NCR,INDEPENDENT_HOUSE,3,1791,24150000,13484.09,2023-11-15
SALE3260,DLF Phase 5,Delhi NCR,APARTMENT,5,3470,89250000,25720.46,2024-06-18
SALE3261,Preet Vihar,Delhi NCR,APARTMENT,3,1455,16370000,11250.86,2026-05-25
SALE3262,East Delhi,Delhi NCR,BUILDER_FLOOR,2,912,9100000,9978.07,2024-07-19
SALE3263,Greater Noida Pari Chowk,Delhi NCR,BUILDER_FLOOR,1,540,4320000,8000.0,2025-05-30
SALE3264,Lajpat Nagar,Delhi NCR,APARTMENT,1,630,13660000,21682.54,2025-12-18
SALE3265,South Delhi,Delhi NCR,BUILDER_FLOOR,2,1382,26840000,19421.13,2024-07-16
SALE3266,Vasant Kunj,Delhi NCR,INDEPENDENT_HOUSE,3,1698,43110000,25388.69,2024-07-21
SALE3267,Gurgaon Sector 45,Delhi NCR,APARTMENT,1,501,5900000,11776.45,2025-12-30
SALE3268,East Delhi,Delhi NCR,BUILDER_FLOOR,4,2516,27410000,10894.28,2026-02-17
SALE3269,Central Delhi,Delhi NCR,INDEPENDENT_HOUSE,4,2316,69320000,29930.92,2026-06-22
SALE3270,South Delhi,Delhi NCR,BUILDER_FLOOR,3,1860,45720000,24580.65,2023-12-17
SALE3271,Ghaziabad Raj Nagar Extension,Delhi NCR,APARTMENT,3,2145,12610000,5878.79,2024-07-06
SALE3272,Vasant Kunj,Delhi NCR,APARTMENT,4,2248,49470000,22006.23,2026-05-24
SALE3273,Gurgaon Sector 56,Delhi NCR,BUILDER_FLOOR,4,1860,22330000,12005.38,2024-02-26
SALE3274,Greater Noida Pari Chowk,Delhi NCR,BUILDER_FLOOR,2,990,6290000,6353.54,2024-06-29
SALE3275,Noida Extension,Delhi NCR,INDEPENDENT_HOUSE,1,590,5910000,10016.95,2026-06-12
SALE3276,Ghaziabad Indirapuram,Delhi NCR,INDEPENDENT_HOUSE,2,1170,11830000,10111.11,2026-06-16
SALE3277,West Delhi,Delhi NCR,BUILDER_FLOOR,4,2652,31570000,11904.22,2024-06-04
SALE3278,Noida Sector 150,Delhi NCR,BUILDER_FLOOR,2,942,11570000,12282.38,2025-08-20
SALE3279,East Delhi,Delhi NCR,INDEPENDENT_HOUSE,1,671,8330000,12414.31,2025-01-09
SALE3280,West Delhi,Delhi NCR,BUILDER_FLOOR,1,454,4770000,10506.61,2025-04-12
SALE3281,Gurgaon Sector 56,Delhi NCR,BUILDER_FLOOR,2,1434,21250000,14818.69,2024-04-11
SALE3282,Gurgaon Sector 45,Delhi NCR,BUILDER_FLOOR,4,2388,25950000,10866.83,2024-09-05
SALE3283,Noida Sector 18,Delhi NCR,APARTMENT,4,1880,24950000,13271.28,2025-12-31
SALE3284,Cyber City Gurgaon,Delhi NCR,APARTMENT,4,2424,33030000,13626.24,2024-09-23
SALE3285,West Delhi,Delhi NCR,INDEPENDENT_HOUSE,1,475,5540000,11663.16,2023-11-22
SALE3286,West Delhi,Delhi NCR,BUILDER_FLOOR,5,3685,34690000,9413.84,2025-03-29
SALE3287,Gurgaon Golf Course Road,Delhi NCR,INDEPENDENT_HOUSE,3,1569,60560000,38597.83,2025-04-30
SALE3288,Rohini Sector 10,Delhi NCR,BUILDER_FLOOR,5,2455,27610000,11246.44,2025-03-10
SALE3289,Saket,Delhi NCR,BUILDER_FLOOR,3,1731,34070000,19682.26,2025-08-06
SALE3290,Noida Extension,Delhi NCR,BUILDER_FLOOR,4,2000,16770000,8385.0,2025-03-14
SALE3291,Noida Sector 62,Delhi NCR,INDEPENDENT_HOUSE,3,1614,21710000,13451.05,2026-05-30
SALE3292,North Delhi,Delhi NCR,INDEPENDENT_HOUSE,2,1104,12250000,11096.01,2024-12-07
SALE3293,Greater Noida,Delhi NCR,INDEPENDENT_HOUSE,2,1208,8870000,7342.72,2025-09-04
SALE3294,Noida Sector 62,Delhi NCR,INDEPENDENT_HOUSE,4,2916,34830000,11944.44,2024-11-12
SALE3295,Greater Noida Pari Chowk,Delhi NCR,APARTMENT,2,1438,9890000,6877.61,2024-06-04
SALE3296,North Delhi,Delhi NCR,INDEPENDENT_HOUSE,3,2067,23720000,11475.57,2025-08-18
SALE3297,Ghaziabad Vasundhara,Delhi NCR,BUILDER_FLOOR,4,2744,16020000,5838.19,2026-01-03
SALE3298,Vasant Kunj,Delhi NCR,BUILDER_FLOOR,1,521,11320000,21727.45,2025-12-09
SALE3299,Noida Sector 62,Delhi NCR,APARTMENT,5,3560,37670000,10581.46,2024-10-11
SALE3300,Noida Sector 18,Delhi NCR,APARTMENT,4,2056,28940000,14075.88,2025-01-18
SALE3301,South Delhi,Delhi NCR,BUILDER_FLOOR,5,3425,83020000,24239.42,2025-06-14
SALE3302,Gurgaon Golf Course Road,Delhi NCR,APARTMENT,3,1512,40220000,26600.53,2024-04-11
SALE3303,DLF Phase 5,Delhi NCR,BUILDER_FLOOR,5,3480,88300000,25373.56,2025-07-11
SALE3304,Hauz Khas,Delhi NCR,APARTMENT,5,3555,95260000,26796.06,2025-09-11
SALE3305,Hauz Khas,Delhi NCR,INDEPENDENT_HOUSE,2,1428,38270000,26799.72,2025-12-01
SALE3306,Faridabad Sector 15,Delhi NCR,APARTMENT,2,1058,7960000,7523.63,2023-10-10
SALE3307,Noida Sector 62,Delhi NCR,INDEPENDENT_HOUSE,1,698,9560000,13696.28,2026-07-10
SALE3308,Rohini Sector 10,Delhi NCR,APARTMENT,1,450,4840000,10755.56,2024-12-27
SALE3309,Cyber City Gurgaon,Delhi NCR,INDEPENDENT_HOUSE,1,576,10080000,17500.0,2024-10-02
SALE3310,Ghaziabad Raj Nagar Extension,Delhi NCR,APARTMENT,5,3385,18010000,5320.53,2025-01-26
SALE3311,Cyber City Gurgaon,Delhi NCR,BUILDER_FLOOR,4,2788,51070000,18317.79,2026-04-24
SALE3312,Preet Vihar,Delhi NCR,INDEPENDENT_HOUSE,3,2022,33600000,16617.21,2025-08-17
SALE3313,Cyber City Gurgaon,Delhi NCR,BUILDER_FLOOR,2,922,13360000,14490.24,2025-03-07
SALE3314,Preet Vihar,Delhi NCR,APARTMENT,5,3645,41470000,11377.23,2025-12-03
SALE3315,Ghaziabad Raj Nagar Extension,Delhi NCR,BUILDER_FLOOR,3,1503,9410000,6260.81,2024-08-18
SALE3316,Faridabad Sector 15,Delhi NCR,BUILDER_FLOOR,3,1950,15070000,7728.21,2026-03-28
SALE3317,DLF Phase 5,Delhi NCR,BUILDER_FLOOR,4,2668,57270000,21465.52,2025-02-28
SALE3318,Noida Sector 18,Delhi NCR,BUILDER_FLOOR,1,738,10350000,14024.39,2025-06-19
SALE3319,Noida Sector 62,Delhi NCR,APARTMENT,5,3385,32130000,9491.88,2023-10-22
SALE3320,West Delhi,Delhi NCR,APARTMENT,4,2736,26810000,9798.98,2025-11-09
SALE3321,Gurgaon Sector 45,Delhi NCR,BUILDER_FLOOR,5,3535,40350000,11414.43,2025-07-10
SALE3322,Faridabad Neharpar,Delhi NCR,BUILDER_FLOOR,5,2410,10870000,4510.37,2024-08-13
SALE3323,Gurgaon Sector 56,Delhi NCR,BUILDER_FLOOR,5,3115,40000000,12841.09,2025-06-29
SALE3324,Golf Course Extension Road,Delhi NCR,BUILDER_FLOOR,3,1953,25500000,13056.84,2023-09-07
SALE3325,Ghaziabad Raj Nagar Extension,Delhi NCR,BUILDER_FLOOR,4,2168,12200000,5627.31,2026-07-03
SALE3326,Faridabad Sector 81,Delhi NCR,INDEPENDENT_HOUSE,5,2910,20170000,6931.27,2025-08-01
SALE3327,North Delhi,Delhi NCR,INDEPENDENT_HOUSE,5,3140,38640000,12305.73,2024-09-30
SALE3328,Noida Sector 76,Delhi NCR,APARTMENT,1,465,4370000,9397.85,2025-10-22
SALE3329,Gurgaon Sector 45,Delhi NCR,APARTMENT,1,504,6300000,12500.0,2026-06-13
SALE3330,Ghaziabad Raj Nagar Extension,Delhi NCR,BUILDER_FLOOR,2,1142,5540000,4851.14,2024-11-03
SALE3331,Dwarka Sector 21,Delhi NCR,INDEPENDENT_HOUSE,4,2660,53950000,20281.95,2023-08-01
SALE3332,Hauz Khas,Delhi NCR,INDEPENDENT_HOUSE,3,1524,39380000,25839.9,2024-04-29
SALE3333,Lajpat Nagar,Delhi NCR,BUILDER_FLOOR,3,1395,29870000,21412.19,2025-01-30
SALE3334,North Delhi,Delhi NCR,APARTMENT,4,2572,22890000,8899.69,2025-02-08
SALE3335,Rohini Sector 10,Delhi NCR,APARTMENT,3,2103,24760000,11773.66,2025-04-17
SALE3336,Noida Sector 18,Delhi NCR,APARTMENT,2,1064,15120000,14210.53,2025-04-11
SALE3337,Faridabad Neharpar,Delhi NCR,APARTMENT,1,748,3210000,4291.44,2024-11-20
SALE3338,DLF Phase 5,Delhi NCR,APARTMENT,1,521,13980000,26833.01,2024-09-21
SALE3339,Sohna Road Gurgaon,Delhi NCR,BUILDER_FLOOR,5,3645,36390000,9983.54,2025-11-13
SALE3340,East Delhi,Delhi NCR,APARTMENT,5,3520,30330000,8616.48,2025-04-26
SALE3341,Janakpuri,Delhi NCR,INDEPENDENT_HOUSE,4,2824,43720000,15481.59,2025-01-19
SALE3342,Golf Course Extension Road,Delhi NCR,APARTMENT,4,2672,41590000,15565.12,2024-08-02
SALE3343,Lajpat Nagar,Delhi NCR,INDEPENDENT_HOUSE,1,515,12740000,24737.86,2023-08-16
SALE3344,Noida Sector 62,Delhi NCR,APARTMENT,1,705,7130000,10113.48,2023-11-12
SALE3345,East Delhi,Delhi NCR,APARTMENT,2,1196,12800000,10702.34,2024-10-18
SALE3346,Central Delhi,Delhi NCR,BUILDER_FLOOR,3,1452,41970000,28904.96,2026-06-09
SALE3347,Gurgaon Sector 45,Delhi NCR,BUILDER_FLOOR,1,723,9240000,12780.08,2023-11-25
SALE3348,Faridabad Neharpar,Delhi NCR,INDEPENDENT_HOUSE,5,3045,17720000,5819.38,2026-05-16
SALE3349,Hauz Khas,Delhi NCR,INDEPENDENT_HOUSE,1,748,22240000,29732.62,2023-12-23
SALE3350,Central Delhi,Delhi NCR,INDEPENDENT_HOUSE,1,466,13830000,29678.11,2024-06-26
SALE3351,Central Delhi,Delhi NCR,APARTMENT,3,1440,33390000,23187.5,2024-12-01
SALE3352,East Delhi,Delhi NCR,INDEPENDENT_HOUSE,1,570,6490000,11385.96,2024-03-03
SALE3353,Saket,Delhi NCR,BUILDER_FLOOR,1,663,12290000,18536.95,2024-12-31
SALE3354,Gurgaon Golf Course Road,Delhi NCR,INDEPENDENT_HOUSE,4,2064,64580000,31288.76,2024-12-23
SALE3355,Saket,Delhi NCR,APARTMENT,1,704,12700000,18039.77,2024-11-12
SALE3356,West Delhi,Delhi NCR,BUILDER_FLOOR,4,2420,27560000,11388.43,2025-08-22
SALE3357,Pitampura,Delhi NCR,APARTMENT,1,463,7010000,15140.39,2024-07-04
SALE3358,Rohini Sector 10,Delhi NCR,INDEPENDENT_HOUSE,5,3220,48900000,15186.34,2024-06-14
SALE3359,Vasant Kunj,Delhi NCR,INDEPENDENT_HOUSE,4,1904,46360000,24348.74,2025-12-24
SALE3360,Noida Extension,Delhi NCR,INDEPENDENT_HOUSE,2,1340,12790000,9544.78,2023-11-24
SALE3361,Golf Course Extension Road,Delhi NCR,APARTMENT,4,2040,34250000,16789.22,2026-02-05
SALE3362,Sohna Road Gurgaon,Delhi NCR,BUILDER_FLOOR,2,1250,11040000,8832.0,2025-06-30
SALE3363,Hauz Khas,Delhi NCR,APARTMENT,2,994,25510000,25663.98,2025-08-01
SALE3364,Pitampura,Delhi NCR,BUILDER_FLOOR,5,3700,44740000,12091.89,2024-01-17
SALE3365,South Delhi,Delhi NCR,INDEPENDENT_HOUSE,2,958,22080000,23048.02,2026-07-03
SALE3366,Golf Course Extension Road,Delhi NCR,BUILDER_FLOOR,2,1188,15380000,12946.13,2024-04-13
SALE3367,West Delhi,Delhi NCR,INDEPENDENT_HOUSE,2,1198,13420000,11202.0,2024-01-28
SALE3368,Noida Sector 76,Delhi NCR,BUILDER_FLOOR,1,489,3630000,7423.31,2024-01-12
SALE3369,Janakpuri,Delhi NCR,BUILDER_FLOOR,3,1686,22380000,13274.02,2025-03-25
SALE3370,Noida Sector 62,Delhi NCR,BUILDER_FLOOR,5,2995,36590000,12217.03,2026-06-05
SALE3371,Preet Vihar,Delhi NCR,INDEPENDENT_HOUSE,3,1839,29220000,15889.07,2024-03-31
SALE3372,Faridabad Sector 81,Delhi NCR,APARTMENT,1,627,4570000,7288.68,2024-10-06
SALE3373,Faridabad Sector 15,Delhi NCR,BUILDER_FLOOR,1,554,4980000,8989.17,2024-02-08
SALE3374,Faridabad Neharpar,Delhi NCR,APARTMENT,3,2199,10040000,4565.71,2025-06-21
SALE3375,Sohna Road Gurgaon,Delhi NCR,INDEPENDENT_HOUSE,2,936,11560000,12350.43,2024-11-05
SALE3376,Ghaziabad Indirapuram,Delhi NCR,INDEPENDENT_HOUSE,4,2032,15660000,7706.69,2023-08-21
SALE3377,Saket,Delhi NCR,BUILDER_FLOOR,3,1938,32800000,16924.66,2025-05-24
SALE3378,Gurgaon Golf Course Road,Delhi NCR,APARTMENT,3,1938,54190000,27961.82,2024-02-22
SALE3379,Noida Extension,Delhi NCR,BUILDER_FLOOR,4,1888,12990000,6880.3,2025-04-30
SALE3380,Noida Extension,Delhi NCR,APARTMENT,4,2888,18750000,6492.38,2024-09-19
SALE3381,Noida Sector 62,Delhi NCR,APARTMENT,5,3140,39070000,12442.68,2025-08-31
SALE3382,East Delhi,Delhi NCR,BUILDER_FLOOR,5,2800,28650000,10232.14,2024-03-02
SALE3383,East Delhi,Delhi NCR,INDEPENDENT_HOUSE,5,3360,42510000,12651.79,2025-10-22
SALE3384,Hauz Khas,Delhi NCR,APARTMENT,5,3240,92000000,28395.06,2025-12-23
SALE3385,Noida Sector 18,Delhi NCR,INDEPENDENT_HOUSE,4,2668,47430000,17777.36,2023-09-27
SALE3386,Faridabad Neharpar,Delhi NCR,BUILDER_FLOOR,2,1290,6390000,4953.49,2023-11-09
SALE3387,Preet Vihar,Delhi NCR,APARTMENT,1,593,8080000,13625.63,2026-03-02
SALE3388,Noida Sector 150,Delhi NCR,APARTMENT,2,1454,16380000,11265.47,2024-02-10
SALE3389,Noida Sector 76,Delhi NCR,APARTMENT,5,2950,24030000,8145.76,2024-07-12
SALE3390,Central Delhi,Delhi NCR,INDEPENDENT_HOUSE,5,2280,63120000,27684.21,2024-12-03
SALE3391,North Delhi,Delhi NCR,BUILDER_FLOOR,2,1354,13390000,9889.22,2024-05-03
SALE3392,Ghaziabad Indirapuram,Delhi NCR,APARTMENT,4,1872,16000000,8547.01,2026-02-20
SALE3393,Ghaziabad Raj Nagar Extension,Delhi NCR,INDEPENDENT_HOUSE,5,2805,18010000,6420.68,2025-02-18
SALE3394,Gurgaon Golf Course Road,Delhi NCR,BUILDER_FLOOR,5,3660,96760000,26437.16,2025-06-20
SALE3395,Lajpat Nagar,Delhi NCR,BUILDER_FLOOR,2,1164,23880000,20515.46,2025-05-05
SALE3396,Noida Sector 150,Delhi NCR,BUILDER_FLOOR,4,2060,22700000,11019.42,2025-05-20
SALE3397,Dwarka Sector 21,Delhi NCR,APARTMENT,5,2375,32770000,13797.89,2025-04-24
SALE3398,Saket,Delhi NCR,APARTMENT,5,3375,62210000,18432.59,2024-08-05
SALE3399,Saket,Delhi NCR,INDEPENDENT_HOUSE,2,962,23600000,24532.22,2026-02-01
SALE3400,Central Delhi,Delhi NCR,BUILDER_FLOOR,1,630,16580000,26317.46,2025-05-27
SALE3401,Saket,Delhi NCR,INDEPENDENT_HOUSE,2,1258,23990000,19069.95,2025-12-28
SALE3402,Faridabad Sector 81,Delhi NCR,BUILDER_FLOOR,1,711,4040000,5682.14,2025-09-01
SALE3403,Janakpuri,Delhi NCR,BUILDER_FLOOR,5,3200,47470000,14834.38,2024-06-10
SALE3404,Greater Noida,Delhi NCR,APARTMENT,4,2376,13790000,5803.87,2025-05-24
SALE3405,North Delhi,Delhi NCR,INDEPENDENT_HOUSE,3,1863,25540000,13709.07,2023-10-21
SALE3406,Sohna Road Gurgaon,Delhi NCR,BUILDER_FLOOR,3,1395,11280000,8086.02,2023-12-14
SALE3407,Saket,Delhi NCR,BUILDER_FLOOR,2,926,14700000,15874.73,2023-11-27
SALE3408,Janakpuri,Delhi NCR,BUILDER_FLOOR,5,3550,52000000,14647.89,2024-06-19
SALE3409,West Delhi,Delhi NCR,APARTMENT,4,2992,27010000,9027.41,2024-02-06
SALE3410,Gurgaon Sector 56,Delhi NCR,BUILDER_FLOOR,1,489,7230000,14785.28,2025-08-19
SALE3411,Pitampura,Delhi NCR,INDEPENDENT_HOUSE,5,3720,64940000,17456.99,2025-01-30
SALE3412,Greater Noida,Delhi NCR,INDEPENDENT_HOUSE,1,720,6120000,8500.0,2024-10-21
SALE3413,Ghaziabad Raj Nagar Extension,Delhi NCR,INDEPENDENT_HOUSE,5,3580,23210000,6483.24,2023-12-19
SALE3414,Noida Sector 150,Delhi NCR,APARTMENT,5,3000,40440000,13480.0,2024-09-13
SALE3415,East Delhi,Delhi NCR,APARTMENT,3,1704,15970000,9372.07,2024-02-09
SALE3416,Cyber City Gurgaon,Delhi NCR,INDEPENDENT_HOUSE,2,1354,27810000,20539.14,2025-06-16
SALE3417,Greater Noida,Delhi NCR,BUILDER_FLOOR,1,630,4170000,6619.05,2025-08-19
SALE3418,Lajpat Nagar,Delhi NCR,BUILDER_FLOOR,4,2268,42430000,18708.11,2025-06-27
SALE3419,Greater Noida,Delhi NCR,APARTMENT,5,2570,18840000,7330.74,2026-07-20
SALE3420,Preet Vihar,Delhi NCR,BUILDER_FLOOR,5,2600,33530000,12896.15,2025-03-20
SALE3421,Noida Sector 18,Delhi NCR,BUILDER_FLOOR,3,1530,19400000,12679.74,2025-01-07
SALE3422,Greater Noida,Delhi NCR,INDEPENDENT_HOUSE,2,1488,11590000,7788.98,2023-12-21
SALE3423,Rohini Sector 10,Delhi NCR,APARTMENT,4,1828,19740000,10798.69,2024-06-29
SALE3424,Greater Noida,Delhi NCR,BUILDER_FLOOR,5,3450,24060000,6973.91,2024-11-26
SALE3425,Golf Course Extension Road,Delhi NCR,APARTMENT,4,1848,29300000,15854.98,2023-09-17
SALE3426,Lajpat Nagar,Delhi NCR,APARTMENT,5,3605,77100000,21386.96,2024-08-17
SALE3427,Greater Noida Pari Chowk,Delhi NCR,BUILDER_FLOOR,2,1310,9710000,7412.21,2023-07-31
SALE3428,Preet Vihar,Delhi NCR,INDEPENDENT_HOUSE,3,1530,21830000,14267.97,2023-12-17
SALE3429,East Delhi,Delhi NCR,INDEPENDENT_HOUSE,5,2525,33050000,13089.11,2025-12-30
SALE3430,Saket,Delhi NCR,APARTMENT,3,2037,41180000,20216.0,2026-06-11
SALE3431,Ghaziabad Indirapuram,Delhi NCR,INDEPENDENT_HOUSE,4,2392,23190000,9694.82,2025-01-24
SALE3432,Golf Course Extension Road,Delhi NCR,INDEPENDENT_HOUSE,2,1420,22370000,15753.52,2025-01-13
SALE3433,South Delhi,Delhi NCR,INDEPENDENT_HOUSE,5,3195,88750000,27777.78,2025-08-09
SALE3434,Ghaziabad Vasundhara,Delhi NCR,BUILDER_FLOOR,3,2022,12420000,6142.43,2024-10-18
SALE3435,Noida Sector 150,Delhi NCR,APARTMENT,2,1204,14420000,11976.74,2026-01-26
SALE3436,Hauz Khas,Delhi NCR,INDEPENDENT_HOUSE,5,3590,110280000,30718.66,2025-01-06
SALE3437,Greater Noida Pari Chowk,Delhi NCR,BUILDER_FLOOR,3,1938,12830000,6620.23,2023-10-19
SALE3438,Dwarka Sector 21,Delhi NCR,APARTMENT,1,557,8180000,14685.82,2023-08-23
SALE3439,Noida Sector 150,Delhi NCR,INDEPENDENT_HOUSE,5,3050,38640000,12668.85,2025-11-01
SALE3440,Noida Sector 18,Delhi NCR,APARTMENT,1,597,8070000,13517.59,2024-06-05
SALE3441,Ghaziabad Indirapuram,Delhi NCR,APARTMENT,2,1194,10130000,8484.09,2024-05-17
SALE3442,Central Delhi,Delhi NCR,INDEPENDENT_HOUSE,1,568,18610000,32764.08,2025-03-01
SALE3443,Gurgaon Sector 56,Delhi NCR,APARTMENT,2,1464,20970000,14323.77,2024-01-21
SALE3444,Gurgaon Sector 45,Delhi NCR,APARTMENT,5,2350,33430000,14225.53,2024-12-03
SALE3445,Rohini Sector 10,Delhi NCR,APARTMENT,4,1852,21350000,11528.08,2025-10-11
SALE3446,Noida Sector 18,Delhi NCR,INDEPENDENT_HOUSE,4,2708,47410000,17507.39,2025-11-06
SALE3447,Ghaziabad Vasundhara,Delhi NCR,BUILDER_FLOOR,1,511,3420000,6692.76,2025-03-14
SALE3448,Greater Noida Pari Chowk,Delhi NCR,BUILDER_FLOOR,3,1482,11510000,7766.53,2023-11-22
SALE3449,Noida Sector 150,Delhi NCR,INDEPENDENT_HOUSE,1,631,9910000,15705.23,2023-11-23
SALE3450,Pitampura,Delhi NCR,INDEPENDENT_HOUSE,1,617,9300000,15072.93,2025-11-16
SALE3451,East Delhi,Delhi NCR,BUILDER_FLOOR,4,2848,28450000,9989.47,2026-01-08
SALE3452,Lajpat Nagar,Delhi NCR,INDEPENDENT_HOUSE,3,1407,31440000,22345.42,2024-08-26
SALE3453,Faridabad Neharpar,Delhi NCR,BUILDER_FLOOR,2,1470,7710000,5244.9,2026-01-07
SALE3454,Saket,Delhi NCR,INDEPENDENT_HOUSE,1,575,11070000,19252.17,2023-09-04
SALE3455,Noida Extension,Delhi NCR,APARTMENT,2,1170,8700000,7435.9,2025-09-16
SALE3456,Faridabad Sector 15,Delhi NCR,APARTMENT,4,2376,16910000,7117.0,2025-03-10
SALE3457,Gurgaon Golf Course Road,Delhi NCR,INDEPENDENT_HOUSE,2,902,29710000,32937.92,2026-07-09
SALE3458,Faridabad Sector 15,Delhi NCR,INDEPENDENT_HOUSE,5,2780,28370000,10205.04,2023-11-10
SALE3459,Saket,Delhi NCR,BUILDER_FLOOR,3,1932,36140000,18706.0,2026-01-15
SALE3460,Preet Vihar,Delhi NCR,INDEPENDENT_HOUSE,3,2091,31650000,15136.3,2025-10-21
SALE3461,Dwarka Sector 21,Delhi NCR,BUILDER_FLOOR,2,1198,18880000,15759.6,2024-06-11
SALE3462,Faridabad Sector 15,Delhi NCR,INDEPENDENT_HOUSE,4,2528,24580000,9723.1,2026-07-20
SALE3463,Noida Sector 18,Delhi NCR,APARTMENT,2,1014,16740000,16508.88,2024-11-24
SALE3464,Noida Sector 18,Delhi NCR,BUILDER_FLOOR,4,2464,33020000,13400.97,2024-08-06
SALE3465,Greater Noida Pari Chowk,Delhi NCR,APARTMENT,2,1374,10930000,7954.88,2026-01-01
SALE3466,Cyber City Gurgaon,Delhi NCR,BUILDER_FLOOR,4,2060,35670000,17315.53,2024-11-13
SALE3467,Ghaziabad Raj Nagar Extension,Delhi NCR,BUILDER_FLOOR,5,3300,19170000,5809.09,2026-07-14
SALE3468,Vasant Kunj,Delhi NCR,BUILDER_FLOOR,3,2127,40850000,19205.45,2025-11-17
SALE3469,Greater Noida,Delhi NCR,APARTMENT,5,3075,18560000,6035.77,2024-04-05
SALE3470,North Delhi,Delhi NCR,BUILDER_FLOOR,4,2704,26430000,9774.41,2025-12-25
SALE3471,Central Delhi,Delhi NCR,APARTMENT,3,2094,58170000,27779.37,2025-04-25
SALE3472,East Delhi,Delhi NCR,INDEPENDENT_HOUSE,1,607,6810000,11219.11,2024-08-08
SALE3473,Pitampura,Delhi NCR,INDEPENDENT_HOUSE,2,1448,22180000,15317.68,2025-09-06
SALE3474,Cyber City Gurgaon,Delhi NCR,INDEPENDENT_HOUSE,5,3090,52730000,17064.72,2025-06-13
SALE3475,Vasant Kunj,Delhi NCR,INDEPENDENT_HOUSE,1,644,14230000,22096.27,2024-01-18
SALE3476,East Delhi,Delhi NCR,BUILDER_FLOOR,5,2410,23960000,9941.91,2023-12-20
SALE3477,Faridabad Neharpar,Delhi NCR,APARTMENT,3,2172,9880000,4548.8,2024-03-03
SALE3478,Gurgaon Sector 45,Delhi NCR,INDEPENDENT_HOUSE,4,2268,31880000,14056.44,2024-03-03
SALE3479,Gurgaon Sector 45,Delhi NCR,BUILDER_FLOOR,3,1983,22670000,11432.17,2023-09-24
SALE3480,Preet Vihar,Delhi NCR,APARTMENT,1,460,6190000,13456.52,2024-08-08
SALE3481,Faridabad Neharpar,Delhi NCR,APARTMENT,5,3265,17750000,5436.45,2024-05-24
SALE3482,Saket,Delhi NCR,APARTMENT,3,1812,27960000,15430.46,2025-03-02
SALE3483,Preet Vihar,Delhi NCR,APARTMENT,3,1539,21040000,13671.22,2024-07-09
SALE3484,Noida Extension,Delhi NCR,INDEPENDENT_HOUSE,4,2068,20390000,9859.77,2025-08-30
SALE3485,Noida Sector 150,Delhi NCR,APARTMENT,1,487,5850000,12012.32,2024-06-02
SALE3486,Greater Noida,Delhi NCR,APARTMENT,1,727,4870000,6698.76,2024-05-09
SALE3487,Gurgaon Sector 56,Delhi NCR,APARTMENT,5,3250,38380000,11809.23,2026-02-15
SALE3488,Noida Sector 62,Delhi NCR,BUILDER_FLOOR,4,2848,33620000,11804.78,2026-07-05
SALE3489,Noida Sector 62,Delhi NCR,BUILDER_FLOOR,4,2212,21410000,9679.02,2025-08-03
SALE3490,Ghaziabad Raj Nagar Extension,Delhi NCR,BUILDER_FLOOR,3,2007,9690000,4828.1,2023-11-02
SALE3491,Greater Noida,Delhi NCR,INDEPENDENT_HOUSE,3,2091,15250000,7293.16,2026-06-10
SALE3492,Faridabad Sector 81,Delhi NCR,APARTMENT,4,1832,13670000,7461.79,2025-11-28
SALE3493,Noida Sector 76,Delhi NCR,BUILDER_FLOOR,5,2525,21160000,8380.2,2026-04-22
SALE3494,Vasant Kunj,Delhi NCR,BUILDER_FLOOR,2,1356,27360000,20176.99,2026-07-12
SALE3495,DLF Phase 5,Delhi NCR,INDEPENDENT_HOUSE,3,1860,47840000,25720.43,2026-02-25
SALE3496,Gurgaon Golf Course Road,Delhi NCR,APARTMENT,5,2680,68460000,25544.78,2023-12-07
SALE3497,Faridabad Sector 15,Delhi NCR,INDEPENDENT_HOUSE,2,984,8430000,8567.07,2026-02-24
SALE3498,Ghaziabad Raj Nagar Extension,Delhi NCR,INDEPENDENT_HOUSE,5,2845,16290000,5725.83,2024-04-19
SALE3499,Faridabad Sector 15,Delhi NCR,BUILDER_FLOOR,4,2436,20890000,8575.53,2025-09-07
SALE3500,Gurgaon Sector 56,Delhi NCR,APARTMENT,3,2217,29670000,13382.95,2026-01-14
