owner_id,full_name,email,phone,role,preferred_locality,created_at
OWN1001,Aryan Maharaj,aryanmaharaj35@gmail.com,+91-946913810,buyer,Hauz Khas,2025-01-15 16:28:12
OWN1002,Harsh Chahal,harshchahal702@gmail.com,+91-983197857,buyer,Greater Noida Pari Chowk,2025-09-25 03:22:29
OWN1003,Ayushman Chander,ayushmanchander40@gmail.com,+91-739345092,buyer,North Delhi,2024-12-27 12:11:58
OWN1004,Rushil Saini,rushilsaini743@yahoo.co.in,+91-983140807,seller,Ghaziabad Indirapuram,2024-12-28 19:48:10
OWN1005,Abeer Dutta,abeerdutta838@outlook.com,+91-731429110,tenant,Noida Sector 62,2025-12-12 18:35:18
OWN1006,Arunima Dugal,arunimadugal169@outlook.com,+91-755176955,buyer,Noida Sector 18,2024-12-25 01:55:16
OWN1007,Harsh Chanda,harshchanda377@gmail.com,+91-891030736,buyer,East Delhi,2025-04-24 07:50:48
OWN1008,Hemangini Lalla,hemanginilalla559@rediffmail.com,+91-760806024,buyer,Gurgaon Sector 45,2026-03-02 09:19:44
OWN1009,Jeet Radhakrishnan,jeetradhakrishnan601@outlook.com,+91-719335534,buyer,Gurgaon Sector 56,2024-09-16 08:37:51
OWN1010,Janaki Handa,janakihanda91@outlook.com,+91-723556182,seller,Ghaziabad Vasundhara,2025-12-17 11:21:31
OWN1011,Vedant Mann,vedantmann176@outlook.com,+91-857683626,buyer,Golf Course Extension Road,2026-07-10 11:34:27
OWN1012,Harrison Rai,harrisonrai633@gmail.com,+91-932969840,pg_owner,Gurgaon Golf Course Road,2025-02-08 20:26:36
OWN1013,Nicholas Prabhakar,nicholasprabhakar483@yahoo.co.in,+91-846231783,both,Gurgaon Sector 56,2025-04-06 07:34:44
OWN1014,Ekbal Garg,ekbalgarg873@outlook.com,+91-740742311,tenant,DLF Phase 5,2025-08-14 23:25:39
OWN1015,Nihal Shere,nihalshere284@rediffmail.com,+91-738317637,tenant,DLF Phase 5,2025-04-23 23:34:27
OWN1016,Ekta Bhalla,ektabhalla681@yahoo.co.in,+91-863100814,tenant,Ghaziabad Vasundhara,2025-01-04 02:42:16
OWN1017,Diya Rattan,diyarattan281@yahoo.co.in,+91-743101783,tenant,Cyber City Gurgaon,2025-02-01 09:02:53
OWN1018,Divya Kala,divyakala929@rediffmail.com,+91-963606628,seller,Hauz Khas,2025-11-11 13:58:46
OWN1019,Tara Dhar,taradhar103@rediffmail.com,+91-724716857,buyer,Janakpuri,2025-01-30 06:53:43
OWN1020,Adya Sangha,adyasangha620@rediffmail.com,+91-761642594,seller,Ghaziabad Vasundhara,2026-05-07 15:20:36
OWN1021,Janaki Kanda,janakikanda576@outlook.com,+91-725374874,tenant,Golf Course Extension Road,2026-07-19 07:46:49
OWN1022,Yashodhara Tak,yashodharatak124@outlook.com,+91-868353204,buyer,South Delhi,2024-09-25 04:55:25
OWN1023,Imaran Dua,imarandua522@outlook.com,+91-778139880,tenant,Sohna Road Gurgaon,2025-10-22 03:13:35
OWN1024,Devansh Rajan,devanshrajan166@yahoo.co.in,+91-831682744,pg_owner,Faridabad Neharpar,2025-04-25 13:30:35
OWN1025,Zayan Apte,zayanapte623@gmail.com,+91-875579548,buyer,Noida Extension,2025-11-29 17:32:44
OWN1026,Amara Oak,amaraoak255@outlook.com,+91-742329237,tenant,Dwarka Sector 21,2024-10-10 06:49:21
OWN1027,Nakul Setty,nakulsetty759@gmail.com,+91-819289546,both,Hauz Khas,2024-07-23 04:02:20
OWN1028,Xiti Gokhale,xitigokhale685@yahoo.co.in,+91-883793389,buyer,Faridabad Neharpar,2025-07-26 15:34:30
OWN1029,Chanchal Tripathi,chanchaltripathi997@rediffmail.com,+91-782383095,tenant,Pitampura,2025-10-08 15:19:01
OWN1030,Kashvi Edwin,kashviedwin418@outlook.com,+91-997225156,seller,Faridabad Neharpar,2025-08-18 19:16:40
OWN1031,Ekiya Suresh,ekiyasuresh133@rediffmail.com,+91-740158366,buyer,North Delhi,2024-08-04 00:36:01
OWN1032,Damyanti Khatri,damyantikhatri612@yahoo.co.in,+91-710965138,buyer,West Delhi,2024-09-01 02:39:35
OWN1033,Frederick Sunder,fredericksunder79@yahoo.co.in,+91-754349361,buyer,Gurgaon Golf Course Road,2026-03-08 21:16:17
OWN1034,Kabir Soman,kabirsoman695@outlook.com,+91-838754377,pg_owner,Ghaziabad Raj Nagar Extension,2026-06-12 10:50:24
OWN1035,Alka Wable,alkawable813@yahoo.co.in,+91-864634663,buyer,Vasant Kunj,2026-04-19 02:13:15
OWN1036,Siddharth Zacharia,siddharthzacharia372@rediffmail.com,+91-865177213,seller,West Delhi,2026-01-23 12:05:25
OWN1037,Devika Rastogi,devikarastogi72@gmail.com,+91-855540424,tenant,Vasant Kunj,2026-07-17 17:37:28
OWN1038,Raksha Varughese,rakshavarughese206@yahoo.co.in,+91-781979055,seller,Greater Noida Pari Chowk,2025-06-15 14:22:54
OWN1039,Umang Bhatt,umangbhatt295@yahoo.co.in,+91-843528453,tenant,Central Delhi,2025-03-24 18:17:50
OWN1040,Thomas Amble,thomasamble837@rediffmail.com,+91-923141087,buyer,South Delhi,2024-09-10 15:45:37
OWN1041,Veer Bir,veerbir958@gmail.com,+91-732321899,seller,Ghaziabad Raj Nagar Extension,2026-05-13 04:31:57
OWN1042,Ekavir Varkey,ekavirvarkey895@yahoo.co.in,+91-817869910,buyer,South Delhi,2025-01-10 15:43:35
OWN1043,Tanish Zacharia,tanishzacharia281@rediffmail.com,+91-848285503,seller,Faridabad Sector 15,2024-10-25 10:46:17
OWN1044,Xavier Solanki,xaviersolanki204@yahoo.co.in,+91-839219319,both,West Delhi,2026-03-02 15:47:36
OWN1045,Girindra Chatterjee,girindrachatterjee68@outlook.com,+91-788406989,seller,Faridabad Neharpar,2025-11-14 04:06:46
OWN1046,Pallavi Roy,pallaviroy68@yahoo.co.in,+91-920752378,tenant,Central Delhi,2025-06-26 22:47:45
OWN1047,Guneet Bhat,guneetbhat701@gmail.com,+91-764193837,buyer,Gurgaon Golf Course Road,2025-05-10 21:42:24
OWN1048,Ikbal Kothari,ikbalkothari644@gmail.com,+91-766267415,tenant,Faridabad Neharpar,2024-12-07 18:00:31
OWN1049,Logan Sami,logansami967@outlook.com,+91-837415205,tenant,DLF Phase 5,2024-12-01 19:58:04
OWN1050,Zaid Borra,zaidborra281@yahoo.co.in,+91-827566185,tenant,Sohna Road Gurgaon,2025-06-09 11:53:56
OWN1051,Chandresh Zachariah,chandreshzachariah333@rediffmail.com,+91-711250299,seller,Vasant Kunj,2026-03-23 11:58:40
OWN1052,Warjas Ganesan,warjasganesan560@gmail.com,+91-777898694,buyer,Noida Sector 150,2025-05-13 16:11:59
OWN1053,Tanay Rattan,tanayrattan910@gmail.com,+91-759597086,buyer,Ghaziabad Indirapuram,2026-05-11 00:20:19
OWN1054,Ladli Agate,ladliagate636@outlook.com,+91-980993218,buyer,Sohna Road Gurgaon,2026-07-10 13:06:19
OWN1055,Suhani Mangal,suhanimangal971@gmail.com,+91-745496015,buyer,Vasant Kunj,2025-05-25 19:06:28
OWN1056,Mohammed Gupta,mohammedgupta288@yahoo.co.in,+91-891178885,buyer,Noida Sector 62,2025-02-22 12:52:58
OWN1057,Darsh Murthy,darshmurthy713@yahoo.co.in,+91-945431319,pg_owner,Cyber City Gurgaon,2024-08-31 13:20:15
OWN1058,Yadavi Wali,yadaviwali104@gmail.com,+91-966851377,tenant,East Delhi,2024-11-12 19:10:43
OWN1059,Quincy Biswas,quincybiswas351@gmail.com,+91-795511909,both,Janakpuri,2025-09-28 11:00:48
OWN1060,Netra Dar,netradar574@rediffmail.com,+91-967403166,pg_owner,Saket,2026-06-08 14:45:17
OWN1061,Balveer Bumb,balveerbumb977@gmail.com,+91-930005727,pg_owner,Noida Extension,2025-05-23 00:47:36
OWN1062,Advika Jayaraman,advikajayaraman450@yahoo.co.in,+91-715614174,seller,East Delhi,2025-11-22 00:27:28
OWN1063,William Lanka,williamlanka225@outlook.com,+91-943491314,tenant,Noida Sector 150,2025-05-05 21:52:15
OWN1064,Tanvi Mutti,tanvimutti645@rediffmail.com,+91-930743797,tenant,Gurgaon Golf Course Road,2026-05-30 10:14:49
OWN1065,Aditya Shanker,adityashanker829@yahoo.co.in,+91-765337219,buyer,Noida Sector 62,2025-10-17 13:00:34
OWN1066,Ethan Yogi,ethanyogi831@rediffmail.com,+91-943308443,buyer,Vasant Kunj,2024-12-23 12:03:45
OWN1067,Kevin Palla,kevinpalla903@rediffmail.com,+91-773174945,buyer,Ghaziabad Vasundhara,2026-04-25 06:01:53
OWN1068,Kala Mane,kalamane322@outlook.com,+91-739920292,buyer,Pitampura,2024-11-13 00:41:07
OWN1069,Abhiram Mistry,abhirammistry346@rediffmail.com,+91-819317495,both,Golf Course Extension Road,2026-06-01 10:14:35
OWN1070,Krish Lalla,krishlalla666@outlook.com,+91-963643924,tenant,Noida Sector 62,2024-10-13 02:47:01
OWN1071,Nachiket Magar,nachiketmagar128@gmail.com,+91-833966966,pg_owner,Cyber City Gurgaon,2025-02-11 14:45:33
OWN1072,Hemal Jani,hemaljani121@gmail.com,+91-968326160,seller,DLF Phase 5,2025-12-05 00:00:47
OWN1073,Yashasvi Suresh,yashasvisuresh630@rediffmail.com,+91-925521714,seller,Pitampura,2025-01-20 05:40:51
OWN1074,George Sampath,georgesampath55@outlook.com,+91-968526649,buyer,Pitampura,2026-03-18 14:52:34
OWN1075,Aarush Nath,aarushnath451@outlook.com,+91-799152472,tenant,DLF Phase 5,2026-02-04 02:02:08
OWN1076,Neel Sathe,neelsathe747@gmail.com,+91-878064830,seller,Greater Noida,2025-08-27 18:56:23
OWN1077,Aditya Choudhury,adityachoudhury422@outlook.com,+91-949682169,pg_owner,Pitampura,2024-09-13 18:16:58
OWN1078,Balendra Pingle,balendrapingle690@rediffmail.com,+91-833357554,tenant,Sohna Road Gurgaon,2025-09-19 07:25:18
OWN1079,Qushi Datta,qushidatta571@rediffmail.com,+91-750785405,buyer,Greater Noida Pari Chowk,2024-08-20 08:28:01
OWN1080,Balveer Parmar,balveerparmar486@outlook.com,+91-869345683,tenant,Faridabad Sector 81,2024-12-21 06:06:16
OWN1081,Harshil Pandya,harshilpandya822@rediffmail.com,+91-932775593,tenant,Gurgaon Sector 45,2026-02-10 15:46:01
OWN1082,Mohammed Khalsa,mohammedkhalsa105@outlook.com,+91-751663795,buyer,Pitampura,2026-04-13 08:59:44
OWN1083,Nitara Bakshi,nitarabakshi35@yahoo.co.in,+91-742862209,both,Central Delhi,2024-11-28 19:36:31
OWN1084,Nisha Kothari,nishakothari434@rediffmail.com,+91-987265240,buyer,Noida Sector 18,2025-01-31 16:39:11
OWN1085,Lavanya Barad,lavanyabarad419@rediffmail.com,+91-729806690,tenant,South Delhi,2026-04-08 23:35:18
OWN1086,Ryan Sharma,ryansharma807@gmail.com,+91-839372360,buyer,Faridabad Neharpar,2025-04-02 05:11:14
OWN1087,Udant Bajwa,udantbajwa61@rediffmail.com,+91-943446826,tenant,Saket,2025-11-14 22:31:42
OWN1088,Falguni Mallick,falgunimallick146@rediffmail.com,+91-899600766,pg_owner,DLF Phase 5,2026-04-13 04:33:52
OWN1089,Indali Upadhyay,indaliupadhyay637@rediffmail.com,+91-977750178,seller,Ghaziabad Indirapuram,2025-05-08 18:06:47
OWN1090,Ayaan D’Alia,ayaandalia771@yahoo.co.in,+91-870407340,buyer,Gurgaon Golf Course Road,2026-04-22 10:57:36
OWN1091,Pranav Lanka,pranavlanka794@outlook.com,+91-975041510,tenant,Golf Course Extension Road,2024-08-17 17:51:01
OWN1092,Hemani Murthy,hemanimurthy89@rediffmail.com,+91-948349783,buyer,Noida Sector 62,2025-06-04 13:47:30
OWN1093,Lekha Gupta,lekhagupta924@outlook.com,+91-920814950,buyer,Gurgaon Sector 56,2025-01-22 20:48:58
OWN1094,Aarav Venkatesh,aaravvenkatesh720@rediffmail.com,+91-738716269,buyer,Greater Noida,2026-05-27 21:52:59
OWN1095,Januja Sankar,janujasankar565@outlook.com,+91-865804273,buyer,Greater Noida,2024-09-09 21:53:27
OWN1096,Dipta Dash,diptadash936@rediffmail.com,+91-912621534,tenant,Noida Sector 18,2025-12-28 13:31:47
OWN1097,Yashica More,yashicamore16@rediffmail.com,+91-850079111,tenant,Greater Noida,2025-11-19 22:47:23
OWN1098,Neha Merchant,nehamerchant509@yahoo.co.in,+91-746632757,seller,North Delhi,2025-08-29 18:50:13
OWN1099,Osha Raghavan,osharaghavan354@rediffmail.com,+91-964266464,tenant,Ghaziabad Vasundhara,2025-11-27 13:33:24
OWN1100,Charvi Ravi,charviravi647@yahoo.co.in,+91-913619375,tenant,North Delhi,2025-08-25 01:18:56
OWN1101,Daksha Mangat,dakshamangat668@gmail.com,+91-828213276,tenant,Lajpat Nagar,2024-12-21 07:57:55
OWN1102,Udyati Sathe,udyatisathe276@gmail.com,+91-853936531,buyer,DLF Phase 5,2025-06-08 18:52:37
OWN1103,Yasti Solanki,yastisolanki789@outlook.com,+91-847346970,tenant,Greater Noida,2026-02-20 14:31:53
OWN1104,Frado Mander,fradomander864@outlook.com,+91-773123515,buyer,West Delhi,2025-08-01 07:48:02
OWN1105,Girik Keer,girikkeer239@outlook.com,+91-919209801,tenant,East Delhi,2025-11-24 06:16:27
OWN1106,Rushil Din,rushildin982@gmail.com,+91-736757737,tenant,Rohini Sector 10,2024-08-07 15:21:28
OWN1107,Vaishnavi Bora,vaishnavibora139@yahoo.co.in,+91-899853245,buyer,Preet Vihar,2025-06-18 11:16:52
OWN1108,Leena Talwar,leenatalwar726@rediffmail.com,+91-859512272,buyer,Saket,2025-05-08 17:39:56
OWN1109,Abdul Chhabra,abdulchhabra997@yahoo.co.in,+91-824508768,pg_owner,Sohna Road Gurgaon,2026-02-09 10:02:11
OWN1110,Patrick Vasa,patrickvasa416@rediffmail.com,+91-936619372,buyer,Gurgaon Golf Course Road,2025-06-25 03:24:33
OWN1111,Jairaj Shan,jairajshan723@gmail.com,+91-890585882,tenant,East Delhi,2024-10-26 04:46:50
OWN1112,Edhitha Savant,edhithasavant555@outlook.com,+91-898787891,seller,Faridabad Sector 81,2025-10-11 07:52:12
OWN1113,Sanaya Dutt,sanayadutt22@outlook.com,+91-875793759,buyer,Noida Extension,2026-01-15 00:33:13
OWN1114,Shivani Lad,shivanilad734@rediffmail.com,+91-768450095,buyer,Faridabad Neharpar,2026-01-20 22:56:00
OWN1115,Vedhika Khare,vedhikakhare640@outlook.com,+91-974893936,seller,Golf Course Extension Road,2025-02-06 09:15:15
OWN1116,Bhavika Keer,bhavikakeer882@outlook.com,+91-721631697,buyer,Ghaziabad Indirapuram,2025-02-04 06:43:20
OWN1117,Faris Devi,farisdevi778@yahoo.co.in,+91-886483924,tenant,Noida Sector 18,2024-11-07 23:26:03
OWN1118,Michael Kala,michaelkala39@outlook.com,+91-853622663,buyer,Preet Vihar,2024-09-05 17:10:22
OWN1119,Ganga Shukla,gangashukla826@outlook.com,+91-855679506,buyer,Golf Course Extension Road,2025-05-20 12:17:52
OWN1120,Osha Ramachandran,osharamachandran539@gmail.com,+91-721490777,buyer,Greater Noida,2026-05-12 18:20:14
OWN1121,Lajita Sood,lajitasood578@rediffmail.com,+91-773900135,tenant,Faridabad Sector 15,2024-07-25 02:30:39
OWN1122,Chanchal Ramakrishnan,chanchalramakrishnan821@rediffmail.com,+91-722489409,buyer,Noida Sector 76,2026-04-05 05:23:00
OWN1123,Thomas Sura,thomassura323@yahoo.co.in,+91-988055069,seller,Faridabad Neharpar,2024-12-28 01:56:18
OWN1124,Vedika Balakrishnan,vedikabalakrishnan445@outlook.com,+91-983871890,seller,Ghaziabad Vasundhara,2025-04-30 20:24:05
OWN1125,Noah Sibal,noahsibal323@outlook.com,+91-840942292,buyer,Pitampura,2026-05-23 12:06:21
OWN1126,Meera Bala,meerabala132@outlook.com,+91-981922443,both,Lajpat Nagar,2024-09-20 02:52:12
OWN1127,Krishna Shenoy,krishnashenoy231@yahoo.co.in,+91-974988034,buyer,Faridabad Neharpar,2024-11-30 13:07:46
OWN1128,Ladli Narang,ladlinarang112@outlook.com,+91-749761527,buyer,Lajpat Nagar,2024-12-22 09:52:12
OWN1129,Geetika Raghavan,geetikaraghavan24@outlook.com,+91-981690398,buyer,East Delhi,2025-02-09 01:24:18
OWN1130,Zayyan Bumb,zayyanbumb576@gmail.com,+91-826948946,tenant,Faridabad Sector 15,2025-06-29 08:20:14
OWN1131,Inaya Kapur,inayakapur903@gmail.com,+91-787049595,buyer,Ghaziabad Raj Nagar Extension,2025-11-07 17:09:28
OWN1132,Azaan Kota,azaankota358@rediffmail.com,+91-716895666,buyer,Ghaziabad Raj Nagar Extension,2024-12-13 10:14:21
OWN1133,Michael Khare,michaelkhare851@gmail.com,+91-763782042,seller,West Delhi,2024-10-20 23:59:20
OWN1134,Tejas Shroff,tejasshroff162@yahoo.co.in,+91-950780112,buyer,Gurgaon Golf Course Road,2025-12-13 17:49:39
OWN1135,Oliver Contractor,olivercontractor581@gmail.com,+91-891378577,pg_owner,Gurgaon Sector 56,2026-02-08 23:01:03
OWN1136,Deepa Chokshi,deepachokshi471@rediffmail.com,+91-849910061,tenant,Greater Noida Pari Chowk,2025-09-16 12:21:59
OWN1137,Keya Ranganathan,keyaranganathan592@outlook.com,+91-918083974,tenant,Vasant Kunj,2026-06-08 12:33:15
OWN1138,Faqid Kibe,faqidkibe650@yahoo.co.in,+91-745520201,tenant,Janakpuri,2024-10-03 05:37:42
OWN1139,Jai Barman,jaibarman187@yahoo.co.in,+91-920075036,buyer,Greater Noida,2025-03-31 10:09:12
OWN1140,Kamala Biswas,kamalabiswas715@rediffmail.com,+91-973070585,buyer,Gurgaon Sector 56,2025-07-25 09:24:19
OWN1141,Advik Salvi,adviksalvi733@outlook.com,+91-870939053,buyer,Gurgaon Sector 56,2026-03-13 11:51:16
OWN1142,Rachita Pathak,rachitapathak816@outlook.com,+91-989160218,tenant,Pitampura,2025-10-28 01:54:59
OWN1143,Michael Saran,michaelsaran127@rediffmail.com,+91-940173413,tenant,Golf Course Extension Road,2024-11-26 11:05:32
OWN1144,Veda Shroff,vedashroff83@yahoo.co.in,+91-732269779,tenant,Gurgaon Sector 45,2025-06-03 23:25:35
OWN1145,Ekantika Korpal,ekantikakorpal137@rediffmail.com,+91-850814428,tenant,Golf Course Extension Road,2026-03-19 15:07:15
OWN1146,Arya Seshadri,aryaseshadri458@rediffmail.com,+91-790267122,buyer,Greater Noida Pari Chowk,2025-01-14 22:26:25
OWN1147,Ladli Nayar,ladlinayar628@outlook.com,+91-813471527,buyer,North Delhi,2024-08-10 18:17:53
OWN1148,Qabil Sura,qabilsura600@outlook.com,+91-733513701,seller,Ghaziabad Indirapuram,2024-12-22 17:55:37
OWN1149,Harini Mammen,harinimammen195@outlook.com,+91-968503492,tenant,Faridabad Sector 15,2026-04-24 20:29:27
OWN1150,Advaith Varughese,advaithvarughese491@gmail.com,+91-864807553,seller,Vasant Kunj,2026-06-13 08:07:17
OWN1151,Wyatt Ray,wyattray347@yahoo.co.in,+91-876500726,buyer,Noida Sector 76,2025-07-12 16:39:21
OWN1152,Vamakshi Swaminathan,vamakshiswaminathan475@gmail.com,+91-752213778,buyer,Saket,2025-06-13 04:19:28
OWN1153,Girik Menon,girikmenon895@rediffmail.com,+91-910154493,tenant,Ghaziabad Vasundhara,2024-12-29 16:03:55
OWN1154,Damini Pillay,daminipillay65@rediffmail.com,+91-779583757,seller,Faridabad Sector 15,2025-07-01 12:07:09
OWN1155,Pavani Narayanan,pavaninarayanan788@rediffmail.com,+91-737321124,buyer,Hauz Khas,2025-04-03 18:55:00
OWN1156,Anika Mohan,anikamohan458@outlook.com,+91-975056916,buyer,Gurgaon Golf Course Road,2025-01-20 10:37:55
OWN1157,Reyansh Mutti,reyanshmutti328@yahoo.co.in,+91-911835355,pg_owner,Dwarka Sector 21,2024-10-16 03:07:11
OWN1158,Rehaan Kalita,rehaankalita871@yahoo.co.in,+91-771934487,tenant,Rohini Sector 10,2026-01-11 08:00:21
OWN1159,Barkha Chaudhry,barkhachaudhry965@rediffmail.com,+91-949172995,pg_owner,Golf Course Extension Road,2026-03-21 00:23:03
OWN1160,Utkarsh Patel,utkarshpatel864@rediffmail.com,+91-873380266,buyer,Rohini Sector 10,2024-11-28 21:01:35
OWN1161,Jonathan Mahal,jonathanmahal205@rediffmail.com,+91-978214937,tenant,Hauz Khas,2024-08-23 01:06:10
OWN1162,Brinda Date,brindadate292@gmail.com,+91-855617282,tenant,Faridabad Sector 81,2025-10-29 17:58:05
OWN1163,Harshil Arora,harshilarora850@outlook.com,+91-747962005,tenant,Faridabad Sector 15,2025-09-13 03:21:43
OWN1164,Varenya Sastry,varenyasastry467@yahoo.co.in,+91-975007200,seller,Noida Sector 18,2025-03-26 16:14:11
OWN1165,Zayyan Sridhar,zayyansridhar965@rediffmail.com,+91-835320492,both,Gurgaon Golf Course Road,2024-10-12 03:15:52
OWN1166,Nandini Swamy,nandiniswamy249@rediffmail.com,+91-815858241,seller,Ghaziabad Raj Nagar Extension,2024-09-12 21:54:59
OWN1167,Max Dixit,maxdixit405@rediffmail.com,+91-997512508,both,Faridabad Sector 15,2026-03-05 07:41:49
OWN1168,Frederick Kothari,frederickkothari139@gmail.com,+91-989212676,seller,Vasant Kunj,2024-10-15 07:46:46
OWN1169,Upkaar Virk,upkaarvirk112@rediffmail.com,+91-971327848,buyer,Rohini Sector 10,2025-04-24 15:44:54
OWN1170,Chameli Sanghvi,chamelisanghvi901@rediffmail.com,+91-930718012,buyer,Cyber City Gurgaon,2025-02-28 20:55:24
OWN1171,Hardik Johal,hardikjohal648@outlook.com,+91-963349308,tenant,Noida Sector 62,2025-10-20 17:22:22
OWN1172,Finn Dugar,finndugar987@rediffmail.com,+91-894127561,tenant,Faridabad Sector 15,2025-01-12 00:20:41
OWN1173,Naksh Agate,nakshagate642@gmail.com,+91-741510328,tenant,Gurgaon Sector 45,2025-05-15 05:04:39
OWN1174,Bishakha Bali,bishakhabali774@yahoo.co.in,+91-768246664,both,Vasant Kunj,2025-01-05 21:16:25
OWN1175,Sudiksha Bobal,sudikshabobal180@rediffmail.com,+91-950193656,tenant,East Delhi,2025-12-04 22:02:45
OWN1176,Rudra Sandal,rudrasandal825@outlook.com,+91-749375156,seller,Greater Noida Pari Chowk,2024-10-12 15:20:47
OWN1177,Manthan Lata,manthanlata260@yahoo.co.in,+91-965304649,pg_owner,Lajpat Nagar,2026-03-16 15:14:39
OWN1178,Darpan Gandhi,darpangandhi189@yahoo.co.in,+91-791804602,tenant,Gurgaon Golf Course Road,2026-02-19 19:07:37
OWN1179,Reva Dash,revadash944@rediffmail.com,+91-929208935,buyer,Cyber City Gurgaon,2025-06-28 04:07:53
OWN1180,Neha Magar,nehamagar271@rediffmail.com,+91-911261301,tenant,Ghaziabad Vasundhara,2025-07-21 09:10:53
OWN1181,Raksha Buch,rakshabuch703@outlook.com,+91-931203129,buyer,Noida Sector 150,2025-09-30 15:38:07
OWN1182,Ekantika Krishna,ekantikakrishna664@outlook.com,+91-843567615,seller,Sohna Road Gurgaon,2024-08-08 16:35:40
OWN1183,Ansh Luthra,anshluthra403@yahoo.co.in,+91-824314759,buyer,Noida Sector 150,2025-09-14 17:37:44
OWN1184,Upma Venkataraman,upmavenkataraman726@outlook.com,+91-812944682,both,Noida Sector 76,2025-11-08 17:05:42
OWN1185,Pratyush Sarin,pratyushsarin18@outlook.com,+91-916582607,tenant,Faridabad Sector 15,2025-10-27 11:53:04
OWN1186,Gavin Singhal,gavinsinghal804@outlook.com,+91-791478884,tenant,Gurgaon Sector 56,2025-03-31 23:25:47
OWN1187,Ekani Cheema,ekanicheema645@yahoo.co.in,+91-898473848,tenant,Hauz Khas,2026-04-08 08:30:30
OWN1188,Nisha Tandon,nishatandon935@gmail.com,+91-996750368,buyer,Ghaziabad Indirapuram,2025-02-16 08:02:22
OWN1189,Balhaar Sha,balhaarsha603@gmail.com,+91-827637794,buyer,Gurgaon Sector 45,2024-09-23 02:57:56
OWN1190,Ekiya D’Alia,ekiyadalia775@outlook.com,+91-833574011,buyer,Noida Extension,2026-06-29 11:57:23
OWN1191,Yoshita Agarwal,yoshitaagarwal860@outlook.com,+91-744489940,tenant,Ghaziabad Raj Nagar Extension,2025-11-13 04:55:47
OWN1192,Odika Bhagat,odikabhagat774@outlook.com,+91-825457816,seller,Central Delhi,2024-12-04 19:45:02
OWN1193,Wishi Sathe,wishisathe782@yahoo.co.in,+91-763339667,both,Noida Extension,2026-01-26 22:55:58
OWN1194,Amara Deep,amaradeep819@gmail.com,+91-811868130,buyer,Saket,2026-05-29 10:39:25
OWN1195,Vedhika Dara,vedhikadara387@rediffmail.com,+91-945186708,pg_owner,Noida Extension,2024-08-10 21:16:07
OWN1196,Nathan Mukhopadhyay,nathanmukhopadhyay701@gmail.com,+91-773280554,buyer,DLF Phase 5,2025-08-27 04:11:19
OWN1197,Girik Kar,girikkar673@yahoo.co.in,+91-795282470,tenant,Sohna Road Gurgaon,2026-07-15 14:55:10
OWN1198,Triya Dalal,triyadalal129@rediffmail.com,+91-716086345,tenant,Sohna Road Gurgaon,2025-11-05 22:28:44
OWN1199,Wishi Manne,wishimanne128@rediffmail.com,+91-741514326,tenant,Hauz Khas,2025-07-27 12:26:36
OWN1200,Ojasvi Subramanian,ojasvisubramanian474@rediffmail.com,+91-899991136,tenant,Greater Noida,2026-07-06 20:19:19
OWN1201,Tanmayi Dhillon,tanmayidhillon916@yahoo.co.in,+91-897902129,buyer,Faridabad Sector 15,2025-04-26 23:59:22
OWN1202,Ekaraj Majumdar,ekarajmajumdar971@rediffmail.com,+91-814391105,tenant,Preet Vihar,2026-02-05 05:18:47
OWN1203,Harini Tripathi,harinitripathi465@rediffmail.com,+91-758678896,buyer,Noida Extension,2025-01-31 23:05:11
OWN1204,Barkha Misra,barkhamisra72@outlook.com,+91-847028180,buyer,Saket,2026-03-24 13:22:10
OWN1205,Manthan Sekhon,manthansekhon103@rediffmail.com,+91-938468360,tenant,North Delhi,2025-08-18 05:16:47
OWN1206,Gaurangi Purohit,gaurangipurohit815@gmail.com,+91-842691263,both,Preet Vihar,2025-06-18 10:01:36
OWN1207,Ranbir Khare,ranbirkhare859@gmail.com,+91-937804191,pg_owner,Gurgaon Sector 56,2025-09-11 11:37:31
OWN1208,Nirja Bassi,nirjabassi802@outlook.com,+91-789991301,buyer,Rohini Sector 10,2025-03-10 05:15:29
OWN1209,Lakshmi Raju,lakshmiraju563@yahoo.co.in,+91-833420607,buyer,North Delhi,2026-07-12 19:32:36
OWN1210,Warhi Bansal,warhibansal25@yahoo.co.in,+91-841934639,pg_owner,North Delhi,2024-10-21 00:25:57
OWN1211,Harish Sarraf,harishsarraf281@yahoo.co.in,+91-727013243,tenant,Faridabad Neharpar,2024-10-01 15:14:28
OWN1212,Alexander Dhawan,alexanderdhawan773@gmail.com,+91-773920651,seller,Noida Extension,2025-05-16 06:41:31
OWN1213,Falan Singh,falansingh472@gmail.com,+91-939735904,tenant,East Delhi,2026-02-11 16:28:11
OWN1214,Hamsini Rao,hamsinirao479@outlook.com,+91-914180968,buyer,Ghaziabad Raj Nagar Extension,2025-11-07 11:46:04
OWN1215,Lajita Nadig,lajitanadig446@rediffmail.com,+91-924490391,seller,Ghaziabad Indirapuram,2025-10-21 15:53:09
OWN1216,Balendra Biswas,balendrabiswas930@gmail.com,+91-753233116,tenant,Central Delhi,2025-01-08 07:01:22
OWN1217,Utkarsh Chana,utkarshchana291@yahoo.co.in,+91-994970119,pg_owner,DLF Phase 5,2025-06-02 19:19:23
OWN1218,Harish Sawhney,harishsawhney621@rediffmail.com,+91-949580505,seller,Greater Noida Pari Chowk,2024-11-19 07:46:16
OWN1219,Ayush Batra,ayushbatra822@gmail.com,+91-925356396,tenant,Preet Vihar,2025-03-14 17:55:28
OWN1220,Chaaya Parmer,chaayaparmer472@rediffmail.com,+91-765541117,seller,Ghaziabad Vasundhara,2025-04-20 14:40:39
OWN1221,Yash Wali,yashwali435@rediffmail.com,+91-922762205,seller,DLF Phase 5,2025-05-17 19:02:13
OWN1222,Onkar Gill,onkargill393@outlook.com,+91-773655158,buyer,Dwarka Sector 21,2024-09-16 11:34:43
OWN1223,Wridesh Tank,wrideshtank452@gmail.com,+91-760015814,tenant,West Delhi,2026-05-18 14:25:25
OWN1224,Vincent Shenoy,vincentshenoy696@outlook.com,+91-765137801,seller,Greater Noida Pari Chowk,2025-10-29 18:34:53
OWN1225,Aadhya Andra,aadhyaandra304@gmail.com,+91-951936181,seller,Faridabad Sector 81,2026-05-08 10:22:35
OWN1226,Bhavna Dugar,bhavnadugar168@yahoo.co.in,+91-974718365,buyer,Vasant Kunj,2024-09-12 18:03:17
OWN1227,Chandani Samra,chandanisamra875@outlook.com,+91-959333209,buyer,Golf Course Extension Road,2025-12-07 01:23:19
OWN1228,Chasmum Issac,chasmumissac836@yahoo.co.in,+91-885291541,both,North Delhi,2026-07-20 19:40:52
OWN1229,Hredhaan Khalsa,hredhaankhalsa39@outlook.com,+91-746677730,tenant,Sohna Road Gurgaon,2025-04-25 09:02:21
OWN1230,Chakrika Merchant,chakrikamerchant369@outlook.com,+91-734347841,tenant,Noida Sector 76,2024-08-05 19:46:41
OWN1231,Anvi Anand,anvianand155@gmail.com,+91-994982908,both,Dwarka Sector 21,2025-09-07 04:44:22
OWN1232,Watika Mangat,watikamangat395@yahoo.co.in,+91-870887307,seller,Noida Extension,2026-02-07 11:03:43
OWN1233,Indira Kanda,indirakanda748@outlook.com,+91-886181117,pg_owner,West Delhi,2025-10-28 20:01:21
OWN1234,Laksh Chatterjee,lakshchatterjee171@yahoo.co.in,+91-916679008,tenant,Golf Course Extension Road,2026-05-11 17:11:01
OWN1235,Dayamai Sastry,dayamaisastry687@rediffmail.com,+91-875184410,tenant,Greater Noida,2024-08-14 04:04:28
OWN1236,Karan Chana,karanchana230@outlook.com,+91-925276327,seller,Saket,2026-05-16 06:18:06
OWN1237,Ojasvi Gill,ojasvigill704@outlook.com,+91-989609131,seller,Sohna Road Gurgaon,2024-12-14 11:22:53
OWN1238,Yachana Mahajan,yachanamahajan235@gmail.com,+91-890440034,buyer,Preet Vihar,2026-03-19 10:35:27
OWN1239,Vasatika Merchant,vasatikamerchant978@outlook.com,+91-728419343,tenant,Gurgaon Sector 45,2026-01-17 03:27:49
OWN1240,Ishwar Sidhu,ishwarsidhu132@outlook.com,+91-776757928,tenant,Lajpat Nagar,2026-06-24 04:07:35
OWN1241,Upkaar Ranganathan,upkaarranganathan399@yahoo.co.in,+91-940884937,pg_owner,Noida Sector 150,2026-06-27 08:51:09
OWN1242,Gautam Rana,gautamrana416@gmail.com,+91-915677713,seller,Ghaziabad Vasundhara,2024-07-30 23:09:31
OWN1243,Suhani Pillay,suhanipillay892@gmail.com,+91-887277086,seller,Noida Sector 76,2025-11-24 06:50:52
OWN1244,Lakshmi Prabhu,lakshmiprabhu306@rediffmail.com,+91-764362516,buyer,DLF Phase 5,2024-10-07 22:36:55
OWN1245,Urishilla Bakshi,urishillabakshi830@yahoo.co.in,+91-971753160,tenant,Noida Extension,2025-10-16 08:44:30
OWN1246,Timothy Bhatnagar,timothybhatnagar457@gmail.com,+91-742657384,seller,Noida Sector 76,2025-10-27 22:44:24
OWN1247,Chasmum Rege,chasmumrege415@gmail.com,+91-855568701,buyer,Janakpuri,2024-10-14 00:39:00
OWN1248,Baljiwan Modi,baljiwanmodi532@gmail.com,+91-925304396,pg_owner,Pitampura,2026-07-18 07:15:51
OWN1249,Gunbir Keer,gunbirkeer369@outlook.com,+91-996629889,tenant,Gurgaon Golf Course Road,2026-04-29 22:08:52
OWN1250,Lipika Setty,lipikasetty159@gmail.com,+91-836477373,buyer,Rohini Sector 10,2025-04-17 19:32:21
OWN1251,Mohammed Sachdeva,mohammedsachdeva191@gmail.com,+91-976319264,seller,Ghaziabad Indirapuram,2025-11-11 04:55:11
OWN1252,Nikita Mammen,nikitamammen894@outlook.com,+91-952431444,buyer,Central Delhi,2024-08-13 16:42:35
OWN1253,Teerth Sawhney,teerthsawhney462@rediffmail.com,+91-950643870,tenant,West Delhi,2025-06-10 15:20:16
OWN1254,Janani Chaudhary,jananichaudhary529@outlook.com,+91-751662236,seller,East Delhi,2026-07-07 08:17:51
OWN1255,Jagrati Bhat,jagratibhat387@gmail.com,+91-820298660,tenant,Dwarka Sector 21,2025-05-07 15:08:12
OWN1256,Jason Sha,jasonsha483@rediffmail.com,+91-984399083,both,East Delhi,2024-09-25 18:19:05
OWN1257,Ansh Bedi,anshbedi940@rediffmail.com,+91-997488142,buyer,Ghaziabad Raj Nagar Extension,2026-02-15 12:50:55
OWN1258,Jeremiah Jha,jeremiahjha990@yahoo.co.in,+91-770468188,buyer,Noida Sector 62,2024-09-08 21:59:01
OWN1259,Tarak Kaul,tarakkaul526@gmail.com,+91-933160465,buyer,Ghaziabad Indirapuram,2025-03-17 19:17:31
OWN1260,Aarnav Malhotra,aarnavmalhotra546@rediffmail.com,+91-991846696,buyer,Noida Extension,2026-04-08 20:18:28
OWN1261,Kalpit Zachariah,kalpitzachariah406@outlook.com,+91-855414869,tenant,West Delhi,2025-01-19 21:29:33
OWN1262,Imaran Bal,imaranbal77@outlook.com,+91-822684373,pg_owner,Noida Sector 18,2024-10-25 01:51:16
OWN1263,Wazir Naik,wazirnaik268@outlook.com,+91-998122539,both,Rohini Sector 10,2024-08-01 07:48:35
OWN1264,Charles Date,charlesdate93@outlook.com,+91-999068509,buyer,Noida Sector 150,2026-01-13 14:35:18
OWN1265,Devansh Soni,devanshsoni681@outlook.com,+91-998870276,seller,Dwarka Sector 21,2025-06-13 06:05:22
OWN1266,Yochana Chopra,yochanachopra582@outlook.com,+91-896368203,tenant,Hauz Khas,2025-06-15 23:29:08
OWN1267,Caleb Verma,calebverma671@gmail.com,+91-966828640,pg_owner,North Delhi,2025-02-26 03:10:54
OWN1268,Darsh Srinivas,darshsrinivas326@outlook.com,+91-738748452,seller,Faridabad Sector 15,2026-03-31 17:34:29
OWN1269,Hritik Swaminathan,hritikswaminathan241@yahoo.co.in,+91-730796389,buyer,Vasant Kunj,2025-12-23 04:37:17
OWN1270,Ethan Buch,ethanbuch687@gmail.com,+91-892950779,buyer,Noida Sector 18,2025-03-13 02:15:12
OWN1271,Dominic Date,dominicdate176@yahoo.co.in,+91-793851247,tenant,Janakpuri,2025-02-06 16:35:31
OWN1272,Lakshmi Wali,lakshmiwali54@rediffmail.com,+91-858895439,tenant,Gurgaon Golf Course Road,2025-02-21 05:08:57
OWN1273,Hardik Contractor,hardikcontractor635@rediffmail.com,+91-870254091,buyer,Gurgaon Golf Course Road,2026-04-04 17:53:47
OWN1274,Qushi Seth,qushiseth998@outlook.com,+91-836040410,seller,Ghaziabad Indirapuram,2026-04-30 12:43:44
OWN1275,Harinakshi Setty,harinakshisetty797@rediffmail.com,+91-861254050,pg_owner,Greater Noida,2025-05-08 01:29:23
OWN1276,Dhriti Sane,dhritisane846@yahoo.co.in,+91-791156554,buyer,Cyber City Gurgaon,2025-03-06 02:09:24
OWN1277,Kavya Dua,kavyadua666@gmail.com,+91-859823245,pg_owner,Vasant Kunj,2025-12-04 12:09:37
OWN1278,Ekalinga Chand,ekalingachand301@gmail.com,+91-731516757,buyer,Faridabad Sector 81,2026-03-20 09:22:08
OWN1279,Rachana Char,rachanachar860@yahoo.co.in,+91-822309586,tenant,Gurgaon Sector 56,2026-01-15 16:55:12
OWN1280,Kalpit Bhasin,kalpitbhasin915@rediffmail.com,+91-813579612,seller,Noida Sector 76,2025-09-22 04:46:04
OWN1281,Jason Roy,jasonroy251@outlook.com,+91-820952896,seller,North Delhi,2025-04-05 02:15:19
OWN1282,Charan Mani,charanmani963@outlook.com,+91-797236246,seller,Rohini Sector 10,2025-10-02 09:14:42
OWN1283,Hemang Tripathi,hemangtripathi49@yahoo.co.in,+91-873411827,tenant,Hauz Khas,2024-12-23 04:46:41
OWN1284,Udarsh Chokshi,udarshchokshi469@rediffmail.com,+91-910704803,tenant,North Delhi,2025-04-02 13:10:26
OWN1285,Ishwar Mallick,ishwarmallick230@outlook.com,+91-783659258,tenant,Faridabad Neharpar,2025-09-13 03:59:21
OWN1286,Atharv Loke,atharvloke123@rediffmail.com,+91-841895531,seller,West Delhi,2024-08-10 22:44:12
OWN1287,Dayamai Nori,dayamainori439@yahoo.co.in,+91-993592219,seller,Saket,2025-04-03 05:07:03
OWN1288,Luke Rattan,lukerattan621@rediffmail.com,+91-912205915,tenant,Gurgaon Golf Course Road,2024-09-09 15:04:54
OWN1289,Gavin Wali,gavinwali308@yahoo.co.in,+91-810209961,tenant,Gurgaon Golf Course Road,2024-12-24 22:45:00
OWN1290,Sudiksha Om,sudikshaom201@rediffmail.com,+91-999686286,buyer,Noida Extension,2024-11-12 18:46:02
OWN1291,Ekta Chad,ektachad986@gmail.com,+91-983025444,pg_owner,Faridabad Sector 81,2026-04-27 01:28:29
OWN1292,Nakul Bawa,nakulbawa409@gmail.com,+91-815843091,tenant,Noida Extension,2025-11-25 02:50:22
OWN1293,Saanvi Samra,saanvisamra775@outlook.com,+91-757928328,tenant,Noida Sector 150,2025-07-10 13:31:53
OWN1294,Oeshi Mahajan,oeshimahajan760@yahoo.co.in,+91-994323222,buyer,Noida Sector 62,2024-12-25 06:23:42
OWN1295,Hemani Sani,hemanisani55@yahoo.co.in,+91-883284724,seller,Lajpat Nagar,2024-10-09 19:12:35
OWN1296,Darika Bath,darikabath722@rediffmail.com,+91-894790150,buyer,Hauz Khas,2024-12-28 21:10:01
OWN1297,Abhimanyu Jayaraman,abhimanyujayaraman743@gmail.com,+91-814963880,buyer,East Delhi,2025-02-25 23:28:59
OWN1298,Laksh Kumer,lakshkumer917@yahoo.co.in,+91-752358553,tenant,Faridabad Sector 81,2025-02-17 05:35:30
OWN1299,Abhimanyu Tank,abhimanyutank844@rediffmail.com,+91-973538641,buyer,Pitampura,2026-01-17 11:26:11
OWN1300,Kai Rai,kairai375@outlook.com,+91-798010774,seller,Saket,2025-08-13 20:07:18
OWN1301,Xiti Pandya,xitipandya457@outlook.com,+91-869020451,tenant,Noida Sector 18,2024-09-11 10:44:11
OWN1302,Rajata Bahl,rajatabahl201@outlook.com,+91-876776459,seller,Faridabad Neharpar,2025-06-21 15:20:04
OWN1303,Dhriti Sanghvi,dhritisanghvi830@outlook.com,+91-766975380,buyer,Lajpat Nagar,2025-09-12 15:42:41
OWN1304,Bimala Contractor,bimalacontractor338@outlook.com,+91-720746667,seller,Gurgaon Sector 45,2025-05-12 15:58:32
OWN1305,Onveer Sharma,onveersharma466@outlook.com,+91-967192331,buyer,Ghaziabad Indirapuram,2026-03-20 13:49:21
OWN1306,Gaurang Sarkar,gaurangsarkar467@outlook.com,+91-757319709,tenant,Greater Noida Pari Chowk,2026-03-29 16:14:16
OWN1307,Rajata Rattan,rajatarattan664@outlook.com,+91-720071854,tenant,Noida Sector 76,2025-08-07 13:00:12
OWN1308,Dayita Nori,dayitanori535@outlook.com,+91-931473054,both,Rohini Sector 10,2024-12-29 15:38:18
OWN1309,Faraj Uppal,farajuppal45@rediffmail.com,+91-719023909,buyer,Noida Extension,2025-10-26 08:32:04
OWN1310,Ikshita Panchal,ikshitapanchal402@outlook.com,+91-914346684,tenant,Ghaziabad Indirapuram,2026-01-03 03:12:17
OWN1311,Warinder Chauhan,warinderchauhan390@outlook.com,+91-820319387,pg_owner,Faridabad Neharpar,2024-11-04 18:32:00
OWN1312,Oscar Dua,oscardua417@outlook.com,+91-897182566,buyer,Saket,2026-01-27 02:52:23
OWN1313,Peter Tak,petertak763@gmail.com,+91-776980546,pg_owner,Saket,2025-06-24 16:56:45
OWN1314,Ekantika Mutti,ekantikamutti803@outlook.com,+91-869897763,buyer,Gurgaon Sector 45,2024-11-08 01:39:22
OWN1315,Upasna Sathe,upasnasathe214@rediffmail.com,+91-728217159,tenant,Ghaziabad Indirapuram,2025-10-25 00:17:04
OWN1316,Daksh Pandey,dakshpandey930@yahoo.co.in,+91-969741812,both,DLF Phase 5,2025-07-26 09:31:49
OWN1317,Triya Seth,triyaseth736@outlook.com,+91-783819367,pg_owner,Sohna Road Gurgaon,2024-08-17 06:27:20
OWN1318,Bhavini Bose,bhavinibose738@yahoo.co.in,+91-995590648,buyer,Noida Extension,2025-11-03 17:07:36
OWN1319,Yashica Rajagopalan,yashicarajagopalan134@yahoo.co.in,+91-728639738,buyer,Faridabad Sector 15,2025-06-23 19:10:56
OWN1320,Shivani Guha,shivaniguha379@gmail.com,+91-986809773,seller,Hauz Khas,2025-03-12 15:59:47
OWN1321,Yachana Dora,yachanadora77@gmail.com,+91-863440127,both,Ghaziabad Raj Nagar Extension,2026-06-20 09:28:20
OWN1322,Harshil Oza,harshiloza797@rediffmail.com,+91-887161840,buyer,DLF Phase 5,2026-07-08 09:51:21
OWN1323,Yamini Gera,yaminigera470@gmail.com,+91-879438885,seller,Lajpat Nagar,2024-08-18 09:21:52
OWN1324,Reva Viswanathan,revaviswanathan453@yahoo.co.in,+91-917437386,tenant,Faridabad Neharpar,2025-08-06 15:42:40
OWN1325,Januja Pradhan,janujapradhan321@yahoo.co.in,+91-731738837,seller,Gurgaon Sector 56,2026-05-22 07:58:14
OWN1326,Nilima Nigam,nilimanigam980@outlook.com,+91-948124318,tenant,Cyber City Gurgaon,2025-11-28 17:15:09
OWN1327,Gaurika Bhatti,gaurikabhatti660@yahoo.co.in,+91-946836194,buyer,Sohna Road Gurgaon,2025-03-18 15:07:25
OWN1328,Bhanumati Krishnan,bhanumatikrishnan524@gmail.com,+91-932633927,pg_owner,Rohini Sector 10,2025-12-31 11:17:40
OWN1329,Gauri Bumb,gauribumb684@yahoo.co.in,+91-991220369,seller,East Delhi,2025-09-19 11:27:11
OWN1330,Inaya Mukherjee,inayamukherjee93@gmail.com,+91-796094462,tenant,Cyber City Gurgaon,2026-06-27 16:20:03
OWN1331,Kai Chad,kaichad795@yahoo.co.in,+91-965913331,tenant,North Delhi,2025-03-03 22:35:04
OWN1332,Falguni Datta,falgunidatta920@rediffmail.com,+91-983226170,buyer,Sohna Road Gurgaon,2025-11-22 07:18:09
OWN1333,Pallavi Trivedi,pallavitrivedi260@rediffmail.com,+91-964504816,buyer,Central Delhi,2025-04-11 02:32:24
OWN1334,Dayamai Gole,dayamaigole171@gmail.com,+91-865783806,seller,Preet Vihar,2026-06-15 14:35:14
OWN1335,Vedika Handa,vedikahanda631@outlook.com,+91-751954112,tenant,DLF Phase 5,2025-01-02 06:47:15
OWN1336,Mohammed Brahmbhatt,mohammedbrahmbhatt418@outlook.com,+91-759733063,pg_owner,Vasant Kunj,2025-02-21 20:49:43
OWN1337,Yashica Zacharia,yashicazacharia257@outlook.com,+91-826444612,buyer,Gurgaon Golf Course Road,2026-03-22 20:03:48
OWN1338,Gayathri Deep,gayathrideep109@yahoo.co.in,+91-748951595,tenant,Greater Noida,2025-09-30 01:46:53
OWN1339,Nicholas Golla,nicholasgolla995@yahoo.co.in,+91-753947691,tenant,DLF Phase 5,2026-03-20 01:53:09
OWN1340,Raksha Bassi,rakshabassi791@yahoo.co.in,+91-776876068,both,Ghaziabad Vasundhara,2025-05-16 22:07:10
OWN1341,Sachi Mane,sachimane910@rediffmail.com,+91-876755908,buyer,Noida Sector 76,2026-01-21 09:42:15
OWN1342,Vivaan Walla,vivaanwalla999@rediffmail.com,+91-738876195,pg_owner,West Delhi,2025-01-11 12:07:51
OWN1343,Rishi Pillai,rishipillai298@gmail.com,+91-890197611,tenant,Ghaziabad Raj Nagar Extension,2025-11-28 06:53:35
OWN1344,Triya Manda,triyamanda559@outlook.com,+91-724428014,seller,Cyber City Gurgaon,2026-02-09 04:50:26
OWN1345,Neel Iyengar,neeliyengar792@outlook.com,+91-859115280,buyer,West Delhi,2026-02-26 02:26:08
OWN1346,Zashil Ben,zashilben381@yahoo.co.in,+91-948735464,buyer,Faridabad Sector 81,2025-11-01 03:59:12
OWN1347,Harshil Varty,harshilvarty792@rediffmail.com,+91-947543473,tenant,Saket,2026-04-03 13:22:41
OWN1348,Fiyaz Dyal,fiyazdyal109@yahoo.co.in,+91-860089832,tenant,Noida Sector 62,2025-02-05 01:35:23
OWN1349,Rajeshri Chand,rajeshrichand783@outlook.com,+91-736717096,tenant,Noida Sector 76,2026-06-12 03:12:23
OWN1350,Shravya Palla,shravyapalla56@gmail.com,+91-728392710,tenant,Ghaziabad Raj Nagar Extension,2026-05-31 11:43:50
OWN1351,Chatresh Randhawa,chatreshrandhawa162@rediffmail.com,+91-979190008,buyer,DLF Phase 5,2025-07-22 12:05:28
OWN1352,Libni Bumb,libnibumb412@yahoo.co.in,+91-950162553,pg_owner,Faridabad Sector 81,2025-04-20 15:55:57
OWN1353,Eiravati Chaudhary,eiravatichaudhary735@rediffmail.com,+91-950237208,seller,North Delhi,2026-03-25 19:10:46
OWN1354,Madhav Devan,madhavdevan349@outlook.com,+91-924710878,both,Sohna Road Gurgaon,2024-08-17 18:39:24
OWN1355,Liam Singh,liamsingh621@gmail.com,+91-845638891,both,Gurgaon Sector 56,2025-06-13 11:48:33
OWN1356,Fariq Bahl,fariqbahl607@gmail.com,+91-832885741,pg_owner,Noida Sector 18,2025-01-23 17:52:44
OWN1357,Pallavi Choudhry,pallavichoudhry851@yahoo.co.in,+91-942507072,buyer,Saket,2026-02-07 18:37:46
OWN1358,Charvi Dara,charvidara29@yahoo.co.in,+91-852103092,seller,Greater Noida,2024-08-24 16:15:50
OWN1359,Tanvi Bhatnagar,tanvibhatnagar430@yahoo.co.in,+91-992071195,tenant,West Delhi,2024-10-09 18:39:03
OWN1360,Amol Varma,amolvarma541@yahoo.co.in,+91-785280948,seller,Ghaziabad Raj Nagar Extension,2025-09-13 20:35:58
OWN1361,Bishakha Sanghvi,bishakhasanghvi331@rediffmail.com,+91-771694994,tenant,Noida Sector 62,2024-07-21 22:34:07
OWN1362,Wridesh Saha,wrideshsaha702@outlook.com,+91-996343485,tenant,Cyber City Gurgaon,2024-12-04 15:02:28
OWN1363,Jalsa Bir,jalsabir206@rediffmail.com,+91-747447604,pg_owner,Gurgaon Sector 56,2026-06-17 05:45:33
OWN1364,Madhavi Singhal,madhavisinghal799@outlook.com,+91-837820354,tenant,Faridabad Sector 15,2024-08-21 14:22:05
OWN1365,Kashvi Kulkarni,kashvikulkarni501@outlook.com,+91-885227370,tenant,Golf Course Extension Road,2026-01-17 16:44:21
OWN1366,Ekansh Pai,ekanshpai134@outlook.com,+91-982905845,seller,Noida Sector 76,2025-01-12 22:26:51
OWN1367,Gaurangi Deol,gaurangideol987@outlook.com,+91-748983895,buyer,Dwarka Sector 21,2024-08-22 04:24:56
OWN1368,Parth Shetty,parthshetty956@outlook.com,+91-898043078,buyer,Ghaziabad Raj Nagar Extension,2026-07-07 06:23:41
OWN1369,Qabil Deshmukh,qabildeshmukh216@yahoo.co.in,+91-946390817,tenant,Golf Course Extension Road,2024-09-04 21:23:30
OWN1370,Balhaar Memon,balhaarmemon121@yahoo.co.in,+91-988763056,buyer,West Delhi,2024-12-15 01:20:24
OWN1371,Benjamin Mutti,benjaminmutti663@yahoo.co.in,+91-717045237,buyer,Noida Sector 62,2026-06-02 14:33:20
OWN1372,Urvashi Kulkarni,urvashikulkarni112@rediffmail.com,+91-928450513,buyer,Janakpuri,2024-08-16 13:09:41
OWN1373,Bhavika Parikh,bhavikaparikh678@rediffmail.com,+91-874082055,tenant,Gurgaon Sector 45,2026-04-11 13:44:33
OWN1374,Garima Mahajan,garimamahajan302@outlook.com,+91-917940667,tenant,Dwarka Sector 21,2024-10-19 17:22:46
OWN1375,Rajeshri Ratta,rajeshriratta557@yahoo.co.in,+91-915006085,tenant,Lajpat Nagar,2026-01-14 18:27:27
OWN1376,Harinakshi Grover,harinakshigrover913@rediffmail.com,+91-714877451,both,Noida Sector 76,2025-07-18 06:20:25
OWN1377,Jhalak Venkataraman,jhalakvenkataraman200@rediffmail.com,+91-948851599,tenant,South Delhi,2025-01-31 15:09:46
OWN1378,Panini Brar,paninibrar591@outlook.com,+91-924401654,tenant,Noida Sector 62,2025-05-31 08:20:29
OWN1379,Chaaya Nagi,chaayanagi475@outlook.com,+91-982920556,pg_owner,Hauz Khas,2024-10-03 17:50:27
OWN1380,Chakrika Mohan,chakrikamohan289@rediffmail.com,+91-725119192,seller,Ghaziabad Vasundhara,2025-06-11 12:43:29
OWN1381,Ojas Sawhney,ojassawhney745@outlook.com,+91-711890348,tenant,Gurgaon Sector 45,2025-04-03 14:17:47
OWN1382,Ira Saran,irasaran189@yahoo.co.in,+91-995728324,tenant,Greater Noida Pari Chowk,2025-02-06 08:30:59
OWN1383,Falan Ravi,falanravi98@outlook.com,+91-899826000,buyer,Hauz Khas,2025-04-12 04:32:23
OWN1384,Azaan Dhar,azaandhar341@rediffmail.com,+91-710916723,buyer,Gurgaon Golf Course Road,2026-04-01 17:36:23
OWN1385,Bakhshi Date,bakhshidate781@rediffmail.com,+91-854241559,seller,South Delhi,2024-09-07 21:50:47
OWN1386,Janaki Rajagopal,janakirajagopal679@outlook.com,+91-841715995,buyer,Saket,2026-06-14 08:44:42
OWN1387,Mitesh Sengupta,miteshsengupta324@rediffmail.com,+91-764414096,tenant,Sohna Road Gurgaon,2026-06-13 21:27:44
OWN1388,Sachi Bose,sachibose664@gmail.com,+91-859330907,tenant,Gurgaon Sector 56,2025-09-13 00:51:53
OWN1389,Mitali Murthy,mitalimurthy499@yahoo.co.in,+91-771066203,tenant,Noida Extension,2025-11-07 06:55:50
OWN1390,Ishaan Bal,ishaanbal728@rediffmail.com,+91-973193474,tenant,Preet Vihar,2026-01-09 04:38:31
OWN1391,Zarna Ram,zarnaram706@yahoo.co.in,+91-920988446,pg_owner,Faridabad Neharpar,2026-05-19 02:55:56
OWN1392,Adweta Lad,adwetalad89@outlook.com,+91-925060409,buyer,Faridabad Sector 81,2025-12-17 01:59:47
OWN1393,Bhavika Swaminathan,bhavikaswaminathan596@yahoo.co.in,+91-930112846,buyer,Faridabad Neharpar,2024-12-14 00:34:27
OWN1394,Ethan Seth,ethanseth129@rediffmail.com,+91-937568520,tenant,Faridabad Sector 15,2024-11-23 22:04:19
OWN1395,Gagan Nagarajan,gagannagarajan930@gmail.com,+91-969791674,tenant,Ghaziabad Vasundhara,2025-11-20 15:23:24
OWN1396,Bina Mital,binamital535@yahoo.co.in,+91-871310453,pg_owner,Ghaziabad Vasundhara,2026-04-03 16:48:51
OWN1397,Janaki Trivedi,janakitrivedi750@outlook.com,+91-763143336,buyer,South Delhi,2024-12-31 14:26:23
OWN1398,Liam Khalsa,liamkhalsa602@yahoo.co.in,+91-716078694,seller,Central Delhi,2026-02-18 03:35:05
OWN1399,Jalsa Pillay,jalsapillay967@gmail.com,+91-773360324,buyer,Greater Noida,2025-06-27 05:28:42
OWN1400,Gabriel Bhatti,gabrielbhatti797@yahoo.co.in,+91-796104027,both,Greater Noida,2025-03-03 17:28:48
OWN1401,Nirja Rout,nirjarout922@outlook.com,+91-870201634,tenant,Noida Sector 18,2026-03-14 05:32:05
OWN1402,Jeremiah Nadig,jeremiahnadig92@rediffmail.com,+91-998824290,tenant,Hauz Khas,2025-11-02 00:18:55
OWN1403,Unnati Varughese,unnativarughese131@outlook.com,+91-782109613,seller,Hauz Khas,2025-03-29 11:00:40
OWN1404,Kai Sant,kaisant864@yahoo.co.in,+91-713051483,both,Ghaziabad Vasundhara,2025-07-23 03:06:36
OWN1405,Jeet Vasa,jeetvasa554@rediffmail.com,+91-840824989,buyer,Noida Sector 150,2024-11-09 13:44:14
OWN1406,Neel Naidu,neelnaidu292@yahoo.co.in,+91-725145751,buyer,Greater Noida,2026-06-03 14:31:07
OWN1407,Hiral Venkataraman,hiralvenkataraman256@gmail.com,+91-719031632,buyer,East Delhi,2026-05-05 12:33:18
OWN1408,Zashil Hegde,zashilhegde622@rediffmail.com,+91-916533225,buyer,East Delhi,2025-10-27 16:39:34
OWN1409,Jeremiah Mitter,jeremiahmitter459@rediffmail.com,+91-782445335,buyer,West Delhi,2025-10-12 15:00:18
OWN1410,Yadavi Ganguly,yadaviganguly525@yahoo.co.in,+91-841428626,tenant,DLF Phase 5,2025-09-26 02:26:42
OWN1411,Onveer Nazareth,onveernazareth252@outlook.com,+91-829228089,both,Faridabad Neharpar,2026-03-28 05:58:30
OWN1412,Ayush Bumb,ayushbumb433@yahoo.co.in,+91-846930534,buyer,Lajpat Nagar,2024-08-23 00:09:29
OWN1413,Shivansh Saha,shivanshsaha579@rediffmail.com,+91-816292676,both,Noida Sector 18,2025-10-15 07:31:25
OWN1414,Widisha Mann,widishamann723@outlook.com,+91-864795619,buyer,Noida Sector 18,2025-11-01 16:45:14
OWN1415,Vasudha Konda,vasudhakonda782@yahoo.co.in,+91-973554620,buyer,Gurgaon Sector 56,2026-02-28 14:33:00
OWN1416,Chameli Setty,chamelisetty888@outlook.com,+91-929374563,tenant,West Delhi,2024-09-12 02:28:18
OWN1417,Nakul Sarraf,nakulsarraf436@rediffmail.com,+91-981134297,buyer,Gurgaon Golf Course Road,2025-05-20 09:37:28
OWN1418,Samar Oak,samaroak218@outlook.com,+91-896799390,buyer,Ghaziabad Indirapuram,2025-10-06 22:49:12
OWN1419,Eiravati Pai,eiravatipai104@outlook.com,+91-935566010,buyer,Noida Sector 18,2026-07-03 06:56:04
OWN1420,Kamala Varma,kamalavarma904@gmail.com,+91-735254849,tenant,Preet Vihar,2025-09-04 01:44:35
OWN1421,Wyatt Shukla,wyattshukla223@rediffmail.com,+91-850693207,both,South Delhi,2024-10-18 07:08:20
OWN1422,Yug Dhaliwal,yugdhaliwal969@yahoo.co.in,+91-725745913,tenant,Ghaziabad Raj Nagar Extension,2024-09-29 12:23:56
OWN1423,Leena Sahota,leenasahota722@yahoo.co.in,+91-937449289,seller,Gurgaon Golf Course Road,2025-01-18 03:41:56
OWN1424,Falak Munshi,falakmunshi804@outlook.com,+91-861091554,seller,Noida Sector 150,2024-12-06 11:13:26
OWN1425,Wishi Varma,wishivarma277@outlook.com,+91-878829070,tenant,Ghaziabad Vasundhara,2025-06-26 19:07:19
OWN1426,Widisha Bajaj,widishabajaj832@gmail.com,+91-973013937,tenant,DLF Phase 5,2024-09-24 13:50:28
OWN1427,Yashasvi Shankar,yashasvishankar389@yahoo.co.in,+91-865556767,buyer,Gurgaon Sector 56,2026-06-26 22:37:46
OWN1428,Ira Bava,irabava26@yahoo.co.in,+91-884264220,tenant,Greater Noida,2024-08-26 17:11:37
OWN1429,Upma Mangal,upmamangal166@outlook.com,+91-754273769,buyer,Gurgaon Golf Course Road,2025-08-16 20:08:53
OWN1430,Raagini Desai,raaginidesai573@rediffmail.com,+91-955307111,buyer,Faridabad Sector 15,2026-04-26 09:56:02
OWN1431,Neha Pau,nehapau481@rediffmail.com,+91-757268285,buyer,Faridabad Sector 15,2024-08-22 20:18:41
OWN1432,Robert Patil,robertpatil948@yahoo.co.in,+91-996142207,both,Faridabad Neharpar,2025-08-28 21:58:56
OWN1433,Libni Thaman,libnithaman869@gmail.com,+91-799686372,buyer,South Delhi,2025-06-14 18:32:25
OWN1434,Jagat Dave,jagatdave150@rediffmail.com,+91-941062464,buyer,Rohini Sector 10,2026-07-03 01:49:38
OWN1435,Kashvi Nori,kashvinori233@gmail.com,+91-971204580,seller,Ghaziabad Raj Nagar Extension,2025-09-01 06:47:01
OWN1436,Maanas Issac,maanasissac26@rediffmail.com,+91-781432350,pg_owner,South Delhi,2025-10-03 21:14:05
OWN1437,Xiti Baria,xitibaria552@gmail.com,+91-946875077,pg_owner,Gurgaon Sector 45,2024-08-22 21:22:48
OWN1438,Gauri Som,gaurisom524@gmail.com,+91-967790557,tenant,Lajpat Nagar,2025-08-04 03:50:07
OWN1439,Yutika Dey,yutikadey950@gmail.com,+91-780381817,buyer,Pitampura,2025-03-17 08:53:00
OWN1440,Nicholas Ramaswamy,nicholasramaswamy844@outlook.com,+91-845879718,tenant,Dwarka Sector 21,2026-07-14 10:08:35
OWN1441,Gayathri Tripathi,gayathritripathi992@outlook.com,+91-871605634,pg_owner,Gurgaon Sector 56,2026-03-17 20:18:55
OWN1442,Chandani Soman,chandanisoman710@outlook.com,+91-797742922,both,East Delhi,2026-03-08 16:27:38
OWN1443,Garima Choudhary,garimachoudhary425@gmail.com,+91-860622842,pg_owner,West Delhi,2026-07-06 14:14:43
OWN1444,Avi Som,avisom729@gmail.com,+91-721097943,seller,Greater Noida Pari Chowk,2025-01-30 18:17:44
OWN1445,Charan Srinivasan,charansrinivasan589@outlook.com,+91-780888325,tenant,Gurgaon Sector 56,2024-11-22 08:28:45
OWN1446,Manbir Kibe,manbirkibe932@yahoo.co.in,+91-986072480,seller,East Delhi,2024-08-12 20:37:21
OWN1447,Rayaan Bahl,rayaanbahl710@gmail.com,+91-882884346,pg_owner,East Delhi,2025-06-07 23:13:12
OWN1448,Max Sachar,maxsachar961@yahoo.co.in,+91-812101593,both,Rohini Sector 10,2025-12-07 04:39:45
OWN1449,Yachana Sinha,yachanasinha961@rediffmail.com,+91-750168264,buyer,Gurgaon Golf Course Road,2026-04-19 08:57:53
OWN1450,Lakshit Venkataraman,lakshitvenkataraman703@rediffmail.com,+91-954524025,seller,Hauz Khas,2024-12-19 06:09:31
OWN1451,Vanya Vora,vanyavora522@gmail.com,+91-956420476,buyer,Greater Noida Pari Chowk,2025-04-22 01:27:16
OWN1452,Tripti Walia,triptiwalia868@yahoo.co.in,+91-755713584,tenant,Noida Sector 76,2025-03-27 20:39:23
OWN1453,Aishani Sule,aishanisule40@outlook.com,+91-946685332,tenant,Ghaziabad Indirapuram,2024-12-08 05:49:36
OWN1454,Arya Misra,aryamisra243@rediffmail.com,+91-884227466,tenant,Greater Noida Pari Chowk,2025-01-01 01:24:16
OWN1455,Bhavya Johal,bhavyajohal706@yahoo.co.in,+91-998673882,seller,Gurgaon Sector 45,2025-12-07 00:05:54
OWN1456,Edhitha Srinivasan,edhithasrinivasan740@yahoo.co.in,+91-721010955,buyer,Noida Sector 18,2025-04-01 14:11:36
OWN1457,Bhavna Dara,bhavnadara767@yahoo.co.in,+91-852503832,seller,Dwarka Sector 21,2025-09-12 17:03:49
OWN1458,Megha Pai,meghapai975@gmail.com,+91-869691437,seller,Golf Course Extension Road,2026-06-18 02:53:16
OWN1459,Bina Basak,binabasak145@gmail.com,+91-735151299,seller,Faridabad Sector 81,2025-02-15 21:44:26
OWN1460,Hiral Sathe,hiralsathe115@rediffmail.com,+91-722028437,seller,Dwarka Sector 21,2025-11-11 23:19:50
OWN1461,Tanish Jaggi,tanishjaggi894@outlook.com,+91-811656329,buyer,Noida Sector 18,2026-03-17 14:23:43
OWN1462,Anita Devan,anitadevan752@gmail.com,+91-942580349,pg_owner,Janakpuri,2024-10-08 14:03:05
OWN1463,Xavier Bedi,xavierbedi183@rediffmail.com,+91-746093692,seller,Faridabad Sector 15,2025-11-22 02:21:04
OWN1464,Viraj Ben,virajben74@yahoo.co.in,+91-768341261,buyer,Sohna Road Gurgaon,2024-10-01 23:45:58
OWN1465,Urmi Chaudhry,urmichaudhry811@rediffmail.com,+91-758469365,buyer,Gurgaon Golf Course Road,2025-11-30 09:28:28
OWN1466,Abdul Dugar,abduldugar618@rediffmail.com,+91-936246038,seller,Hauz Khas,2025-05-14 00:50:59
OWN1467,Vansha Iyengar,vanshaiyengar16@outlook.com,+91-854589439,tenant,Noida Sector 18,2026-01-23 23:24:48
OWN1468,Ekani Mangal,ekanimangal460@outlook.com,+91-867796330,tenant,Hauz Khas,2025-11-04 14:42:57
OWN1469,Vincent Warrior,vincentwarrior338@outlook.com,+91-936957830,seller,Lajpat Nagar,2026-01-11 09:26:28
OWN1470,Parth Sahni,parthsahni336@rediffmail.com,+91-894946730,seller,Gurgaon Golf Course Road,2026-04-26 06:14:20
OWN1471,Balhaar Ranganathan,balhaarranganathan395@outlook.com,+91-862738860,seller,Pitampura,2026-02-16 09:17:28
OWN1472,Bimala Barad,bimalabarad708@yahoo.co.in,+91-913612618,both,Ghaziabad Vasundhara,2024-07-27 13:36:40
OWN1473,Gautami Mane,gautamimane458@yahoo.co.in,+91-819282319,tenant,Greater Noida,2025-06-17 16:34:24
OWN1474,Krish Thaman,krishthaman152@rediffmail.com,+91-950645509,buyer,Rohini Sector 10,2025-06-27 16:15:32
OWN1475,Isaiah Narayanan,isaiahnarayanan818@rediffmail.com,+91-819927432,seller,Ghaziabad Raj Nagar Extension,2024-11-16 11:54:54
OWN1476,Aarini Grewal,aarinigrewal557@rediffmail.com,+91-966143368,pg_owner,Noida Extension,2024-07-31 02:03:39
OWN1477,Chakrika Hans,chakrikahans121@gmail.com,+91-798261798,tenant,Janakpuri,2024-11-25 23:50:10
OWN1478,Prisha Varma,prishavarma586@gmail.com,+91-996804457,seller,Noida Sector 62,2025-03-17 08:11:46
OWN1479,Girish Goyal,girishgoyal118@rediffmail.com,+91-723234748,buyer,Faridabad Sector 81,2026-07-07 21:34:37
OWN1480,Ekiya Kothari,ekiyakothari466@yahoo.co.in,+91-862497139,seller,Faridabad Sector 81,2024-07-25 18:53:09
OWN1481,Warinder Sekhon,warindersekhon363@yahoo.co.in,+91-774796438,buyer,Greater Noida,2026-01-22 09:38:36
OWN1482,Chasmum Apte,chasmumapte128@gmail.com,+91-929015320,seller,Noida Sector 62,2025-01-27 20:34:04
OWN1483,Warinder Bhatia,warinderbhatia813@rediffmail.com,+91-779942848,seller,Ghaziabad Raj Nagar Extension,2025-11-20 14:26:57
OWN1484,Damyanti Dutta,damyantidutta458@gmail.com,+91-970726434,seller,Sohna Road Gurgaon,2025-05-12 22:42:47
OWN1485,Jacob Merchant,jacobmerchant839@gmail.com,+91-925446483,buyer,Noida Sector 62,2025-04-15 06:44:48
OWN1486,Theodore Deol,theodoredeol703@gmail.com,+91-742737441,pg_owner,Janakpuri,2025-07-05 02:23:56
OWN1487,Kashvi Sagar,kashvisagar583@outlook.com,+91-872015859,buyer,Noida Sector 76,2025-12-15 13:13:53
OWN1488,Tejas Kota,tejaskota200@yahoo.co.in,+91-998222374,seller,North Delhi,2025-11-29 18:34:17
OWN1489,Sanya Wable,sanyawable470@yahoo.co.in,+91-967653606,seller,Preet Vihar,2025-12-16 21:14:00
OWN1490,Isaac Bhatia,isaacbhatia295@yahoo.co.in,+91-918397164,pg_owner,Lajpat Nagar,2026-03-18 04:48:45
OWN1491,Mason Gala,masongala343@outlook.com,+91-771411378,buyer,Faridabad Sector 15,2025-03-17 11:32:40
OWN1492,Jackson Jha,jacksonjha621@outlook.com,+91-892048427,seller,Saket,2025-12-26 11:48:18
OWN1493,Gavin Uppal,gavinuppal370@outlook.com,+91-892861016,buyer,Sohna Road Gurgaon,2025-06-11 05:07:56
OWN1494,Sudiksha Deo,sudikshadeo698@gmail.com,+91-752035079,buyer,Sohna Road Gurgaon,2025-07-30 17:09:30
OWN1495,Dalbir Shere,dalbirshere197@gmail.com,+91-828972822,pg_owner,Greater Noida,2025-11-24 05:47:03
OWN1496,Anthony Randhawa,anthonyrandhawa598@yahoo.co.in,+91-866779304,buyer,Lajpat Nagar,2025-01-22 16:09:55
OWN1497,Tejas Bora,tejasbora511@yahoo.co.in,+91-828830282,buyer,Ghaziabad Indirapuram,2024-08-22 21:08:33
OWN1498,Devansh Bhasin,devanshbhasin896@gmail.com,+91-811286267,seller,Pitampura,2026-06-03 11:48:02
OWN1499,Urmi Balay,urmibalay996@rediffmail.com,+91-977838742,tenant,Greater Noida,2025-02-15 12:16:48
OWN1500,Krishna Salvi,krishnasalvi435@rediffmail.com,+91-969572772,seller,Dwarka Sector 21,2025-04-20 08:00:45
OWN1501,Saumya Purohit,saumyapurohit824@gmail.com,+91-749203644,buyer,Gurgaon Sector 56,2025-04-21 04:46:50
OWN1502,Ijaya Dani,ijayadani182@outlook.com,+91-885920319,tenant,Faridabad Sector 15,2024-11-28 04:03:27
OWN1503,Joshua Kapoor,joshuakapoor596@gmail.com,+91-745955440,tenant,Noida Extension,2026-03-22 14:50:07
OWN1504,Chanchal Sheth,chanchalsheth788@gmail.com,+91-969239219,pg_owner,Greater Noida Pari Chowk,2025-11-24 18:37:11
OWN1505,Ladli Karpe,ladlikarpe763@gmail.com,+91-943223132,buyer,East Delhi,2025-01-17 14:24:21
OWN1506,Mohammed Majumdar,mohammedmajumdar279@rediffmail.com,+91-821674661,seller,Saket,2024-12-05 11:29:32
OWN1507,Azad Saini,azadsaini224@yahoo.co.in,+91-988909809,tenant,Greater Noida Pari Chowk,2025-10-12 23:40:55
OWN1508,Wridesh Jhaveri,wrideshjhaveri640@yahoo.co.in,+91-737732020,tenant,West Delhi,2024-09-07 22:51:19
OWN1509,Sanya Bava,sanyabava555@outlook.com,+91-890108882,pg_owner,DLF Phase 5,2025-01-15 13:42:19
OWN1510,Neelima Sarna,neelimasarna306@outlook.com,+91-945882178,both,Faridabad Sector 81,2025-01-07 23:28:02
OWN1511,Daksh Dey,dakshdey148@gmail.com,+91-817957216,both,Hauz Khas,2025-07-23 21:12:13
OWN1512,Vivaan Nagar,vivaannagar265@yahoo.co.in,+91-753231088,tenant,Noida Sector 76,2025-09-15 15:09:17
OWN1513,Warjas Mittal,warjasmittal155@rediffmail.com,+91-994879557,buyer,Greater Noida,2026-04-21 21:17:02
OWN1514,Odika Mital,odikamital472@rediffmail.com,+91-795044078,tenant,Dwarka Sector 21,2025-02-06 19:00:36
OWN1515,Prisha Tandon,prishatandon537@rediffmail.com,+91-947342819,tenant,Noida Extension,2024-08-24 01:05:35
OWN1516,Lakshmi Vohra,lakshmivohra983@rediffmail.com,+91-853928023,pg_owner,Dwarka Sector 21,2025-03-10 15:02:35
OWN1517,Nilima Dixit,nilimadixit660@rediffmail.com,+91-958079840,tenant,Noida Sector 76,2025-02-24 20:38:41
OWN1518,Urvashi Khosla,urvashikhosla449@yahoo.co.in,+91-776399516,buyer,Gurgaon Sector 45,2026-04-02 05:22:52
OWN1519,Maanas Sheth,maanassheth570@outlook.com,+91-927528063,pg_owner,Faridabad Sector 15,2026-05-19 23:56:48
OWN1520,Omaja Wagle,omajawagle925@outlook.com,+91-916497381,buyer,Ghaziabad Vasundhara,2024-10-26 17:59:36
OWN1521,Aadhya Jani,aadhyajani137@gmail.com,+91-769228397,seller,Greater Noida Pari Chowk,2025-03-19 01:09:21
OWN1522,Shivani Prabhakar,shivaniprabhakar715@yahoo.co.in,+91-797241147,seller,Golf Course Extension Road,2024-09-26 08:10:40
OWN1523,Charan Loyal,charanloyal680@gmail.com,+91-843606680,buyer,Janakpuri,2025-04-22 07:28:17
OWN1524,Elijah Guha,elijahguha415@gmail.com,+91-951004756,tenant,Gurgaon Sector 56,2026-02-28 13:53:31
OWN1525,Varenya Joshi,varenyajoshi681@rediffmail.com,+91-722775337,buyer,Ghaziabad Raj Nagar Extension,2026-04-16 22:20:30
OWN1526,Chavvi Aurora,chavviaurora145@gmail.com,+91-940358823,pg_owner,Ghaziabad Indirapuram,2024-12-22 12:27:20
OWN1527,Jacob Srinivas,jacobsrinivas18@gmail.com,+91-956113741,tenant,Greater Noida Pari Chowk,2026-05-19 18:41:22
OWN1528,Mekhala Khatri,mekhalakhatri499@yahoo.co.in,+91-740728728,seller,Vasant Kunj,2025-08-28 01:55:57
OWN1529,Lajita Shukla,lajitashukla330@gmail.com,+91-850165370,buyer,Hauz Khas,2025-08-14 14:50:29
OWN1530,Darika Lal,darikalal80@yahoo.co.in,+91-985603667,buyer,Janakpuri,2025-04-09 12:15:37
OWN1531,Unnati Chaudhari,unnatichaudhari369@rediffmail.com,+91-938595818,tenant,Rohini Sector 10,2026-02-27 05:44:21
OWN1532,Ekaja Jani,ekajajani640@rediffmail.com,+91-969375757,tenant,Dwarka Sector 21,2025-04-17 14:09:51
OWN1533,Chakradev Kant,chakradevkant153@gmail.com,+91-789131271,tenant,Noida Sector 150,2026-01-13 06:25:28
OWN1534,Advika Sahni,advikasahni332@rediffmail.com,+91-743257324,buyer,Dwarka Sector 21,2025-02-21 10:18:47
OWN1535,Forum Karpe,forumkarpe576@yahoo.co.in,+91-990531692,tenant,Gurgaon Sector 45,2025-04-24 06:18:43
OWN1536,Xalak Nazareth,xalaknazareth878@gmail.com,+91-950486688,buyer,Faridabad Sector 81,2025-01-24 18:28:22
OWN1537,Vritti Sharma,vrittisharma775@yahoo.co.in,+91-849666982,tenant,Gurgaon Golf Course Road,2024-11-20 16:32:06
OWN1538,Omkaar Dey,omkaardey405@rediffmail.com,+91-742357445,seller,Central Delhi,2025-12-28 23:20:04
OWN1539,Qarin Bhargava,qarinbhargava379@gmail.com,+91-827714442,seller,Greater Noida,2025-08-07 12:41:08
OWN1540,Chanakya Ahuja,chanakyaahuja569@outlook.com,+91-933188838,tenant,Central Delhi,2025-05-18 01:00:21
OWN1541,Ekansh Dora,ekanshdora611@gmail.com,+91-711851322,buyer,East Delhi,2024-07-27 11:24:26
OWN1542,Kashvi Bhasin,kashvibhasin981@gmail.com,+91-877996124,buyer,Faridabad Sector 81,2025-10-15 02:44:03
OWN1543,Vinaya Babu,vinayababu443@rediffmail.com,+91-963992760,buyer,Rohini Sector 10,2024-07-25 15:04:05
OWN1544,Advik Badal,advikbadal95@outlook.com,+91-820606094,pg_owner,Preet Vihar,2025-08-11 12:38:22
OWN1545,Bhavini Badal,bhavinibadal559@yahoo.co.in,+91-862443094,pg_owner,Central Delhi,2025-07-22 15:45:14
OWN1546,Praneel Chhabra,praneelchhabra725@outlook.com,+91-842029368,buyer,Dwarka Sector 21,2026-05-22 09:56:07
OWN1547,Wridesh Handa,wrideshhanda128@rediffmail.com,+91-892181084,tenant,Sohna Road Gurgaon,2025-10-16 12:50:37
OWN1548,Irya Loke,iryaloke132@yahoo.co.in,+91-728416255,tenant,Janakpuri,2026-02-21 11:35:08
OWN1549,Kashvi Ravi,kashviravi985@rediffmail.com,+91-880196591,pg_owner,Cyber City Gurgaon,2025-06-21 02:04:18
OWN1550,Upkaar Mital,upkaarmital390@yahoo.co.in,+91-746072958,tenant,Saket,2025-12-02 11:25:58
OWN1551,Azad Chander,azadchander353@gmail.com,+91-846504617,pg_owner,Cyber City Gurgaon,2025-05-12 20:17:17
OWN1552,Vamakshi Bhalla,vamakshibhalla518@gmail.com,+91-878555983,seller,Faridabad Sector 15,2025-10-28 22:18:18
OWN1553,Fitan Tata,fitantata386@yahoo.co.in,+91-744241100,tenant,Saket,2026-03-30 07:03:35
OWN1554,Girish Wable,girishwable768@yahoo.co.in,+91-910344739,buyer,South Delhi,2026-05-23 05:16:44
OWN1555,Siddharth Soman,siddharthsoman57@yahoo.co.in,+91-858852098,seller,Rohini Sector 10,2025-02-03 19:51:07
OWN1556,Avni Bali,avnibali963@yahoo.co.in,+91-784204255,tenant,Greater Noida,2024-11-28 19:30:02
OWN1557,Amol Johal,amoljohal339@yahoo.co.in,+91-765869014,tenant,DLF Phase 5,2025-09-22 14:46:43
OWN1558,Faraj Mistry,farajmistry855@outlook.com,+91-786710258,seller,Faridabad Sector 81,2024-11-16 11:08:36
OWN1559,Lopa Zachariah,lopazachariah193@gmail.com,+91-779226031,both,Noida Sector 76,2025-03-20 02:52:18
OWN1560,Farhan Tella,farhantella908@gmail.com,+91-847890586,tenant,Sohna Road Gurgaon,2026-01-16 08:07:48
OWN1561,Chatresh Chaudhari,chatreshchaudhari98@outlook.com,+91-971303434,buyer,Pitampura,2025-06-05 01:57:54
OWN1562,Harini Ranganathan,hariniranganathan587@outlook.com,+91-893579731,buyer,Noida Extension,2026-06-28 13:47:35
OWN1563,Ayushman Mahajan,ayushmanmahajan801@rediffmail.com,+91-783357939,tenant,Gurgaon Golf Course Road,2026-02-13 03:56:00
OWN1564,Vritti Kari,vrittikari16@yahoo.co.in,+91-813209180,buyer,Noida Sector 150,2025-04-06 17:03:17
OWN1565,Rachana Grewal,rachanagrewal983@gmail.com,+91-810196231,tenant,Noida Sector 18,2025-11-29 07:13:39
OWN1566,Frederick Merchant,frederickmerchant116@outlook.com,+91-781110496,both,Greater Noida,2026-02-23 18:15:49
OWN1567,Fitan Loyal,fitanloyal994@rediffmail.com,+91-729109045,tenant,Dwarka Sector 21,2024-11-10 10:52:17
OWN1568,Lopa Nadig,lopanadig953@gmail.com,+91-779760901,seller,Noida Extension,2025-04-10 06:46:00
OWN1569,Abdul Morar,abdulmorar775@rediffmail.com,+91-787949714,buyer,Hauz Khas,2025-06-10 16:02:21
OWN1570,Harsh Deo,harshdeo86@rediffmail.com,+91-986211608,buyer,Hauz Khas,2024-09-22 13:35:48
OWN1571,Saumya Vala,saumyavala308@yahoo.co.in,+91-852279780,tenant,Noida Sector 76,2025-05-14 20:46:41
OWN1572,Gaurav Pandya,gauravpandya335@outlook.com,+91-846501299,buyer,Pitampura,2025-08-29 15:27:33
OWN1573,Lekha Arora,lekhaarora808@yahoo.co.in,+91-924626086,buyer,Janakpuri,2025-02-18 23:40:16
OWN1574,Frado Kibe,fradokibe487@rediffmail.com,+91-864561191,buyer,Noida Sector 150,2025-09-11 14:28:45
OWN1575,Lajita Gara,lajitagara472@yahoo.co.in,+91-872189327,buyer,Saket,2024-10-30 05:13:15
OWN1576,Amrita Tailor,amritatailor171@gmail.com,+91-950831043,tenant,East Delhi,2024-11-04 09:36:10
OWN1577,Radhika Majumdar,radhikamajumdar865@yahoo.co.in,+91-829907683,buyer,Gurgaon Golf Course Road,2025-05-24 09:42:27
OWN1578,Faraj Patel,farajpatel415@outlook.com,+91-916570040,tenant,Cyber City Gurgaon,2025-01-20 15:49:21
OWN1579,Warhi Hayre,warhihayre41@yahoo.co.in,+91-870693413,pg_owner,Gurgaon Golf Course Road,2025-06-20 06:09:14
OWN1580,Daksha Ahuja,dakshaahuja483@gmail.com,+91-728762704,buyer,West Delhi,2026-06-13 21:27:40
OWN1581,Lajita Narayan,lajitanarayan143@yahoo.co.in,+91-763765180,seller,Dwarka Sector 21,2025-06-07 08:55:14
OWN1582,Laban Mital,labanmital949@outlook.com,+91-712925970,both,Pitampura,2025-03-12 00:53:28
OWN1583,Varenya Murthy,varenyamurthy838@rediffmail.com,+91-722345163,tenant,Noida Sector 62,2024-11-27 13:23:41
OWN1584,Eiravati Manne,eiravatimanne53@gmail.com,+91-816796477,buyer,Greater Noida Pari Chowk,2026-01-08 14:36:29
OWN1585,Xavier Nanda,xaviernanda518@rediffmail.com,+91-761369075,tenant,Lajpat Nagar,2025-04-21 11:57:52
OWN1586,Janya Comar,janyacomar229@outlook.com,+91-746907428,buyer,Rohini Sector 10,2026-06-01 15:41:51
OWN1587,Pranit Bala,pranitbala638@gmail.com,+91-992809273,buyer,Gurgaon Sector 45,2026-06-16 22:45:46
OWN1588,Shaurya Sarma,shauryasarma431@rediffmail.com,+91-974294443,buyer,Golf Course Extension Road,2026-02-23 11:46:59
OWN1589,Nilima Tata,nilimatata150@rediffmail.com,+91-836770773,tenant,Faridabad Neharpar,2024-10-30 11:09:54
OWN1590,Wyatt Krishnan,wyattkrishnan655@yahoo.co.in,+91-912621269,both,Noida Sector 150,2025-11-13 22:30:23
OWN1591,Krishna Borah,krishnaborah567@rediffmail.com,+91-856175477,tenant,Faridabad Sector 81,2025-06-13 19:57:56
OWN1592,Nandini Warrior,nandiniwarrior407@outlook.com,+91-834134478,buyer,Gurgaon Sector 56,2025-07-25 20:49:59
OWN1593,Balhaar Parsa,balhaarparsa927@gmail.com,+91-817863981,tenant,Ghaziabad Raj Nagar Extension,2025-12-15 07:51:32
OWN1594,Ikbal Kothari,ikbalkothari795@outlook.com,+91-941240803,both,Vasant Kunj,2025-11-13 03:53:59
OWN1595,Ojas Basu,ojasbasu682@yahoo.co.in,+91-745772648,pg_owner,West Delhi,2025-09-05 05:15:05
OWN1596,Garima Sani,garimasani599@yahoo.co.in,+91-857621071,tenant,Lajpat Nagar,2024-10-06 04:30:45
OWN1597,Aarna Kapadia,aarnakapadia252@yahoo.co.in,+91-952681823,tenant,Noida Sector 150,2025-07-28 20:04:27
OWN1598,Sanaya Prasad,sanayaprasad730@gmail.com,+91-957201978,tenant,Rohini Sector 10,2025-05-02 12:19:12
OWN1599,Hemani Bakshi,hemanibakshi866@yahoo.co.in,+91-882762732,seller,Faridabad Sector 15,2025-07-08 10:51:16
OWN1600,Ojasvi Chada,ojasvichada102@gmail.com,+91-741222178,tenant,North Delhi,2024-10-13 14:00:55
OWN1601,Ijaya Muni,ijayamuni10@rediffmail.com,+91-892427773,buyer,Hauz Khas,2025-03-28 09:37:26
OWN1602,Vasudha Pall,vasudhapall744@outlook.com,+91-753431355,buyer,Rohini Sector 10,2025-07-03 14:59:47
OWN1603,Sneha Nagar,snehanagar802@yahoo.co.in,+91-780638102,tenant,Central Delhi,2024-09-07 20:48:42
OWN1604,Ishwar Bajaj,ishwarbajaj731@outlook.com,+91-963095937,pg_owner,Noida Sector 62,2026-04-02 02:33:35
OWN1605,Nitesh Kohli,niteshkohli340@outlook.com,+91-731139813,tenant,Greater Noida Pari Chowk,2025-08-01 17:18:03
OWN1606,Ganga Sandhu,gangasandhu674@rediffmail.com,+91-833381086,tenant,Noida Sector 150,2026-06-20 22:27:00
OWN1607,Nidhi Gour,nidhigour691@yahoo.co.in,+91-933535297,seller,Gurgaon Sector 45,2024-12-03 22:47:22
OWN1608,Meghana Balakrishnan,meghanabalakrishnan191@yahoo.co.in,+91-910241310,tenant,Noida Sector 76,2026-01-10 10:40:57
OWN1609,Shivani Sanghvi,shivanisanghvi196@gmail.com,+91-952710350,tenant,Gurgaon Sector 56,2025-04-30 20:01:33
OWN1610,Samesh Mallick,sameshmallick969@gmail.com,+91-828876833,seller,Central Delhi,2026-01-21 08:33:11
OWN1611,Harsh Yadav,harshyadav365@yahoo.co.in,+91-832533467,tenant,Dwarka Sector 21,2024-12-04 08:50:01
OWN1612,Ronith Shankar,ronithshankar467@outlook.com,+91-745596211,buyer,Central Delhi,2024-10-12 00:56:50
OWN1613,Dhriti Rama,dhritirama272@outlook.com,+91-710171954,buyer,Ghaziabad Indirapuram,2025-10-10 08:18:33
OWN1614,Ijaya Pandey,ijayapandey180@rediffmail.com,+91-876180344,tenant,Noida Sector 150,2026-03-30 10:21:21
OWN1615,Chameli Chad,chamelichad113@rediffmail.com,+91-887585294,tenant,Gurgaon Sector 56,2025-11-23 18:15:17
OWN1616,Jacob Khare,jacobkhare472@yahoo.co.in,+91-714484588,buyer,DLF Phase 5,2025-02-28 20:55:09
OWN1617,Kashvi Dhaliwal,kashvidhaliwal984@outlook.com,+91-719959009,seller,Noida Sector 18,2025-07-28 22:40:48
OWN1618,Lakshit Rajagopal,lakshitrajagopal759@yahoo.co.in,+91-783423305,tenant,Dwarka Sector 21,2025-05-25 19:39:23
OWN1619,Oscar Ganesan,oscarganesan618@outlook.com,+91-974791834,tenant,Greater Noida Pari Chowk,2025-07-13 11:18:45
OWN1620,Rachit Murty,rachitmurty631@yahoo.co.in,+91-831086112,buyer,Noida Sector 62,2026-03-27 20:25:27
OWN1621,Jagrati Andra,jagratiandra204@yahoo.co.in,+91-884371711,tenant,Cyber City Gurgaon,2025-07-09 19:04:28
OWN1622,Leena Tiwari,leenatiwari314@outlook.com,+91-722873617,buyer,Faridabad Sector 15,2025-11-09 20:26:57
OWN1623,Vyanjana Sagar,vyanjanasagar65@yahoo.co.in,+91-810512117,seller,Gurgaon Sector 45,2025-12-21 13:01:07
OWN1624,Vrinda Ganesh,vrindaganesh214@rediffmail.com,+91-713454186,buyer,Gurgaon Sector 45,2024-09-19 04:29:07
OWN1625,Thomas Master,thomasmaster494@gmail.com,+91-751386492,tenant,Ghaziabad Raj Nagar Extension,2024-08-13 16:20:17
OWN1626,Bhavya Ganguly,bhavyaganguly926@rediffmail.com,+91-945568288,buyer,Noida Sector 18,2026-02-11 02:42:21
OWN1627,Yasti Chowdhury,yastichowdhury389@yahoo.co.in,+91-859580252,buyer,East Delhi,2025-09-12 03:41:29
OWN1628,Jeevika Barman,jeevikabarman460@outlook.com,+91-845353058,buyer,Golf Course Extension Road,2026-01-26 23:10:16
OWN1629,Tejas Sandal,tejassandal164@gmail.com,+91-999586100,buyer,Noida Sector 150,2024-10-03 14:39:34
OWN1630,Chameli Bali,chamelibali784@rediffmail.com,+91-940536245,pg_owner,Noida Sector 18,2025-06-14 07:38:06
OWN1631,Gagan Sarna,gagansarna998@rediffmail.com,+91-973729850,pg_owner,Gurgaon Golf Course Road,2026-04-13 21:00:02
OWN1632,Warjas Kadakia,warjaskadakia316@rediffmail.com,+91-762989744,tenant,East Delhi,2026-03-04 23:59:40
OWN1633,Priya Gandhi,priyagandhi133@yahoo.co.in,+91-833203422,tenant,Janakpuri,2025-10-13 21:12:38
OWN1634,Samuel Bhargava,samuelbhargava837@yahoo.co.in,+91-726936398,buyer,Dwarka Sector 21,2025-09-10 05:24:48
OWN1635,Om Naik,omnaik216@rediffmail.com,+91-929847882,tenant,Cyber City Gurgaon,2026-07-05 22:30:15
OWN1636,Bimala Loke,bimalaloke942@outlook.com,+91-918994192,buyer,Noida Sector 76,2026-06-16 12:07:00
OWN1637,Krishna Sabharwal,krishnasabharwal887@outlook.com,+91-879751366,seller,South Delhi,2026-05-22 22:33:20
OWN1638,Jonathan Deo,jonathandeo125@rediffmail.com,+91-830084652,buyer,Vasant Kunj,2025-01-19 04:21:54
OWN1639,Yug Ramaswamy,yugramaswamy586@gmail.com,+91-748398732,tenant,Noida Sector 150,2025-07-13 08:05:56
OWN1640,Oeshi Prashad,oeshiprashad280@rediffmail.com,+91-897884113,seller,Ghaziabad Raj Nagar Extension,2025-06-15 23:14:43
OWN1641,Neha Varma,nehavarma186@gmail.com,+91-864086249,buyer,Noida Sector 76,2026-01-19 12:19:08
OWN1642,Suhani Sura,suhanisura415@gmail.com,+91-841887353,buyer,Ghaziabad Raj Nagar Extension,2025-03-16 21:01:19
OWN1643,Girik Shanker,girikshanker928@outlook.com,+91-812715612,seller,Sohna Road Gurgaon,2025-10-27 12:51:47
OWN1644,Dev Warrior,devwarrior297@outlook.com,+91-823182514,both,Gurgaon Sector 56,2025-05-07 07:42:26
OWN1645,Siddharth Talwar,siddharthtalwar317@yahoo.co.in,+91-969473299,tenant,DLF Phase 5,2025-02-01 23:00:09
OWN1646,Geetika De,geetikade756@outlook.com,+91-891198924,tenant,Pitampura,2025-09-07 08:28:31
OWN1647,Hemal Bava,hemalbava226@rediffmail.com,+91-875023164,tenant,Noida Extension,2024-08-23 08:35:34
OWN1648,Amol Dash,amoldash537@gmail.com,+91-718806960,seller,Faridabad Sector 81,2026-05-30 17:30:52
OWN1649,Ridhi Shan,ridhishan148@rediffmail.com,+91-986325904,buyer,Pitampura,2024-07-21 06:59:37
OWN1650,Samaksh Deo,samakshdeo867@yahoo.co.in,+91-743486016,buyer,West Delhi,2026-04-26 04:32:05
OWN1651,Nathan Mahal,nathanmahal731@outlook.com,+91-746772637,seller,Ghaziabad Vasundhara,2024-09-26 23:32:07
OWN1652,Zashil Butala,zashilbutala660@rediffmail.com,+91-714102122,buyer,Faridabad Sector 15,2025-04-18 10:07:48
OWN1653,Charles Randhawa,charlesrandhawa191@rediffmail.com,+91-888769733,pg_owner,Noida Sector 150,2025-10-20 18:56:14
OWN1654,Pushti Chand,pushtichand867@yahoo.co.in,+91-822132198,buyer,Noida Sector 18,2025-12-16 20:02:23
OWN1655,Tanay Sood,tanaysood176@gmail.com,+91-938765353,tenant,Gurgaon Sector 56,2024-09-15 17:31:40
OWN1656,Zilmil Saxena,zilmilsaxena285@yahoo.co.in,+91-964963125,pg_owner,South Delhi,2024-07-27 13:57:28
OWN1657,Jai Sami,jaisami943@rediffmail.com,+91-796888739,buyer,South Delhi,2025-12-09 18:33:43
OWN1658,Ekavir Karnik,ekavirkarnik268@yahoo.co.in,+91-950998106,tenant,Golf Course Extension Road,2025-04-26 14:56:30
OWN1659,Harshil Munshi,harshilmunshi926@rediffmail.com,+91-856802956,seller,Preet Vihar,2025-04-15 07:03:31
OWN1660,Laksh Raja,lakshraja319@rediffmail.com,+91-979878835,tenant,Noida Sector 76,2026-02-05 19:04:53
OWN1661,Luke Biswas,lukebiswas17@gmail.com,+91-998899843,both,Noida Extension,2025-08-12 07:45:36
OWN1662,Nitesh Sarraf,niteshsarraf315@outlook.com,+91-924509544,seller,Noida Sector 62,2025-04-03 07:59:53
OWN1663,Max Sabharwal,maxsabharwal665@outlook.com,+91-847162866,buyer,Sohna Road Gurgaon,2025-10-13 19:53:33
OWN1664,Teerth Chadha,teerthchadha163@yahoo.co.in,+91-942252798,tenant,Noida Sector 76,2026-05-06 17:46:50
OWN1665,Jatin Rajagopalan,jatinrajagopalan707@outlook.com,+91-713416548,tenant,Gurgaon Sector 45,2025-04-03 14:05:51
OWN1666,Divya Dey,divyadey938@outlook.com,+91-864304344,seller,East Delhi,2025-01-17 19:12:55
OWN1667,Yuvraj Mane,yuvrajmane361@yahoo.co.in,+91-939845082,tenant,Ghaziabad Raj Nagar Extension,2026-02-09 19:39:56
OWN1668,Charvi Jha,charvijha529@outlook.com,+91-832815223,tenant,Lajpat Nagar,2025-08-03 00:04:22
OWN1669,Manya Merchant,manyamerchant109@outlook.com,+91-827172371,tenant,Lajpat Nagar,2025-11-04 19:28:54
OWN1670,Warda Raju,wardaraju680@outlook.com,+91-739830361,seller,Sohna Road Gurgaon,2024-10-11 03:42:40
OWN1671,Ekavir Wable,ekavirwable817@rediffmail.com,+91-859886371,buyer,Gurgaon Sector 45,2026-04-30 23:50:07
OWN1672,Jalsa Nadig,jalsanadig881@rediffmail.com,+91-773154349,buyer,Central Delhi,2024-10-25 05:00:14
OWN1673,Jasmit Gera,jasmitgera920@rediffmail.com,+91-777172936,buyer,Noida Sector 18,2026-01-28 22:53:19
OWN1674,Anay Bir,anaybir433@outlook.com,+91-730237141,buyer,Pitampura,2024-07-30 20:57:47
OWN1675,Balveer Bhasin,balveerbhasin429@outlook.com,+91-971414198,buyer,Lajpat Nagar,2026-06-13 18:56:45
OWN1676,Yashawini Mangat,yashawinimangat509@gmail.com,+91-894695784,both,DLF Phase 5,2025-10-22 22:56:36
OWN1677,Pallavi Ratti,pallaviratti14@gmail.com,+91-846712288,buyer,Janakpuri,2024-09-19 00:13:42
OWN1678,Arunima Chacko,arunimachacko511@yahoo.co.in,+91-727368573,tenant,Greater Noida Pari Chowk,2025-03-04 04:16:56
OWN1679,Nachiket Yadav,nachiketyadav449@rediffmail.com,+91-861447859,buyer,Pitampura,2025-03-16 11:34:22
OWN1680,Dayita Sarkar,dayitasarkar982@outlook.com,+91-753246714,tenant,Faridabad Neharpar,2026-01-05 00:25:24
OWN1681,Dalbir Konda,dalbirkonda28@yahoo.co.in,+91-910553491,tenant,Gurgaon Golf Course Road,2024-09-21 18:35:06
OWN1682,Jack Setty,jacksetty720@yahoo.co.in,+91-851888314,buyer,Noida Sector 18,2025-10-11 01:38:13
OWN1683,Dayamai Gill,dayamaigill181@outlook.com,+91-716136213,buyer,Gurgaon Sector 45,2024-10-16 01:09:39
OWN1684,Advay Gade,advaygade755@rediffmail.com,+91-990043415,pg_owner,Greater Noida Pari Chowk,2025-07-18 10:01:00
OWN1685,Zansi Lad,zansilad360@yahoo.co.in,+91-858217837,tenant,Janakpuri,2024-11-19 18:15:28
OWN1686,Amruta Dalal,amrutadalal29@rediffmail.com,+91-740107903,tenant,Hauz Khas,2026-02-04 07:29:21
OWN1687,Gautami Sanghvi,gautamisanghvi761@yahoo.co.in,+91-789147232,pg_owner,Saket,2025-02-04 11:22:36
OWN1688,Adya Bose,adyabose738@outlook.com,+91-915014834,seller,Cyber City Gurgaon,2025-07-18 05:21:52
OWN1689,Christopher Tata,christophertata618@gmail.com,+91-798848098,buyer,North Delhi,2026-04-09 13:01:36
OWN1690,Jhalak Dugar,jhalakdugar716@gmail.com,+91-765938669,seller,Saket,2025-01-23 03:42:58
OWN1691,Jack Kari,jackkari495@outlook.com,+91-930552371,buyer,South Delhi,2026-01-12 22:08:32
OWN1692,Chaitanya Arora,chaitanyaarora440@outlook.com,+91-923553285,tenant,Golf Course Extension Road,2025-01-15 10:30:08
OWN1693,Januja Rajagopal,janujarajagopal438@yahoo.co.in,+91-778663747,tenant,Saket,2026-05-24 00:06:49
OWN1694,Balendra Saini,balendrasaini126@outlook.com,+91-776805406,buyer,Pitampura,2024-12-31 19:14:17
OWN1695,Omaja Nagarajan,omajanagarajan861@outlook.com,+91-937068117,seller,Greater Noida,2025-02-03 22:42:28
OWN1696,Kashish Dar,kashishdar174@outlook.com,+91-783569939,seller,Preet Vihar,2025-07-22 12:41:03
OWN1697,Praneel Kapoor,praneelkapoor348@rediffmail.com,+91-710367488,buyer,Dwarka Sector 21,2026-02-28 08:24:42
OWN1698,Nandini Biswas,nandinibiswas865@gmail.com,+91-999794603,seller,Dwarka Sector 21,2026-04-22 10:07:58
OWN1699,Deepa Narang,deepanarang750@gmail.com,+91-923594977,tenant,Gurgaon Sector 56,2024-09-21 21:36:47
OWN1700,Abhiram Pillay,abhirampillay313@rediffmail.com,+91-872314252,buyer,Lajpat Nagar,2024-12-14 09:12:50
OWN1701,Xavier Shetty,xaviershetty882@gmail.com,+91-858347193,tenant,DLF Phase 5,2025-04-15 19:32:24
OWN1702,Rohan Korpal,rohankorpal766@rediffmail.com,+91-722750478,tenant,East Delhi,2024-11-07 18:48:03
OWN1703,Arjun Kaul,arjunkaul882@gmail.com,+91-799034004,tenant,Noida Sector 62,2025-08-20 09:15:14
OWN1704,Gautami Agarwal,gautamiagarwal925@outlook.com,+91-893457527,buyer,Dwarka Sector 21,2026-01-26 04:19:30
OWN1705,Damyanti Chawla,damyantichawla844@outlook.com,+91-834544318,buyer,Noida Sector 76,2024-12-17 16:30:46
OWN1706,Oni Swamy,oniswamy288@rediffmail.com,+91-874188958,tenant,Janakpuri,2026-06-22 22:10:43
OWN1707,Ati Chander,atichander145@gmail.com,+91-917871385,both,Janakpuri,2024-08-21 20:46:55
OWN1708,Zinal Sachar,zinalsachar436@gmail.com,+91-974783521,tenant,Ghaziabad Indirapuram,2025-12-14 18:03:18
OWN1709,Tara Chad,tarachad635@yahoo.co.in,+91-858130331,tenant,Hauz Khas,2025-09-18 00:56:07
OWN1710,Meera Borde,meeraborde952@rediffmail.com,+91-825158211,tenant,Ghaziabad Indirapuram,2025-09-26 03:58:33
OWN1711,Radhika De,radhikade74@gmail.com,+91-897909064,seller,Faridabad Neharpar,2025-01-09 18:06:43
OWN1712,Divya Ramaswamy,divyaramaswamy988@yahoo.co.in,+91-955405943,pg_owner,Vasant Kunj,2025-12-14 15:55:42
OWN1713,Eesha Sethi,eeshasethi687@rediffmail.com,+91-943363439,seller,Noida Sector 18,2025-02-04 10:56:36
OWN1714,Samaksh Deshpande,samakshdeshpande869@yahoo.co.in,+91-992263926,buyer,Janakpuri,2026-02-10 12:37:27
OWN1715,Nachiket Cherian,nachiketcherian882@rediffmail.com,+91-832200132,buyer,Faridabad Sector 15,2024-11-17 20:53:12
OWN1716,Dipta Ray,diptaray256@outlook.com,+91-847333618,buyer,Gurgaon Sector 56,2024-10-16 23:50:31
OWN1717,Sarthak Seth,sarthakseth422@rediffmail.com,+91-720580463,seller,Ghaziabad Indirapuram,2025-03-03 00:14:47
OWN1718,Jagdish Chana,jagdishchana887@gmail.com,+91-870004467,seller,Faridabad Sector 15,2024-11-12 22:22:50
OWN1719,Banjeet Kale,banjeetkale115@gmail.com,+91-865343143,buyer,South Delhi,2026-03-23 10:10:30
OWN1720,Manbir Chand,manbirchand820@gmail.com,+91-993089652,tenant,Faridabad Sector 81,2025-12-22 06:48:49
OWN1721,Meghana Varghese,meghanavarghese680@yahoo.co.in,+91-971231190,both,Noida Extension,2024-08-25 13:19:20
OWN1722,Abha Ghosh,abhaghosh846@gmail.com,+91-770996586,seller,Ghaziabad Raj Nagar Extension,2024-08-12 12:03:35
OWN1723,Sneha Krish,snehakrish743@outlook.com,+91-825303956,buyer,Gurgaon Sector 56,2024-09-27 23:49:18
OWN1724,Logan Dara,logandara359@gmail.com,+91-895048563,both,Gurgaon Sector 45,2024-07-29 12:45:59
OWN1725,Kalpit Hora,kalpithora728@outlook.com,+91-716144233,tenant,Faridabad Sector 15,2026-03-14 11:23:26
OWN1726,Frado Lad,fradolad851@yahoo.co.in,+91-964923338,buyer,Pitampura,2026-05-21 23:03:40
OWN1727,Anthony Bhattacharyya,anthonybhattacharyya133@yahoo.co.in,+91-838935933,seller,Pitampura,2024-12-12 06:00:27
OWN1728,Kabir Chanda,kabirchanda120@outlook.com,+91-816241172,tenant,Saket,2026-05-12 22:32:10
OWN1729,Jason Basak,jasonbasak478@rediffmail.com,+91-989096676,both,Hauz Khas,2026-06-09 02:45:21
OWN1730,Om Sant,omsant14@rediffmail.com,+91-916519170,pg_owner,Greater Noida Pari Chowk,2026-03-13 00:32:15
OWN1731,Watika Balan,watikabalan956@rediffmail.com,+91-933783708,tenant,Lajpat Nagar,2025-04-26 08:58:20
OWN1732,Orinder Pandya,orinderpandya116@yahoo.co.in,+91-898251083,tenant,DLF Phase 5,2024-12-24 15:26:35
OWN1733,Anvi Mammen,anvimammen438@rediffmail.com,+91-943318046,buyer,Noida Sector 62,2025-06-11 14:24:06
OWN1734,Bakhshi Korpal,bakhshikorpal473@outlook.com,+91-728546206,seller,Faridabad Sector 81,2025-11-05 14:55:04
OWN1735,Nisha Srinivas,nishasrinivas873@outlook.com,+91-983525272,tenant,Preet Vihar,2024-09-03 08:11:57
OWN1736,Leela Devan,leeladevan224@yahoo.co.in,+91-949000919,tenant,Hauz Khas,2025-05-23 00:58:02
OWN1737,Anirudh Raja,anirudhraja525@yahoo.co.in,+91-995480242,seller,Saket,2026-02-11 23:18:55
OWN1738,Varsha Sundaram,varshasundaram585@outlook.com,+91-888222933,pg_owner,Greater Noida,2025-03-29 02:35:04
OWN1739,Lipika Madan,lipikamadan908@outlook.com,+91-811714029,pg_owner,North Delhi,2024-11-29 03:35:21
OWN1740,Theodore Balan,theodorebalan158@rediffmail.com,+91-799959993,buyer,Golf Course Extension Road,2026-05-06 03:15:42
OWN1741,Dalbir Sodhi,dalbirsodhi303@yahoo.co.in,+91-943629729,buyer,West Delhi,2025-08-11 12:53:47
OWN1742,Nathaniel Chaudhry,nathanielchaudhry218@outlook.com,+91-914336089,seller,Ghaziabad Indirapuram,2025-01-17 20:27:16
OWN1743,Amaira Walla,amairawalla640@gmail.com,+91-985414925,tenant,Noida Sector 18,2026-03-09 01:51:47
OWN1744,Theodore Rama,theodorerama533@yahoo.co.in,+91-948606206,tenant,West Delhi,2025-04-05 23:24:29
OWN1745,Patrick Khalsa,patrickkhalsa406@rediffmail.com,+91-851963706,both,West Delhi,2025-09-26 14:54:40
OWN1746,Ayaan Pandey,ayaanpandey771@gmail.com,+91-837257905,tenant,Ghaziabad Indirapuram,2026-06-12 23:17:18
OWN1747,Raghav Tailor,raghavtailor943@yahoo.co.in,+91-996923747,seller,Pitampura,2025-08-20 19:24:42
OWN1748,Vritti Barad,vrittibarad311@yahoo.co.in,+91-833813700,both,Central Delhi,2024-09-24 17:29:33
OWN1749,Theodore Bahri,theodorebahri995@yahoo.co.in,+91-778967357,buyer,East Delhi,2025-08-09 08:35:10
OWN1750,Garima Jaggi,garimajaggi295@rediffmail.com,+91-945465638,buyer,Cyber City Gurgaon,2026-03-01 21:21:27
OWN1751,Peter Naik,peternaik348@gmail.com,+91-830777669,buyer,DLF Phase 5,2024-09-02 07:15:00
OWN1752,Lucky Choudhry,luckychoudhry802@gmail.com,+91-992625597,tenant,Sohna Road Gurgaon,2026-03-31 03:14:24
OWN1753,Elijah Prakash,elijahprakash818@rediffmail.com,+91-983841249,seller,DLF Phase 5,2025-12-17 10:45:56
OWN1754,Harrison Nayar,harrisonnayar989@yahoo.co.in,+91-779874593,buyer,Faridabad Sector 81,2025-02-26 05:32:43
OWN1755,Nakul Sarkar,nakulsarkar435@yahoo.co.in,+91-982079745,seller,Noida Sector 150,2026-02-19 05:20:48
OWN1756,Edhitha Ghosh,edhithaghosh914@yahoo.co.in,+91-799031246,seller,Noida Extension,2025-12-19 09:08:06
OWN1757,Udant Gill,udantgill233@outlook.com,+91-981202356,seller,South Delhi,2025-04-23 04:47:31
OWN1758,Joshua Goel,joshuagoel694@gmail.com,+91-869816445,buyer,Gurgaon Golf Course Road,2026-01-04 04:39:29
OWN1759,Bachittar Gopal,bachittargopal708@gmail.com,+91-861186964,tenant,Saket,2025-10-03 19:55:57
OWN1760,Hemang Taneja,hemangtaneja272@rediffmail.com,+91-947960665,buyer,Faridabad Neharpar,2024-10-31 12:50:08
OWN1761,Wazir Palan,wazirpalan536@outlook.com,+91-969801634,seller,Gurgaon Sector 45,2026-07-08 09:45:07
OWN1762,Gaurang Nayak,gaurangnayak338@yahoo.co.in,+91-921052218,tenant,Janakpuri,2025-06-12 01:14:42
OWN1763,Shaurya Krish,shauryakrish651@gmail.com,+91-738290610,tenant,Preet Vihar,2025-12-09 03:34:25
OWN1764,Aahana Chokshi,aahanachokshi865@rediffmail.com,+91-737592422,pg_owner,Greater Noida Pari Chowk,2025-12-29 01:05:19
OWN1765,Libni Sarma,libnisarma774@gmail.com,+91-930636590,buyer,Noida Sector 62,2026-01-06 22:27:47
OWN1766,Odika Tailor,odikatailor99@gmail.com,+91-717283737,buyer,Cyber City Gurgaon,2026-04-25 21:55:24
OWN1767,Keya Chaudhuri,keyachaudhuri598@gmail.com,+91-744715141,seller,Ghaziabad Indirapuram,2026-03-18 05:23:22
OWN1768,Nicholas Seth,nicholasseth453@rediffmail.com,+91-812267067,seller,Saket,2024-09-12 15:22:52
OWN1769,Chaitaly Bahri,chaitalybahri666@gmail.com,+91-992993446,buyer,East Delhi,2025-03-10 14:44:07
OWN1770,Ethan Oommen,ethanoommen376@gmail.com,+91-924245271,buyer,Sohna Road Gurgaon,2024-11-22 01:20:46
OWN1771,Naveen Borde,naveenborde298@gmail.com,+91-861192463,seller,North Delhi,2025-08-24 09:41:45
OWN1772,Hamsini Subramanian,hamsinisubramanian170@rediffmail.com,+91-939509878,buyer,Noida Sector 76,2025-12-17 10:10:51
OWN1773,Nitesh Saraf,niteshsaraf993@outlook.com,+91-929337491,buyer,Noida Extension,2024-11-12 13:24:41
OWN1774,Garima Jha,garimajha576@gmail.com,+91-928974879,buyer,South Delhi,2026-07-02 13:49:44
OWN1775,Alka Manda,alkamanda560@rediffmail.com,+91-921425533,seller,Noida Sector 150,2025-02-23 01:01:44
OWN1776,Chandran Ramaswamy,chandranramaswamy432@yahoo.co.in,+91-978793658,buyer,Lajpat Nagar,2025-09-11 11:08:14
OWN1777,Mitesh Bhagat,miteshbhagat641@yahoo.co.in,+91-836082023,buyer,West Delhi,2025-04-10 09:01:23
OWN1778,Gagan Menon,gaganmenon670@rediffmail.com,+91-919817298,buyer,Central Delhi,2026-03-14 15:18:56
OWN1779,Ryan Chatterjee,ryanchatterjee110@outlook.com,+91-787926229,seller,Noida Sector 62,2024-08-08 14:19:45
OWN1780,Bishakha Bumb,bishakhabumb141@outlook.com,+91-997976094,buyer,Gurgaon Sector 45,2025-07-01 17:33:25
OWN1781,Darika Rao,darikarao931@gmail.com,+91-752652506,seller,Noida Sector 62,2025-06-29 19:30:56
OWN1782,Gavin Ram,gavinram720@outlook.com,+91-930454105,pg_owner,Noida Extension,2024-12-02 20:23:32
OWN1783,Kala Grover,kalagrover991@outlook.com,+91-832634412,buyer,Gurgaon Golf Course Road,2025-06-11 10:15:42
OWN1784,Ria Shroff,riashroff739@yahoo.co.in,+91-996011893,seller,Noida Extension,2025-01-29 04:57:36
OWN1785,David Dora,daviddora705@yahoo.co.in,+91-954501625,tenant,Ghaziabad Vasundhara,2026-01-21 06:58:08
OWN1786,Frederick Padmanabhan,frederickpadmanabhan377@rediffmail.com,+91-875360192,pg_owner,Lajpat Nagar,2026-03-03 03:46:12
OWN1787,Utkarsh Bhat,utkarshbhat871@gmail.com,+91-828790705,tenant,Pitampura,2026-03-26 23:35:45
OWN1788,Vaishnavi Keer,vaishnavikeer761@outlook.com,+91-920262606,tenant,North Delhi,2025-07-03 16:44:43
OWN1789,Megha Banerjee,meghabanerjee842@gmail.com,+91-987698748,seller,Preet Vihar,2025-07-22 13:44:44
OWN1790,Jai Sen,jaisen574@gmail.com,+91-882943217,tenant,Ghaziabad Raj Nagar Extension,2024-11-24 01:58:29
OWN1791,Siddharth Hans,siddharthhans384@yahoo.co.in,+91-839971710,tenant,Gurgaon Sector 45,2024-10-20 23:22:33
OWN1792,Farhan Saran,farhansaran485@yahoo.co.in,+91-978506338,buyer,Noida Extension,2024-12-15 07:05:43
OWN1793,Aarna Nagarajan,aarnanagarajan688@gmail.com,+91-792414513,tenant,Faridabad Sector 81,2026-05-17 02:55:50
OWN1794,Gagan Rama,gaganrama466@yahoo.co.in,+91-734044459,pg_owner,Rohini Sector 10,2025-08-31 05:03:13
OWN1795,Anya Venkatesh,anyavenkatesh971@rediffmail.com,+91-815425057,buyer,Faridabad Sector 15,2025-06-20 11:20:07
OWN1796,Oni Chowdhury,onichowdhury74@yahoo.co.in,+91-859584751,buyer,Preet Vihar,2025-05-19 12:56:55
OWN1797,Harish Cherian,harishcherian407@outlook.com,+91-871021210,tenant,East Delhi,2025-09-04 19:50:42
OWN1798,Bhavika Wason,bhavikawason115@outlook.com,+91-979977486,tenant,Golf Course Extension Road,2026-04-24 17:15:42
OWN1799,Aishani Rajagopal,aishanirajagopal602@outlook.com,+91-986525600,buyer,Noida Sector 18,2025-11-11 02:34:00
OWN1800,Baljiwan Gera,baljiwangera611@outlook.com,+91-920447168,pg_owner,Noida Sector 18,2025-02-06 23:34:19
OWN1801,Neelima Barad,neelimabarad538@yahoo.co.in,+91-857365168,tenant,Noida Sector 150,2025-05-05 21:59:31
OWN1802,Wazir Bawa,wazirbawa821@rediffmail.com,+91-891095825,buyer,Hauz Khas,2026-01-16 13:16:17
OWN1803,Kashish Bahri,kashishbahri179@rediffmail.com,+91-720346606,pg_owner,Golf Course Extension Road,2025-03-24 14:26:58
OWN1804,Deepa Mand,deepamand163@yahoo.co.in,+91-731120146,seller,Saket,2026-03-28 11:31:30
OWN1805,Vedant Desai,vedantdesai434@yahoo.co.in,+91-825212062,seller,Ghaziabad Raj Nagar Extension,2025-02-25 07:01:21
OWN1806,Ekani Luthra,ekaniluthra225@rediffmail.com,+91-931642106,tenant,Greater Noida,2026-01-04 04:06:18
OWN1807,Raghav Sathe,raghavsathe259@gmail.com,+91-727164449,pg_owner,Janakpuri,2024-12-22 05:08:25
OWN1808,Vedhika Varty,vedhikavarty654@yahoo.co.in,+91-915260108,tenant,Rohini Sector 10,2026-04-15 06:17:03
OWN1809,Yutika Dutt,yutikadutt180@gmail.com,+91-834164229,pg_owner,Noida Sector 76,2024-09-06 17:30:31
OWN1810,Krishna Viswanathan,krishnaviswanathan909@gmail.com,+91-998817918,tenant,Dwarka Sector 21,2026-04-24 03:10:49
OWN1811,Oscar Hans,oscarhans469@yahoo.co.in,+91-973272042,tenant,Janakpuri,2026-04-21 02:23:20
OWN1812,Dalbir Krish,dalbirkrish860@yahoo.co.in,+91-890643207,buyer,Lajpat Nagar,2024-08-13 22:55:45
OWN1813,Jalsa Issac,jalsaissac181@outlook.com,+91-955992559,tenant,Central Delhi,2025-02-05 22:23:08
OWN1814,Yashasvi Ranganathan,yashasviranganathan397@yahoo.co.in,+91-827745355,buyer,Pitampura,2025-10-27 22:50:36
OWN1815,Azaan Khurana,azaankhurana856@rediffmail.com,+91-791270313,buyer,Ghaziabad Raj Nagar Extension,2025-04-18 21:03:07
OWN1816,Peter Som,petersom908@gmail.com,+91-977555702,tenant,Dwarka Sector 21,2025-09-22 12:02:47
OWN1817,Hemangini Gade,hemanginigade685@rediffmail.com,+91-790996996,pg_owner,South Delhi,2026-03-24 16:29:14
OWN1818,Gautam Mane,gautammane544@rediffmail.com,+91-859711219,tenant,Faridabad Neharpar,2024-08-09 20:23:32
OWN1819,Nicholas Kala,nicholaskala244@rediffmail.com,+91-861168696,seller,Vasant Kunj,2026-04-07 21:36:19
OWN1820,Samuel Luthra,samuelluthra147@rediffmail.com,+91-874040812,tenant,Dwarka Sector 21,2025-11-08 18:27:35
OWN1821,Aditya Som,adityasom622@outlook.com,+91-964847632,buyer,South Delhi,2026-05-17 15:23:41
OWN1822,Abhiram Kapur,abhiramkapur601@gmail.com,+91-925814687,pg_owner,Noida Sector 18,2025-01-21 03:55:54
OWN1823,Anvi Sampath,anvisampath714@yahoo.co.in,+91-864874257,seller,Rohini Sector 10,2026-05-05 22:19:16
OWN1824,Tripti Krishnan,triptikrishnan677@rediffmail.com,+91-944042008,buyer,Greater Noida Pari Chowk,2024-12-27 04:40:48
OWN1825,Mekhala Chaudry,mekhalachaudry636@outlook.com,+91-863345392,tenant,Greater Noida,2024-07-26 03:57:27
OWN1826,Barkha Misra,barkhamisra193@rediffmail.com,+91-885040303,pg_owner,Cyber City Gurgaon,2025-12-02 17:56:46
OWN1827,Devansh Nayar,devanshnayar601@outlook.com,+91-863436070,tenant,Saket,2026-07-12 18:36:49
OWN1828,Aradhana Lal,aradhanalal467@yahoo.co.in,+91-931715773,buyer,Faridabad Sector 81,2025-11-12 01:55:03
OWN1829,Raghav Doctor,raghavdoctor814@rediffmail.com,+91-883897088,tenant,West Delhi,2025-08-02 16:05:11
OWN1830,Dakshesh Raval,daksheshraval408@yahoo.co.in,+91-910710096,tenant,Rohini Sector 10,2025-11-15 07:14:39
OWN1831,Atharv Tank,atharvtank958@rediffmail.com,+91-968435370,buyer,Cyber City Gurgaon,2026-07-19 10:17:35
OWN1832,Omya Ravel,omyaravel389@yahoo.co.in,+91-791742470,buyer,Noida Sector 18,2025-04-30 10:11:35
OWN1833,Ranveer Oza,ranveeroza638@rediffmail.com,+91-979928180,buyer,West Delhi,2026-01-02 12:40:02
OWN1834,Vamakshi Parmer,vamakshiparmer665@yahoo.co.in,+91-868917831,buyer,Faridabad Neharpar,2025-07-26 09:08:38
OWN1835,Pratyush Memon,pratyushmemon209@outlook.com,+91-790465529,pg_owner,Gurgaon Sector 56,2024-09-30 02:16:25
OWN1836,Aarna Goswami,aarnagoswami700@yahoo.co.in,+91-758283485,buyer,South Delhi,2026-06-12 12:08:59
OWN1837,Gaurav Kapadia,gauravkapadia98@yahoo.co.in,+91-863611082,seller,Noida Sector 76,2025-04-06 07:48:05
OWN1838,Osha Narula,oshanarula610@rediffmail.com,+91-779490249,buyer,Central Delhi,2025-04-18 07:18:05
OWN1839,Ubika Dalal,ubikadalal572@gmail.com,+91-885042992,tenant,Noida Sector 150,2025-06-29 12:21:53
OWN1840,Urmi Hayer,urmihayer996@outlook.com,+91-840372869,tenant,Pitampura,2025-07-21 09:16:21
OWN1841,Chanchal Sachdev,chanchalsachdev962@rediffmail.com,+91-887162674,buyer,Lajpat Nagar,2024-08-29 06:55:55
OWN1842,Laksh Iyer,lakshiyer528@rediffmail.com,+91-784978145,buyer,Gurgaon Sector 45,2025-03-28 02:40:03
OWN1843,Luke Mutti,lukemutti979@outlook.com,+91-778892172,both,Cyber City Gurgaon,2026-04-11 18:13:12
OWN1844,Faris Sura,farissura999@rediffmail.com,+91-885587210,seller,Gurgaon Golf Course Road,2025-03-20 18:38:36
OWN1845,Dhriti Bhardwaj,dhritibhardwaj994@outlook.com,+91-871836850,tenant,North Delhi,2024-07-24 05:46:42
OWN1846,Shaurya Ganguly,shauryaganguly129@rediffmail.com,+91-819066979,seller,Gurgaon Sector 56,2025-09-14 18:11:20
OWN1847,Vrishti Chakrabarti,vrishtichakrabarti829@yahoo.co.in,+91-865354876,both,Faridabad Neharpar,2024-10-23 07:49:36
OWN1848,Pushti Raval,pushtiraval727@gmail.com,+91-843320572,buyer,Noida Sector 76,2025-05-30 04:36:42
OWN1849,Leela Agrawal,leelaagrawal87@outlook.com,+91-933955951,seller,Noida Sector 150,2024-08-17 08:31:32
OWN1850,Kashvi Atwal,kashviatwal925@yahoo.co.in,+91-946114740,buyer,Pitampura,2026-05-03 09:22:17
OWN1851,Andrew Agrawal,andrewagrawal764@rediffmail.com,+91-741522559,tenant,Cyber City Gurgaon,2025-10-21 13:55:04
OWN1852,Upkaar Padmanabhan,upkaarpadmanabhan244@yahoo.co.in,+91-743513553,tenant,Noida Sector 150,2025-03-05 18:35:43
OWN1853,Leela Thakur,leelathakur807@yahoo.co.in,+91-726089818,tenant,Faridabad Sector 15,2025-09-23 19:26:07
OWN1854,Dhruv Bath,dhruvbath792@gmail.com,+91-915672460,tenant,Noida Extension,2025-02-23 15:04:56
OWN1855,Tamanna Venkatesh,tamannavenkatesh514@outlook.com,+91-946874043,seller,Faridabad Sector 81,2025-09-29 10:24:53
OWN1856,Radha Desai,radhadesai417@outlook.com,+91-787398691,buyer,Faridabad Neharpar,2025-03-28 03:46:16
OWN1857,Jagrati Guha,jagratiguha499@rediffmail.com,+91-914370484,pg_owner,Noida Sector 76,2024-11-18 05:48:07
OWN1858,Anirudh Kari,anirudhkari478@yahoo.co.in,+91-779552316,seller,South Delhi,2024-12-31 15:50:17
OWN1859,Siddharth Bains,siddharthbains700@gmail.com,+91-760925964,pg_owner,DLF Phase 5,2025-09-24 13:21:19
OWN1860,Jatin Peri,jatinperi637@outlook.com,+91-835119175,pg_owner,Gurgaon Golf Course Road,2025-12-22 05:59:03
OWN1861,Keya Kumer,keyakumer492@outlook.com,+91-956049627,seller,Faridabad Sector 15,2026-02-04 04:19:21
OWN1862,Chanakya Chokshi,chanakyachokshi225@rediffmail.com,+91-859970552,seller,Noida Sector 76,2025-11-10 05:10:38
OWN1863,Chanakya D’Alia,chanakyadalia471@outlook.com,+91-786693314,buyer,Gurgaon Sector 56,2025-05-21 05:51:09
OWN1864,Jatin Krishnan,jatinkrishnan748@gmail.com,+91-841649234,pg_owner,Noida Sector 18,2025-07-02 08:01:57
OWN1865,Samesh Andra,sameshandra159@yahoo.co.in,+91-930072000,seller,South Delhi,2025-02-25 18:10:21
OWN1866,Zinal Madan,zinalmadan441@yahoo.co.in,+91-828048483,both,Faridabad Neharpar,2025-10-18 17:44:07
OWN1867,Omya Cheema,omyacheema814@outlook.com,+91-850269906,buyer,West Delhi,2025-07-29 12:00:09
OWN1868,Barkha Comar,barkhacomar111@rediffmail.com,+91-931923376,buyer,Cyber City Gurgaon,2026-02-14 01:10:49
OWN1869,Rushil Iyengar,rushiliyengar869@rediffmail.com,+91-922925420,seller,Noida Sector 62,2026-02-09 01:56:45
OWN1870,Ishita Rout,ishitarout379@outlook.com,+91-885208908,pg_owner,Cyber City Gurgaon,2025-02-21 13:05:56
OWN1871,Watika Johal,watikajohal30@outlook.com,+91-826272220,seller,Pitampura,2025-12-05 12:24:15
OWN1872,Ganga Keer,gangakeer809@yahoo.co.in,+91-857661928,seller,Faridabad Sector 81,2024-07-22 19:08:41
OWN1873,Indrajit Tak,indrajittak803@rediffmail.com,+91-969985944,tenant,Noida Sector 18,2024-11-06 17:52:23
OWN1874,Yasti Borde,yastiborde484@outlook.com,+91-929441214,tenant,Noida Sector 62,2025-12-31 08:18:49
OWN1875,Aahana Kashyap,aahanakashyap656@rediffmail.com,+91-986723896,seller,Central Delhi,2025-06-19 10:41:13
OWN1876,Aishani Shetty,aishanishetty175@gmail.com,+91-840630893,seller,Gurgaon Sector 45,2024-08-26 09:07:32
OWN1877,Balveer Mannan,balveermannan629@outlook.com,+91-963077115,buyer,Ghaziabad Indirapuram,2025-04-09 22:15:15
OWN1878,Pooja D’Alia,poojadalia775@outlook.com,+91-979918804,both,Greater Noida,2024-09-28 04:36:40
OWN1879,Aditya Devi,adityadevi198@yahoo.co.in,+91-726782572,tenant,Cyber City Gurgaon,2025-11-17 08:45:55
OWN1880,Falguni Parmar,falguniparmar225@gmail.com,+91-763290556,buyer,Central Delhi,2026-05-05 05:34:20
OWN1881,Girik Pradhan,girikpradhan571@rediffmail.com,+91-713538638,tenant,Faridabad Neharpar,2026-03-08 02:42:22
OWN1882,Ishaan Rattan,ishaanrattan116@gmail.com,+91-892960269,buyer,Noida Sector 18,2025-05-09 04:08:18
OWN1883,Anita Rajan,anitarajan244@outlook.com,+91-748141360,seller,Hauz Khas,2025-12-06 18:10:54
OWN1884,Oviya Ganesan,oviyaganesan549@yahoo.co.in,+91-713834774,buyer,Noida Sector 150,2024-10-11 09:11:48
OWN1885,Nathaniel Chawla,nathanielchawla894@outlook.com,+91-872705646,both,Golf Course Extension Road,2025-05-20 16:44:30
OWN1886,Raksha Golla,rakshagolla148@rediffmail.com,+91-982381952,buyer,Ghaziabad Vasundhara,2025-10-10 08:34:04
OWN1887,Ayush De,ayushde546@rediffmail.com,+91-995836028,pg_owner,Noida Sector 150,2025-07-08 16:15:51
OWN1888,Isaiah Sabharwal,isaiahsabharwal562@rediffmail.com,+91-722019737,seller,Noida Extension,2025-06-07 17:04:19
OWN1889,Advika Murthy,advikamurthy276@rediffmail.com,+91-750744867,buyer,Faridabad Neharpar,2024-07-29 19:50:12
OWN1890,Hamsini Venkataraman,hamsinivenkataraman362@yahoo.co.in,+91-872974683,pg_owner,Faridabad Sector 15,2025-08-06 21:56:14
OWN1891,Rachita Kothari,rachitakothari316@rediffmail.com,+91-767772049,tenant,Gurgaon Sector 56,2025-07-07 20:06:12
OWN1892,Manthan Bhagat,manthanbhagat571@gmail.com,+91-835309568,seller,Greater Noida Pari Chowk,2024-07-29 07:17:45
OWN1893,Yashasvi Singh,yashasvisingh265@rediffmail.com,+91-796703417,seller,Noida Sector 18,2026-04-04 01:44:23
OWN1894,Falan Swamy,falanswamy279@yahoo.co.in,+91-766672010,tenant,Faridabad Neharpar,2025-03-12 00:20:30
OWN1895,Arunima Bedi,arunimabedi301@outlook.com,+91-981396350,tenant,Greater Noida,2025-07-26 02:23:07
OWN1896,Neha Keer,nehakeer883@yahoo.co.in,+91-734482277,buyer,Saket,2024-09-16 09:09:49
OWN1897,Sara Chakrabarti,sarachakrabarti642@rediffmail.com,+91-846525224,tenant,Faridabad Sector 15,2026-04-07 12:27:17
OWN1898,Diya Dani,diyadani338@yahoo.co.in,+91-730421134,buyer,North Delhi,2026-07-07 03:47:32
OWN1899,Harshil Raval,harshilraval114@yahoo.co.in,+91-846130759,buyer,Ghaziabad Indirapuram,2025-05-18 00:03:54
OWN1900,Gavin Modi,gavinmodi248@gmail.com,+91-730224423,buyer,Preet Vihar,2026-05-02 00:08:26
OWN1901,Tanmayi Om,tanmayiom440@outlook.com,+91-876893545,both,Ghaziabad Vasundhara,2025-04-12 05:05:22
OWN1902,Udant Sha,udantsha348@gmail.com,+91-729607576,buyer,Noida Sector 76,2025-03-20 07:07:42
OWN1903,Januja Sethi,janujasethi566@gmail.com,+91-834374441,buyer,Cyber City Gurgaon,2024-10-12 02:08:47
OWN1904,Aarnav Om,aarnavom858@rediffmail.com,+91-726369402,both,Gurgaon Golf Course Road,2025-04-06 05:16:10
OWN1905,Kashvi Cherian,kashvicherian799@rediffmail.com,+91-843173547,tenant,East Delhi,2024-08-23 05:42:12
OWN1906,Waida Dey,waidadey481@yahoo.co.in,+91-922611138,pg_owner,Preet Vihar,2026-03-13 03:13:28
OWN1907,Hredhaan Kumar,hredhaankumar408@rediffmail.com,+91-951890609,tenant,Janakpuri,2025-10-10 00:18:12
OWN1908,Jai Ramaswamy,jairamaswamy772@gmail.com,+91-979917538,buyer,Ghaziabad Raj Nagar Extension,2024-12-25 06:45:19
OWN1909,Hamsini Chokshi,hamsinichokshi213@outlook.com,+91-816991067,tenant,Preet Vihar,2026-01-24 21:07:20
OWN1910,Jatin Seshadri,jatinseshadri251@gmail.com,+91-968272190,seller,Janakpuri,2025-06-19 21:50:53
OWN1911,Wishi Agrawal,wishiagrawal608@outlook.com,+91-763124490,tenant,South Delhi,2025-08-12 05:14:12
OWN1912,Rachita Subramanian,rachitasubramanian605@gmail.com,+91-973789750,tenant,Rohini Sector 10,2026-05-27 00:46:12
OWN1913,Oscar Dave,oscardave799@outlook.com,+91-743382936,buyer,Dwarka Sector 21,2024-10-04 10:36:07
OWN1914,Yamini Rajagopalan,yaminirajagopalan963@outlook.com,+91-918060088,buyer,Rohini Sector 10,2025-05-22 14:58:22
OWN1915,Anusha Rao,anusharao138@gmail.com,+91-841229060,seller,Noida Sector 150,2026-06-24 16:24:10
OWN1916,Sneha Deol,snehadeol760@rediffmail.com,+91-712865928,tenant,Noida Sector 150,2024-10-29 17:38:56
OWN1917,Dipta Kalla,diptakalla266@yahoo.co.in,+91-775136149,tenant,Gurgaon Sector 45,2024-12-14 13:02:04
OWN1918,Hemani Deo,hemanideo204@rediffmail.com,+91-935048615,pg_owner,DLF Phase 5,2026-07-07 15:26:47
OWN1919,Yahvi Naidu,yahvinaidu291@rediffmail.com,+91-984426456,buyer,Faridabad Neharpar,2025-12-21 16:42:23
OWN1920,Varsha Sahni,varshasahni470@yahoo.co.in,+91-845346140,pg_owner,Ghaziabad Vasundhara,2025-11-25 07:39:24
OWN1921,Pahal Arya,pahalarya804@gmail.com,+91-977908497,seller,Lajpat Nagar,2025-08-06 15:23:41
OWN1922,Lakshmi Dhillon,lakshmidhillon644@gmail.com,+91-893241474,buyer,Central Delhi,2024-08-28 13:27:13
OWN1923,Ryan Loke,ryanloke204@rediffmail.com,+91-976779917,tenant,Rohini Sector 10,2026-01-19 19:01:38
OWN1924,Bhavini Krishna,bhavinikrishna340@outlook.com,+91-896020669,seller,Vasant Kunj,2024-11-04 18:15:21
OWN1925,Chakrika Jani,chakrikajani54@gmail.com,+91-733976493,tenant,Pitampura,2026-01-22 06:47:27
OWN1926,Jagrati Sethi,jagratisethi507@gmail.com,+91-723254482,buyer,Noida Sector 18,2024-10-03 15:46:26
OWN1927,Lopa Khanna,lopakhanna548@rediffmail.com,+91-989228847,buyer,Noida Extension,2025-07-29 00:23:17
OWN1928,Champak Raj,champakraj630@yahoo.co.in,+91-919512542,buyer,Preet Vihar,2025-04-29 21:33:56
OWN1929,Chatura Arya,chaturaarya960@rediffmail.com,+91-772821834,tenant,West Delhi,2026-01-15 00:48:30
OWN1930,Saanvi Kar,saanvikar581@outlook.com,+91-965828293,tenant,West Delhi,2026-05-17 14:53:06
OWN1931,Ronith Hari,ronithhari551@outlook.com,+91-719447334,tenant,Central Delhi,2025-02-20 16:31:34
OWN1932,Falan Grover,falangrover993@yahoo.co.in,+91-923035125,buyer,Gurgaon Sector 56,2026-06-23 20:47:51
OWN1933,Krishna Baria,krishnabaria204@rediffmail.com,+91-780624297,tenant,Lajpat Nagar,2025-05-29 19:32:12
OWN1934,Kalpit Dyal,kalpitdyal774@rediffmail.com,+91-795714702,pg_owner,Ghaziabad Vasundhara,2025-09-20 09:18:24
OWN1935,Abdul Narayanan,abdulnarayanan914@rediffmail.com,+91-732388767,tenant,Noida Sector 76,2025-06-26 10:38:26
OWN1936,Balveer Dube,balveerdube683@outlook.com,+91-781658908,both,Ghaziabad Indirapuram,2026-05-30 03:24:29
OWN1937,Charvi Swaminathan,charviswaminathan934@outlook.com,+91-883830667,both,DLF Phase 5,2026-02-17 19:26:04
OWN1938,Elijah Nadkarni,elijahnadkarni432@outlook.com,+91-967792552,tenant,DLF Phase 5,2025-08-08 14:07:03
OWN1939,Ekansh Tiwari,ekanshtiwari586@yahoo.co.in,+91-938712948,seller,Cyber City Gurgaon,2024-11-14 05:09:02
OWN1940,George Palla,georgepalla994@outlook.com,+91-870062404,both,South Delhi,2024-12-29 09:04:55
OWN1941,Garima Narula,garimanarula301@gmail.com,+91-912188077,pg_owner,Sohna Road Gurgaon,2025-04-10 08:28:40
OWN1942,Vaishnavi Andra,vaishnaviandra317@gmail.com,+91-738833029,tenant,North Delhi,2024-10-12 14:23:37
OWN1943,Sanaya Khosla,sanayakhosla951@outlook.com,+91-978621697,pg_owner,Rohini Sector 10,2026-05-12 12:20:28
OWN1944,Balveer Nagi,balveernagi48@gmail.com,+91-857735307,buyer,Cyber City Gurgaon,2025-04-25 09:11:06
OWN1945,Libni Kunda,libnikunda920@outlook.com,+91-943535226,buyer,Sohna Road Gurgaon,2025-08-19 10:19:29
OWN1946,Aryan Varughese,aryanvarughese594@gmail.com,+91-886378602,tenant,Central Delhi,2026-03-13 07:57:54
OWN1947,Yoshita Trivedi,yoshitatrivedi821@outlook.com,+91-833206579,seller,Vasant Kunj,2025-06-11 06:25:59
OWN1948,Chaman Hans,chamanhans48@outlook.com,+91-987347488,seller,West Delhi,2025-03-11 18:42:47
OWN1949,Gopal Ganesh,gopalganesh366@outlook.com,+91-865904597,tenant,Saket,2026-06-30 13:16:22
OWN1950,Dominic Kade,dominickade775@yahoo.co.in,+91-990839556,tenant,Noida Sector 18,2025-11-22 11:08:14
OWN1951,Panini Chawla,paninichawla322@gmail.com,+91-915527388,seller,Rohini Sector 10,2024-12-17 23:15:57
OWN1952,Ekbal Dube,ekbaldube524@outlook.com,+91-939634895,buyer,Noida Sector 76,2024-08-07 03:34:07
OWN1953,Baljiwan Chahal,baljiwanchahal780@rediffmail.com,+91-987209399,pg_owner,Gurgaon Sector 56,2024-09-12 07:17:34
OWN1954,Zayan Bobal,zayanbobal306@rediffmail.com,+91-829865888,buyer,Dwarka Sector 21,2025-09-13 19:06:23
OWN1955,Aarna Reddy,aarnareddy595@rediffmail.com,+91-916618423,pg_owner,Cyber City Gurgaon,2025-04-30 05:56:41
OWN1956,Rachita Mutti,rachitamutti418@gmail.com,+91-968316409,tenant,Hauz Khas,2024-08-02 03:16:04
OWN1957,Abeer Bhatnagar,abeerbhatnagar502@yahoo.co.in,+91-936589676,seller,Pitampura,2026-01-24 00:16:54
OWN1958,Elijah Parmar,elijahparmar258@yahoo.co.in,+91-745736421,tenant,DLF Phase 5,2026-05-29 17:13:52
OWN1959,Bimala Mitra,bimalamitra125@gmail.com,+91-965510043,seller,Noida Sector 150,2025-10-06 21:09:53
OWN1960,Raksha Raj,raksharaj338@yahoo.co.in,+91-889708841,tenant,Sohna Road Gurgaon,2025-05-05 10:04:46
OWN1961,Urvi Dugar,urvidugar368@yahoo.co.in,+91-969352435,tenant,Ghaziabad Indirapuram,2025-08-14 11:38:39
OWN1962,Mahika Merchant,mahikamerchant956@gmail.com,+91-736801295,tenant,Rohini Sector 10,2026-06-22 03:45:24
OWN1963,Chanchal Prakash,chanchalprakash125@gmail.com,+91-917319968,buyer,Rohini Sector 10,2026-06-20 03:40:28
OWN1964,Lohit Dasgupta,lohitdasgupta24@outlook.com,+91-824935479,seller,Ghaziabad Raj Nagar Extension,2024-08-20 07:29:24
OWN1965,Frederick Mody,frederickmody349@gmail.com,+91-782209870,buyer,Faridabad Neharpar,2024-12-21 05:41:24
OWN1966,Siddharth Sachar,siddharthsachar571@outlook.com,+91-893623280,tenant,Rohini Sector 10,2026-05-13 08:10:46
OWN1967,Naveen Gour,naveengour395@gmail.com,+91-999057266,pg_owner,Cyber City Gurgaon,2024-12-29 01:53:32
OWN1968,Rishi Contractor,rishicontractor71@yahoo.co.in,+91-836936968,tenant,Golf Course Extension Road,2024-11-30 06:37:29
OWN1969,Triya Bora,triyabora486@gmail.com,+91-911118594,buyer,Golf Course Extension Road,2025-02-18 02:43:35
OWN1970,Zashil Chaudhari,zashilchaudhari895@outlook.com,+91-712560649,buyer,Noida Sector 18,2024-12-12 00:10:26
OWN1971,Ganga Parikh,gangaparikh399@yahoo.co.in,+91-923368583,tenant,Faridabad Sector 15,2024-10-22 10:57:00
OWN1972,Harish Mane,harishmane200@gmail.com,+91-777196215,both,North Delhi,2025-10-16 08:11:48
OWN1973,Eesha Sunder,eeshasunder263@gmail.com,+91-950926679,seller,Noida Sector 76,2025-06-14 23:39:09
OWN1974,Michael Patla,michaelpatla28@yahoo.co.in,+91-857232974,seller,Sohna Road Gurgaon,2026-03-02 19:20:53
OWN1975,Om Agrawal,omagrawal523@yahoo.co.in,+91-818322800,tenant,Noida Sector 18,2025-03-06 14:16:29
OWN1976,Rajata Malhotra,rajatamalhotra976@gmail.com,+91-947606981,buyer,Noida Sector 62,2026-03-26 11:32:59
OWN1977,Garima Srinivasan,garimasrinivasan682@rediffmail.com,+91-721783647,tenant,Faridabad Neharpar,2025-06-23 21:34:45
OWN1978,Dalaja Sur,dalajasur437@yahoo.co.in,+91-786893142,buyer,Sohna Road Gurgaon,2025-08-27 18:47:21
OWN1979,Finn Mand,finnmand469@outlook.com,+91-927686156,buyer,Hauz Khas,2026-04-09 01:41:57
OWN1980,Ronith Lall,ronithlall893@yahoo.co.in,+91-751473062,tenant,Faridabad Neharpar,2026-01-07 15:17:44
OWN1981,Faqid Bahl,faqidbahl450@yahoo.co.in,+91-798077934,tenant,Janakpuri,2026-04-02 09:41:59
OWN1982,Nidhi Kala,nidhikala79@outlook.com,+91-981532887,tenant,Saket,2026-05-13 20:01:22
OWN1983,Urmi Dixit,urmidixit335@yahoo.co.in,+91-713957187,tenant,Greater Noida,2025-04-14 00:30:00
OWN1984,Bina Desai,binadesai320@rediffmail.com,+91-895476210,tenant,Golf Course Extension Road,2025-06-25 06:03:39
OWN1985,Mekhala Patla,mekhalapatla807@yahoo.co.in,+91-724330619,buyer,North Delhi,2025-07-22 14:53:56
OWN1986,Noah Varkey,noahvarkey630@outlook.com,+91-992189839,buyer,Gurgaon Sector 56,2024-10-31 08:03:18
OWN1987,Praneel Dhingra,praneeldhingra713@yahoo.co.in,+91-758219240,buyer,Ghaziabad Raj Nagar Extension,2026-01-09 08:56:11
OWN1988,Jagrati Baria,jagratibaria524@yahoo.co.in,+91-972916371,tenant,Noida Extension,2024-12-27 15:22:31
OWN1989,Vincent Bhatnagar,vincentbhatnagar882@yahoo.co.in,+91-875960711,seller,Janakpuri,2025-01-29 21:43:32
OWN1990,Brijesh Jhaveri,brijeshjhaveri241@yahoo.co.in,+91-764839908,tenant,South Delhi,2025-08-03 02:27:31
OWN1991,Lipika Singh,lipikasingh983@outlook.com,+91-839870720,tenant,Pitampura,2026-05-22 07:21:35
OWN1992,Balveer Naik,balveernaik77@yahoo.co.in,+91-768959861,tenant,Faridabad Sector 15,2024-10-04 04:50:05
OWN1993,Adya Ghosh,adyaghosh897@outlook.com,+91-843122766,seller,East Delhi,2025-04-21 22:33:30
OWN1994,Jasmit Brahmbhatt,jasmitbrahmbhatt747@rediffmail.com,+91-862902012,tenant,Faridabad Neharpar,2025-08-02 05:01:46
OWN1995,Udant Varty,udantvarty543@gmail.com,+91-770614013,seller,East Delhi,2025-05-13 06:10:27
OWN1996,Vidhi Subramaniam,vidhisubramaniam541@yahoo.co.in,+91-963098035,both,East Delhi,2026-04-29 20:36:58
OWN1997,Yachana Dewan,yachanadewan538@rediffmail.com,+91-916616323,buyer,Ghaziabad Indirapuram,2025-06-07 03:14:11
OWN1998,Faraj Varkey,farajvarkey915@rediffmail.com,+91-848374806,seller,Greater Noida Pari Chowk,2025-11-02 20:16:24
OWN1999,Mason Grover,masongrover637@outlook.com,+91-779386491,tenant,Ghaziabad Vasundhara,2024-11-12 17:51:25
OWN2000,Victor Sachdeva,victorsachdeva102@rediffmail.com,+91-977197151,buyer,Hauz Khas,2026-03-05 08:13:58
