visit_id,property_id,owner_id,user_name,user_email,user_phone,scheduled_time,status,notes,created_at
VST1001,PROP1655,OWN1058,Aryan Maharaj,aryanmaharaj45@gmail.com,+91-739958838,2026-07-05 11:30 AM,COMPLETED,Needs confirmation from owner regarding pets.,2026-07-21 06:47:24
VST1002,PROP1759,OWN1280,Gagan Sami,gagansami85@gmail.com,+91-814265799,2026-06-22 10:00 AM,CONFIRMED,Wants to check parking space and metro distance.,2026-07-21 06:47:19
VST1003,PROP1518,OWN1014,Yashasvi Bala,yashasvibala35@outlook.com,+91-997226012,2026-07-24 06:30 PM,PENDING,Wants to check parking space and metro distance.,2026-07-21 06:48:33
VST1004,PROP1460,OWN1143,Thomas Sen,thomassen30@gmail.com,+91-966722344,2026-07-26 02:00 PM,CONFIRMED,Wants to check parking space and metro distance.,2026-07-21 06:48:45
VST1005,PROP1981,OWN1173,Nathaniel Sami,nathanielsami21@gmail.com,+91-822981052,2026-07-11 02:00 PM,COMPLETED,Looking for urgent possession.,2026-07-21 06:47:26
VST1006,PROP1271,OWN1023,Harsh Chanda,harshchanda68@outlook.com,+91-926753883,2026-07-13 04:00 PM,CONFIRMED,Visiting with family.,2026-07-21 06:47:51
VST1007,PROP1850,OWN1186,Aishani Bassi,aishanibassi34@outlook.com,+91-919335534,2026-08-03 10:00 AM,COMPLETED,Visiting with family.,2026-07-21 06:48:12
VST1008,PROP1082,OWN1120,Farhan Memon,farhanmemon58@gmail.com,+91-870855700,2026-08-09 06:30 PM,COMPLETED,Wants to check parking space and metro distance.,2026-07-21 06:48:22
VST1009,PROP1380,OWN1182,Rehaan Boase,rehaanboase95@gmail.com,+91-896977837,2026-06-23 10:00 AM,COMPLETED,Wants to check parking space and metro distance.,2026-07-21 06:47:35
VST1010,PROP1547,OWN1126,Fariq Kaul,fariqkaul69@gmail.com,+91-846231783,2026-08-11 06:30 PM,COMPLETED,Wants to check parking space and metro distance.,2026-07-21 06:47:53
VST1011,PROP1702,OWN1167,Janya Gaba,janyagaba39@gmail.com,+91-752339391,2026-07-13 04:00 PM,CONFIRMED,Wants to check parking space and metro distance.,2026-07-21 06:47:33
VST1012,PROP1936,OWN1291,Ekbal Garg,ekbalgarg50@outlook.com,+91-797971488,2026-07-23 04:00 PM,PENDING,Needs confirmation from owner regarding pets.,2026-07-21 06:47:37
VST1013,PROP1470,OWN1074,Ladli Madan,ladlimadan27@yahoo.co.in,+91-785345555,2026-08-19 05:30 PM,CONFIRMED,Looking for urgent possession.,2026-07-21 06:48:24
VST1014,PROP1439,OWN1299,Ekta Bhalla,ektabhalla56@yahoo.co.in,+91-728566572,2026-07-04 05:30 PM,PENDING,Interested in weekend morning visit.,2026-07-21 06:47:11
VST1015,PROP1882,OWN1057,Nandini Loyal,nandiniloyal90@gmail.com,+91-766661351,2026-06-24 05:30 PM,CONFIRMED,Requested callback prior to arrival.,2026-07-21 06:48:57
VST1016,PROP1611,OWN1240,Simon Tata,simontata42@outlook.com,+91-911540956,2026-07-14 06:30 PM,COMPLETED,Needs confirmation from owner regarding pets.,2026-07-21 06:48:57
VST1017,PROP1907,OWN1275,Luke Lanka,lukelanka92@yahoo.co.in,+91-824972279,2026-06-29 02:00 PM,PENDING,Requested callback prior to arrival.,2026-07-21 06:48:37
VST1018,PROP1004,OWN1135,Priya Rastogi,priyarastogi32@outlook.com,+91-924282218,2026-07-12 06:30 PM,CONFIRMED,Needs confirmation from owner regarding pets.,2026-07-21 06:49:07
VST1019,PROP1520,OWN1102,Yashodhara Tak,yashodharatak57@gmail.com,+91-782394227,2026-06-26 05:30 PM,CANCELLED,Looking for urgent possession.,2026-07-21 06:47:13
VST1020,PROP1332,OWN1251,Michael Dutta,michaeldutta24@gmail.com,+91-851273847,2026-08-07 11:30 AM,CONFIRMED,Looking for urgent possession.,2026-07-21 06:47:58
VST1021,PROP1970,OWN1041,Lekha Raj,lekharaj72@gmail.com,+91-781498611,2026-07-26 11:30 AM,CONFIRMED,Requested callback prior to arrival.,2026-07-21 06:48:04
VST1022,PROP1970,OWN1282,Advay Contractor,advaycontractor43@gmail.com,+91-991415657,2026-07-31 04:00 PM,CANCELLED,Looking for urgent possession.,2026-07-21 06:48:12
VST1023,PROP1774,OWN1103,Harini Choudhury,harinichoudhury49@outlook.com,+91-897225156,2026-07-08 02:00 PM,PENDING,Looking for urgent possession.,2026-07-21 06:47:26
VST1024,PROP1463,OWN1062,Adya Tella,adyatella38@gmail.com,+91-755377076,2026-08-05 10:00 AM,PENDING,Wants to check parking space and metro distance.,2026-07-21 06:48:08
VST1025,PROP1603,OWN1113,Chanchal Tripathi,chanchaltripathi19@gmail.com,+91-994705205,2026-07-27 10:00 AM,CONFIRMED,Interested in weekend morning visit.,2026-07-21 06:47:26
VST1026,PROP1881,OWN1170,Aadi Naik,aadinaik75@gmail.com,+91-747376585,2026-07-20 06:30 PM,PENDING,Looking for urgent possession.,2026-07-21 06:47:21
VST1027,PROP1136,OWN1293,Damyanti Khatri,damyantikhatri70@outlook.com,+91-773481353,2026-06-24 04:00 PM,CONFIRMED,Interested in weekend morning visit.,2026-07-21 06:48:53
VST1028,PROP1675,OWN1221,Frederick Sunder,fredericksunder64@yahoo.co.in,+91-872682989,2026-08-08 06:30 PM,CONFIRMED,Needs confirmation from owner regarding pets.,2026-07-21 06:49:05
VST1029,PROP1662,OWN1051,Kabir Soman,kabirsoman61@gmail.com,+91-955540424,2026-08-16 10:00 AM,CONFIRMED,Wants to check parking space and metro distance.,2026-07-21 06:47:27
VST1030,PROP1550,OWN1230,Siddharth Zacharia,siddharthzacharia64@gmail.com,+91-747385696,2026-08-05 04:00 PM,CONFIRMED,Interested in weekend morning visit.,2026-07-21 06:48:30
VST1031,PROP1454,OWN1282,Mohini Prakash,mohiniprakash16@gmail.com,+91-982556484,2026-07-17 10:00 AM,CANCELLED,Wants to check parking space and metro distance.,2026-07-21 06:48:10
VST1032,PROP1171,OWN1209,Yug Kar,yugkar71@yahoo.co.in,+91-763826716,2026-06-24 10:00 AM,CONFIRMED,Interested in weekend morning visit.,2026-07-21 06:47:10
VST1033,PROP1400,OWN1136,Thomas Amble,thomasamble46@yahoo.co.in,+91-884593961,2026-06-25 06:30 PM,COMPLETED,Wants to check parking space and metro distance.,2026-07-21 06:48:23
VST1034,PROP1195,OWN1152,Ekansh Balay,ekanshbalay17@gmail.com,+91-982772208,2026-08-11 10:00 AM,COMPLETED,Interested in weekend morning visit.,2026-07-21 06:47:16
VST1035,PROP1052,OWN1300,Arya Sunder,aryasunder74@yahoo.co.in,+91-931130263,2026-07-03 10:00 AM,CANCELLED,Interested in weekend morning visit.,2026-07-21 06:47:23
VST1036,PROP1872,OWN1096,Xavier Solanki,xaviersolanki86@gmail.com,+91-741568532,2026-08-08 04:00 PM,CONFIRMED,Looking for urgent possession.,2026-07-21 06:47:30
VST1037,PROP1253,OWN1297,Raagini Pandya,raaginipandya15@outlook.com,+91-921003626,2026-07-16 04:00 PM,COMPLETED,Looking for urgent possession.,2026-07-21 06:48:04
VST1038,PROP1536,OWN1162,Guneet Bhat,guneetbhat36@yahoo.co.in,+91-952169044,2026-07-15 11:30 AM,CONFIRMED,Wants to check parking space and metro distance.,2026-07-21 06:47:48
VST1039,PROP1688,OWN1154,Yuvraj Handa,yuvrajhanda50@yahoo.co.in,+91-711250299,2026-07-02 04:00 PM,COMPLETED,Looking for urgent possession.,2026-07-21 06:48:01
VST1040,PROP1103,OWN1038,Qadim Mallick,qadimmallick37@outlook.com,+91-945594597,2026-07-18 11:30 AM,CANCELLED,Interested in weekend morning visit.,2026-07-21 06:48:52
VST1041,PROP1901,OWN1126,Saanvi Chaudhari,saanvichaudhari46@yahoo.co.in,+91-768812137,2026-06-24 05:30 PM,COMPLETED,Looking for urgent possession.,2026-07-21 06:49:07
VST1042,PROP1827,OWN1271,Girik Khalsa,girikkhalsa95@gmail.com,+91-950181935,2026-06-30 06:30 PM,CONFIRMED,Wants to check parking space and metro distance.,2026-07-21 06:48:06
VST1043,PROP1271,OWN1060,Nandini Bhargava,nandinibhargava80@gmail.com,+91-746553958,2026-06-30 02:00 PM,COMPLETED,Needs confirmation from owner regarding pets.,2026-07-21 06:47:08
VST1044,PROP1352,OWN1105,Alka Sha,alkasha91@outlook.com,+91-877834855,2026-07-08 04:00 PM,CONFIRMED,Interested in weekend morning visit.,2026-07-21 06:48:31
VST1045,PROP1095,OWN1217,Mohammed Gupta,mohammedgupta15@yahoo.co.in,+91-754769200,2026-07-08 11:30 AM,COMPLETED,Visiting with family.,2026-07-21 06:49:04
VST1046,PROP1166,OWN1227,Dipta Bhandari,diptabhandari64@outlook.com,+91-911297845,2026-06-24 10:00 AM,CONFIRMED,Needs confirmation from owner regarding pets.,2026-07-21 06:48:05
VST1047,PROP1926,OWN1077,Dakshesh Trivedi,daksheshtrivedi14@outlook.com,+91-888183110,2026-06-25 05:30 PM,CONFIRMED,Wants to check parking space and metro distance.,2026-07-21 06:47:30
VST1048,PROP1043,OWN1158,Wahab Raval,wahabraval15@yahoo.co.in,+91-838195995,2026-06-28 06:30 PM,CONFIRMED,Interested in weekend morning visit.,2026-07-21 06:48:54
VST1049,PROP1363,OWN1287,Balveer Bumb,balveerbumb89@yahoo.co.in,+91-930743797,2026-07-16 11:30 AM,COMPLETED,Wants to check parking space and metro distance.,2026-07-21 06:48:18
VST1050,PROP1903,OWN1212,Advika Jayaraman,advikajayaraman32@gmail.com,+91-954585178,2026-07-31 04:00 PM,COMPLETED,Needs confirmation from owner regarding pets.,2026-07-21 06:47:45
VST1051,PROP1831,OWN1128,Meghana Deep,meghanadeep30@yahoo.co.in,+91-924508349,2026-07-31 04:00 PM,COMPLETED,Requested callback prior to arrival.,2026-07-21 06:47:43
VST1052,PROP1228,OWN1103,Elijah Andra,elijahandra54@yahoo.co.in,+91-840547349,2026-07-18 11:30 AM,CONFIRMED,Wants to check parking space and metro distance.,2026-07-21 06:49:07
VST1053,PROP1409,OWN1169,Ethan Yogi,ethanyogi18@yahoo.co.in,+91-857130035,2026-07-03 06:30 PM,PENDING,Needs confirmation from owner regarding pets.,2026-07-21 06:47:39
VST1054,PROP1864,OWN1275,Ekapad Konda,ekapadkonda13@yahoo.co.in,+91-745059710,2026-07-13 11:30 AM,PENDING,Visiting with family.,2026-07-21 06:47:26
VST1055,PROP1040,OWN1056,Abhiram Mistry,abhirammistry65@outlook.com,+91-852101056,2026-08-15 04:00 PM,COMPLETED,Looking for urgent possession.,2026-07-21 06:47:20
VST1056,PROP1119,OWN1198,Aishani D’Alia,aishanidalia34@outlook.com,+91-815957459,2026-08-13 06:30 PM,PENDING,Looking for urgent possession.,2026-07-21 06:48:37
VST1057,PROP1948,OWN1276,Anita Manda,anitamanda95@outlook.com,+91-758884978,2026-07-27 04:00 PM,CONFIRMED,Needs confirmation from owner regarding pets.,2026-07-21 06:48:34
VST1058,PROP1943,OWN1170,Aishani Tiwari,aishanitiwari50@outlook.com,+91-926726926,2026-07-20 06:30 PM,CANCELLED,Looking for urgent possession.,2026-07-21 06:48:56
VST1059,PROP1317,OWN1210,George Sampath,georgesampath61@yahoo.co.in,+91-949682169,2026-08-09 05:30 PM,CONFIRMED,Requested callback prior to arrival.,2026-07-21 06:47:13
VST1060,PROP1681,OWN1195,Kalpit Lala,kalpitlala32@outlook.com,+91-986384014,2026-06-30 02:00 PM,PENDING,Interested in weekend morning visit.,2026-07-21 06:48:01
VST1061,PROP1312,OWN1147,Aditya Choudhury,adityachoudhury65@gmail.com,+91-991424737,2026-06-25 06:30 PM,CONFIRMED,Requested callback prior to arrival.,2026-07-21 06:48:53
VST1062,PROP1453,OWN1110,Balendra Pingle,balendrapingle70@outlook.com,+91-932775593,2026-07-25 06:30 PM,CONFIRMED,Looking for urgent possession.,2026-07-21 06:47:25
VST1063,PROP1680,OWN1172,Benjamin Morar,benjaminmorar40@gmail.com,+91-951663795,2026-07-12 11:30 AM,COMPLETED,Wants to check parking space and metro distance.,2026-07-21 06:48:59
VST1064,PROP1026,OWN1024,Ishita Kade,ishitakade70@gmail.com,+91-919774839,2026-07-31 04:00 PM,PENDING,Needs confirmation from owner regarding pets.,2026-07-21 06:48:28
VST1065,PROP1590,OWN1100,Niharika Dubey,niharikadubey99@outlook.com,+91-876354180,2026-08-15 04:00 PM,CONFIRMED,Needs confirmation from owner regarding pets.,2026-07-21 06:47:36
VST1066,PROP1705,OWN1003,Peter Sachar,petersachar64@gmail.com,+91-733607110,2026-06-22 06:30 PM,PENDING,Interested in weekend morning visit.,2026-07-21 06:48:36
VST1067,PROP1571,OWN1128,Nisha Kothari,nishakothari68@gmail.com,+91-772363359,2026-07-07 06:30 PM,PENDING,Looking for urgent possession.,2026-07-21 06:48:42
VST1068,PROP1610,OWN1163,Lavanya Barad,lavanyabarad88@yahoo.co.in,+91-977750178,2026-08-11 04:00 PM,COMPLETED,Looking for urgent possession.,2026-07-21 06:47:34
VST1069,PROP1457,OWN1082,Inaya Mody,inayamody70@outlook.com,+91-844788100,2026-08-09 11:30 AM,COMPLETED,Visiting with family.,2026-07-21 06:48:52
VST1070,PROP1785,OWN1267,Arjun Hans,arjunhans90@yahoo.co.in,+91-746855845,2026-07-14 04:00 PM,CONFIRMED,Visiting with family.,2026-07-21 06:47:41
VST1071,PROP1241,OWN1140,Arya Panchal,aryapanchal50@yahoo.co.in,+91-920814950,2026-07-29 11:30 AM,CONFIRMED,Requested callback prior to arrival.,2026-07-21 06:47:55
VST1072,PROP1711,OWN1079,Ayaan D’Alia,ayaandalia37@outlook.com,+91-765682626,2026-08-12 04:00 PM,CONFIRMED,Requested callback prior to arrival.,2026-07-21 06:47:39
VST1073,PROP1426,OWN1032,Balvan Chopra,balvanchopra63@gmail.com,+91-888393811,2026-07-26 06:30 PM,CONFIRMED,Looking for urgent possession.,2026-07-21 06:47:49
VST1074,PROP1390,OWN1245,Rajata Vaidya,rajatavaidya55@gmail.com,+91-862343121,2026-06-27 04:00 PM,PENDING,Needs confirmation from owner regarding pets.,2026-07-21 06:48:55
VST1075,PROP1560,OWN1113,Aachal Basu,aachalbasu38@yahoo.co.in,+91-868496914,2026-08-02 04:00 PM,CONFIRMED,Visiting with family.,2026-07-21 06:47:08
VST1076,PROP1685,OWN1208,Januja Sankar,janujasankar31@outlook.com,+91-827129912,2026-06-25 05:30 PM,PENDING,Requested callback prior to arrival.,2026-07-21 06:48:27
VST1077,PROP1607,OWN1289,Dipta Dash,diptadash13@outlook.com,+91-796268397,2026-08-03 04:00 PM,CONFIRMED,Requested callback prior to arrival.,2026-07-21 06:47:44
VST1078,PROP1187,OWN1026,Nilima Narain,nilimanarain58@yahoo.co.in,+91-838408562,2026-07-15 04:00 PM,CONFIRMED,Requested callback prior to arrival.,2026-07-21 06:47:43
VST1079,PROP1285,OWN1216,Rehaan Salvi,rehaansalvi20@yahoo.co.in,+91-812601580,2026-07-30 06:30 PM,PENDING,Visiting with family.,2026-07-21 06:47:53
VST1080,PROP1230,OWN1036,Charvi Ravi,charviravi15@outlook.com,+91-743189803,2026-07-23 11:30 AM,COMPLETED,Looking for urgent possession.,2026-07-21 06:47:08
VST1081,PROP1157,OWN1123,Shivansh Sani,shivanshsani70@gmail.com,+91-925353091,2026-08-07 05:30 PM,CANCELLED,Requested callback prior to arrival.,2026-07-21 06:48:20
VST1082,PROP1717,OWN1132,Udyati Sathe,udyatisathe31@yahoo.co.in,+91-991503378,2026-07-17 06:30 PM,COMPLETED,Wants to check parking space and metro distance.,2026-07-21 06:47:33
VST1083,PROP1988,OWN1160,Omkaar Chad,omkaarchad84@gmail.com,+91-751870192,2026-07-08 05:30 PM,COMPLETED,Requested callback prior to arrival.,2026-07-21 06:48:27
VST1084,PROP1407,OWN1102,Girik Keer,girikkeer85@gmail.com,+91-994187049,2026-07-31 11:30 AM,CONFIRMED,Visiting with family.,2026-07-21 06:47:34
VST1085,PROP1871,OWN1062,Manan Bakshi,mananbakshi15@outlook.com,+91-881503856,2026-06-23 04:00 PM,COMPLETED,Interested in weekend morning visit.,2026-07-21 06:49:06
VST1086,PROP1519,OWN1175,Tamanna Sachdeva,tamannasachdeva63@gmail.com,+91-824165187,2026-08-13 04:00 PM,CANCELLED,Needs confirmation from owner regarding pets.,2026-07-21 06:48:17
VST1087,PROP1913,OWN1236,Warda Ratta,wardaratta29@outlook.com,+91-833640702,2026-07-05 06:30 PM,PENDING,Needs confirmation from owner regarding pets.,2026-07-21 06:48:26
VST1088,PROP1277,OWN1276,Hredhaan Sandal,hredhaansandal69@yahoo.co.in,+91-889520597,2026-07-04 02:00 PM,CONFIRMED,Wants to check parking space and metro distance.,2026-07-21 06:48:44
VST1089,PROP1851,OWN1045,Chandresh Krish,chandreshkrish67@yahoo.co.in,+91-772372114,2026-08-15 05:30 PM,COMPLETED,Requested callback prior to arrival.,2026-07-21 06:47:22
VST1090,PROP1345,OWN1015,Ucchal Wali,ucchalwali51@yahoo.co.in,+91-775437844,2026-08-19 11:30 AM,PENDING,Visiting with family.,2026-07-21 06:48:19
VST1091,PROP1349,OWN1144,Yamini Sandhu,yaminisandhu99@outlook.com,+91-884597009,2026-08-09 10:00 AM,PENDING,Wants to check parking space and metro distance.,2026-07-21 06:48:13
VST1092,PROP1088,OWN1124,Vaishnavi Sengupta,vaishnavisengupta62@outlook.com,+91-884514489,2026-07-06 11:30 AM,COMPLETED,Needs confirmation from owner regarding pets.,2026-07-21 06:47:37
VST1093,PROP1729,OWN1252,Vedhika Khare,vedhikakhare12@yahoo.co.in,+91-749491631,2026-07-07 11:30 AM,PENDING,Wants to check parking space and metro distance.,2026-07-21 06:47:17
VST1094,PROP1314,OWN1298,Wahab Magar,wahabmagar70@yahoo.co.in,+91-981259135,2026-07-11 02:00 PM,PENDING,Needs confirmation from owner regarding pets.,2026-07-21 06:48:55
VST1095,PROP1564,OWN1170,Lakshit Dora,lakshitdora99@yahoo.co.in,+91-846361787,2026-07-04 02:00 PM,CONFIRMED,Interested in weekend morning visit.,2026-07-21 06:48:31
VST1096,PROP1739,OWN1099,Devansh Sachdeva,devanshsachdeva25@yahoo.co.in,+91-981922443,2026-07-15 06:30 PM,CONFIRMED,Wants to check parking space and metro distance.,2026-07-21 06:48:13
VST1097,PROP1757,OWN1248,David Jhaveri,davidjhaveri85@yahoo.co.in,+91-990099897,2026-08-09 02:00 PM,CANCELLED,Wants to check parking space and metro distance.,2026-07-21 06:47:54
VST1098,PROP1304,OWN1117,Lajita Sood,lajitasood32@yahoo.co.in,+91-811898961,2026-06-21 06:30 PM,PENDING,Visiting with family.,2026-07-21 06:47:50
VST1099,PROP1047,OWN1028,Oni Yohannan,oniyohannan47@outlook.com,+91-926948946,2026-08-04 06:30 PM,COMPLETED,Requested callback prior to arrival.,2026-07-21 06:48:13
VST1100,PROP1106,OWN1007,Vinaya Kanda,vinayakanda46@outlook.com,+91-874251933,2026-07-07 04:00 PM,CONFIRMED,Interested in weekend morning visit.,2026-07-21 06:48:06
VST1101,PROP1259,OWN1245,Gayathri Ravel,gayathriravel18@gmail.com,+91-876001106,2026-08-03 10:00 AM,PENDING,Needs confirmation from owner regarding pets.,2026-07-21 06:48:48
VST1102,PROP1055,OWN1078,Avi Ramesh,aviramesh82@gmail.com,+91-821432787,2026-07-26 11:30 AM,CONFIRMED,Requested callback prior to arrival.,2026-07-21 06:48:27
VST1103,PROP1621,OWN1116,Priya Deshmukh,priyadeshmukh58@outlook.com,+91-869421007,2026-08-12 02:00 PM,COMPLETED,Requested callback prior to arrival.,2026-07-21 06:47:29
VST1104,PROP1313,OWN1292,Ladli Narang,ladlinarang17@outlook.com,+91-923318904,2026-07-03 11:30 AM,COMPLETED,Visiting with family.,2026-07-21 06:47:47
VST1105,PROP1677,OWN1042,Arunima Sama,arunimasama40@gmail.com,+91-784087145,2026-07-06 10:00 AM,CONFIRMED,Requested callback prior to arrival.,2026-07-21 06:47:17
VST1106,PROP1462,OWN1241,Charles Palla,charlespalla14@yahoo.co.in,+91-748668783,2026-07-04 06:30 PM,CONFIRMED,Requested callback prior to arrival.,2026-07-21 06:47:16
VST1107,PROP1073,OWN1120,Azaan Kota,azaankota90@yahoo.co.in,+91-998742485,2026-07-02 11:30 AM,PENDING,Looking for urgent possession.,2026-07-21 06:47:10
VST1108,PROP1231,OWN1077,William Date,williamdate28@yahoo.co.in,+91-718004482,2026-07-19 11:30 AM,COMPLETED,Looking for urgent possession.,2026-07-21 06:47:21
VST1109,PROP1767,OWN1292,Udyati Kunda,udyatikunda66@yahoo.co.in,+91-772907576,2026-08-06 06:30 PM,CONFIRMED,Requested callback prior to arrival.,2026-07-21 06:47:28
VST1110,PROP1966,OWN1140,Nihal Mukhopadhyay,nihalmukhopadhyay79@outlook.com,+91-868755000,2026-06-27 10:00 AM,PENDING,Requested callback prior to arrival.,2026-07-21 06:47:11
VST1111,PROP1753,OWN1166,Keya Ranganathan,keyaranganathan42@outlook.com,+91-722257687,2026-08-16 11:30 AM,CANCELLED,Looking for urgent possession.,2026-07-21 06:47:31
VST1112,PROP1602,OWN1011,Harsh Mitra,harshmitra44@outlook.com,+91-915399803,2026-08-11 11:30 AM,PENDING,Needs confirmation from owner regarding pets.,2026-07-21 06:48:20
VST1113,PROP1453,OWN1143,Benjamin Palan,benjaminpalan84@gmail.com,+91-895199362,2026-07-22 04:00 PM,CANCELLED,Requested callback prior to arrival.,2026-07-21 06:48:27
VST1114,PROP1357,OWN1210,Yashawini Om,yashawiniom51@yahoo.co.in,+91-924039158,2026-06-21 11:30 AM,CONFIRMED,Needs confirmation from owner regarding pets.,2026-07-21 06:47:58
VST1115,PROP1508,OWN1148,Hitesh Sant,hiteshsant61@outlook.com,+91-914925405,2026-08-17 04:00 PM,CONFIRMED,Visiting with family.,2026-07-21 06:48:24
VST1116,PROP1332,OWN1060,Michael Saran,michaelsaran75@yahoo.co.in,+91-798269682,2026-07-01 05:30 PM,PENDING,Interested in weekend morning visit.,2026-07-21 06:48:10
VST1117,PROP1193,OWN1266,Veda Shroff,vedashroff89@yahoo.co.in,+91-893940940,2026-07-17 04:00 PM,COMPLETED,Wants to check parking space and metro distance.,2026-07-21 06:48:35
VST1118,PROP1274,OWN1282,Ekantika Korpal,ekantikakorpal46@gmail.com,+91-875056916,2026-08-09 10:00 AM,CONFIRMED,Needs confirmation from owner regarding pets.,2026-07-21 06:47:18
VST1119,PROP1624,OWN1123,Yagnesh Shetty,yagneshshetty30@outlook.com,+91-883932360,2026-07-25 10:00 AM,PENDING,Interested in weekend morning visit.,2026-07-21 06:48:28
VST1120,PROP1231,OWN1059,Ayush Talwar,ayushtalwar25@yahoo.co.in,+91-930665654,2026-08-11 04:00 PM,CANCELLED,Visiting with family.,2026-07-21 06:47:29
VST1121,PROP1522,OWN1140,Isha Kuruvilla,ishakuruvilla71@yahoo.co.in,+91-842713008,2026-07-11 04:00 PM,PENDING,Requested callback prior to arrival.,2026-07-21 06:48:53
VST1122,PROP1196,OWN1261,Advaith Varughese,advaithvarughese27@outlook.com,+91-747077298,2026-08-16 04:00 PM,CONFIRMED,Looking for urgent possession.,2026-07-21 06:47:18
VST1123,PROP1274,OWN1002,Vrinda Khosla,vrindakhosla48@yahoo.co.in,+91-987835998,2026-08-01 06:30 PM,PENDING,Wants to check parking space and metro distance.,2026-07-21 06:48:25
VST1124,PROP1458,OWN1276,Sara Badal,sarabadal54@yahoo.co.in,+91-884077101,2026-06-26 05:30 PM,PENDING,Visiting with family.,2026-07-21 06:47:34
VST1125,PROP1891,OWN1097,Damini Pillay,daminipillay40@outlook.com,+91-961401477,2026-07-19 11:30 AM,COMPLETED,Requested callback prior to arrival.,2026-07-21 06:48:11
VST1126,PROP1045,OWN1163,Ganga Pandey,gangapandey70@outlook.com,+91-961167978,2026-08-02 04:00 PM,CANCELLED,Needs confirmation from owner regarding pets.,2026-07-21 06:47:40
VST1127,PROP1156,OWN1254,Vihaan Dara,vihaandara26@gmail.com,+91-989212676,2026-08-03 02:00 PM,COMPLETED,Requested callback prior to arrival.,2026-07-21 06:47:45
VST1128,PROP1103,OWN1270,Rehaan Kalita,rehaankalita11@yahoo.co.in,+91-929348212,2026-08-04 04:00 PM,COMPLETED,Wants to check parking space and metro distance.,2026-07-21 06:47:41
VST1129,PROP1077,OWN1241,Harish Hari,harishhari53@yahoo.co.in,+91-963349308,2026-07-08 06:30 PM,CONFIRMED,Visiting with family.,2026-07-21 06:47:51
VST1130,PROP1873,OWN1274,Akshay Walla,akshaywalla50@yahoo.co.in,+91-975491202,2026-06-28 05:30 PM,CONFIRMED,Interested in weekend morning visit.,2026-07-21 06:47:13
VST1131,PROP1241,OWN1148,Brinda Date,brindadate21@gmail.com,+91-823212812,2026-07-29 06:30 PM,COMPLETED,Interested in weekend morning visit.,2026-07-21 06:48:38
VST1132,PROP1455,OWN1086,Advik Mane,advikmane48@outlook.com,+91-716172803,2026-07-19 02:00 PM,COMPLETED,Visiting with family.,2026-07-21 06:48:00
VST1133,PROP1368,OWN1192,Charan Krishnan,charankrishnan28@yahoo.co.in,+91-781291936,2026-08-16 04:00 PM,PENDING,Wants to check parking space and metro distance.,2026-07-21 06:48:05
VST1134,PROP1175,OWN1090,Nandini Swamy,nandiniswamy88@gmail.com,+91-893176117,2026-06-25 06:30 PM,CONFIRMED,Looking for urgent possession.,2026-07-21 06:48:23
VST1135,PROP1147,OWN1119,Max Dixit,maxdixit91@yahoo.co.in,+91-871682508,2026-08-08 02:00 PM,COMPLETED,Requested callback prior to arrival.,2026-07-21 06:49:01
VST1136,PROP1923,OWN1148,Yuvraj Dani,yuvrajdani79@outlook.com,+91-719913576,2026-07-24 04:00 PM,CANCELLED,Looking for urgent possession.,2026-07-21 06:47:57
VST1137,PROP1307,OWN1218,Lajita Seshadri,lajitaseshadri42@outlook.com,+91-850550084,2026-08-14 11:30 AM,CANCELLED,Requested callback prior to arrival.,2026-07-21 06:47:43
VST1138,PROP1110,OWN1122,Dalaja Bhasin,dalajabhasin83@yahoo.co.in,+91-887149951,2026-07-27 02:00 PM,CANCELLED,Visiting with family.,2026-07-21 06:48:36
VST1139,PROP1023,OWN1203,Siddharth Lalla,siddharthlalla11@yahoo.co.in,+91-916582607,2026-07-30 05:30 PM,COMPLETED,Visiting with family.,2026-07-21 06:47:26
VST1140,PROP1795,OWN1118,Falan Dugar,falandugar55@outlook.com,+91-795445405,2026-06-21 11:30 AM,COMPLETED,Needs confirmation from owner regarding pets.,2026-07-21 06:48:02
VST1141,PROP1774,OWN1071,Bishakha Bali,bishakhabali22@outlook.com,+91-996750368,2026-07-04 10:00 AM,CONFIRMED,Requested callback prior to arrival.,2026-07-21 06:48:32
VST1142,PROP1035,OWN1297,Ekavir Kaur,ekavirkaur26@yahoo.co.in,+91-749609054,2026-08-15 02:00 PM,COMPLETED,Wants to check parking space and metro distance.,2026-07-21 06:48:42
VST1143,PROP1206,OWN1068,Pavani Contractor,pavanicontractor56@outlook.com,+91-977349752,2026-07-23 02:00 PM,COMPLETED,Visiting with family.,2026-07-21 06:48:25
VST1144,PROP1936,OWN1247,Lucky Bora,luckybora53@yahoo.co.in,+91-772858374,2026-06-24 10:00 AM,CONFIRMED,Wants to check parking space and metro distance.,2026-07-21 06:48:43
VST1145,PROP1881,OWN1204,Reva Dash,revadash56@outlook.com,+91-762958901,2026-07-19 10:00 AM,CONFIRMED,Interested in weekend morning visit.,2026-07-21 06:47:44
VST1146,PROP1466,OWN1189,Anita Tella,anitatella96@outlook.com,+91-888458327,2026-07-23 04:00 PM,COMPLETED,Visiting with family.,2026-07-21 06:48:00
VST1147,PROP1111,OWN1120,Rachana Naidu,rachananaidu13@yahoo.co.in,+91-985350823,2026-07-27 02:00 PM,CANCELLED,Wants to check parking space and metro distance.,2026-07-21 06:47:11
VST1148,PROP1664,OWN1033,Ansh Luthra,anshluthra69@outlook.com,+91-950559278,2026-07-25 06:30 PM,PENDING,Wants to check parking space and metro distance.,2026-07-21 06:48:39
VST1149,PROP1047,OWN1020,Upma Venkataraman,upmavenkataraman73@yahoo.co.in,+91-723044889,2026-07-30 11:30 AM,COMPLETED,Wants to check parking space and metro distance.,2026-07-21 06:48:57
VST1150,PROP1398,OWN1233,Rajata Swamy,rajataswamy95@yahoo.co.in,+91-982503409,2026-08-18 04:00 PM,PENDING,Needs confirmation from owner regarding pets.,2026-07-21 06:48:04
VST1151,PROP1159,OWN1213,Gauri Nagi,gaurinagi22@outlook.com,+91-892631441,2026-07-31 04:00 PM,CANCELLED,Visiting with family.,2026-07-21 06:48:50
VST1152,PROP1034,OWN1190,Nisha Tandon,nishatandon66@gmail.com,+91-841690501,2026-07-08 02:00 PM,CONFIRMED,Needs confirmation from owner regarding pets.,2026-07-21 06:49:01
VST1153,PROP1377,OWN1279,Suhani Chakrabarti,suhanichakrabarti55@outlook.com,+91-763437398,2026-07-09 02:00 PM,CONFIRMED,Interested in weekend morning visit.,2026-07-21 06:47:46
VST1154,PROP1972,OWN1233,Yoshita Agarwal,yoshitaagarwal94@gmail.com,+91-796128115,2026-07-30 06:30 PM,PENDING,Interested in weekend morning visit.,2026-07-21 06:48:13
VST1155,PROP1052,OWN1171,Chatura Guha,chaturaguha26@gmail.com,+91-937542226,2026-07-22 10:00 AM,COMPLETED,Looking for urgent possession.,2026-07-21 06:48:22
VST1156,PROP1213,OWN1111,Riya Behl,riyabehl52@gmail.com,+91-789991301,2026-07-03 10:00 AM,CONFIRMED,Wants to check parking space and metro distance.,2026-07-21 06:48:13
VST1157,PROP1134,OWN1277,Raksha Sundaram,rakshasundaram32@yahoo.co.in,+91-798725654,2026-06-28 10:00 AM,CONFIRMED,Visiting with family.,2026-07-21 06:49:04
VST1158,PROP1809,OWN1122,Nathan Mukhopadhyay,nathanmukhopadhyay51@outlook.com,+91-733386929,2026-07-24 02:00 PM,CONFIRMED,Needs confirmation from owner regarding pets.,2026-07-21 06:48:14
VST1159,PROP1432,OWN1270,Umang Comar,umangcomar18@gmail.com,+91-870166480,2026-07-18 02:00 PM,PENDING,Interested in weekend morning visit.,2026-07-21 06:47:22
VST1160,PROP1463,OWN1258,Wishi Manne,wishimanne88@gmail.com,+91-798436473,2026-07-21 05:30 PM,CONFIRMED,Needs confirmation from owner regarding pets.,2026-07-21 06:47:40
VST1161,PROP1988,OWN1016,Urmi Kohli,urmikohli71@gmail.com,+91-867213476,2026-07-18 06:30 PM,CONFIRMED,Needs confirmation from owner regarding pets.,2026-07-21 06:47:25
VST1162,PROP1932,OWN1228,Yashoda Deshpande,yashodadeshpande20@gmail.com,+91-891644298,2026-08-11 11:30 AM,CONFIRMED,Visiting with family.,2026-07-21 06:47:41
VST1163,PROP1640,OWN1300,Harini Tripathi,harinitripathi51@outlook.com,+91-890180577,2026-07-07 05:30 PM,CONFIRMED,Looking for urgent possession.,2026-07-21 06:47:08
VST1164,PROP1620,OWN1221,Vrishti Dixit,vrishtidixit99@gmail.com,+91-797874085,2026-07-17 06:30 PM,COMPLETED,Looking for urgent possession.,2026-07-21 06:48:06
VST1165,PROP1739,OWN1111,Krishna Shah,krishnashah67@yahoo.co.in,+91-765541117,2026-08-15 02:00 PM,COMPLETED,Requested callback prior to arrival.,2026-07-21 06:48:52
VST1166,PROP1426,OWN1049,Leela Kaur,leelakaur64@yahoo.co.in,+91-899269266,2026-08-11 02:00 PM,PENDING,Wants to check parking space and metro distance.,2026-07-21 06:47:57
VST1167,PROP1704,OWN1243,Urvashi Raj,urvashiraj21@gmail.com,+91-722513132,2026-07-14 04:00 PM,CONFIRMED,Needs confirmation from owner regarding pets.,2026-07-21 06:48:27
VST1168,PROP1382,OWN1067,Warhi Bansal,warhibansal17@outlook.com,+91-985374852,2026-06-28 05:30 PM,CONFIRMED,Interested in weekend morning visit.,2026-07-21 06:49:03
VST1169,PROP1421,OWN1182,Harish Sarraf,harishsarraf64@outlook.com,+91-916904975,2026-06-26 02:00 PM,COMPLETED,Visiting with family.,2026-07-21 06:48:57
VST1170,PROP1107,OWN1296,Maanas Rout,maanasrout37@outlook.com,+91-798145654,2026-08-12 04:00 PM,CONFIRMED,Interested in weekend morning visit.,2026-07-21 06:49:04
VST1171,PROP1359,OWN1285,Upasna Lanka,upasnalanka24@yahoo.co.in,+91-887054398,2026-07-11 11:30 AM,COMPLETED,Looking for urgent possession.,2026-07-21 06:48:31
VST1172,PROP1998,OWN1286,Falguni Walla,falguniwalla87@gmail.com,+91-945896226,2026-07-13 10:00 AM,CONFIRMED,Needs confirmation from owner regarding pets.,2026-07-21 06:47:45
VST1173,PROP1781,OWN1159,Balendra Biswas,balendrabiswas54@yahoo.co.in,+91-734347841,2026-07-05 11:30 AM,PENDING,Requested callback prior to arrival.,2026-07-21 06:48:30
VST1174,PROP1072,OWN1073,Utkarsh Chana,utkarshchana91@outlook.com,+91-722315507,2026-07-17 06:30 PM,PENDING,Requested callback prior to arrival.,2026-07-21 06:47:19
VST1175,PROP1430,OWN1233,Sachi Ganesan,sachiganesan30@yahoo.co.in,+91-851827259,2026-08-01 06:30 PM,CONFIRMED,Looking for urgent possession.,2026-07-21 06:48:56
VST1176,PROP1611,OWN1044,Ekta Bhalla,ektabhalla29@gmail.com,+91-792924837,2026-07-08 10:00 AM,COMPLETED,Visiting with family.,2026-07-21 06:47:52
VST1177,PROP1454,OWN1218,Yash Wali,yashwali87@yahoo.co.in,+91-865590800,2026-07-15 02:00 PM,CONFIRMED,Looking for urgent possession.,2026-07-21 06:48:29
VST1178,PROP1117,OWN1177,Onkar Gill,onkargill24@yahoo.co.in,+91-889609131,2026-06-25 04:00 PM,PENDING,Visiting with family.,2026-07-21 06:48:52
VST1179,PROP1047,OWN1113,Widisha Dhar,widishadhar86@yahoo.co.in,+91-711031743,2026-07-04 11:30 AM,CONFIRMED,Wants to check parking space and metro distance.,2026-07-21 06:48:24
VST1180,PROP1786,OWN1071,Aadhya Andra,aadhyaandra47@yahoo.co.in,+91-826104026,2026-08-13 10:00 AM,PENDING,Requested callback prior to arrival.,2026-07-21 06:48:03
VST1181,PROP1180,OWN1067,Nakul Borah,nakulborah78@yahoo.co.in,+91-940884937,2026-07-17 05:30 PM,PENDING,Needs confirmation from owner regarding pets.,2026-07-21 06:47:49
VST1182,PROP1826,OWN1182,Panini Krishna,paninikrishna60@gmail.com,+91-915677713,2026-07-18 04:00 PM,CONFIRMED,Interested in weekend morning visit.,2026-07-21 06:47:44
VST1183,PROP1883,OWN1161,Vasudha Chhabra,vasudhachhabra64@outlook.com,+91-964280720,2026-07-05 06:30 PM,COMPLETED,Visiting with family.,2026-07-21 06:48:16
VST1184,PROP1118,OWN1208,Chakrika Bains,chakrikabains51@gmail.com,+91-792963368,2026-08-18 04:00 PM,COMPLETED,Visiting with family.,2026-07-21 06:48:26
VST1185,PROP1091,OWN1224,Abhiram Bawa,abhirambawa41@gmail.com,+91-889036966,2026-08-14 04:00 PM,PENDING,Requested callback prior to arrival.,2026-07-21 06:48:37
VST1186,PROP1892,OWN1159,Victor Pandey,victorpandey53@outlook.com,+91-754703713,2026-07-04 11:30 AM,CONFIRMED,Needs confirmation from owner regarding pets.,2026-07-21 06:47:30
VST1187,PROP1117,OWN1272,Laksh Chatterjee,lakshchatterjee34@outlook.com,+91-857123808,2026-08-14 06:30 PM,CANCELLED,Needs confirmation from owner regarding pets.,2026-07-21 06:48:25
VST1188,PROP1835,OWN1076,Ridhi Bandi,ridhibandi23@gmail.com,+91-744355473,2026-07-25 11:30 AM,CONFIRMED,Wants to check parking space and metro distance.,2026-07-21 06:48:35
VST1189,PROP1779,OWN1039,Chakrika Narain,chakrikanarain90@gmail.com,+91-872270726,2026-08-04 05:30 PM,COMPLETED,Requested callback prior to arrival.,2026-07-21 06:47:29
VST1190,PROP1698,OWN1290,Jasmit Wali,jasmitwali91@outlook.com,+91-953380275,2026-07-21 06:30 PM,CONFIRMED,Requested callback prior to arrival.,2026-07-21 06:47:40
VST1191,PROP1070,OWN1241,Aarini Subramaniam,aarinisubramaniam90@yahoo.co.in,+91-846866075,2026-08-18 05:30 PM,CONFIRMED,Looking for urgent possession.,2026-07-21 06:47:43
VST1192,PROP1076,OWN1159,Ishwar Sidhu,ishwarsidhu67@yahoo.co.in,+91-717635653,2026-08-17 02:00 PM,COMPLETED,Interested in weekend morning visit.,2026-07-21 06:47:24
VST1193,PROP1661,OWN1047,Mekhala Pau,mekhalapau86@outlook.com,+91-961604364,2026-06-26 04:00 PM,PENDING,Needs confirmation from owner regarding pets.,2026-07-21 06:47:55
VST1194,PROP1918,OWN1022,Jatin Sha,jatinsha83@yahoo.co.in,+91-935265073,2026-07-13 02:00 PM,COMPLETED,Looking for urgent possession.,2026-07-21 06:48:37
VST1195,PROP1155,OWN1032,Lakshmi Prabhu,lakshmiprabhu23@yahoo.co.in,+91-821318464,2026-06-27 05:30 PM,COMPLETED,Interested in weekend morning visit.,2026-07-21 06:47:36
VST1196,PROP1254,OWN1225,Falak Kant,falakkant77@yahoo.co.in,+91-991846696,2026-07-29 11:30 AM,PENDING,Visiting with family.,2026-07-21 06:48:24
VST1197,PROP1397,OWN1210,Chasmum Rege,chasmumrege96@yahoo.co.in,+91-917028380,2026-06-28 06:30 PM,COMPLETED,Interested in weekend morning visit.,2026-07-21 06:47:13
VST1198,PROP1338,OWN1049,Daksha Tailor,dakshatailor96@outlook.com,+91-848137561,2026-06-27 02:00 PM,COMPLETED,Needs confirmation from owner regarding pets.,2026-07-21 06:47:36
VST1199,PROP1988,OWN1077,Lipika Setty,lipikasetty20@yahoo.co.in,+91-999068509,2026-07-13 11:30 AM,CANCELLED,Visiting with family.,2026-07-21 06:49:01
VST1200,PROP1991,OWN1201,Mohammed Sachdeva,mohammedsachdeva86@gmail.com,+91-921370793,2026-07-30 02:00 PM,PENDING,Needs confirmation from owner regarding pets.,2026-07-21 06:48:48
VST1201,PROP1811,OWN1169,Ati Bali,atibali95@gmail.com,+91-980651318,2026-08-01 10:00 AM,COMPLETED,Requested callback prior to arrival.,2026-07-21 06:47:34
VST1202,PROP1521,OWN1186,Warinder Patil,warinderpatil56@gmail.com,+91-834194479,2026-06-26 11:30 AM,CONFIRMED,Requested callback prior to arrival.,2026-07-21 06:48:30
VST1203,PROP1197,OWN1116,Darsh Rao,darshrao29@gmail.com,+91-749700543,2026-07-07 10:00 AM,PENDING,Looking for urgent possession.,2026-07-21 06:49:04
VST1204,PROP1856,OWN1270,Gavin Kala,gavinkala94@gmail.com,+91-892950779,2026-07-29 11:30 AM,PENDING,Wants to check parking space and metro distance.,2026-07-21 06:48:19
VST1205,PROP1167,OWN1093,Chandresh Nath,chandreshnath89@outlook.com,+91-768743530,2026-07-05 10:00 AM,PENDING,Needs confirmation from owner regarding pets.,2026-07-21 06:47:23
VST1206,PROP1737,OWN1122,Ekapad Johal,ekapadjohal88@yahoo.co.in,+91-870254091,2026-07-26 11:30 AM,PENDING,Visiting with family.,2026-07-21 06:48:45
VST1207,PROP1989,OWN1241,Falguni Divan,falgunidivan57@gmail.com,+91-986560394,2026-08-07 04:00 PM,PENDING,Visiting with family.,2026-07-21 06:48:19
VST1208,PROP1797,OWN1196,Maanav De,maanavde77@outlook.com,+91-831751079,2026-07-23 11:30 AM,COMPLETED,Wants to check parking space and metro distance.,2026-07-21 06:48:43
VST1209,PROP1894,OWN1129,Atharv Deep,atharvdeep92@gmail.com,+91-859823245,2026-06-21 05:30 PM,CANCELLED,Needs confirmation from owner regarding pets.,2026-07-21 06:48:42
VST1210,PROP1867,OWN1265,Ekiya Babu,ekiyababu46@gmail.com,+91-731516757,2026-07-01 02:00 PM,PENDING,Looking for urgent possession.,2026-07-21 06:47:14
VST1211,PROP1151,OWN1224,Ishaan Bhatt,ishaanbhatt38@gmail.com,+91-856920514,2026-07-19 10:00 AM,PENDING,Requested callback prior to arrival.,2026-07-21 06:48:41
VST1212,PROP1515,OWN1192,Siya Thakur,siyathakur59@gmail.com,+91-760319927,2026-07-04 11:30 AM,CONFIRMED,Interested in weekend morning visit.,2026-07-21 06:48:21
VST1213,PROP1860,OWN1172,Tara Balasubramanian,tarabalasubramanian27@gmail.com,+91-748504300,2026-06-24 04:00 PM,COMPLETED,Wants to check parking space and metro distance.,2026-07-21 06:48:05
VST1214,PROP1778,OWN1241,Pooja Chokshi,poojachokshi88@yahoo.co.in,+91-720633503,2026-07-20 10:00 AM,CONFIRMED,Wants to check parking space and metro distance.,2026-07-21 06:48:57
VST1215,PROP1562,OWN1271,Faris Nagy,farisnagy24@yahoo.co.in,+91-841895531,2026-07-27 02:00 PM,CONFIRMED,Wants to check parking space and metro distance.,2026-07-21 06:47:15
VST1216,PROP1430,OWN1235,Ekta Raj,ektaraj24@gmail.com,+91-890092958,2026-08-19 05:30 PM,CONFIRMED,Looking for urgent possession.,2026-07-21 06:48:11
VST1217,PROP1589,OWN1124,Yashasvi Sani,yashasvisani28@outlook.com,+91-867611469,2026-06-26 10:00 AM,COMPLETED,Wants to check parking space and metro distance.,2026-07-21 06:48:32
VST1218,PROP1585,OWN1214,Qushi Seth,qushiseth95@gmail.com,+91-921490910,2026-08-13 05:30 PM,CANCELLED,Interested in weekend morning visit.,2026-07-21 06:47:57
VST1219,PROP1977,OWN1270,Mohini Sagar,mohinisagar74@outlook.com,+91-984377016,2026-08-03 10:00 AM,PENDING,Requested callback prior to arrival.,2026-07-21 06:47:45
VST1220,PROP1045,OWN1199,Aadhya Prasad,aadhyaprasad42@yahoo.co.in,+91-912179995,2026-08-17 02:00 PM,COMPLETED,Visiting with family.,2026-07-21 06:48:30
VST1221,PROP1247,OWN1054,Ekalinga Chand,ekalingachand52@outlook.com,+91-715950635,2026-08-09 02:00 PM,PENDING,Needs confirmation from owner regarding pets.,2026-07-21 06:47:19
VST1222,PROP1180,OWN1238,Kashish De,kashishde71@outlook.com,+91-934464938,2026-07-24 11:30 AM,CONFIRMED,Requested callback prior to arrival.,2026-07-21 06:48:18
VST1223,PROP1038,OWN1151,Jason Roy,jasonroy15@gmail.com,+91-715624520,2026-07-12 02:00 PM,CANCELLED,Looking for urgent possession.,2026-07-21 06:48:27
VST1224,PROP1408,OWN1279,Charan Mani,charanmani42@yahoo.co.in,+91-796825515,2026-07-27 11:30 AM,CONFIRMED,Interested in weekend morning visit.,2026-07-21 06:47:50
VST1225,PROP1887,OWN1170,Mohammed Subramaniam,mohammedsubramaniam25@yahoo.co.in,+91-868646621,2026-07-04 04:00 PM,COMPLETED,Requested callback prior to arrival.,2026-07-21 06:47:20
VST1226,PROP1348,OWN1096,Ishwar Mallick,ishwarmallick98@yahoo.co.in,+91-859304469,2026-07-25 05:30 PM,CONFIRMED,Interested in weekend morning visit.,2026-07-21 06:48:44
VST1227,PROP1745,OWN1218,Amara Balakrishnan,amarabalakrishnan65@gmail.com,+91-934220459,2026-07-01 05:30 PM,CONFIRMED,Interested in weekend morning visit.,2026-07-21 06:48:32
VST1228,PROP1082,OWN1168,Harinakshi Panchal,harinakshipanchal47@outlook.com,+91-869849800,2026-06-21 05:30 PM,COMPLETED,Wants to check parking space and metro distance.,2026-07-21 06:48:52
VST1229,PROP1707,OWN1228,Ekaraj Dhar,ekarajdhar67@yahoo.co.in,+91-757319709,2026-08-04 05:30 PM,CANCELLED,Visiting with family.,2026-07-21 06:49:04
VST1230,PROP1655,OWN1030,Tanveer Puri,tanveerpuri95@gmail.com,+91-964520614,2026-07-16 02:00 PM,PENDING,Needs confirmation from owner regarding pets.,2026-07-21 06:47:48
VST1231,PROP1696,OWN1082,Devika Nair,devikanair28@gmail.com,+91-968810561,2026-08-06 10:00 AM,CONFIRMED,Wants to check parking space and metro distance.,2026-07-21 06:48:16
VST1232,PROP1798,OWN1188,Charles Dugal,charlesdugal59@yahoo.co.in,+91-914346684,2026-06-30 05:30 PM,CONFIRMED,Requested callback prior to arrival.,2026-07-21 06:48:22
VST1233,PROP1972,OWN1190,Anita Savant,anitasavant66@yahoo.co.in,+91-787030477,2026-07-30 11:30 AM,PENDING,Requested callback prior to arrival.,2026-07-21 06:48:06
VST1234,PROP1322,OWN1143,Oeshi Mahajan,oeshimahajan24@gmail.com,+91-734970946,2026-07-03 04:00 PM,PENDING,Looking for urgent possession.,2026-07-21 06:48:09
VST1235,PROP1121,OWN1135,Qushi Choudhry,qushichoudhry67@yahoo.co.in,+91-792124765,2026-07-07 02:00 PM,COMPLETED,Requested callback prior to arrival.,2026-07-21 06:48:29
VST1236,PROP1205,OWN1063,Darika Bath,darikabath19@gmail.com,+91-833173544,2026-07-04 06:30 PM,PENDING,Interested in weekend morning visit.,2026-07-21 06:49:06
VST1237,PROP1830,OWN1164,Abhimanyu Jayaraman,abhimanyujayaraman54@outlook.com,+91-918715975,2026-07-09 05:30 PM,PENDING,Visiting with family.,2026-07-21 06:47:33
VST1238,PROP1872,OWN1081,Aadhya Mann,aadhyamann99@outlook.com,+91-933366099,2026-07-10 02:00 PM,PENDING,Interested in weekend morning visit.,2026-07-21 06:47:08
VST1239,PROP1206,OWN1072,Parth Dayal,parthdayal73@gmail.com,+91-758438711,2026-07-13 05:30 PM,PENDING,Requested callback prior to arrival.,2026-07-21 06:48:32
VST1240,PROP1823,OWN1283,Ekbal Ranganathan,ekbalranganathan88@gmail.com,+91-718824561,2026-08-11 02:00 PM,PENDING,Needs confirmation from owner regarding pets.,2026-07-21 06:47:13
VST1241,PROP1737,OWN1246,Tripti Brahmbhatt,triptibrahmbhatt62@outlook.com,+91-887161840,2026-08-11 10:00 AM,CONFIRMED,Visiting with family.,2026-07-21 06:48:17
VST1242,PROP1658,OWN1038,Omisha Mann,omishamann69@yahoo.co.in,+91-979438885,2026-06-27 02:00 PM,CONFIRMED,Looking for urgent possession.,2026-07-21 06:47:10
VST1243,PROP1656,OWN1094,Onveer Sharma,onveersharma65@gmail.com,+91-917437386,2026-08-09 10:00 AM,PENDING,Visiting with family.,2026-07-21 06:48:58
VST1244,PROP1169,OWN1083,Rajeshri Cherian,rajeshricherian38@yahoo.co.in,+91-879645282,2026-07-05 02:00 PM,COMPLETED,Visiting with family.,2026-07-21 06:48:18
VST1245,PROP1202,OWN1283,Meghana Mukherjee,meghanamukherjee26@yahoo.co.in,+91-950644430,2026-08-04 05:30 PM,PENDING,Looking for urgent possession.,2026-07-21 06:47:34
VST1246,PROP1657,OWN1087,Faraj Uppal,farajuppal84@outlook.com,+91-732978158,2026-07-28 06:30 PM,COMPLETED,Looking for urgent possession.,2026-07-21 06:48:11
VST1247,PROP1346,OWN1289,Ikshita Panchal,ikshitapanchal13@gmail.com,+91-716101779,2026-08-03 06:30 PM,COMPLETED,Visiting with family.,2026-07-21 06:48:46
VST1248,PROP1667,OWN1108,Warinder Chauhan,warinderchauhan63@outlook.com,+91-995763946,2026-06-29 10:00 AM,PENDING,Needs confirmation from owner regarding pets.,2026-07-21 06:47:31
VST1249,PROP1559,OWN1149,Faqid Goel,faqidgoel48@outlook.com,+91-842866956,2026-08-17 06:30 PM,PENDING,Requested callback prior to arrival.,2026-07-21 06:48:23
VST1250,PROP1075,OWN1031,Saumya Naidu,saumyanaidu66@gmail.com,+91-874995086,2026-08-11 04:00 PM,CONFIRMED,Looking for urgent possession.,2026-07-21 06:48:23
VST1251,PROP1148,OWN1161,Ria Bir,riabir50@outlook.com,+91-956354851,2026-07-19 04:00 PM,CONFIRMED,Visiting with family.,2026-07-21 06:48:23
VST1252,PROP1528,OWN1288,Daksh Pandey,dakshpandey50@gmail.com,+91-772608888,2026-07-21 10:00 AM,CONFIRMED,Wants to check parking space and metro distance.,2026-07-21 06:47:45
VST1253,PROP1145,OWN1050,Baljiwan Bhandari,baljiwanbhandari47@gmail.com,+91-892594562,2026-07-13 04:00 PM,CONFIRMED,Wants to check parking space and metro distance.,2026-07-21 06:47:42
VST1254,PROP1834,OWN1168,Yashica Rajagopalan,yashicarajagopalan50@outlook.com,+91-731386576,2026-07-18 04:00 PM,CANCELLED,Requested callback prior to arrival.,2026-07-21 06:48:14
VST1255,PROP1511,OWN1158,Shivani Guha,shivaniguha12@yahoo.co.in,+91-762780072,2026-07-10 05:30 PM,PENDING,Wants to check parking space and metro distance.,2026-07-21 06:48:05
VST1256,PROP1221,OWN1299,David Seshadri,davidseshadri16@yahoo.co.in,+91-747763008,2026-06-27 04:00 PM,PENDING,Needs confirmation from owner regarding pets.,2026-07-21 06:48:55
VST1257,PROP1689,OWN1241,Frado Thaman,fradothaman78@yahoo.co.in,+91-724428014,2026-07-29 04:00 PM,CONFIRMED,Visiting with family.,2026-07-21 06:47:12
VST1258,PROP1745,OWN1188,Reva Viswanathan,revaviswanathan56@yahoo.co.in,+91-763765155,2026-07-22 10:00 AM,PENDING,Wants to check parking space and metro distance.,2026-07-21 06:47:27
VST1259,PROP1372,OWN1284,Barkha Ram,barkharam19@yahoo.co.in,+91-877680031,2026-07-15 04:00 PM,COMPLETED,Visiting with family.,2026-07-21 06:47:48
VST1260,PROP1846,OWN1061,Gaurika Bhatti,gaurikabhatti22@gmail.com,+91-860089832,2026-07-10 02:00 PM,PENDING,Visiting with family.,2026-07-21 06:48:14
VST1261,PROP1774,OWN1074,Bhanumati Krishnan,bhanumatikrishnan87@gmail.com,+91-963873262,2026-08-03 05:30 PM,CONFIRMED,Interested in weekend morning visit.,2026-07-21 06:48:26
VST1262,PROP1141,OWN1171,Gauri Bumb,gauribumb76@yahoo.co.in,+91-829990477,2026-07-25 05:30 PM,COMPLETED,Wants to check parking space and metro distance.,2026-07-21 06:47:24
VST1263,PROP1336,OWN1164,Dayita Ramanathan,dayitaramanathan60@gmail.com,+91-950162553,2026-06-28 05:30 PM,CONFIRMED,Looking for urgent possession.,2026-07-21 06:48:33
VST1264,PROP1546,OWN1251,Dayita Puri,dayitapuri82@outlook.com,+91-873739005,2026-07-29 10:00 AM,PENDING,Needs confirmation from owner regarding pets.,2026-07-21 06:47:47
VST1265,PROP1113,OWN1214,Girik Sampath,giriksampath49@outlook.com,+91-994457912,2026-07-21 10:00 AM,PENDING,Visiting with family.,2026-07-21 06:47:10
VST1266,PROP1991,OWN1297,Pranit Kala,pranitkala39@outlook.com,+91-916892773,2026-07-11 05:30 PM,PENDING,Looking for urgent possession.,2026-07-21 06:48:39
VST1267,PROP1645,OWN1195,Upkaar Devan,upkaardevan97@gmail.com,+91-714237322,2026-06-30 05:30 PM,CANCELLED,Interested in weekend morning visit.,2026-07-21 06:47:43
VST1268,PROP1196,OWN1010,Yashica Zacharia,yashicazacharia50@yahoo.co.in,+91-830324759,2026-08-10 04:00 PM,COMPLETED,Requested callback prior to arrival.,2026-07-21 06:48:54
VST1269,PROP1514,OWN1242,Gayathri Deep,gayathrideep17@outlook.com,+91-928533117,2026-07-26 05:30 PM,CONFIRMED,Visiting with family.,2026-07-21 06:47:26
VST1270,PROP1679,OWN1245,Noah Sarma,noahsarma58@outlook.com,+91-833244151,2026-06-23 04:00 PM,CANCELLED,Visiting with family.,2026-07-21 06:47:51
VST1271,PROP1560,OWN1182,Sachi Mane,sachimane97@outlook.com,+91-945482091,2026-08-05 05:30 PM,PENDING,Wants to check parking space and metro distance.,2026-07-21 06:48:42
VST1272,PROP1286,OWN1286,William More,williammore38@yahoo.co.in,+91-848789478,2026-08-17 06:30 PM,CONFIRMED,Needs confirmation from owner regarding pets.,2026-07-21 06:48:42
VST1273,PROP1501,OWN1163,Jhalak Sastry,jhalaksastry54@yahoo.co.in,+91-946702849,2026-07-18 02:00 PM,CONFIRMED,Needs confirmation from owner regarding pets.,2026-07-21 06:47:41
VST1274,PROP1557,OWN1195,Yadavi Wable,yadaviwable54@yahoo.co.in,+91-748983895,2026-07-16 10:00 AM,CONFIRMED,Needs confirmation from owner regarding pets.,2026-07-21 06:47:27
VST1275,PROP1081,OWN1178,Lakshit Krishna,lakshitkrishna93@yahoo.co.in,+91-874300930,2026-06-24 11:30 AM,CONFIRMED,Looking for urgent possession.,2026-07-21 06:48:05
VST1276,PROP1278,OWN1288,Harshil Varty,harshilvarty44@outlook.com,+91-724660143,2026-08-11 05:30 PM,COMPLETED,Wants to check parking space and metro distance.,2026-07-21 06:47:42
VST1277,PROP1249,OWN1026,Anjali Sengupta,anjalisengupta77@outlook.com,+91-795623471,2026-08-14 11:30 AM,CONFIRMED,Requested callback prior to arrival.,2026-07-21 06:47:25
VST1278,PROP1339,OWN1242,Gavin Kapadia,gavinkapadia97@gmail.com,+91-710695441,2026-08-09 05:30 PM,CANCELLED,Wants to check parking space and metro distance.,2026-07-21 06:48:54
VST1279,PROP1417,OWN1244,Oeshi Bera,oeshibera93@yahoo.co.in,+91-748553376,2026-07-14 02:00 PM,CONFIRMED,Interested in weekend morning visit.,2026-07-21 06:47:52
VST1280,PROP1930,OWN1046,Finn Prasad,finnprasad83@outlook.com,+91-781826922,2026-07-04 06:30 PM,COMPLETED,Interested in weekend morning visit.,2026-07-21 06:47:46
VST1281,PROP1936,OWN1090,Gautami Dhingra,gautamidhingra32@yahoo.co.in,+91-763283709,2026-06-29 04:00 PM,CONFIRMED,Needs confirmation from owner regarding pets.,2026-07-21 06:47:42
VST1282,PROP1986,OWN1149,Liam Singh,liamsingh11@gmail.com,+91-886230551,2026-07-17 05:30 PM,CONFIRMED,Visiting with family.,2026-07-21 06:47:08
VST1283,PROP1292,OWN1233,Anirudh Kunda,anirudhkunda79@outlook.com,+91-976291802,2026-07-03 11:30 AM,COMPLETED,Requested callback prior to arrival.,2026-07-21 06:47:25
VST1284,PROP1280,OWN1099,Indrajit Mani,indrajitmani52@gmail.com,+91-771594457,2026-07-05 06:30 PM,CONFIRMED,Wants to check parking space and metro distance.,2026-07-21 06:47:22
VST1285,PROP1015,OWN1173,Oni Shankar,onishankar82@yahoo.co.in,+91-935925669,2026-06-24 11:30 AM,COMPLETED,Needs confirmation from owner regarding pets.,2026-07-21 06:48:48
VST1286,PROP1919,OWN1208,Amol Varma,amolvarma75@yahoo.co.in,+91-821641746,2026-07-25 04:00 PM,COMPLETED,Wants to check parking space and metro distance.,2026-07-21 06:48:34
VST1287,PROP1144,OWN1245,Pushti Agarwal,pushtiagarwal41@yahoo.co.in,+91-745002007,2026-07-27 04:00 PM,CONFIRMED,Visiting with family.,2026-07-21 06:47:36
VST1288,PROP1977,OWN1169,Rachit Chada,rachitchada84@yahoo.co.in,+91-986890296,2026-07-22 10:00 AM,CONFIRMED,Visiting with family.,2026-07-21 06:47:51
VST1289,PROP1710,OWN1121,Madhavi Singhal,madhavisinghal95@gmail.com,+91-772464258,2026-06-23 02:00 PM,CONFIRMED,Needs confirmation from owner regarding pets.,2026-07-21 06:47:54
VST1290,PROP1515,OWN1160,Zehaan Babu,zehaanbabu25@outlook.com,+91-949599276,2026-07-12 02:00 PM,COMPLETED,Wants to check parking space and metro distance.,2026-07-21 06:47:16
VST1291,PROP1981,OWN1069,Hemang Natarajan,hemangnatarajan29@yahoo.co.in,+91-891300905,2026-06-29 02:00 PM,PENDING,Looking for urgent possession.,2026-07-21 06:47:50
VST1292,PROP1935,OWN1242,Parth Shetty,parthshetty95@outlook.com,+91-743214247,2026-08-18 06:30 PM,COMPLETED,Interested in weekend morning visit.,2026-07-21 06:48:05
VST1293,PROP1539,OWN1229,Krishna Bhatnagar,krishnabhatnagar56@outlook.com,+91-785721444,2026-08-02 10:00 AM,CONFIRMED,Looking for urgent possession.,2026-07-21 06:49:01
VST1294,PROP1925,OWN1259,Chaaya Jaggi,chaayajaggi83@gmail.com,+91-930112846,2026-06-23 11:30 AM,CONFIRMED,Looking for urgent possession.,2026-07-21 06:47:31
VST1295,PROP1453,OWN1060,Diya Mukherjee,diyamukherjee36@outlook.com,+91-988268756,2026-07-21 04:00 PM,CONFIRMED,Looking for urgent possession.,2026-07-21 06:49:06
VST1296,PROP1457,OWN1029,Zehaan Bansal,zehaanbansal26@yahoo.co.in,+91-965757342,2026-08-05 04:00 PM,PENDING,Looking for urgent possession.,2026-07-21 06:47:30
VST1297,PROP1474,OWN1158,Champak Narula,champaknarula12@outlook.com,+91-844152669,2026-07-07 10:00 AM,COMPLETED,Looking for urgent possession.,2026-07-21 06:48:43
VST1298,PROP1075,OWN1024,Mugdha Sarraf,mugdhasarraf54@yahoo.co.in,+91-918557710,2026-08-13 05:30 PM,CANCELLED,Interested in weekend morning visit.,2026-07-21 06:47:54
VST1299,PROP1957,OWN1242,Watika Tank,watikatank46@gmail.com,+91-834156684,2026-07-13 11:30 AM,COMPLETED,Needs confirmation from owner regarding pets.,2026-07-21 06:48:43
VST1300,PROP1662,OWN1216,Fitan Samra,fitansamra58@yahoo.co.in,+91-860666702,2026-06-25 04:00 PM,CONFIRMED,Needs confirmation from owner regarding pets.,2026-07-21 06:48:20
VST1301,PROP1896,OWN1277,Chaaya Nagi,chaayanagi93@gmail.com,+91-825922674,2026-06-27 11:30 AM,CANCELLED,Requested callback prior to arrival.,2026-07-21 06:47:47
VST1302,PROP1542,OWN1066,Damini Sehgal,daminisehgal38@outlook.com,+91-713051483,2026-07-27 02:00 PM,PENDING,Needs confirmation from owner regarding pets.,2026-07-21 06:47:59
VST1303,PROP1558,OWN1218,Indali Sekhon,indalisekhon58@outlook.com,+91-743220503,2026-06-23 04:00 PM,CONFIRMED,Visiting with family.,2026-07-21 06:48:52
VST1304,PROP1194,OWN1058,Radhika Maharaj,radhikamaharaj94@gmail.com,+91-892533595,2026-07-29 10:00 AM,CONFIRMED,Interested in weekend morning visit.,2026-07-21 06:48:42
VST1305,PROP1104,OWN1018,Falan Ravi,falanravi86@yahoo.co.in,+91-916533225,2026-07-12 11:30 AM,COMPLETED,Requested callback prior to arrival.,2026-07-21 06:48:44
VST1306,PROP1450,OWN1120,Azaan Dhar,azaandhar37@outlook.com,+91-728808678,2026-08-10 05:30 PM,CANCELLED,Wants to check parking space and metro distance.,2026-07-21 06:48:29
VST1307,PROP1836,OWN1295,Bakhshi Date,bakhshidate83@yahoo.co.in,+91-953038943,2026-06-25 11:30 AM,CONFIRMED,Wants to check parking space and metro distance.,2026-07-21 06:48:41
VST1308,PROP1677,OWN1267,Janaki Rajagopal,janakirajagopal62@gmail.com,+91-846930534,2026-08-16 10:00 AM,PENDING,Looking for urgent possession.,2026-07-21 06:47:11
VST1309,PROP1901,OWN1090,Shivani Prabhakar,shivaniprabhakar96@outlook.com,+91-884605013,2026-07-13 04:00 PM,CONFIRMED,Visiting with family.,2026-07-21 06:48:39
VST1310,PROP1965,OWN1196,Jeevika Rao,jeevikarao50@outlook.com,+91-965878146,2026-07-09 04:00 PM,CONFIRMED,Requested callback prior to arrival.,2026-07-21 06:47:41
VST1311,PROP1189,OWN1276,Atharv Grewal,atharvgrewal40@yahoo.co.in,+91-750364158,2026-07-20 06:30 PM,CONFIRMED,Requested callback prior to arrival.,2026-07-21 06:47:54
VST1312,PROP1937,OWN1030,Adweta Lad,adwetalad62@outlook.com,+91-884797762,2026-08-02 05:30 PM,CONFIRMED,Wants to check parking space and metro distance.,2026-07-21 06:47:33
VST1313,PROP1262,OWN1105,Vritti Iyengar,vrittiiyengar92@yahoo.co.in,+91-770369365,2026-06-28 02:00 PM,CONFIRMED,Needs confirmation from owner regarding pets.,2026-07-21 06:48:50
VST1314,PROP1850,OWN1098,Orinder Saxena,orindersaxena44@gmail.com,+91-891197624,2026-08-19 05:30 PM,CONFIRMED,Interested in weekend morning visit.,2026-07-21 06:48:45
VST1315,PROP1193,OWN1287,Idika Bhattacharyya,idikabhattacharyya71@gmail.com,+91-754689713,2026-07-23 02:00 PM,CANCELLED,Interested in weekend morning visit.,2026-07-21 06:47:42
VST1316,PROP1217,OWN1098,Nakul Ghosh,nakulghosh25@outlook.com,+91-974279671,2026-08-07 11:30 AM,COMPLETED,Needs confirmation from owner regarding pets.,2026-07-21 06:48:09
VST1317,PROP1210,OWN1204,Sai Dewan,saidewan80@gmail.com,+91-847991562,2026-07-05 04:00 PM,PENDING,Needs confirmation from owner regarding pets.,2026-07-21 06:48:07
VST1318,PROP1368,OWN1158,Jyoti Sibal,jyotisibal56@yahoo.co.in,+91-976743428,2026-08-08 04:00 PM,CONFIRMED,Needs confirmation from owner regarding pets.,2026-07-21 06:48:14
VST1319,PROP1481,OWN1164,Dominic More,dominicmore57@gmail.com,+91-865556767,2026-07-14 10:00 AM,PENDING,Wants to check parking space and metro distance.,2026-07-21 06:48:34
VST1320,PROP1760,OWN1075,Nirja Rout,nirjarout43@gmail.com,+91-988387434,2026-08-09 05:30 PM,COMPLETED,Visiting with family.,2026-07-21 06:47:16
VST1321,PROP1157,OWN1101,Ethan Sengupta,ethansengupta39@yahoo.co.in,+91-886475853,2026-07-18 11:30 AM,PENDING,Needs confirmation from owner regarding pets.,2026-07-21 06:48:10
VST1322,PROP1967,OWN1173,Qabil Dayal,qabildayal72@yahoo.co.in,+91-996126771,2026-07-16 06:30 PM,PENDING,Wants to check parking space and metro distance.,2026-07-21 06:48:57
VST1323,PROP1751,OWN1181,Jeet Vasa,jeetvasa27@gmail.com,+91-983356206,2026-06-30 04:00 PM,CONFIRMED,Looking for urgent possession.,2026-07-21 06:47:27
VST1324,PROP1658,OWN1031,Umang Pal,umangpal14@outlook.com,+91-799686372,2026-08-16 10:00 AM,COMPLETED,Requested callback prior to arrival.,2026-07-21 06:48:10
VST1325,PROP1141,OWN1119,Farhan Krishna,farhankrishna29@gmail.com,+91-739356057,2026-07-02 05:30 PM,PENDING,Interested in weekend morning visit.,2026-07-21 06:49:02
VST1326,PROP1633,OWN1248,Jeremiah Mitter,jeremiahmitter72@outlook.com,+91-710887495,2026-07-27 05:30 PM,PENDING,Interested in weekend morning visit.,2026-07-21 06:47:19
VST1327,PROP1018,OWN1272,Mitesh Garg,miteshgarg45@outlook.com,+91-948478684,2026-07-30 10:00 AM,PENDING,Needs confirmation from owner regarding pets.,2026-07-21 06:48:34
VST1328,PROP1691,OWN1221,Benjamin Balakrishnan,benjaminbalakrishnan23@gmail.com,+91-780381817,2026-06-25 11:30 AM,CONFIRMED,Looking for urgent possession.,2026-07-21 06:49:01
VST1329,PROP1540,OWN1130,Shivansh Saha,shivanshsaha44@yahoo.co.in,+91-820605783,2026-07-28 02:00 PM,CANCELLED,Requested callback prior to arrival.,2026-07-21 06:47:11
VST1330,PROP1579,OWN1125,Chasmum Subramanian,chasmumsubramanian38@outlook.com,+91-820820219,2026-07-05 06:30 PM,CANCELLED,Needs confirmation from owner regarding pets.,2026-07-21 06:48:44
VST1331,PROP1778,OWN1017,Chameli Setty,chamelisetty61@gmail.com,+91-860622842,2026-06-25 05:30 PM,PENDING,Needs confirmation from owner regarding pets.,2026-07-21 06:47:15
VST1332,PROP1010,OWN1088,Ojasvi Sule,ojasvisule73@gmail.com,+91-896557984,2026-07-18 02:00 PM,PENDING,Interested in weekend morning visit.,2026-07-21 06:47:48
VST1333,PROP1917,OWN1271,Dhriti Nagar,dhritinagar39@gmail.com,+91-786072480,2026-08-04 04:00 PM,CONFIRMED,Interested in weekend morning visit.,2026-07-21 06:48:51
VST1334,PROP1701,OWN1144,Kalpit Prabhakar,kalpitprabhakar82@outlook.com,+91-914416002,2026-07-21 11:30 AM,CANCELLED,Visiting with family.,2026-07-21 06:47:20
VST1335,PROP1017,OWN1107,Unnati Das,unnatidas28@outlook.com,+91-963458386,2026-07-07 10:00 AM,CONFIRMED,Looking for urgent possession.,2026-07-21 06:47:37
VST1336,PROP1247,OWN1291,Chandresh Mannan,chandreshmannan96@yahoo.co.in,+91-954524025,2026-08-16 04:00 PM,COMPLETED,Wants to check parking space and metro distance.,2026-07-21 06:48:51
VST1337,PROP1810,OWN1041,Yuvraj Dutta,yuvrajdutta54@outlook.com,+91-723111164,2026-08-08 04:00 PM,CONFIRMED,Interested in weekend morning visit.,2026-07-21 06:49:00
VST1338,PROP1349,OWN1204,Ranveer Dutta,ranveerdutta13@yahoo.co.in,+91-946685332,2026-07-20 04:00 PM,PENDING,Visiting with family.,2026-07-21 06:48:09
VST1339,PROP1567,OWN1193,Darika Tank,darikatank33@yahoo.co.in,+91-988634827,2026-06-22 06:30 PM,PENDING,Looking for urgent possession.,2026-07-21 06:49:01
VST1340,PROP1303,OWN1127,Wridesh Kale,wrideshkale19@outlook.com,+91-745966597,2026-07-26 11:30 AM,PENDING,Needs confirmation from owner regarding pets.,2026-07-21 06:47:13
VST1341,PROP1158,OWN1200,Warda Singhal,wardasinghal56@yahoo.co.in,+91-722283664,2026-07-08 10:00 AM,CANCELLED,Requested callback prior to arrival.,2026-07-21 06:47:08
VST1342,PROP1369,OWN1139,Raagini Desai,raaginidesai26@gmail.com,+91-735151299,2026-08-12 04:00 PM,PENDING,Looking for urgent possession.,2026-07-21 06:48:35
VST1343,PROP1525,OWN1209,Jasmit Bath,jasmitbath13@gmail.com,+91-757501571,2026-07-15 05:30 PM,CONFIRMED,Looking for urgent possession.,2026-07-21 06:48:16
VST1344,PROP1804,OWN1167,Janani Mani,jananimani11@yahoo.co.in,+91-865540647,2026-06-25 04:00 PM,COMPLETED,Needs confirmation from owner regarding pets.,2026-07-21 06:48:08
VST1345,PROP1923,OWN1287,Jagat Dave,jagatdave83@gmail.com,+91-932761034,2026-08-18 06:30 PM,PENDING,Wants to check parking space and metro distance.,2026-07-21 06:47:55
VST1346,PROP1276,OWN1155,Jasmit Dhawan,jasmitdhawan73@yahoo.co.in,+91-718491573,2026-07-02 11:30 AM,PENDING,Requested callback prior to arrival.,2026-07-21 06:48:09
VST1347,PROP1307,OWN1248,Chakradev Barad,chakradevbarad56@gmail.com,+91-843096758,2026-06-29 06:30 PM,COMPLETED,Looking for urgent possession.,2026-07-21 06:47:47
VST1348,PROP1632,OWN1101,Zilmil Shan,zilmilshan23@yahoo.co.in,+91-750890504,2026-06-29 10:00 AM,CANCELLED,Visiting with family.,2026-07-21 06:48:55
VST1349,PROP1862,OWN1195,Falak Nagar,falaknagar66@yahoo.co.in,+91-867796330,2026-06-30 06:30 PM,CANCELLED,Wants to check parking space and metro distance.,2026-07-21 06:49:06
VST1350,PROP1308,OWN1165,Gayathri Tripathi,gayathritripathi98@outlook.com,+91-774291599,2026-08-09 02:00 PM,CONFIRMED,Requested callback prior to arrival.,2026-07-21 06:48:11
VST1351,PROP1992,OWN1164,Vaishnavi Badal,vaishnavibadal98@yahoo.co.in,+91-975901885,2026-07-13 05:30 PM,COMPLETED,Visiting with family.,2026-07-21 06:48:28
VST1352,PROP1386,OWN1144,Darika Bala,darikabala56@yahoo.co.in,+91-785678734,2026-07-26 11:30 AM,PENDING,Looking for urgent possession.,2026-07-21 06:47:39
VST1353,PROP1185,OWN1282,Charan Srinivasan,charansrinivasan69@gmail.com,+91-938138531,2026-07-01 04:00 PM,COMPLETED,Needs confirmation from owner regarding pets.,2026-07-21 06:48:23
VST1354,PROP1071,OWN1210,Manbir Kibe,manbirkibe73@outlook.com,+91-795004924,2026-06-22 02:00 PM,CONFIRMED,Needs confirmation from owner regarding pets.,2026-07-21 06:49:01
VST1355,PROP1158,OWN1217,Rayaan Bahl,rayaanbahl19@yahoo.co.in,+91-890253323,2026-07-17 04:00 PM,PENDING,Looking for urgent possession.,2026-07-21 06:47:58
VST1356,PROP1519,OWN1215,Samar Roy,samarroy14@outlook.com,+91-882062301,2026-07-21 05:30 PM,COMPLETED,Interested in weekend morning visit.,2026-07-21 06:48:21
VST1357,PROP1112,OWN1128,David Devi,daviddevi95@outlook.com,+91-832325574,2026-07-22 06:30 PM,COMPLETED,Looking for urgent possession.,2026-07-21 06:48:15
VST1358,PROP1661,OWN1205,Krisha Murthy,krishamurthy65@yahoo.co.in,+91-711415698,2026-08-17 10:00 AM,CONFIRMED,Looking for urgent possession.,2026-07-21 06:48:03
VST1359,PROP1765,OWN1266,Irya Lalla,iryalalla84@outlook.com,+91-987206788,2026-07-27 11:30 AM,PENDING,Requested callback prior to arrival.,2026-07-21 06:47:31
VST1360,PROP1475,OWN1257,Arya Misra,aryamisra54@gmail.com,+91-774796438,2026-07-04 10:00 AM,CONFIRMED,Interested in weekend morning visit.,2026-07-21 06:49:04
VST1361,PROP1119,OWN1073,Bhavya Johal,bhavyajohal49@yahoo.co.in,+91-871113711,2026-08-01 11:30 AM,PENDING,Visiting with family.,2026-07-21 06:48:06
VST1362,PROP1488,OWN1050,Ikshita Mahal,ikshitamahal99@yahoo.co.in,+91-852803305,2026-07-08 10:00 AM,CONFIRMED,Needs confirmation from owner regarding pets.,2026-07-21 06:48:16
VST1363,PROP1118,OWN1012,Megha Pai,meghapai92@yahoo.co.in,+91-732059232,2026-08-17 06:30 PM,CONFIRMED,Wants to check parking space and metro distance.,2026-07-21 06:48:44
VST1364,PROP1566,OWN1082,Brijesh Mani,brijeshmani81@yahoo.co.in,+91-872015859,2026-08-17 11:30 AM,COMPLETED,Needs confirmation from owner regarding pets.,2026-07-21 06:47:17
VST1365,PROP1189,OWN1096,Aahana Srinivas,aahanasrinivas94@outlook.com,+91-863094168,2026-07-03 10:00 AM,COMPLETED,Wants to check parking space and metro distance.,2026-07-21 06:48:47
VST1366,PROP1461,OWN1220,Anita Devan,anitadevan10@yahoo.co.in,+91-938829445,2026-06-27 11:30 AM,CONFIRMED,Needs confirmation from owner regarding pets.,2026-07-21 06:48:36
VST1367,PROP1829,OWN1033,Xavier Bedi,xavierbedi23@outlook.com,+91-935093324,2026-07-31 02:00 PM,CONFIRMED,Requested callback prior to arrival.,2026-07-21 06:48:11
VST1368,PROP1117,OWN1135,Charles Chaudhry,charleschaudhry72@outlook.com,+91-995779702,2026-07-15 02:00 PM,PENDING,Looking for urgent possession.,2026-07-21 06:48:34
VST1369,PROP1402,OWN1059,Laksh Ahluwalia,lakshahluwalia55@yahoo.co.in,+91-892861016,2026-08-17 11:30 AM,COMPLETED,Needs confirmation from owner regarding pets.,2026-07-21 06:49:05
VST1370,PROP1820,OWN1153,Niharika Soni,niharikasoni85@outlook.com,+91-727978165,2026-07-19 02:00 PM,CONFIRMED,Visiting with family.,2026-07-21 06:47:31
VST1371,PROP1120,OWN1094,Ekani Mangal,ekanimangal98@yahoo.co.in,+91-778561753,2026-07-29 04:00 PM,PENDING,Wants to check parking space and metro distance.,2026-07-21 06:48:56
VST1372,PROP1589,OWN1197,Vincent Warrior,vincentwarrior33@yahoo.co.in,+91-895295586,2026-08-04 05:30 PM,COMPLETED,Needs confirmation from owner regarding pets.,2026-07-21 06:48:50
VST1373,PROP1954,OWN1089,Parth Sahni,parthsahni31@outlook.com,+91-848766747,2026-08-12 11:30 AM,CONFIRMED,Requested callback prior to arrival.,2026-07-21 06:47:29
VST1374,PROP1635,OWN1028,Mekhala Tandon,mekhalatandon11@yahoo.co.in,+91-828325379,2026-07-02 11:30 AM,COMPLETED,Looking for urgent possession.,2026-07-21 06:48:37
VST1375,PROP1518,OWN1254,Baljiwan Andra,baljiwanandra97@yahoo.co.in,+91-865784972,2026-07-08 06:30 PM,COMPLETED,Requested callback prior to arrival.,2026-07-21 06:48:20
VST1376,PROP1172,OWN1043,Bhavani Sha,bhavanisha13@outlook.com,+91-749203644,2026-08-19 10:00 AM,CONFIRMED,Looking for urgent possession.,2026-07-21 06:48:13
VST1377,PROP1296,OWN1087,Krish Thaman,krishthaman82@yahoo.co.in,+91-976479831,2026-07-19 05:30 PM,PENDING,Looking for urgent possession.,2026-07-21 06:47:31
VST1378,PROP1117,OWN1138,Ganga Gaba,gangagaba56@outlook.com,+91-915584869,2026-08-03 06:30 PM,PENDING,Wants to check parking space and metro distance.,2026-07-21 06:48:25
VST1379,PROP1436,OWN1053,Akshay Nazareth,akshaynazareth93@outlook.com,+91-749957816,2026-08-07 10:00 AM,PENDING,Visiting with family.,2026-07-21 06:48:16
VST1380,PROP1883,OWN1045,Parth Ravi,parthravi25@yahoo.co.in,+91-738169370,2026-08-09 06:30 PM,PENDING,Visiting with family.,2026-07-21 06:48:09
VST1381,PROP1882,OWN1220,Nandini Chandran,nandinichandran88@gmail.com,+91-737732020,2026-07-02 11:30 AM,COMPLETED,Looking for urgent possession.,2026-07-21 06:47:24
VST1382,PROP1360,OWN1273,Yuvraj Ahuja,yuvrajahuja86@yahoo.co.in,+91-932599227,2026-07-06 02:00 PM,CANCELLED,Visiting with family.,2026-07-21 06:47:36
VST1383,PROP1297,OWN1294,Forum Mittal,forummittal75@yahoo.co.in,+91-922780905,2026-07-25 11:30 AM,CANCELLED,Requested callback prior to arrival.,2026-07-21 06:48:16
VST1384,PROP1941,OWN1031,Jagvi Keer,jagvikeer93@yahoo.co.in,+91-727809465,2026-06-24 11:30 AM,CONFIRMED,Visiting with family.,2026-07-21 06:47:22
VST1385,PROP1849,OWN1127,Nathaniel Ravi,nathanielravi60@outlook.com,+91-829081953,2026-08-01 05:30 PM,COMPLETED,Needs confirmation from owner regarding pets.,2026-07-21 06:48:58
VST1386,PROP1425,OWN1193,Jacob Merchant,jacobmerchant19@yahoo.co.in,+91-922494970,2026-07-13 04:00 PM,PENDING,Visiting with family.,2026-07-21 06:47:34
VST1387,PROP1712,OWN1189,Vanya Dua,vanyadua72@yahoo.co.in,+91-888108751,2026-07-18 10:00 AM,COMPLETED,Needs confirmation from owner regarding pets.,2026-07-21 06:49:06
VST1388,PROP1096,OWN1235,Ojasvi Sinha,ojasvisinha95@outlook.com,+91-958079840,2026-08-05 10:00 AM,COMPLETED,Requested callback prior to arrival.,2026-07-21 06:48:44
VST1389,PROP1224,OWN1220,Yug Bumb,yugbumb73@gmail.com,+91-853334226,2026-07-22 02:00 PM,CONFIRMED,Looking for urgent possession.,2026-07-21 06:48:11
VST1390,PROP1134,OWN1290,Faras Choudhury,faraschoudhury53@yahoo.co.in,+91-916497381,2026-06-24 10:00 AM,CONFIRMED,Requested callback prior to arrival.,2026-07-21 06:48:13
VST1391,PROP1017,OWN1064,Mason Gala,masongala66@gmail.com,+91-810090721,2026-07-10 04:00 PM,CONFIRMED,Needs confirmation from owner regarding pets.,2026-07-21 06:48:10
VST1392,PROP1932,OWN1068,Samesh Suresh,sameshsuresh48@outlook.com,+91-746778269,2026-06-26 10:00 AM,COMPLETED,Visiting with family.,2026-07-21 06:48:09
VST1393,PROP1085,OWN1191,Sudiksha Deo,sudikshadeo93@outlook.com,+91-716950770,2026-07-21 04:00 PM,COMPLETED,Needs confirmation from owner regarding pets.,2026-07-21 06:48:02
VST1394,PROP1717,OWN1120,Turvi Morar,turvimorar93@yahoo.co.in,+91-722775337,2026-08-03 10:00 AM,CONFIRMED,Interested in weekend morning visit.,2026-07-21 06:47:55
VST1395,PROP1136,OWN1116,Tejas Bora,tejasbora97@outlook.com,+91-811246473,2026-06-23 10:00 AM,COMPLETED,Interested in weekend morning visit.,2026-07-21 06:47:49
VST1396,PROP1881,OWN1217,Darpan Biswas,darpanbiswas26@outlook.com,+91-819506414,2026-08-19 11:30 AM,PENDING,Needs confirmation from owner regarding pets.,2026-07-21 06:48:04
VST1397,PROP1826,OWN1053,Nilima Gole,nilimagole50@gmail.com,+91-850165370,2026-08-06 11:30 AM,PENDING,Wants to check parking space and metro distance.,2026-07-21 06:48:39
VST1398,PROP1657,OWN1074,Kavya Raja,kavyaraja77@gmail.com,+91-911137460,2026-07-17 05:30 PM,COMPLETED,Requested callback prior to arrival.,2026-07-21 06:48:58
VST1399,PROP1360,OWN1110,Keya Buch,keyabuch29@outlook.com,+91-892688322,2026-07-31 06:30 PM,PENDING,Wants to check parking space and metro distance.,2026-07-21 06:48:27
VST1400,PROP1089,OWN1052,Ijaya Dani,ijayadani25@gmail.com,+91-961543890,2026-07-01 02:00 PM,CANCELLED,Visiting with family.,2026-07-21 06:48:12
VST1401,PROP1811,OWN1072,Udant Aggarwal,udantaggarwal45@gmail.com,+91-921307671,2026-08-05 11:30 AM,PENDING,Looking for urgent possession.,2026-07-21 06:49:05
VST1402,PROP1739,OWN1146,Panini Wali,paniniwali13@outlook.com,+91-950486688,2026-07-13 11:30 AM,PENDING,Looking for urgent possession.,2026-07-21 06:47:35
VST1403,PROP1194,OWN1201,Hiral Dubey,hiraldubey92@yahoo.co.in,+91-742123815,2026-07-07 04:00 PM,PENDING,Wants to check parking space and metro distance.,2026-07-21 06:49:00
VST1404,PROP1512,OWN1037,Azad Saini,azadsaini11@outlook.com,+91-852476240,2026-07-27 11:30 AM,PENDING,Looking for urgent possession.,2026-07-21 06:49:00
VST1405,PROP1431,OWN1188,Wridesh Jhaveri,wrideshjhaveri97@outlook.com,+91-773218512,2026-06-25 10:00 AM,CONFIRMED,Interested in weekend morning visit.,2026-07-21 06:48:19
VST1406,PROP1015,OWN1135,Chanakya Konda,chanakyakonda15@gmail.com,+91-763415303,2026-08-04 05:30 PM,CONFIRMED,Needs confirmation from owner regarding pets.,2026-07-21 06:47:56
VST1407,PROP1514,OWN1213,Teerth Bhalla,teerthbhalla99@yahoo.co.in,+91-821063273,2026-06-29 06:30 PM,PENDING,Looking for urgent possession.,2026-07-21 06:49:07
VST1408,PROP1157,OWN1143,Eiravati Nagi,eiravatinagi49@gmail.com,+91-778626154,2026-07-05 11:30 AM,CANCELLED,Wants to check parking space and metro distance.,2026-07-21 06:48:53
VST1409,PROP1550,OWN1168,Odika Mital,odikamital85@yahoo.co.in,+91-997219985,2026-07-07 06:30 PM,COMPLETED,Visiting with family.,2026-07-21 06:48:14
VST1410,PROP1716,OWN1224,Prisha Tandon,prishatandon40@outlook.com,+91-742813517,2026-06-23 10:00 AM,CANCELLED,Interested in weekend morning visit.,2026-07-21 06:47:49
VST1411,PROP1465,OWN1029,Eiravati Saha,eiravatisaha95@yahoo.co.in,+91-998322292,2026-07-15 06:30 PM,CONFIRMED,Interested in weekend morning visit.,2026-07-21 06:47:43
VST1412,PROP1725,OWN1071,Urvashi Khosla,urvashikhosla11@outlook.com,+91-776627415,2026-08-10 02:00 PM,PENDING,Needs confirmation from owner regarding pets.,2026-07-21 06:47:44
VST1413,PROP1266,OWN1086,Ubika Bhardwaj,ubikabhardwaj26@yahoo.co.in,+91-946072958,2026-07-24 06:30 PM,COMPLETED,Interested in weekend morning visit.,2026-07-21 06:49:04
VST1414,PROP1344,OWN1220,Lipika Kibe,lipikakibe77@yahoo.co.in,+91-745292504,2026-07-06 06:30 PM,CANCELLED,Needs confirmation from owner regarding pets.,2026-07-21 06:47:47
VST1415,PROP1079,OWN1255,Shivani Prabhakar,shivaniprabhakar75@yahoo.co.in,+91-817440911,2026-06-26 04:00 PM,COMPLETED,Wants to check parking space and metro distance.,2026-07-21 06:48:34
VST1416,PROP1377,OWN1081,Charan Loyal,charanloyal23@yahoo.co.in,+91-925479814,2026-07-13 11:30 AM,COMPLETED,Interested in weekend morning visit.,2026-07-21 06:48:20
VST1417,PROP1046,OWN1007,Elijah Guha,elijahguha15@gmail.com,+91-858852098,2026-08-08 04:00 PM,CANCELLED,Wants to check parking space and metro distance.,2026-07-21 06:48:18
VST1418,PROP1954,OWN1019,Varenya Joshi,varenyajoshi93@outlook.com,+91-840133935,2026-08-12 02:00 PM,CONFIRMED,Needs confirmation from owner regarding pets.,2026-07-21 06:47:47
VST1419,PROP1328,OWN1139,Siddharth Gupta,siddharthgupta83@gmail.com,+91-826025721,2026-08-17 05:30 PM,COMPLETED,Interested in weekend morning visit.,2026-07-21 06:47:22
VST1420,PROP1184,OWN1115,Xavier Jayaraman,xavierjayaraman15@outlook.com,+91-819251149,2026-07-14 04:00 PM,COMPLETED,Visiting with family.,2026-07-21 06:47:36
VST1421,PROP1336,OWN1045,Barkha Rai,barkharai68@outlook.com,+91-759515518,2026-07-18 11:30 AM,CONFIRMED,Visiting with family.,2026-07-21 06:48:25
VST1422,PROP1758,OWN1125,Advika Parsa,advikaparsa57@yahoo.co.in,+91-976217748,2026-07-21 11:30 AM,COMPLETED,Looking for urgent possession.,2026-07-21 06:48:07
VST1423,PROP1779,OWN1126,Upasna Nagarajan,upasnanagarajan10@gmail.com,+91-813209180,2026-08-14 11:30 AM,PENDING,Needs confirmation from owner regarding pets.,2026-07-21 06:47:52
VST1424,PROP1860,OWN1005,Chakradev Kant,chakradevkant10@yahoo.co.in,+91-960502752,2026-08-04 06:30 PM,COMPLETED,Interested in weekend morning visit.,2026-07-21 06:47:09
VST1425,PROP1211,OWN1272,Chakrika Dua,chakrikadua63@gmail.com,+91-818038980,2026-07-02 11:30 AM,COMPLETED,Interested in weekend morning visit.,2026-07-21 06:47:35
VST1426,PROP1045,OWN1119,Xalak Nazareth,xalaknazareth62@outlook.com,+91-959995026,2026-07-06 04:00 PM,CANCELLED,Interested in weekend morning visit.,2026-07-21 06:48:46
VST1427,PROP1595,OWN1049,Triveni Ganguly,triveniganguly27@outlook.com,+91-962928934,2026-08-03 10:00 AM,PENDING,Interested in weekend morning visit.,2026-07-21 06:47:50
VST1428,PROP1446,OWN1067,Vrinda Gour,vrindagour47@gmail.com,+91-852279780,2026-08-15 04:00 PM,COMPLETED,Needs confirmation from owner regarding pets.,2026-07-21 06:48:13
VST1429,PROP1335,OWN1163,Bahadurjit Borde,bahadurjitborde44@yahoo.co.in,+91-720024377,2026-08-16 11:30 AM,CONFIRMED,Looking for urgent possession.,2026-07-21 06:48:28
VST1430,PROP1112,OWN1080,Nitara Devan,nitaradevan31@gmail.com,+91-872552858,2026-08-10 02:00 PM,PENDING,Looking for urgent possession.,2026-07-21 06:47:35
VST1431,PROP1367,OWN1107,Aditya Kamdar,adityakamdar49@yahoo.co.in,+91-845568761,2026-07-21 10:00 AM,CONFIRMED,Needs confirmation from owner regarding pets.,2026-07-21 06:47:52
VST1432,PROP1312,OWN1021,Vinaya Babu,vinayababu51@gmail.com,+91-722242388,2026-06-21 06:30 PM,CONFIRMED,Visiting with family.,2026-07-21 06:48:14
VST1433,PROP1406,OWN1263,Anay Wagle,anaywagle96@gmail.com,+91-844918995,2026-08-03 11:30 AM,CONFIRMED,Requested callback prior to arrival.,2026-07-21 06:48:12
VST1434,PROP1876,OWN1232,Anay Thakkar,anaythakkar80@outlook.com,+91-722713811,2026-08-08 04:00 PM,CONFIRMED,Wants to check parking space and metro distance.,2026-07-21 06:48:28
VST1435,PROP1125,OWN1007,Hredhaan Char,hredhaanchar38@gmail.com,+91-736592965,2026-07-22 04:00 PM,PENDING,Needs confirmation from owner regarding pets.,2026-07-21 06:47:36
VST1436,PROP1961,OWN1044,Irya Loke,iryaloke85@outlook.com,+91-820064609,2026-08-07 10:00 AM,CANCELLED,Wants to check parking space and metro distance.,2026-07-21 06:47:17
VST1437,PROP1925,OWN1228,Tripti Kohli,triptikohli21@gmail.com,+91-826445384,2026-08-19 10:00 AM,CANCELLED,Interested in weekend morning visit.,2026-07-21 06:47:35
VST1438,PROP1173,OWN1294,Azad Chander,azadchander60@yahoo.co.in,+91-813957046,2026-07-15 04:00 PM,COMPLETED,Wants to check parking space and metro distance.,2026-07-21 06:47:53
VST1439,PROP1363,OWN1110,Daksh Andra,dakshandra45@gmail.com,+91-869862640,2026-08-02 11:30 AM,CONFIRMED,Looking for urgent possession.,2026-07-21 06:47:17
VST1440,PROP1632,OWN1126,Garima Chandran,garimachandran47@outlook.com,+91-865296657,2026-08-13 05:30 PM,PENDING,Interested in weekend morning visit.,2026-07-21 06:48:58
VST1441,PROP1287,OWN1197,Siddharth Soman,siddharthsoman63@gmail.com,+91-796255361,2026-07-07 05:30 PM,CONFIRMED,Looking for urgent possession.,2026-07-21 06:48:58
VST1442,PROP1814,OWN1010,Bachittar Gola,bachittargola55@yahoo.co.in,+91-883083942,2026-08-15 04:00 PM,CONFIRMED,Looking for urgent possession.,2026-07-21 06:47:45
VST1443,PROP1515,OWN1165,Maanas Rao,maanasrao44@yahoo.co.in,+91-713498112,2026-08-15 02:00 PM,PENDING,Interested in weekend morning visit.,2026-07-21 06:47:43
VST1444,PROP1918,OWN1144,Lopa Zachariah,lopazachariah70@gmail.com,+91-957973830,2026-07-10 05:30 PM,CANCELLED,Wants to check parking space and metro distance.,2026-07-21 06:48:38
VST1445,PROP1103,OWN1127,Farhan Tella,farhantella40@outlook.com,+91-881630600,2026-08-04 06:30 PM,CONFIRMED,Wants to check parking space and metro distance.,2026-07-21 06:47:49
VST1446,PROP1590,OWN1199,Rajeshri Kata,rajeshrikata32@yahoo.co.in,+91-741749355,2026-08-10 05:30 PM,CONFIRMED,Needs confirmation from owner regarding pets.,2026-07-21 06:47:48
VST1447,PROP1715,OWN1184,Eta Balan,etabalan13@outlook.com,+91-957201978,2026-07-29 05:30 PM,PENDING,Looking for urgent possession.,2026-07-21 06:48:42
VST1448,PROP1972,OWN1097,Vritti Kari,vrittikari79@yahoo.co.in,+91-833562830,2026-07-12 04:00 PM,CONFIRMED,Interested in weekend morning visit.,2026-07-21 06:49:00
VST1449,PROP1239,OWN1113,Quincy Rai,quincyrai77@gmail.com,+91-810091737,2026-06-26 02:00 PM,CANCELLED,Wants to check parking space and metro distance.,2026-07-21 06:48:22
VST1450,PROP1826,OWN1067,Ethan Butala,ethanbutala32@yahoo.co.in,+91-817993466,2026-07-07 10:00 AM,CONFIRMED,Needs confirmation from owner regarding pets.,2026-07-21 06:47:53
VST1451,PROP1940,OWN1073,Lopa Nadig,lopanadig77@gmail.com,+91-819735027,2026-07-12 02:00 PM,COMPLETED,Needs confirmation from owner regarding pets.,2026-07-21 06:47:18
VST1452,PROP1406,OWN1052,Sai Parsa,saiparsa48@yahoo.co.in,+91-828314232,2026-08-05 11:30 AM,COMPLETED,Requested callback prior to arrival.,2026-07-21 06:47:20
VST1453,PROP1811,OWN1250,Rachit Sankar,rachitsankar50@outlook.com,+91-785427317,2026-07-17 06:30 PM,COMPLETED,Looking for urgent possession.,2026-07-21 06:48:14
VST1454,PROP1806,OWN1183,Harshil Bal,harshilbal95@gmail.com,+91-933535297,2026-06-26 04:00 PM,CONFIRMED,Needs confirmation from owner regarding pets.,2026-07-21 06:48:14
VST1455,PROP1302,OWN1066,Lekha Arora,lekhaarora10@gmail.com,+91-986884584,2026-07-08 04:00 PM,COMPLETED,Looking for urgent possession.,2026-07-21 06:47:54
VST1456,PROP1034,OWN1094,Xavier Verma,xavierverma50@outlook.com,+91-939648058,2026-07-01 06:30 PM,PENDING,Requested callback prior to arrival.,2026-07-21 06:47:53
VST1457,PROP1145,OWN1170,Amruta Mitra,amrutamitra19@outlook.com,+91-756548066,2026-07-07 02:00 PM,CONFIRMED,Interested in weekend morning visit.,2026-07-21 06:47:25
VST1458,PROP1842,OWN1172,Radhika Majumdar,radhikamajumdar11@yahoo.co.in,+91-838143348,2026-07-16 11:30 AM,COMPLETED,Visiting with family.,2026-07-21 06:48:06
VST1459,PROP1263,OWN1056,Jalsa Krishnamurthy,jalsakrishnamurthy10@outlook.com,+91-761799600,2026-08-16 04:00 PM,COMPLETED,Wants to check parking space and metro distance.,2026-07-21 06:48:34
VST1460,PROP1906,OWN1212,Rohan Shankar,rohanshankar58@yahoo.co.in,+91-883286096,2026-06-27 04:00 PM,CONFIRMED,Requested callback prior to arrival.,2026-07-21 06:47:44
VST1461,PROP1808,OWN1296,Gaurangi Rai,gaurangirai97@outlook.com,+91-731831387,2026-08-08 04:00 PM,CONFIRMED,Interested in weekend morning visit.,2026-07-21 06:47:47
VST1462,PROP1302,OWN1011,Qushi Deshpande,qushideshpande43@yahoo.co.in,+91-719959009,2026-07-09 02:00 PM,CONFIRMED,Requested callback prior to arrival.,2026-07-21 06:48:20
VST1463,PROP1165,OWN1039,Varenya Murthy,varenyamurthy21@outlook.com,+91-889729429,2026-07-01 05:30 PM,COMPLETED,Needs confirmation from owner regarding pets.,2026-07-21 06:47:55
VST1464,PROP1032,OWN1221,Bishakha Swaminathan,bishakhaswaminathan31@outlook.com,+91-968277389,2026-08-18 11:30 AM,CONFIRMED,Visiting with family.,2026-07-21 06:48:41
VST1465,PROP1211,OWN1098,Krisha Mand,krishamand99@yahoo.co.in,+91-982494408,2026-08-08 02:00 PM,COMPLETED,Visiting with family.,2026-07-21 06:47:55
VST1466,PROP1244,OWN1050,Ryan Gole,ryangole60@gmail.com,+91-983774469,2026-07-31 04:00 PM,CONFIRMED,Visiting with family.,2026-07-21 06:48:14
VST1467,PROP1004,OWN1219,Shaurya Sarma,shauryasarma47@gmail.com,+91-993898287,2026-08-07 05:30 PM,PENDING,Interested in weekend morning visit.,2026-07-21 06:48:47
VST1468,PROP1027,OWN1106,Nilima Tata,nilimatata91@gmail.com,+91-820997276,2026-06-29 04:00 PM,COMPLETED,Visiting with family.,2026-07-21 06:47:44
VST1469,PROP1804,OWN1204,Mitesh Sampath,miteshsampath72@yahoo.co.in,+91-945568288,2026-08-07 10:00 AM,COMPLETED,Requested callback prior to arrival.,2026-07-21 06:47:16
VST1470,PROP1190,OWN1190,Nandini Warrior,nandiniwarrior57@yahoo.co.in,+91-769830944,2026-07-21 10:00 AM,CONFIRMED,Requested callback prior to arrival.,2026-07-21 06:48:58
VST1471,PROP1270,OWN1116,Balhaar Parsa,balhaarparsa82@yahoo.co.in,+91-730284415,2026-08-02 06:30 PM,COMPLETED,Interested in weekend morning visit.,2026-07-21 06:48:45
VST1472,PROP1685,OWN1177,Ikbal Kothari,ikbalkothari62@outlook.com,+91-940536245,2026-07-30 05:30 PM,CONFIRMED,Requested callback prior to arrival.,2026-07-21 06:47:50
VST1473,PROP1839,OWN1268,Mugdha Narula,mugdhanarula78@yahoo.co.in,+91-973729850,2026-08-17 05:30 PM,COMPLETED,Requested callback prior to arrival.,2026-07-21 06:47:59
VST1474,PROP1307,OWN1041,Guneet Kuruvilla,guneetkuruvilla14@yahoo.co.in,+91-986667841,2026-07-04 05:30 PM,COMPLETED,Needs confirmation from owner regarding pets.,2026-07-21 06:48:37
VST1475,PROP1636,OWN1076,Sanaya Prasad,sanayaprasad67@gmail.com,+91-732436477,2026-07-14 11:30 AM,COMPLETED,Wants to check parking space and metro distance.,2026-07-21 06:48:40
VST1476,PROP1044,OWN1217,Hemani Bakshi,hemanibakshi97@gmail.com,+91-837101146,2026-07-19 06:30 PM,CONFIRMED,Looking for urgent possession.,2026-07-21 06:47:43
VST1477,PROP1265,OWN1164,Jack Dhar,jackdhar18@outlook.com,+91-762089786,2026-07-11 05:30 PM,PENDING,Visiting with family.,2026-07-21 06:47:49
VST1478,PROP1878,OWN1142,Vasudha Pall,vasudhapall68@outlook.com,+91-793625419,2026-07-19 05:30 PM,PENDING,Requested callback prior to arrival.,2026-07-21 06:48:00
VST1479,PROP1116,OWN1213,Eiravati Bhavsar,eiravatibhavsar28@gmail.com,+91-988911183,2026-07-09 05:30 PM,COMPLETED,Interested in weekend morning visit.,2026-07-21 06:48:45
VST1480,PROP1948,OWN1055,Arin Oza,arinoza22@outlook.com,+91-881891508,2026-07-29 02:00 PM,COMPLETED,Visiting with family.,2026-07-21 06:48:29
VST1481,PROP1393,OWN1249,Yagnesh Varty,yagneshvarty87@outlook.com,+91-815028557,2026-07-01 11:30 AM,CONFIRMED,Wants to check parking space and metro distance.,2026-07-21 06:47:27
VST1482,PROP1634,OWN1206,Turvi Kata,turvikata60@gmail.com,+91-841887353,2026-08-07 10:00 AM,COMPLETED,Visiting with family.,2026-07-21 06:48:23
VST1483,PROP1919,OWN1191,Rachana Randhawa,rachanarandhawa53@gmail.com,+91-851734908,2026-06-22 02:00 PM,COMPLETED,Needs confirmation from owner regarding pets.,2026-07-21 06:48:21
VST1484,PROP1702,OWN1051,Shivani Sanghvi,shivanisanghvi27@gmail.com,+91-869473299,2026-07-14 02:00 PM,CONFIRMED,Requested callback prior to arrival.,2026-07-21 06:48:32
VST1485,PROP1620,OWN1046,Arya Bhatnagar,aryabhatnagar66@gmail.com,+91-764649480,2026-07-25 06:30 PM,PENDING,Looking for urgent possession.,2026-07-21 06:48:43
VST1486,PROP1889,OWN1192,Jasmit Nanda,jasmitnanda75@gmail.com,+91-718806960,2026-07-02 02:00 PM,COMPLETED,Requested callback prior to arrival.,2026-07-21 06:47:21
VST1487,PROP1139,OWN1269,Dhriti Rama,dhritirama13@outlook.com,+91-735872271,2026-07-27 11:30 AM,COMPLETED,Wants to check parking space and metro distance.,2026-07-21 06:48:18
VST1488,PROP1034,OWN1234,Indira Shankar,indirashankar56@gmail.com,+91-936724061,2026-07-28 02:00 PM,PENDING,Requested callback prior to arrival.,2026-07-21 06:48:45
VST1489,PROP1518,OWN1204,Frado Desai,fradodesai25@outlook.com,+91-914102122,2026-07-09 11:30 AM,PENDING,Looking for urgent possession.,2026-07-21 06:47:36
VST1490,PROP1457,OWN1091,Qadim Prakash,qadimprakash85@yahoo.co.in,+91-956943979,2026-08-01 02:00 PM,CONFIRMED,Visiting with family.,2026-07-21 06:48:09
VST1491,PROP1767,OWN1047,Lakshit Rajagopal,lakshitrajagopal13@yahoo.co.in,+91-816664050,2026-07-16 11:30 AM,COMPLETED,Wants to check parking space and metro distance.,2026-07-21 06:48:06
VST1492,PROP1878,OWN1114,Ojas Suri,ojassuri38@outlook.com,+91-937746963,2026-07-08 02:00 PM,COMPLETED,Looking for urgent possession.,2026-07-21 06:47:30
VST1493,PROP1021,OWN1005,Chatresh Parmer,chatreshparmer26@yahoo.co.in,+91-933246598,2026-08-17 05:30 PM,COMPLETED,Wants to check parking space and metro distance.,2026-07-21 06:48:06
VST1494,PROP1259,OWN1157,Leena Tiwari,leenatiwari92@outlook.com,+91-866882385,2026-07-30 04:00 PM,COMPLETED,Requested callback prior to arrival.,2026-07-21 06:47:57
VST1495,PROP1259,OWN1112,Ojasvi Sawhney,ojasvisawhney48@yahoo.co.in,+91-979878835,2026-07-20 05:30 PM,PENDING,Interested in weekend morning visit.,2026-07-21 06:47:17
VST1496,PROP1008,OWN1262,Thomas Master,thomasmaster57@outlook.com,+91-996884788,2026-06-22 05:30 PM,COMPLETED,Visiting with family.,2026-07-21 06:47:34
VST1497,PROP1701,OWN1056,Om Shankar,omshankar18@yahoo.co.in,+91-847108953,2026-07-24 06:30 PM,CONFIRMED,Visiting with family.,2026-07-21 06:48:40
VST1498,PROP1268,OWN1153,Yasti Chowdhury,yastichowdhury29@gmail.com,+91-942252798,2026-07-25 10:00 AM,COMPLETED,Looking for urgent possession.,2026-07-21 06:47:40
VST1499,PROP1414,OWN1164,Benjamin Sastry,benjaminsastry27@outlook.com,+91-913416548,2026-07-23 06:30 PM,PENDING,Visiting with family.,2026-07-21 06:49:06
VST1500,PROP1266,OWN1215,Yug Mishra,yugmishra59@yahoo.co.in,+91-914740436,2026-08-12 05:30 PM,COMPLETED,Looking for urgent possession.,2026-07-21 06:47:11
VST1501,PROP1836,OWN1098,Ijaya Chahal,ijayachahal38@yahoo.co.in,+91-981757508,2026-07-17 06:30 PM,COMPLETED,Needs confirmation from owner regarding pets.,2026-07-21 06:49:07
VST1502,PROP1368,OWN1260,Shaurya Panchal,shauryapanchal31@yahoo.co.in,+91-984926784,2026-08-11 11:30 AM,CONFIRMED,Requested callback prior to arrival.,2026-07-21 06:48:21
VST1503,PROP1132,OWN1133,Noah Dewan,noahdewan81@outlook.com,+91-755047826,2026-08-07 06:30 PM,CONFIRMED,Visiting with family.,2026-07-21 06:48:45
VST1504,PROP1229,OWN1158,Indali Walia,indaliwalia52@yahoo.co.in,+91-844971668,2026-07-07 05:30 PM,CONFIRMED,Interested in weekend morning visit.,2026-07-21 06:48:12
VST1505,PROP1482,OWN1028,Brinda Mann,brindamann84@outlook.com,+91-993302863,2026-07-25 10:00 AM,PENDING,Wants to check parking space and metro distance.,2026-07-21 06:49:02
VST1506,PROP1513,OWN1062,Krishna Sabharwal,krishnasabharwal58@outlook.com,+91-950044631,2026-08-15 04:00 PM,CONFIRMED,Wants to check parking space and metro distance.,2026-07-21 06:49:07
VST1507,PROP1141,OWN1103,Kevin Krish,kevinkrish62@yahoo.co.in,+91-971414198,2026-06-29 11:30 AM,CONFIRMED,Needs confirmation from owner regarding pets.,2026-07-21 06:47:46
VST1508,PROP1185,OWN1042,Maya Suri,mayasuri52@yahoo.co.in,+91-933732951,2026-06-29 02:00 PM,COMPLETED,Interested in weekend morning visit.,2026-07-21 06:48:23
VST1509,PROP1463,OWN1141,Keya Seth,keyaseth31@gmail.com,+91-931264801,2026-06-25 04:00 PM,COMPLETED,Interested in weekend morning visit.,2026-07-21 06:48:43
VST1510,PROP1133,OWN1223,Neha Varma,nehavarma64@outlook.com,+91-867582820,2026-08-04 04:00 PM,PENDING,Interested in weekend morning visit.,2026-07-21 06:48:31
VST1511,PROP1547,OWN1103,Suhani Sura,suhanisura57@outlook.com,+91-753246714,2026-07-10 05:30 PM,CONFIRMED,Needs confirmation from owner regarding pets.,2026-07-21 06:47:08
VST1512,PROP1005,OWN1128,Tara Parmar,taraparmar98@gmail.com,+91-851888314,2026-08-11 11:30 AM,CONFIRMED,Looking for urgent possession.,2026-07-21 06:48:43
VST1513,PROP1603,OWN1157,Tejas Sanghvi,tejassanghvi18@gmail.com,+91-750024028,2026-08-09 02:00 PM,PENDING,Looking for urgent possession.,2026-07-21 06:48:07
VST1514,PROP1611,OWN1269,Bhanumati Nazareth,bhanumatinazareth65@yahoo.co.in,+91-927956913,2026-07-23 02:00 PM,CANCELLED,Requested callback prior to arrival.,2026-07-21 06:47:23
VST1515,PROP1368,OWN1097,Hemal Bava,hemalbava61@gmail.com,+91-740657783,2026-06-23 11:30 AM,COMPLETED,Wants to check parking space and metro distance.,2026-07-21 06:48:23
VST1516,PROP1217,OWN1012,Amol Dash,amoldash74@outlook.com,+91-726530521,2026-08-15 02:00 PM,COMPLETED,Interested in weekend morning visit.,2026-07-21 06:47:26
VST1517,PROP1385,OWN1131,Aadi Sangha,aadisangha89@outlook.com,+91-789715138,2026-07-03 10:00 AM,COMPLETED,Needs confirmation from owner regarding pets.,2026-07-21 06:48:30
VST1518,PROP1857,OWN1011,Chasmum Dutt,chasmumdutt98@gmail.com,+91-765938669,2026-08-12 04:00 PM,PENDING,Looking for urgent possession.,2026-07-21 06:48:53
VST1519,PROP1259,OWN1243,Jalsa Krishna,jalsakrishna29@outlook.com,+91-794598956,2026-06-25 10:00 AM,CONFIRMED,Needs confirmation from owner regarding pets.,2026-07-21 06:48:27
VST1520,PROP1104,OWN1267,Charles Randhawa,charlesrandhawa89@yahoo.co.in,+91-928409776,2026-07-28 04:00 PM,COMPLETED,Interested in weekend morning visit.,2026-07-21 06:48:35
VST1521,PROP1524,OWN1061,Pushti Chand,pushtichand24@yahoo.co.in,+91-776805406,2026-08-02 11:30 AM,COMPLETED,Visiting with family.,2026-07-21 06:47:08
VST1522,PROP1852,OWN1268,Faras Deo,farasdeo55@gmail.com,+91-964996550,2026-07-26 02:00 PM,CONFIRMED,Looking for urgent possession.,2026-07-21 06:48:10
VST1523,PROP1509,OWN1107,Aditya Anand,adityaanand71@outlook.com,+91-841474764,2026-08-01 10:00 AM,CONFIRMED,Interested in weekend morning visit.,2026-07-21 06:48:46
VST1524,PROP1929,OWN1057,Kevin Sridhar,kevinsridhar95@outlook.com,+91-830017834,2026-06-25 10:00 AM,COMPLETED,Interested in weekend morning visit.,2026-07-21 06:47:53
VST1525,PROP1741,OWN1052,Harshil Munshi,harshilmunshi92@yahoo.co.in,+91-771304112,2026-07-13 02:00 PM,CONFIRMED,Interested in weekend morning visit.,2026-07-21 06:47:43
VST1526,PROP1103,OWN1090,Kiaan Dhar,kiaandhar47@gmail.com,+91-851970837,2026-06-25 04:00 PM,COMPLETED,Interested in weekend morning visit.,2026-07-21 06:48:15
VST1527,PROP1872,OWN1024,Ria Panchal,riapanchal27@gmail.com,+91-996865529,2026-08-03 11:30 AM,CONFIRMED,Requested callback prior to arrival.,2026-07-21 06:48:23
VST1528,PROP1979,OWN1138,Nisha Savant,nishasavant21@outlook.com,+91-855999465,2026-08-11 11:30 AM,CONFIRMED,Requested callback prior to arrival.,2026-07-21 06:47:18
VST1529,PROP1986,OWN1234,Logan Dasgupta,logandasgupta59@yahoo.co.in,+91-974188958,2026-07-26 04:00 PM,COMPLETED,Wants to check parking space and metro distance.,2026-07-21 06:47:54
VST1530,PROP1116,OWN1068,Divya Dey,divyadey17@outlook.com,+91-723920137,2026-07-05 04:00 PM,CANCELLED,Requested callback prior to arrival.,2026-07-21 06:48:25
VST1531,PROP1822,OWN1292,Bhavani Bala,bhavanibala66@outlook.com,+91-792050405,2026-08-10 04:00 PM,COMPLETED,Looking for urgent possession.,2026-07-21 06:48:27
VST1532,PROP1030,OWN1067,Samesh Vasa,sameshvasa72@yahoo.co.in,+91-765201639,2026-07-27 04:00 PM,CONFIRMED,Visiting with family.,2026-07-21 06:47:30
VST1533,PROP1671,OWN1161,Chakrika Bhagat,chakrikabhagat96@gmail.com,+91-987396519,2026-08-07 06:30 PM,PENDING,Needs confirmation from owner regarding pets.,2026-07-21 06:48:43
VST1534,PROP1895,OWN1174,Warda Raju,wardaraju76@outlook.com,+91-992978636,2026-06-27 10:00 AM,PENDING,Needs confirmation from owner regarding pets.,2026-07-21 06:48:07
VST1535,PROP1255,OWN1247,Advik Patel,advikpatel94@yahoo.co.in,+91-996087848,2026-08-16 04:00 PM,CONFIRMED,Looking for urgent possession.,2026-07-21 06:47:23
VST1536,PROP1914,OWN1028,Jasmit Gera,jasmitgera92@gmail.com,+91-777856130,2026-08-05 04:00 PM,COMPLETED,Wants to check parking space and metro distance.,2026-07-21 06:49:02
VST1537,PROP1077,OWN1252,Anay Bir,anaybir40@yahoo.co.in,+91-847333618,2026-06-21 10:00 AM,PENDING,Looking for urgent possession.,2026-07-21 06:47:33
VST1538,PROP1659,OWN1194,Mitali Toor,mitalitoor40@yahoo.co.in,+91-771618633,2026-07-08 04:00 PM,COMPLETED,Requested callback prior to arrival.,2026-07-21 06:48:33
VST1539,PROP1091,OWN1256,Pallavi Ratti,pallaviratti50@yahoo.co.in,+91-776756320,2026-06-25 06:30 PM,COMPLETED,Interested in weekend morning visit.,2026-07-21 06:48:12
VST1540,PROP1414,OWN1212,Arunima Chacko,arunimachacko81@gmail.com,+91-910022778,2026-07-09 10:00 AM,COMPLETED,Looking for urgent possession.,2026-07-21 06:48:09
VST1541,PROP1653,OWN1156,Nachiket Yadav,nachiketyadav81@outlook.com,+91-797858385,2026-07-10 06:30 PM,PENDING,Visiting with family.,2026-07-21 06:48:18
VST1542,PROP1373,OWN1028,Dayita Sarkar,dayitasarkar68@gmail.com,+91-885182173,2026-08-03 05:30 PM,PENDING,Needs confirmation from owner regarding pets.,2026-07-21 06:48:49
VST1543,PROP1673,OWN1187,Yash Chadha,yashchadha67@outlook.com,+91-723077775,2026-08-15 06:30 PM,CONFIRMED,Visiting with family.,2026-07-21 06:47:21
VST1544,PROP1364,OWN1150,Dayamai Gill,dayamaigill76@outlook.com,+91-824270328,2026-06-28 10:00 AM,COMPLETED,Requested callback prior to arrival.,2026-07-21 06:48:32
VST1545,PROP1144,OWN1210,Nihal Taneja,nihaltaneja42@gmail.com,+91-936296134,2026-08-17 11:30 AM,CONFIRMED,Requested callback prior to arrival.,2026-07-21 06:48:10
VST1546,PROP1221,OWN1235,Ojas Prabhu,ojasprabhu53@gmail.com,+91-765629268,2026-06-28 10:00 AM,CANCELLED,Needs confirmation from owner regarding pets.,2026-07-21 06:48:41
VST1547,PROP1603,OWN1064,Jacob Balan,jacobbalan68@yahoo.co.in,+91-989096676,2026-07-11 05:30 PM,CONFIRMED,Requested callback prior to arrival.,2026-07-21 06:47:59
VST1548,PROP1005,OWN1272,Adya Bose,adyabose16@outlook.com,+91-968090825,2026-07-20 05:30 PM,PENDING,Looking for urgent possession.,2026-07-21 06:48:09
VST1549,PROP1800,OWN1091,Xalak Ganesan,xalakganesan84@outlook.com,+91-727231111,2026-07-13 10:00 AM,PENDING,Looking for urgent possession.,2026-07-21 06:47:38
VST1550,PROP1621,OWN1165,Jack Kari,jackkari59@outlook.com,+91-891737749,2026-08-04 06:30 PM,COMPLETED,Visiting with family.,2026-07-21 06:47:08
VST1551,PROP1408,OWN1176,Yash Batra,yashbatra67@yahoo.co.in,+91-728546206,2026-07-19 04:00 PM,COMPLETED,Needs confirmation from owner regarding pets.,2026-07-21 06:47:53
VST1552,PROP1525,OWN1154,Praneel Banik,praneelbanik80@outlook.com,+91-884300459,2026-07-24 06:30 PM,CONFIRMED,Wants to check parking space and metro distance.,2026-07-21 06:48:57
VST1553,PROP1640,OWN1149,Udarsh Nagy,udarshnagy54@outlook.com,+91-927806897,2026-07-05 06:30 PM,COMPLETED,Wants to check parking space and metro distance.,2026-07-21 06:48:57
VST1554,PROP1516,OWN1278,Anika Brahmbhatt,anikabrahmbhatt91@outlook.com,+91-825489430,2026-07-25 02:00 PM,PENDING,Looking for urgent possession.,2026-07-21 06:47:22
VST1555,PROP1585,OWN1214,Praneel Kapoor,praneelkapoor78@outlook.com,+91-866691738,2026-08-08 10:00 AM,PENDING,Interested in weekend morning visit.,2026-07-21 06:49:05
VST1556,PROP1391,OWN1075,Ekapad Shroff,ekapadshroff95@gmail.com,+91-736830448,2026-08-11 02:00 PM,COMPLETED,Wants to check parking space and metro distance.,2026-07-21 06:48:40
VST1557,PROP1294,OWN1129,Falak Chadha,falakchadha17@gmail.com,+91-949613096,2026-07-24 11:30 AM,COMPLETED,Interested in weekend morning visit.,2026-07-21 06:47:08
VST1558,PROP1368,OWN1232,Bishakha Modi,bishakhamodi88@gmail.com,+91-985414925,2026-08-04 11:30 AM,COMPLETED,Looking for urgent possession.,2026-07-21 06:47:37
VST1559,PROP1399,OWN1122,Wakeeta Hayre,wakeetahayre99@outlook.com,+91-899186817,2026-08-03 10:00 AM,CANCELLED,Requested callback prior to arrival.,2026-07-21 06:48:13
VST1560,PROP1427,OWN1161,Matthew Ahuja,matthewahuja16@outlook.com,+91-743734435,2026-08-15 11:30 AM,COMPLETED,Requested callback prior to arrival.,2026-07-21 06:47:10
VST1561,PROP1850,OWN1116,Aditya Nayak,adityanayak92@outlook.com,+91-888971743,2026-06-21 05:30 PM,COMPLETED,Wants to check parking space and metro distance.,2026-07-21 06:48:26
VST1562,PROP1795,OWN1100,Hemang Jha,hemangjha67@yahoo.co.in,+91-719995059,2026-07-22 11:30 AM,CANCELLED,Needs confirmation from owner regarding pets.,2026-07-21 06:47:36
VST1563,PROP1527,OWN1062,Darpan Dhar,darpandhar15@yahoo.co.in,+91-847461811,2026-08-02 05:30 PM,CONFIRMED,Wants to check parking space and metro distance.,2026-07-21 06:47:19
VST1564,PROP1599,OWN1131,Zinal Sachar,zinalsachar52@gmail.com,+91-830777669,2026-08-02 10:00 AM,CONFIRMED,Visiting with family.,2026-07-21 06:47:52
VST1565,PROP1612,OWN1027,Girish Tiwari,girishtiwari88@outlook.com,+91-950420315,2026-06-29 04:00 PM,COMPLETED,Looking for urgent possession.,2026-07-21 06:48:46
VST1566,PROP1367,OWN1038,David Saran,davidsaran50@outlook.com,+91-939522801,2026-07-30 11:30 AM,PENDING,Looking for urgent possession.,2026-07-21 06:47:23
VST1567,PROP1164,OWN1213,Advika Murty,advikamurty78@outlook.com,+91-822340723,2026-08-15 02:00 PM,CONFIRMED,Wants to check parking space and metro distance.,2026-07-21 06:47:55
VST1568,PROP1680,OWN1170,Eesha Sethi,eeshasethi56@yahoo.co.in,+91-839319229,2026-07-07 05:30 PM,PENDING,Looking for urgent possession.,2026-07-21 06:47:16
VST1569,PROP1844,OWN1005,Laban Chopra,labanchopra95@gmail.com,+91-869816445,2026-06-30 11:30 AM,CANCELLED,Looking for urgent possession.,2026-07-21 06:47:27
VST1570,PROP1941,OWN1125,Dipta Ray,diptaray97@gmail.com,+91-861186964,2026-06-28 10:00 AM,PENDING,Looking for urgent possession.,2026-07-21 06:47:50
VST1571,PROP1742,OWN1145,Siya Morar,siyamorar76@gmail.com,+91-879029393,2026-07-18 05:30 PM,PENDING,Interested in weekend morning visit.,2026-07-21 06:48:50
VST1572,PROP1304,OWN1099,Nakul Modi,nakulmodi75@yahoo.co.in,+91-722879054,2026-08-09 11:30 AM,CANCELLED,Looking for urgent possession.,2026-07-21 06:48:31
VST1573,PROP1547,OWN1004,Tanveer Narang,tanveernarang18@outlook.com,+91-799970857,2026-06-29 06:30 PM,COMPLETED,Needs confirmation from owner regarding pets.,2026-07-21 06:48:33
VST1574,PROP1435,OWN1054,Meghana Varghese,meghanavarghese78@gmail.com,+91-968416623,2026-06-23 06:30 PM,COMPLETED,Interested in weekend morning visit.,2026-07-21 06:47:43
VST1575,PROP1765,OWN1079,Azaan Ravel,azaanravel68@gmail.com,+91-954522084,2026-08-11 10:00 AM,CONFIRMED,Interested in weekend morning visit.,2026-07-21 06:48:14
VST1576,PROP1183,OWN1129,Girindra Shere,girindrashere19@outlook.com,+91-940554079,2026-06-27 02:00 PM,PENDING,Requested callback prior to arrival.,2026-07-21 06:48:43
VST1577,PROP1646,OWN1208,Advik Bhatia,advikbhatia50@yahoo.co.in,+91-762278055,2026-08-09 06:30 PM,CONFIRMED,Interested in weekend morning visit.,2026-07-21 06:49:05
VST1578,PROP1657,OWN1033,Rudra Rattan,rudrarattan84@outlook.com,+91-719742790,2026-07-13 02:00 PM,CANCELLED,Interested in weekend morning visit.,2026-07-21 06:48:23
VST1579,PROP1297,OWN1155,Aashi Borde,aashiborde21@outlook.com,+91-868743898,2026-06-22 04:00 PM,PENDING,Needs confirmation from owner regarding pets.,2026-07-21 06:47:15
VST1580,PROP1032,OWN1243,Kabir Chanda,kabirchanda78@gmail.com,+91-728304809,2026-08-14 06:30 PM,PENDING,Looking for urgent possession.,2026-07-21 06:48:47
VST1581,PROP1303,OWN1074,Jason Basak,jasonbasak96@yahoo.co.in,+91-996965116,2026-08-16 02:00 PM,CANCELLED,Interested in weekend morning visit.,2026-07-21 06:47:14
VST1582,PROP1567,OWN1285,Megha Taneja,meghataneja25@gmail.com,+91-710675093,2026-06-22 05:30 PM,PENDING,Looking for urgent possession.,2026-07-21 06:48:29
VST1583,PROP1561,OWN1044,Irya Kala,iryakala36@yahoo.co.in,+91-956150987,2026-08-14 11:30 AM,PENDING,Needs confirmation from owner regarding pets.,2026-07-21 06:47:40
VST1584,PROP1872,OWN1263,Manthan Banerjee,manthanbanerjee30@gmail.com,+91-739633659,2026-07-27 05:30 PM,COMPLETED,Wants to check parking space and metro distance.,2026-07-21 06:48:22
VST1585,PROP1118,OWN1093,Wishi Sabharwal,wishisabharwal82@outlook.com,+91-783665549,2026-08-12 04:00 PM,COMPLETED,Interested in weekend morning visit.,2026-07-21 06:48:05
VST1586,PROP1298,OWN1035,Ati Rajagopal,atirajagopal22@yahoo.co.in,+91-787926229,2026-06-29 04:00 PM,CANCELLED,Visiting with family.,2026-07-21 06:47:31
VST1587,PROP1132,OWN1121,Anirudh Raja,anirudhraja46@gmail.com,+91-919369589,2026-08-06 11:30 AM,CONFIRMED,Requested callback prior to arrival.,2026-07-21 06:47:51
VST1588,PROP1337,OWN1157,Hemangini Thakkar,hemanginithakkar84@outlook.com,+91-785907105,2026-07-10 05:30 PM,PENDING,Visiting with family.,2026-07-21 06:47:40
VST1589,PROP1982,OWN1220,Eiravati Kanda,eiravatikanda10@gmail.com,+91-843041067,2026-06-22 11:30 AM,COMPLETED,Needs confirmation from owner regarding pets.,2026-07-21 06:48:45
VST1590,PROP1447,OWN1142,Dalbir Sodhi,dalbirsodhi27@yahoo.co.in,+91-954501625,2026-07-22 04:00 PM,PENDING,Visiting with family.,2026-07-21 06:48:40
VST1591,PROP1794,OWN1157,Nathaniel Chaudhry,nathanielchaudhry80@yahoo.co.in,+91-733591471,2026-07-05 06:30 PM,COMPLETED,Visiting with family.,2026-07-21 06:47:36
VST1592,PROP1880,OWN1072,Theodore Rama,theodorerama35@outlook.com,+91-894103363,2026-07-12 10:00 AM,COMPLETED,Interested in weekend morning visit.,2026-07-21 06:48:48
VST1593,PROP1870,OWN1260,Patrick Khalsa,patrickkhalsa13@outlook.com,+91-987698748,2026-07-26 04:00 PM,COMPLETED,Wants to check parking space and metro distance.,2026-07-21 06:48:44
VST1594,PROP1929,OWN1019,Ayaan Pandey,ayaanpandey43@outlook.com,+91-982434236,2026-08-16 04:00 PM,COMPLETED,Wants to check parking space and metro distance.,2026-07-21 06:48:15
VST1595,PROP1375,OWN1201,Waida More,waidamore85@gmail.com,+91-949057246,2026-07-01 11:30 AM,PENDING,Looking for urgent possession.,2026-07-21 06:47:12
VST1596,PROP1093,OWN1204,Viraj Kanda,virajkanda74@yahoo.co.in,+91-798943201,2026-06-22 11:30 AM,COMPLETED,Looking for urgent possession.,2026-07-21 06:48:05
VST1597,PROP1701,OWN1085,Saksham De,sakshamde27@outlook.com,+91-831370471,2026-07-11 11:30 AM,PENDING,Looking for urgent possession.,2026-07-21 06:47:29
VST1598,PROP1676,OWN1075,Daniel Bains,danielbains71@outlook.com,+91-815425057,2026-06-29 11:30 AM,COMPLETED,Wants to check parking space and metro distance.,2026-07-21 06:48:32
VST1599,PROP1065,OWN1136,Indrajit Vora,indrajitvora39@yahoo.co.in,+91-799736040,2026-08-11 11:30 AM,PENDING,Visiting with family.,2026-07-21 06:49:03
VST1600,PROP1398,OWN1241,Meghana Chaudhuri,meghanachaudhuri15@yahoo.co.in,+91-797043518,2026-07-11 02:00 PM,CONFIRMED,Looking for urgent possession.,2026-07-21 06:47:46
VST1601,PROP1649,OWN1141,Rajeshri Sur,rajeshrisur43@outlook.com,+91-983061428,2026-07-29 05:30 PM,CONFIRMED,Needs confirmation from owner regarding pets.,2026-07-21 06:47:28
VST1602,PROP1388,OWN1188,Udant Gill,udantgill93@outlook.com,+91-779345320,2026-07-13 02:00 PM,PENDING,Wants to check parking space and metro distance.,2026-07-21 06:48:36
VST1603,PROP1529,OWN1208,Joshua Goel,joshuagoel54@yahoo.co.in,+91-874707720,2026-08-03 05:30 PM,CONFIRMED,Wants to check parking space and metro distance.,2026-07-21 06:49:01
VST1604,PROP1451,OWN1085,Bachittar Gopal,bachittargopal19@gmail.com,+91-996366021,2026-07-27 02:00 PM,CONFIRMED,Wants to check parking space and metro distance.,2026-07-21 06:48:58
VST1605,PROP1162,OWN1186,Hemang Taneja,hemangtaneja25@outlook.com,+91-940916561,2026-06-29 04:00 PM,COMPLETED,Needs confirmation from owner regarding pets.,2026-07-21 06:48:37
VST1606,PROP1117,OWN1247,Idika Nagarajan,idikanagarajan71@outlook.com,+91-838280205,2026-07-01 05:30 PM,CONFIRMED,Requested callback prior to arrival.,2026-07-21 06:48:54
VST1607,PROP1023,OWN1125,Gautami Sekhon,gautamisekhon26@gmail.com,+91-989503557,2026-06-21 11:30 AM,CONFIRMED,Looking for urgent possession.,2026-07-21 06:47:33
VST1608,PROP1041,OWN1294,Inaya Kunda,inayakunda17@gmail.com,+91-744663022,2026-08-07 11:30 AM,PENDING,Requested callback prior to arrival.,2026-07-21 06:48:34
VST1609,PROP1614,OWN1289,Libni Sarma,libnisarma12@outlook.com,+91-998817918,2026-08-03 02:00 PM,CANCELLED,Wants to check parking space and metro distance.,2026-07-21 06:49:04
VST1610,PROP1460,OWN1242,Waida Radhakrishnan,waidaradhakrishnan31@yahoo.co.in,+91-765132193,2026-07-12 05:30 PM,CONFIRMED,Looking for urgent possession.,2026-07-21 06:47:53
VST1611,PROP1841,OWN1094,Umang Gaba,umanggaba94@outlook.com,+91-945503367,2026-07-18 11:30 AM,COMPLETED,Visiting with family.,2026-07-21 06:48:43
VST1612,PROP1945,OWN1233,Chaitaly Bahri,chaitalybahri85@outlook.com,+91-740845084,2026-07-10 04:00 PM,PENDING,Interested in weekend morning visit.,2026-07-21 06:49:02
VST1613,PROP1017,OWN1104,Hema Garde,hemagarde74@outlook.com,+91-966343932,2026-08-13 11:30 AM,COMPLETED,Wants to check parking space and metro distance.,2026-07-21 06:47:27
VST1614,PROP1488,OWN1020,Girik Nigam,giriknigam74@outlook.com,+91-722507745,2026-07-26 04:00 PM,COMPLETED,Looking for urgent possession.,2026-07-21 06:48:21
VST1615,PROP1553,OWN1001,Azaan Sankar,azaansankar93@outlook.com,+91-880067590,2026-08-16 04:00 PM,PENDING,Interested in weekend morning visit.,2026-07-21 06:47:27
VST1616,PROP1715,OWN1272,Naksh Bera,nakshbera39@yahoo.co.in,+91-861168696,2026-06-27 02:00 PM,PENDING,Needs confirmation from owner regarding pets.,2026-07-21 06:47:32
VST1617,PROP1930,OWN1295,Nimrat Zachariah,nimratzachariah64@gmail.com,+91-744160831,2026-07-06 04:00 PM,COMPLETED,Interested in weekend morning visit.,2026-07-21 06:47:41
VST1618,PROP1291,OWN1279,Gopal Bawa,gopalbawa42@yahoo.co.in,+91-710734097,2026-07-14 06:30 PM,COMPLETED,Interested in weekend morning visit.,2026-07-21 06:48:13
VST1619,PROP1592,OWN1268,Mitesh Bhagat,miteshbhagat76@gmail.com,+91-760335658,2026-07-12 06:30 PM,CONFIRMED,Visiting with family.,2026-07-21 06:47:59
VST1620,PROP1419,OWN1186,Varsha Iyengar,varshaiyengar29@gmail.com,+91-897453041,2026-06-26 05:30 PM,CONFIRMED,Looking for urgent possession.,2026-07-21 06:47:32
VST1621,PROP1434,OWN1290,Finn Solanki,finnsolanki88@yahoo.co.in,+91-863345392,2026-08-10 11:30 AM,PENDING,Looking for urgent possession.,2026-07-21 06:47:45
VST1622,PROP1495,OWN1092,Urishilla Suresh,urishillasuresh81@yahoo.co.in,+91-974929189,2026-08-13 02:00 PM,CANCELLED,Looking for urgent possession.,2026-07-21 06:47:39
VST1623,PROP1353,OWN1204,Qasim Prabhakar,qasimprabhakar27@outlook.com,+91-925983420,2026-08-13 06:30 PM,CONFIRMED,Needs confirmation from owner regarding pets.,2026-07-21 06:47:52
VST1624,PROP1973,OWN1083,Chaitanya Lall,chaitanyalall37@gmail.com,+91-963762374,2026-07-17 02:00 PM,COMPLETED,Looking for urgent possession.,2026-07-21 06:47:39
VST1625,PROP1714,OWN1027,David Dora,daviddora59@gmail.com,+91-910710096,2026-08-05 10:00 AM,COMPLETED,Requested callback prior to arrival.,2026-07-21 06:48:28
VST1626,PROP1949,OWN1223,Hemangini Sachdev,hemanginisachdev18@gmail.com,+91-839765498,2026-08-18 02:00 PM,CONFIRMED,Interested in weekend morning visit.,2026-07-21 06:48:18
VST1627,PROP1742,OWN1197,Lila Virk,lilavirk88@yahoo.co.in,+91-979928180,2026-07-16 02:00 PM,COMPLETED,Looking for urgent possession.,2026-07-21 06:48:12
VST1628,PROP1059,OWN1090,Warinder Soni,warindersoni73@outlook.com,+91-811437525,2026-07-08 11:30 AM,COMPLETED,Looking for urgent possession.,2026-07-21 06:47:55
VST1629,PROP1293,OWN1100,Yadavi Varughese,yadavivarughese86@gmail.com,+91-979231333,2026-08-08 06:30 PM,CONFIRMED,Wants to check parking space and metro distance.,2026-07-21 06:48:29
VST1630,PROP1691,OWN1019,Jai Sen,jaisen40@yahoo.co.in,+91-910038556,2026-07-01 11:30 AM,CONFIRMED,Visiting with family.,2026-07-21 06:49:06
VST1631,PROP1799,OWN1205,Reyansh Date,reyanshdate95@yahoo.co.in,+91-864418707,2026-06-23 05:30 PM,CONFIRMED,Interested in weekend morning visit.,2026-07-21 06:47:17
VST1632,PROP1755,OWN1036,Saksham Divan,sakshamdivan80@gmail.com,+91-885042992,2026-08-10 05:30 PM,CONFIRMED,Visiting with family.,2026-07-21 06:47:38
VST1633,PROP1232,OWN1100,Gagan Rama,gaganrama61@yahoo.co.in,+91-910624307,2026-07-24 02:00 PM,CONFIRMED,Looking for urgent possession.,2026-07-21 06:48:14
VST1634,PROP1110,OWN1287,Zinal Shanker,zinalshanker74@gmail.com,+91-855629449,2026-08-15 10:00 AM,COMPLETED,Visiting with family.,2026-07-21 06:47:09
VST1635,PROP1898,OWN1276,Isaiah Sachdeva,isaiahsachdeva42@outlook.com,+91-969427400,2026-06-29 04:00 PM,PENDING,Wants to check parking space and metro distance.,2026-07-21 06:48:15
VST1636,PROP1776,OWN1174,Hitesh Chaudhuri,hiteshchaudhuri97@yahoo.co.in,+91-888762521,2026-08-07 10:00 AM,PENDING,Visiting with family.,2026-07-21 06:48:52
VST1637,PROP1070,OWN1196,Nirja Lalla,nirjalalla38@outlook.com,+91-940860700,2026-07-13 02:00 PM,PENDING,Visiting with family.,2026-07-21 06:48:06
VST1638,PROP1529,OWN1275,Baljiwan Gera,baljiwangera99@gmail.com,+91-843320572,2026-07-07 02:00 PM,CONFIRMED,Needs confirmation from owner regarding pets.,2026-07-21 06:47:25
VST1639,PROP1767,OWN1176,Balvan Randhawa,balvanrandhawa80@gmail.com,+91-773962190,2026-08-13 02:00 PM,PENDING,Looking for urgent possession.,2026-07-21 06:47:47
VST1640,PROP1276,OWN1094,Chandran Soman,chandransoman97@outlook.com,+91-776974557,2026-08-15 06:30 PM,CONFIRMED,Needs confirmation from owner regarding pets.,2026-07-21 06:48:55
VST1641,PROP1248,OWN1136,Geetika Mitter,geetikamitter39@gmail.com,+91-743513553,2026-07-09 05:30 PM,PENDING,Interested in weekend morning visit.,2026-07-21 06:48:49
VST1642,PROP1123,OWN1041,Vedant Desai,vedantdesai94@outlook.com,+91-892386462,2026-07-09 10:00 AM,COMPLETED,Looking for urgent possession.,2026-07-21 06:48:37
VST1643,PROP1981,OWN1022,Amruta Saha,amrutasaha57@yahoo.co.in,+91-952334540,2026-07-27 04:00 PM,COMPLETED,Looking for urgent possession.,2026-07-21 06:47:18
VST1644,PROP1890,OWN1141,Siddharth Ray,siddharthray33@yahoo.co.in,+91-947616749,2026-08-04 04:00 PM,CONFIRMED,Looking for urgent possession.,2026-07-21 06:48:39
VST1645,PROP1132,OWN1028,Daksh Varma,dakshvarma64@outlook.com,+91-882580645,2026-08-07 10:00 AM,PENDING,Requested callback prior to arrival.,2026-07-21 06:47:15
VST1646,PROP1882,OWN1090,Krishna Viswanathan,krishnaviswanathan25@yahoo.co.in,+91-979552316,2026-08-12 04:00 PM,CONFIRMED,Interested in weekend morning visit.,2026-07-21 06:47:11
VST1647,PROP1013,OWN1108,Sai Bhardwaj,saibhardwaj84@yahoo.co.in,+91-753679307,2026-07-05 02:00 PM,COMPLETED,Visiting with family.,2026-07-21 06:48:02
VST1648,PROP1192,OWN1281,Rushil Mahal,rushilmahal40@yahoo.co.in,+91-873262903,2026-07-13 05:30 PM,CONFIRMED,Wants to check parking space and metro distance.,2026-07-21 06:48:03
VST1649,PROP1511,OWN1218,Jatin Balasubramanian,jatinbalasubramanian63@gmail.com,+91-959970552,2026-07-05 02:00 PM,COMPLETED,Visiting with family.,2026-07-21 06:48:06
VST1650,PROP1462,OWN1093,Peter Som,petersom26@outlook.com,+91-940677709,2026-07-26 10:00 AM,COMPLETED,Wants to check parking space and metro distance.,2026-07-21 06:47:49
VST1651,PROP1569,OWN1222,Aarna Chana,aarnachana35@yahoo.co.in,+91-730072000,2026-07-08 04:00 PM,COMPLETED,Wants to check parking space and metro distance.,2026-07-21 06:47:54
VST1652,PROP1432,OWN1256,Tanish Kant,tanishkant90@gmail.com,+91-981669929,2026-07-29 06:30 PM,CONFIRMED,Requested callback prior to arrival.,2026-07-21 06:48:29
VST1653,PROP1308,OWN1129,Nimrat Varghese,nimratvarghese82@outlook.com,+91-763472598,2026-06-22 10:00 AM,COMPLETED,Interested in weekend morning visit.,2026-07-21 06:48:41
VST1654,PROP1221,OWN1131,Urvi Deo,urvideo90@yahoo.co.in,+91-770378491,2026-07-29 06:30 PM,CONFIRMED,Visiting with family.,2026-07-21 06:48:20
VST1655,PROP1369,OWN1287,Udarsh Krishnan,udarshkrishnan42@outlook.com,+91-812662253,2026-07-27 04:00 PM,CONFIRMED,Needs confirmation from owner regarding pets.,2026-07-21 06:49:01
VST1656,PROP1987,OWN1102,Pallavi Puri,pallavipuri83@outlook.com,+91-997124881,2026-08-11 05:30 PM,CONFIRMED,Visiting with family.,2026-07-21 06:48:03
VST1657,PROP1364,OWN1167,Unnati Mittal,unnatimittal75@outlook.com,+91-869985944,2026-07-31 10:00 AM,PENDING,Visiting with family.,2026-07-21 06:48:46
VST1658,PROP1475,OWN1075,Harsh Amble,harshamble91@gmail.com,+91-866615250,2026-07-21 06:30 PM,COMPLETED,Requested callback prior to arrival.,2026-07-21 06:48:27
VST1659,PROP1870,OWN1037,Barkha Misra,barkhamisra30@gmail.com,+91-840630893,2026-08-01 02:00 PM,CONFIRMED,Visiting with family.,2026-07-21 06:48:05
VST1660,PROP1728,OWN1137,Aradhana Nair,aradhananair92@outlook.com,+91-846406303,2026-08-11 04:00 PM,COMPLETED,Visiting with family.,2026-07-21 06:47:39
VST1661,PROP1766,OWN1267,Raghav Doctor,raghavdoctor62@yahoo.co.in,+91-734680787,2026-07-22 10:00 AM,CONFIRMED,Wants to check parking space and metro distance.,2026-07-21 06:47:36
VST1662,PROP1678,OWN1129,Netra Nagarajan,netranagarajan99@outlook.com,+91-920746107,2026-07-31 11:30 AM,CONFIRMED,Interested in weekend morning visit.,2026-07-21 06:48:34
VST1663,PROP1098,OWN1033,Chakrika Lad,chakrikalad80@yahoo.co.in,+91-713538638,2026-08-14 04:00 PM,PENDING,Interested in weekend morning visit.,2026-07-21 06:47:56
VST1664,PROP1107,OWN1135,Ranveer Oza,ranveeroza29@outlook.com,+91-797890153,2026-08-03 04:00 PM,CONFIRMED,Wants to check parking space and metro distance.,2026-07-21 06:47:34
VST1665,PROP1756,OWN1146,Jagrati Tripathi,jagratitripathi90@yahoo.co.in,+91-727619715,2026-07-09 05:30 PM,COMPLETED,Interested in weekend morning visit.,2026-07-21 06:47:28
VST1666,PROP1036,OWN1183,Chaaya Chatterjee,chaayachatterjee70@yahoo.co.in,+91-882555977,2026-07-19 02:00 PM,PENDING,Wants to check parking space and metro distance.,2026-07-21 06:48:36
VST1667,PROP1993,OWN1277,Gautami Chakraborty,gautamichakraborty85@gmail.com,+91-971276220,2026-07-04 06:30 PM,COMPLETED,Looking for urgent possession.,2026-07-21 06:47:34
VST1668,PROP1446,OWN1269,Osha Narula,oshanarula91@outlook.com,+91-951562039,2026-07-13 02:00 PM,PENDING,Wants to check parking space and metro distance.,2026-07-21 06:48:18
VST1669,PROP1825,OWN1046,Jacob Singhal,jacobsinghal49@yahoo.co.in,+91-865325058,2026-06-24 02:00 PM,CONFIRMED,Interested in weekend morning visit.,2026-07-21 06:48:24
VST1670,PROP1001,OWN1268,Urmi Hayer,urmihayer54@gmail.com,+91-872974683,2026-07-21 05:30 PM,CONFIRMED,Requested callback prior to arrival.,2026-07-21 06:48:52
VST1671,PROP1970,OWN1245,Chanchal Sachdev,chanchalsachdev11@yahoo.co.in,+91-849315407,2026-06-24 05:30 PM,CONFIRMED,Interested in weekend morning visit.,2026-07-21 06:48:50
VST1672,PROP1562,OWN1192,Sai Oommen,saioommen62@gmail.com,+91-968667423,2026-07-15 04:00 PM,CONFIRMED,Needs confirmation from owner regarding pets.,2026-07-21 06:48:16
VST1673,PROP1755,OWN1200,Luke Mutti,lukemutti38@yahoo.co.in,+91-820631350,2026-08-11 04:00 PM,COMPLETED,Looking for urgent possession.,2026-07-21 06:47:29
VST1674,PROP1783,OWN1140,Vinaya Natarajan,vinayanatarajan93@yahoo.co.in,+91-981396350,2026-07-28 02:00 PM,PENDING,Interested in weekend morning visit.,2026-07-21 06:47:29
VST1675,PROP1187,OWN1070,Aayush Seth,aayushseth24@yahoo.co.in,+91-971115104,2026-07-07 05:30 PM,PENDING,Needs confirmation from owner regarding pets.,2026-07-21 06:48:39
VST1676,PROP1638,OWN1252,Nathan Suri,nathansuri51@gmail.com,+91-730421134,2026-08-07 10:00 AM,CANCELLED,Interested in weekend morning visit.,2026-07-21 06:48:41
VST1677,PROP1191,OWN1053,Radha Sanghvi,radhasanghvi44@yahoo.co.in,+91-768843284,2026-07-15 06:30 PM,CONFIRMED,Interested in weekend morning visit.,2026-07-21 06:49:03
VST1678,PROP1155,OWN1008,Aayush Barad,aayushbarad37@yahoo.co.in,+91-866404064,2026-07-23 02:00 PM,COMPLETED,Requested callback prior to arrival.,2026-07-21 06:48:35
VST1679,PROP1381,OWN1238,Ekanta Wali,ekantawali14@outlook.com,+91-820767361,2026-07-02 11:30 AM,CONFIRMED,Requested callback prior to arrival.,2026-07-21 06:48:29
VST1680,PROP1074,OWN1279,Upkaar Padmanabhan,upkaarpadmanabhan33@yahoo.co.in,+91-743565097,2026-07-09 04:00 PM,COMPLETED,Interested in weekend morning visit.,2026-07-21 06:47:20
VST1681,PROP1998,OWN1128,Oliver Bhattacharyya,oliverbhattacharyya66@yahoo.co.in,+91-714497675,2026-08-09 11:30 AM,PENDING,Interested in weekend morning visit.,2026-07-21 06:47:43
VST1682,PROP1534,OWN1107,Tamanna Venkatesh,tamannavenkatesh59@yahoo.co.in,+91-951890609,2026-07-26 02:00 PM,CONFIRMED,Needs confirmation from owner regarding pets.,2026-07-21 06:47:48
VST1683,PROP1044,OWN1282,Hema Suri,hemasuri25@outlook.com,+91-874589542,2026-07-12 06:30 PM,CONFIRMED,Visiting with family.,2026-07-21 06:47:30
VST1684,PROP1909,OWN1027,Anirudh Kari,anirudhkari37@outlook.com,+91-741670798,2026-07-04 06:30 PM,PENDING,Interested in weekend morning visit.,2026-07-21 06:49:06
VST1685,PROP1172,OWN1142,Anthony Thaman,anthonythaman25@outlook.com,+91-842626898,2026-07-01 10:00 AM,CANCELLED,Looking for urgent possession.,2026-07-21 06:47:51
VST1686,PROP1803,OWN1244,Keya Kumer,keyakumer86@outlook.com,+91-759848284,2026-08-06 10:00 AM,CONFIRMED,Requested callback prior to arrival.,2026-07-21 06:48:22
VST1687,PROP1094,OWN1174,Hritik Bahri,hritikbahri17@outlook.com,+91-757716774,2026-06-23 06:30 PM,CONFIRMED,Looking for urgent possession.,2026-07-21 06:47:21
VST1688,PROP1811,OWN1055,Lajita Dasgupta,lajitadasgupta72@gmail.com,+91-752512063,2026-07-23 05:30 PM,COMPLETED,Visiting with family.,2026-07-21 06:48:04
VST1689,PROP1825,OWN1225,Samesh Andra,sameshandra34@outlook.com,+91-760703288,2026-07-09 02:00 PM,COMPLETED,Visiting with family.,2026-07-21 06:48:27
VST1690,PROP1921,OWN1021,Laksh Sahota,lakshsahota66@yahoo.co.in,+91-949555923,2026-08-09 05:30 PM,COMPLETED,Wants to check parking space and metro distance.,2026-07-21 06:47:20
VST1691,PROP1581,OWN1096,Barkha Comar,barkhacomar54@outlook.com,+91-872866875,2026-08-07 02:00 PM,COMPLETED,Looking for urgent possession.,2026-07-21 06:48:07
VST1692,PROP1937,OWN1284,Adya Virk,adyavirk18@gmail.com,+91-930807167,2026-08-18 04:00 PM,CONFIRMED,Visiting with family.,2026-07-21 06:47:50
VST1693,PROP1555,OWN1188,Chakrika Dyal,chakrikadyal10@yahoo.co.in,+91-977908497,2026-06-23 04:00 PM,COMPLETED,Interested in weekend morning visit.,2026-07-21 06:48:07
VST1694,PROP1635,OWN1187,Vasana Narayanan,vasananarayanan40@outlook.com,+91-818501586,2026-07-05 06:30 PM,CANCELLED,Requested callback prior to arrival.,2026-07-21 06:47:09
VST1695,PROP1195,OWN1269,Indrajit Tak,indrajittak73@outlook.com,+91-930687181,2026-06-29 05:30 PM,CONFIRMED,Requested callback prior to arrival.,2026-07-21 06:47:18
VST1696,PROP1657,OWN1165,Harrison Kunda,harrisonkunda22@gmail.com,+91-998434857,2026-07-29 10:00 AM,CONFIRMED,Wants to check parking space and metro distance.,2026-07-21 06:48:02
VST1697,PROP1183,OWN1017,Aishani Shetty,aishanishetty23@gmail.com,+91-835718350,2026-06-24 10:00 AM,CONFIRMED,Needs confirmation from owner regarding pets.,2026-07-21 06:48:45
VST1698,PROP1857,OWN1199,Bina Parsa,binaparsa72@outlook.com,+91-993747900,2026-08-08 06:30 PM,PENDING,Interested in weekend morning visit.,2026-07-21 06:47:45
VST1699,PROP1376,OWN1114,Girish Bath,girishbath19@outlook.com,+91-738016352,2026-06-21 06:30 PM,PENDING,Interested in weekend morning visit.,2026-07-21 06:47:24
VST1700,PROP1480,OWN1032,Falguni Parmar,falguniparmar81@yahoo.co.in,+91-965828293,2026-08-13 02:00 PM,COMPLETED,Interested in weekend morning visit.,2026-07-21 06:49:02
VST1701,PROP1844,OWN1137,Girik Pradhan,girikpradhan15@outlook.com,+91-919447334,2026-08-08 02:00 PM,CONFIRMED,Wants to check parking space and metro distance.,2026-07-21 06:47:29
VST1702,PROP1984,OWN1266,Mugdha Shan,mugdhashan22@gmail.com,+91-941006711,2026-07-07 05:30 PM,PENDING,Wants to check parking space and metro distance.,2026-07-21 06:47:54
VST1703,PROP1539,OWN1128,Oviya Ganesan,oviyaganesan90@outlook.com,+91-784950330,2026-06-27 06:30 PM,PENDING,Needs confirmation from owner regarding pets.,2026-07-21 06:48:31
VST1704,PROP1109,OWN1296,Nathaniel Chawla,nathanielchawla96@yahoo.co.in,+91-899287317,2026-07-15 04:00 PM,COMPLETED,Wants to check parking space and metro distance.,2026-07-21 06:48:18
VST1705,PROP1812,OWN1093,Pratyush Raghavan,pratyushraghavan61@outlook.com,+91-955300210,2026-08-06 06:30 PM,CONFIRMED,Looking for urgent possession.,2026-07-21 06:48:21
VST1706,PROP1454,OWN1181,Vasudha Sura,vasudhasura80@yahoo.co.in,+91-859891348,2026-06-27 04:00 PM,COMPLETED,Requested callback prior to arrival.,2026-07-21 06:47:57
VST1707,PROP1846,OWN1166,Dev Lal,devlal40@outlook.com,+91-983232714,2026-07-30 11:30 AM,PENDING,Looking for urgent possession.,2026-07-21 06:47:09
VST1708,PROP1949,OWN1131,Hamsini Venkataraman,hamsinivenkataraman67@yahoo.co.in,+91-863296593,2026-07-22 10:00 AM,COMPLETED,Visiting with family.,2026-07-21 06:48:32
VST1709,PROP1611,OWN1009,Rachita Kothari,rachitakothari27@outlook.com,+91-810881653,2026-07-19 02:00 PM,CANCELLED,Wants to check parking space and metro distance.,2026-07-21 06:48:27
VST1710,PROP1877,OWN1162,Manthan Bhagat,manthanbhagat98@gmail.com,+91-884311410,2026-06-21 05:30 PM,PENDING,Looking for urgent possession.,2026-07-21 06:49:00
VST1711,PROP1159,OWN1049,Warhi Gandhi,warhigandhi68@gmail.com,+91-830952341,2026-06-25 11:30 AM,CONFIRMED,Looking for urgent possession.,2026-07-21 06:48:06
VST1712,PROP1256,OWN1120,Ganga Mall,gangamall48@yahoo.co.in,+91-786569490,2026-06-24 04:00 PM,PENDING,Wants to check parking space and metro distance.,2026-07-21 06:47:34
VST1713,PROP1752,OWN1040,Neha Keer,nehakeer51@outlook.com,+91-833206579,2026-06-25 04:00 PM,COMPLETED,Needs confirmation from owner regarding pets.,2026-07-21 06:48:01
VST1714,PROP1720,OWN1296,Gaurang Tara,gaurangtara86@gmail.com,+91-950318100,2026-07-17 10:00 AM,COMPLETED,Looking for urgent possession.,2026-07-21 06:47:22
VST1715,PROP1391,OWN1041,Andrew Chauhan,andrewchauhan52@gmail.com,+91-868291349,2026-07-15 04:00 PM,CANCELLED,Interested in weekend morning visit.,2026-07-21 06:47:12
VST1716,PROP1891,OWN1117,Gavin Modi,gavinmodi93@outlook.com,+91-911534696,2026-08-13 06:30 PM,COMPLETED,Requested callback prior to arrival.,2026-07-21 06:48:15
VST1717,PROP1056,OWN1157,Harita Patla,haritapatla15@outlook.com,+91-882468141,2026-08-09 05:30 PM,CONFIRMED,Looking for urgent possession.,2026-07-21 06:48:45
VST1718,PROP1715,OWN1114,Garima Solanki,garimasolanki16@gmail.com,+91-962731823,2026-08-02 04:00 PM,COMPLETED,Looking for urgent possession.,2026-07-21 06:47:51
VST1719,PROP1517,OWN1047,Ishaan Chatterjee,ishaanchatterjee65@gmail.com,+91-862925057,2026-08-05 11:30 AM,CONFIRMED,Interested in weekend morning visit.,2026-07-21 06:47:34
VST1720,PROP1488,OWN1293,Isha Manne,ishamanne16@outlook.com,+91-963578549,2026-07-23 02:00 PM,CONFIRMED,Looking for urgent possession.,2026-07-21 06:47:52
VST1721,PROP1445,OWN1067,Chakradev Gala,chakradevgala71@gmail.com,+91-936589676,2026-07-20 04:00 PM,PENDING,Looking for urgent possession.,2026-07-21 06:48:46
VST1722,PROP1201,OWN1288,Hredhaan Kumar,hredhaankumar77@outlook.com,+91-742522981,2026-07-27 10:00 AM,CONFIRMED,Requested callback prior to arrival.,2026-07-21 06:47:30
VST1723,PROP1332,OWN1295,Tanveer Shankar,tanveershankar24@gmail.com,+91-965510043,2026-08-09 04:00 PM,PENDING,Wants to check parking space and metro distance.,2026-07-21 06:47:30
VST1724,PROP1329,OWN1177,Hritik Sachdeva,hritiksachdeva93@outlook.com,+91-750912093,2026-06-23 11:30 AM,CANCELLED,Looking for urgent possession.,2026-07-21 06:48:23
VST1725,PROP1842,OWN1227,Shravya Shankar,shravyashankar28@outlook.com,+91-816023362,2026-07-30 11:30 AM,CONFIRMED,Visiting with family.,2026-07-21 06:49:02
VST1726,PROP1160,OWN1044,Wishi Agrawal,wishiagrawal16@gmail.com,+91-793349536,2026-07-22 11:30 AM,COMPLETED,Visiting with family.,2026-07-21 06:47:13
VST1727,PROP1015,OWN1176,Vasudha Trivedi,vasudhatrivedi24@outlook.com,+91-870406241,2026-08-06 04:00 PM,CONFIRMED,Wants to check parking space and metro distance.,2026-07-21 06:48:57
VST1728,PROP1758,OWN1276,Kabir Chawla,kabirchawla36@gmail.com,+91-980231557,2026-07-14 02:00 PM,PENDING,Looking for urgent possession.,2026-07-21 06:48:20
VST1729,PROP1748,OWN1073,Yamini Rajagopalan,yaminirajagopalan99@outlook.com,+91-912468064,2026-07-16 04:00 PM,PENDING,Needs confirmation from owner regarding pets.,2026-07-21 06:48:21
VST1730,PROP1540,OWN1023,Anusha Rao,anusharao31@yahoo.co.in,+91-748119652,2026-08-17 11:30 AM,COMPLETED,Looking for urgent possession.,2026-07-21 06:49:04
VST1731,PROP1278,OWN1028,Kiaan Devi,kiaandevi93@yahoo.co.in,+91-718938604,2026-07-15 04:00 PM,COMPLETED,Needs confirmation from owner regarding pets.,2026-07-21 06:48:32
VST1732,PROP1873,OWN1185,Dipta Kalla,diptakalla12@gmail.com,+91-897162488,2026-07-03 04:00 PM,CONFIRMED,Requested callback prior to arrival.,2026-07-21 06:48:22
VST1733,PROP1521,OWN1051,Hemani Deo,hemanideo72@yahoo.co.in,+91-981344862,2026-08-18 10:00 AM,CONFIRMED,Looking for urgent possession.,2026-07-21 06:48:26
VST1734,PROP1990,OWN1235,Yahvi Naidu,yahvinaidu12@outlook.com,+91-743204410,2026-08-02 05:30 PM,CONFIRMED,Requested callback prior to arrival.,2026-07-21 06:48:39
VST1735,PROP1403,OWN1081,Omisha Walla,omishawalla54@gmail.com,+91-957232974,2026-07-08 02:00 PM,COMPLETED,Wants to check parking space and metro distance.,2026-07-21 06:48:49
VST1736,PROP1514,OWN1142,Hredhaan Bakshi,hredhaanbakshi90@gmail.com,+91-861965156,2026-07-13 10:00 AM,CANCELLED,Visiting with family.,2026-07-21 06:47:14
VST1737,PROP1231,OWN1078,Ryan Loke,ryanloke60@yahoo.co.in,+91-928422816,2026-08-05 10:00 AM,COMPLETED,Looking for urgent possession.,2026-07-21 06:47:27
VST1738,PROP1984,OWN1117,Zashil Dhingra,zashildhingra40@yahoo.co.in,+91-930501644,2026-08-10 04:00 PM,CANCELLED,Looking for urgent possession.,2026-07-21 06:48:30
VST1739,PROP1338,OWN1230,Samar Bali,samarbali26@outlook.com,+91-797573396,2026-07-12 11:30 AM,PENDING,Needs confirmation from owner regarding pets.,2026-07-21 06:48:02
VST1740,PROP1820,OWN1104,Lopa Khanna,lopakhanna49@gmail.com,+91-980303981,2026-07-21 11:30 AM,PENDING,Wants to check parking space and metro distance.,2026-07-21 06:48:43
VST1741,PROP1672,OWN1290,Champak Raj,champakraj50@gmail.com,+91-784804948,2026-07-14 05:30 PM,CANCELLED,Interested in weekend morning visit.,2026-07-21 06:49:02
VST1742,PROP1189,OWN1163,Chatura Arya,chaturaarya13@gmail.com,+91-865571528,2026-08-04 04:00 PM,CONFIRMED,Needs confirmation from owner regarding pets.,2026-07-21 06:47:32
VST1743,PROP1957,OWN1141,Umang Pillai,umangpillai34@gmail.com,+91-727655789,2026-08-05 11:30 AM,CONFIRMED,Looking for urgent possession.,2026-07-21 06:48:13
VST1744,PROP1632,OWN1137,Rishi Menon,rishimenon82@outlook.com,+91-940992396,2026-07-17 05:30 PM,CONFIRMED,Needs confirmation from owner regarding pets.,2026-07-21 06:49:06
VST1745,PROP1027,OWN1184,Rachit Ghose,rachitghose98@gmail.com,+91-827996802,2026-08-04 05:30 PM,COMPLETED,Requested callback prior to arrival.,2026-07-21 06:47:22
VST1746,PROP1730,OWN1192,Priya Mallick,priyamallick59@gmail.com,+91-873598657,2026-07-24 11:30 AM,CONFIRMED,Wants to check parking space and metro distance.,2026-07-21 06:47:23
VST1747,PROP1034,OWN1210,Abdul Narayanan,abdulnarayanan44@gmail.com,+91-839870720,2026-07-18 06:30 PM,COMPLETED,Wants to check parking space and metro distance.,2026-07-21 06:49:00
VST1748,PROP1776,OWN1105,Mitesh Naidu,miteshnaidu32@gmail.com,+91-892820305,2026-07-26 04:00 PM,COMPLETED,Requested callback prior to arrival.,2026-07-21 06:48:40
VST1749,PROP1909,OWN1127,Vritti Parmar,vrittiparmar61@yahoo.co.in,+91-791594977,2026-06-25 06:30 PM,COMPLETED,Needs confirmation from owner regarding pets.,2026-07-21 06:48:32
VST1750,PROP1321,OWN1202,Qarin Verma,qarinverma83@outlook.com,+91-981962094,2026-06-25 05:30 PM,COMPLETED,Needs confirmation from owner regarding pets.,2026-07-21 06:48:08
VST1751,PROP1806,OWN1020,Netra Chanda,netrachanda23@outlook.com,+91-871324136,2026-07-11 10:00 AM,COMPLETED,Wants to check parking space and metro distance.,2026-07-21 06:48:54
VST1752,PROP1532,OWN1276,Garima Patel,garimapatel15@yahoo.co.in,+91-961995659,2026-07-08 05:30 PM,COMPLETED,Interested in weekend morning visit.,2026-07-21 06:49:02
VST1753,PROP1195,OWN1150,Aditya Contractor,adityacontractor60@yahoo.co.in,+91-848374806,2026-07-31 04:00 PM,CONFIRMED,Visiting with family.,2026-07-21 06:48:01
VST1754,PROP1628,OWN1028,Balveer Nagi,balveernagi76@outlook.com,+91-772220513,2026-07-13 06:30 PM,PENDING,Needs confirmation from owner regarding pets.,2026-07-21 06:48:43
VST1755,PROP1513,OWN1058,Libni Kunda,libnikunda84@gmail.com,+91-983337520,2026-07-23 11:30 AM,PENDING,Visiting with family.,2026-07-21 06:47:41
VST1756,PROP1462,OWN1013,Yoshita Trivedi,yoshitatrivedi68@gmail.com,+91-937102854,2026-07-17 04:00 PM,CONFIRMED,Visiting with family.,2026-07-21 06:47:13
VST1757,PROP1709,OWN1084,Ekani Varkey,ekanivarkey25@outlook.com,+91-725322958,2026-06-25 06:30 PM,PENDING,Visiting with family.,2026-07-21 06:47:19
VST1758,PROP1088,OWN1269,Dominic Kade,dominickade59@outlook.com,+91-978674708,2026-07-31 05:30 PM,CANCELLED,Requested callback prior to arrival.,2026-07-21 06:48:40
VST1759,PROP1564,OWN1195,Hemang Jha,hemangjha31@gmail.com,+91-885898994,2026-07-23 06:30 PM,COMPLETED,Wants to check parking space and metro distance.,2026-07-21 06:48:32
VST1760,PROP1890,OWN1075,Ekbal Dube,ekbaldube16@gmail.com,+91-851347409,2026-06-22 02:00 PM,COMPLETED,Requested callback prior to arrival.,2026-07-21 06:48:34
VST1761,PROP1296,OWN1093,Gagan Borah,gaganborah26@gmail.com,+91-710474177,2026-06-24 05:30 PM,COMPLETED,Interested in weekend morning visit.,2026-07-21 06:48:43
VST1762,PROP1470,OWN1255,Vedant Kuruvilla,vedantkuruvilla79@yahoo.co.in,+91-791602221,2026-07-15 04:00 PM,CONFIRMED,Looking for urgent possession.,2026-07-21 06:48:02
VST1763,PROP1676,OWN1244,Rachita Mutti,rachitamutti62@yahoo.co.in,+91-820657547,2026-06-22 05:30 PM,COMPLETED,Wants to check parking space and metro distance.,2026-07-21 06:48:28
VST1764,PROP1904,OWN1281,Dev Bath,devbath89@yahoo.co.in,+91-984832912,2026-08-02 11:30 AM,CONFIRMED,Wants to check parking space and metro distance.,2026-07-21 06:47:16
VST1765,PROP1057,OWN1179,Bimala Mitra,bimalamitra28@gmail.com,+91-799522760,2026-07-27 05:30 PM,COMPLETED,Visiting with family.,2026-07-21 06:47:41
VST1766,PROP1340,OWN1045,Lakshmi Rana,lakshmirana23@gmail.com,+91-833924094,2026-08-09 11:30 AM,COMPLETED,Looking for urgent possession.,2026-07-21 06:47:11
VST1767,PROP1677,OWN1294,Thomas Deshpande,thomasdeshpande32@outlook.com,+91-887707540,2026-08-04 02:00 PM,CANCELLED,Interested in weekend morning visit.,2026-07-21 06:48:43
VST1768,PROP1787,OWN1154,Maanas Misra,maanasmisra57@yahoo.co.in,+91-819082067,2026-07-31 04:00 PM,COMPLETED,Interested in weekend morning visit.,2026-07-21 06:48:57
VST1769,PROP1300,OWN1242,Advay Dhaliwal,advaydhaliwal25@gmail.com,+91-946831833,2026-06-28 02:00 PM,PENDING,Looking for urgent possession.,2026-07-21 06:47:08
VST1770,PROP1215,OWN1108,Frederick Mody,frederickmody17@outlook.com,+91-786687590,2026-07-03 06:30 PM,CANCELLED,Looking for urgent possession.,2026-07-21 06:48:36
VST1771,PROP1090,OWN1248,Siddharth Sachar,siddharthsachar98@outlook.com,+91-948545627,2026-08-14 04:00 PM,COMPLETED,Visiting with family.,2026-07-21 06:48:50
VST1772,PROP1266,OWN1270,Naveen Gour,naveengour89@outlook.com,+91-827409802,2026-07-04 05:30 PM,PENDING,Looking for urgent possession.,2026-07-21 06:48:48
VST1773,PROP1747,OWN1255,Ishwar Golla,ishwargolla33@yahoo.co.in,+91-941235369,2026-07-31 06:30 PM,CONFIRMED,Wants to check parking space and metro distance.,2026-07-21 06:48:16
VST1774,PROP1002,OWN1061,Triya Bora,triyabora69@gmail.com,+91-925827722,2026-07-08 06:30 PM,COMPLETED,Looking for urgent possession.,2026-07-21 06:47:16
VST1775,PROP1425,OWN1212,Rudra Sur,rudrasur52@gmail.com,+91-885217695,2026-08-17 06:30 PM,CONFIRMED,Needs confirmation from owner regarding pets.,2026-07-21 06:47:50
VST1776,PROP1207,OWN1145,Harish Mane,harishmane18@yahoo.co.in,+91-850303435,2026-07-28 05:30 PM,PENDING,Interested in weekend morning visit.,2026-07-21 06:48:56
VST1777,PROP1117,OWN1171,Vedika Seshadri,vedikaseshadri60@yahoo.co.in,+91-986359356,2026-07-10 05:30 PM,CANCELLED,Wants to check parking space and metro distance.,2026-07-21 06:48:27
VST1778,PROP1199,OWN1170,Janya Mutti,janyamutti96@yahoo.co.in,+91-873686372,2026-08-17 10:00 AM,COMPLETED,Requested callback prior to arrival.,2026-07-21 06:47:28
VST1779,PROP1160,OWN1236,Yatin Kant,yatinkant52@outlook.com,+91-865559839,2026-08-02 06:30 PM,CONFIRMED,Looking for urgent possession.,2026-07-21 06:48:24
VST1780,PROP1307,OWN1290,Jagvi Desai,jagvidesai96@outlook.com,+91-884514623,2026-07-31 05:30 PM,CONFIRMED,Looking for urgent possession.,2026-07-21 06:47:47
VST1781,PROP1702,OWN1170,Turvi Sehgal,turvisehgal18@yahoo.co.in,+91-747642707,2026-07-12 10:00 AM,CONFIRMED,Requested callback prior to arrival.,2026-07-21 06:47:44
VST1782,PROP1642,OWN1274,Parth Bumb,parthbumb83@gmail.com,+91-962286700,2026-08-10 11:30 AM,PENDING,Visiting with family.,2026-07-21 06:48:51
VST1783,PROP1723,OWN1162,Ronith Lall,ronithlall14@outlook.com,+91-865548633,2026-08-04 10:00 AM,PENDING,Wants to check parking space and metro distance.,2026-07-21 06:48:23
VST1784,PROP1381,OWN1232,Anirudh Tripathi,anirudhtripathi37@yahoo.co.in,+91-950576475,2026-07-28 11:30 AM,CONFIRMED,Interested in weekend morning visit.,2026-07-21 06:48:45
VST1785,PROP1797,OWN1104,Simon Bansal,simonbansal66@gmail.com,+91-913346688,2026-07-24 04:00 PM,CANCELLED,Wants to check parking space and metro distance.,2026-07-21 06:48:13
VST1786,PROP1195,OWN1175,Manthan Pau,manthanpau77@yahoo.co.in,+91-853934556,2026-07-14 11:30 AM,COMPLETED,Interested in weekend morning visit.,2026-07-21 06:48:54
VST1787,PROP1842,OWN1265,Krish Shetty,krishshetty26@outlook.com,+91-714905998,2026-07-21 04:00 PM,PENDING,Looking for urgent possession.,2026-07-21 06:47:18
VST1788,PROP1119,OWN1003,Yadavi Anne,yadavianne15@yahoo.co.in,+91-989763928,2026-07-30 10:00 AM,CONFIRMED,Interested in weekend morning visit.,2026-07-21 06:48:49
VST1789,PROP1106,OWN1267,Yoshita Dey,yoshitadey49@outlook.com,+91-787518768,2026-07-17 02:00 PM,COMPLETED,Wants to check parking space and metro distance.,2026-07-21 06:47:29
VST1790,PROP1329,OWN1103,Veda Parmer,vedaparmer46@gmail.com,+91-881440849,2026-06-23 02:00 PM,COMPLETED,Needs confirmation from owner regarding pets.,2026-07-21 06:48:39
VST1791,PROP1121,OWN1140,Dev Lalla,devlalla30@gmail.com,+91-825362614,2026-07-13 10:00 AM,CANCELLED,Looking for urgent possession.,2026-07-21 06:47:13
VST1792,PROP1527,OWN1053,Zarna Patel,zarnapatel79@gmail.com,+91-883734610,2026-07-14 02:00 PM,CONFIRMED,Needs confirmation from owner regarding pets.,2026-07-21 06:48:58
VST1793,PROP1824,OWN1146,Balveer Naik,balveernaik41@outlook.com,+91-719562056,2026-06-27 02:00 PM,COMPLETED,Visiting with family.,2026-07-21 06:49:04
VST1794,PROP1554,OWN1228,Adya Ghosh,adyaghosh26@gmail.com,+91-773181059,2026-07-13 06:30 PM,CONFIRMED,Requested callback prior to arrival.,2026-07-21 06:47:53
VST1795,PROP1056,OWN1045,Zansi Krishnamurthy,zansikrishnamurthy60@yahoo.co.in,+91-790010054,2026-07-13 05:30 PM,COMPLETED,Needs confirmation from owner regarding pets.,2026-07-21 06:48:56
VST1796,PROP1717,OWN1229,Ira Pai,irapai55@outlook.com,+91-854604858,2026-07-20 11:30 AM,COMPLETED,Needs confirmation from owner regarding pets.,2026-07-21 06:48:05
VST1797,PROP1829,OWN1274,Yachana Dewan,yachanadewan69@gmail.com,+91-927689263,2026-07-17 10:00 AM,COMPLETED,Needs confirmation from owner regarding pets.,2026-07-21 06:47:35
VST1798,PROP1480,OWN1050,Siddharth Doctor,siddharthdoctor49@yahoo.co.in,+91-996492401,2026-07-02 06:30 PM,COMPLETED,Requested callback prior to arrival.,2026-07-21 06:47:51
VST1799,PROP1238,OWN1115,Victor Sachdeva,victorsachdeva88@gmail.com,+91-858781345,2026-08-08 04:00 PM,CONFIRMED,Needs confirmation from owner regarding pets.,2026-07-21 06:48:34
VST1800,PROP1339,OWN1167,Varenya Srinivas,varenyasrinivas72@yahoo.co.in,+91-718773168,2026-07-03 04:00 PM,CONFIRMED,Requested callback prior to arrival.,2026-07-21 06:47:27
VST1801,PROP1473,OWN1088,Anthony Kohli,anthonykohli54@yahoo.co.in,+91-987132010,2026-06-23 11:30 AM,PENDING,Requested callback prior to arrival.,2026-07-21 06:48:16
VST1802,PROP1838,OWN1055,Krish Vala,krishvala81@yahoo.co.in,+91-919519256,2026-06-23 02:00 PM,PENDING,Requested callback prior to arrival.,2026-07-21 06:48:16
VST1803,PROP1605,OWN1212,Ojas Kuruvilla,ojaskuruvilla89@gmail.com,+91-783544472,2026-08-15 11:30 AM,CANCELLED,Requested callback prior to arrival.,2026-07-21 06:48:09
VST1804,PROP1068,OWN1175,Anirudh Mander,anirudhmander98@gmail.com,+91-967867771,2026-08-16 04:00 PM,PENDING,Visiting with family.,2026-07-21 06:47:33
VST1805,PROP1558,OWN1121,Vasatika Garde,vasatikagarde94@gmail.com,+91-920454809,2026-07-04 06:30 PM,CANCELLED,Looking for urgent possession.,2026-07-21 06:47:57
VST1806,PROP1857,OWN1250,Qabil Vaidya,qabilvaidya85@gmail.com,+91-972130518,2026-07-06 02:00 PM,PENDING,Requested callback prior to arrival.,2026-07-21 06:48:34
VST1807,PROP1181,OWN1158,Sudiksha Biswas,sudikshabiswas18@yahoo.co.in,+91-924595457,2026-07-04 06:30 PM,COMPLETED,Requested callback prior to arrival.,2026-07-21 06:47:54
VST1808,PROP1336,OWN1254,Amol Jain,amoljain94@outlook.com,+91-722151134,2026-07-22 11:30 AM,COMPLETED,Looking for urgent possession.,2026-07-21 06:48:57
VST1809,PROP1925,OWN1001,Mason Char,masonchar94@gmail.com,+91-770797197,2026-07-01 05:30 PM,CONFIRMED,Looking for urgent possession.,2026-07-21 06:48:56
VST1810,PROP1592,OWN1229,Yahvi Dalal,yahvidalal36@gmail.com,+91-952493026,2026-06-26 02:00 PM,PENDING,Needs confirmation from owner regarding pets.,2026-07-21 06:48:27
VST1811,PROP1312,OWN1223,Raagini Vig,raaginivig54@outlook.com,+91-788212291,2026-07-16 10:00 AM,COMPLETED,Looking for urgent possession.,2026-07-21 06:48:52
VST1812,PROP1414,OWN1066,Veer Subramaniam,veersubramaniam17@yahoo.co.in,+91-883670115,2026-08-07 10:00 AM,CONFIRMED,Looking for urgent possession.,2026-07-21 06:47:53
VST1813,PROP1841,OWN1184,Pavani Desai,pavanidesai46@gmail.com,+91-741573535,2026-07-06 04:00 PM,COMPLETED,Requested callback prior to arrival.,2026-07-21 06:48:39
VST1814,PROP1641,OWN1163,Bhanumati Rege,bhanumatirege58@outlook.com,+91-861212793,2026-07-06 04:00 PM,PENDING,Needs confirmation from owner regarding pets.,2026-07-21 06:47:08
VST1815,PROP1178,OWN1244,Jacob Venkatesh,jacobvenkatesh34@gmail.com,+91-961619474,2026-06-21 02:00 PM,COMPLETED,Wants to check parking space and metro distance.,2026-07-21 06:48:26
VST1816,PROP1296,OWN1065,Nilima Pathak,nilimapathak11@gmail.com,+91-797025331,2026-06-27 10:00 AM,CONFIRMED,Requested callback prior to arrival.,2026-07-21 06:47:59
VST1817,PROP1674,OWN1224,Advika Wason,advikawason20@gmail.com,+91-796200382,2026-07-16 04:00 PM,COMPLETED,Needs confirmation from owner regarding pets.,2026-07-21 06:47:51
VST1818,PROP1619,OWN1218,Mekhala Jani,mekhalajani33@outlook.com,+91-878372512,2026-07-15 04:00 PM,PENDING,Requested callback prior to arrival.,2026-07-21 06:48:42
VST1819,PROP1394,OWN1182,Praneel Prabhakar,praneelprabhakar33@gmail.com,+91-891144449,2026-07-24 10:00 AM,PENDING,Needs confirmation from owner regarding pets.,2026-07-21 06:48:06
VST1820,PROP1243,OWN1257,Hemangini Rao,hemanginirao62@yahoo.co.in,+91-987356703,2026-08-04 02:00 PM,CONFIRMED,Interested in weekend morning visit.,2026-07-21 06:48:50
VST1821,PROP1582,OWN1248,Victor Sekhon,victorsekhon57@outlook.com,+91-787882357,2026-08-06 04:00 PM,CANCELLED,Interested in weekend morning visit.,2026-07-21 06:49:01
VST1822,PROP1146,OWN1270,Tanish Trivedi,tanishtrivedi69@yahoo.co.in,+91-920500470,2026-07-15 05:30 PM,COMPLETED,Interested in weekend morning visit.,2026-07-21 06:47:48
VST1823,PROP1252,OWN1242,Naveen Ramachandran,naveenramachandran94@outlook.com,+91-920479977,2026-08-17 06:30 PM,COMPLETED,Looking for urgent possession.,2026-07-21 06:47:08
VST1824,PROP1320,OWN1028,Maanav Sinha,maanavsinha78@yahoo.co.in,+91-772930506,2026-08-15 04:00 PM,PENDING,Requested callback prior to arrival.,2026-07-21 06:48:00
VST1825,PROP1588,OWN1170,Adya Kapadia,adyakapadia55@yahoo.co.in,+91-848816900,2026-07-13 11:30 AM,CONFIRMED,Looking for urgent possession.,2026-07-21 06:48:21
VST1826,PROP1768,OWN1156,Nandini Verma,nandiniverma82@outlook.com,+91-818243352,2026-07-08 06:30 PM,PENDING,Wants to check parking space and metro distance.,2026-07-21 06:49:03
VST1827,PROP1587,OWN1027,Parth Talwar,parthtalwar47@outlook.com,+91-993794410,2026-07-17 10:00 AM,CONFIRMED,Interested in weekend morning visit.,2026-07-21 06:47:32
VST1828,PROP1130,OWN1259,Robert Bandi,robertbandi45@gmail.com,+91-827789051,2026-08-07 05:30 PM,CONFIRMED,Visiting with family.,2026-07-21 06:48:09
VST1829,PROP1015,OWN1058,Omkaar Banik,omkaarbanik32@outlook.com,+91-930285078,2026-07-12 06:30 PM,PENDING,Wants to check parking space and metro distance.,2026-07-21 06:48:26
VST1830,PROP1268,OWN1121,Gabriel Majumdar,gabrielmajumdar33@yahoo.co.in,+91-914441335,2026-08-06 02:00 PM,CANCELLED,Wants to check parking space and metro distance.,2026-07-21 06:47:50
VST1831,PROP1610,OWN1079,Nidra Iyer,nidraiyer62@yahoo.co.in,+91-841936764,2026-07-22 06:30 PM,PENDING,Needs confirmation from owner regarding pets.,2026-07-21 06:48:36
VST1832,PROP1172,OWN1108,Gautam Mane,gautammane54@outlook.com,+91-796202825,2026-08-03 02:00 PM,COMPLETED,Interested in weekend morning visit.,2026-07-21 06:48:15
VST1833,PROP1054,OWN1086,Idika Malhotra,idikamalhotra61@yahoo.co.in,+91-850448811,2026-07-04 04:00 PM,COMPLETED,Looking for urgent possession.,2026-07-21 06:49:03
VST1834,PROP1240,OWN1195,Netra Agrawal,netraagrawal59@outlook.com,+91-845248951,2026-07-06 11:30 AM,PENDING,Requested callback prior to arrival.,2026-07-21 06:47:56
VST1835,PROP1013,OWN1148,Elijah Thakur,elijahthakur58@yahoo.co.in,+91-952371009,2026-07-08 05:30 PM,COMPLETED,Interested in weekend morning visit.,2026-07-21 06:49:01
VST1836,PROP1100,OWN1273,Zashil Savant,zashilsavant55@outlook.com,+91-891937985,2026-08-17 06:30 PM,COMPLETED,Visiting with family.,2026-07-21 06:48:15
VST1837,PROP1277,OWN1137,Harinakshi Shanker,harinakshishanker42@gmail.com,+91-988406887,2026-07-31 04:00 PM,PENDING,Needs confirmation from owner regarding pets.,2026-07-21 06:48:55
VST1838,PROP1768,OWN1124,Vasatika Dada,vasatikadada96@outlook.com,+91-936162482,2026-07-06 05:30 PM,CONFIRMED,Needs confirmation from owner regarding pets.,2026-07-21 06:47:53
VST1839,PROP1185,OWN1161,Victor Mutti,victormutti11@outlook.com,+91-911137651,2026-07-15 10:00 AM,CONFIRMED,Interested in weekend morning visit.,2026-07-21 06:47:50
VST1840,PROP1538,OWN1054,Adya Kothari,adyakothari67@outlook.com,+91-839449560,2026-07-08 06:30 PM,CONFIRMED,Wants to check parking space and metro distance.,2026-07-21 06:47:55
VST1841,PROP1035,OWN1013,Faqid Gokhale,faqidgokhale21@outlook.com,+91-789743930,2026-07-19 06:30 PM,COMPLETED,Wants to check parking space and metro distance.,2026-07-21 06:47:50
VST1842,PROP1974,OWN1063,Qadim Gupta,qadimgupta25@outlook.com,+91-791159552,2026-07-20 11:30 AM,PENDING,Needs confirmation from owner regarding pets.,2026-07-21 06:47:31
VST1843,PROP1580,OWN1095,Alka Jhaveri,alkajhaveri99@gmail.com,+91-744002147,2026-07-04 02:00 PM,PENDING,Interested in weekend morning visit.,2026-07-21 06:48:48
VST1844,PROP1655,OWN1233,Nachiket Chhabra,nachiketchhabra64@yahoo.co.in,+91-999600963,2026-06-28 02:00 PM,CONFIRMED,Interested in weekend morning visit.,2026-07-21 06:47:17
VST1845,PROP1284,OWN1032,Abeer Basak,abeerbasak59@yahoo.co.in,+91-818060935,2026-08-10 02:00 PM,CANCELLED,Visiting with family.,2026-07-21 06:47:52
VST1846,PROP1183,OWN1226,Waida Maharaj,waidamaharaj72@gmail.com,+91-791913332,2026-07-20 04:00 PM,CONFIRMED,Requested callback prior to arrival.,2026-07-21 06:49:06
VST1847,PROP1112,OWN1074,Mitali Kapadia,mitalikapadia65@outlook.com,+91-792405160,2026-08-05 06:30 PM,CONFIRMED,Requested callback prior to arrival.,2026-07-21 06:47:23
VST1848,PROP1733,OWN1133,Vanya Zachariah,vanyazachariah14@gmail.com,+91-719450582,2026-06-22 05:30 PM,COMPLETED,Requested callback prior to arrival.,2026-07-21 06:47:49
VST1849,PROP1020,OWN1255,Tanvi Dara,tanvidara93@gmail.com,+91-910116452,2026-08-01 10:00 AM,COMPLETED,Visiting with family.,2026-07-21 06:48:03
VST1850,PROP1156,OWN1169,Advik Kade,advikkade83@yahoo.co.in,+91-779173535,2026-07-13 06:30 PM,CANCELLED,Requested callback prior to arrival.,2026-07-21 06:47:20
VST1851,PROP1490,OWN1224,Aashi Grover,aashigrover18@yahoo.co.in,+91-940312650,2026-07-23 10:00 AM,PENDING,Needs confirmation from owner regarding pets.,2026-07-21 06:47:36
VST1852,PROP1838,OWN1247,Hemal Pau,hemalpau82@gmail.com,+91-958173202,2026-07-02 02:00 PM,COMPLETED,Requested callback prior to arrival.,2026-07-21 06:47:58
VST1853,PROP1057,OWN1047,Kashish Patla,kashishpatla78@yahoo.co.in,+91-820798726,2026-08-11 04:00 PM,COMPLETED,Visiting with family.,2026-07-21 06:47:41
VST1854,PROP1664,OWN1104,Karan Karnik,karankarnik80@gmail.com,+91-761561575,2026-08-08 06:30 PM,CONFIRMED,Needs confirmation from owner regarding pets.,2026-07-21 06:48:34
VST1855,PROP1400,OWN1055,Rachana Raj,rachanaraj98@outlook.com,+91-875297400,2026-07-02 10:00 AM,COMPLETED,Requested callback prior to arrival.,2026-07-21 06:48:44
VST1856,PROP1753,OWN1098,Urvashi Andra,urvashiandra14@gmail.com,+91-713404379,2026-07-01 06:30 PM,CANCELLED,Wants to check parking space and metro distance.,2026-07-21 06:48:07
VST1857,PROP1501,OWN1200,Vidhi Mital,vidhimital79@gmail.com,+91-951302939,2026-07-06 04:00 PM,PENDING,Requested callback prior to arrival.,2026-07-21 06:48:51
VST1858,PROP1990,OWN1009,Mitali Chaudhary,mitalichaudhary53@gmail.com,+91-755327823,2026-08-01 06:30 PM,CONFIRMED,Interested in weekend morning visit.,2026-07-21 06:47:15
VST1859,PROP1217,OWN1268,Vamakshi Char,vamakshichar96@yahoo.co.in,+91-929992217,2026-07-17 06:30 PM,PENDING,Interested in weekend morning visit.,2026-07-21 06:47:48
VST1860,PROP1038,OWN1073,Jagvi Kurian,jagvikurian93@yahoo.co.in,+91-773246028,2026-07-11 05:30 PM,CONFIRMED,Needs confirmation from owner regarding pets.,2026-07-21 06:47:57
VST1861,PROP1665,OWN1067,Rushil Yohannan,rushilyohannan32@gmail.com,+91-916705248,2026-07-01 02:00 PM,COMPLETED,Interested in weekend morning visit.,2026-07-21 06:48:41
VST1862,PROP1468,OWN1088,Ekta Uppal,ektauppal18@outlook.com,+91-725324937,2026-07-20 04:00 PM,PENDING,Looking for urgent possession.,2026-07-21 06:48:36
VST1863,PROP1226,OWN1033,Lakshmi Mangat,lakshmimangat64@gmail.com,+91-863956682,2026-07-18 02:00 PM,CONFIRMED,Needs confirmation from owner regarding pets.,2026-07-21 06:49:02
VST1864,PROP1590,OWN1280,Geetika Sama,geetikasama51@gmail.com,+91-716118522,2026-07-28 05:30 PM,CONFIRMED,Interested in weekend morning visit.,2026-07-21 06:48:16
VST1865,PROP1124,OWN1141,Fariq Edwin,fariqedwin63@gmail.com,+91-759650807,2026-07-11 05:30 PM,CONFIRMED,Wants to check parking space and metro distance.,2026-07-21 06:47:45
VST1866,PROP1948,OWN1298,Amara Rana,amararana27@gmail.com,+91-794851724,2026-07-07 05:30 PM,PENDING,Wants to check parking space and metro distance.,2026-07-21 06:48:01
VST1867,PROP1017,OWN1250,Shravya Sachdev,shravyasachdev10@gmail.com,+91-734080385,2026-07-01 10:00 AM,COMPLETED,Looking for urgent possession.,2026-07-21 06:48:50
VST1868,PROP1909,OWN1146,Wahab Krishnamurthy,wahabkrishnamurthy98@yahoo.co.in,+91-827031212,2026-08-16 11:30 AM,CONFIRMED,Visiting with family.,2026-07-21 06:48:32
VST1869,PROP1536,OWN1231,Shivansh Ganesan,shivanshganesan40@yahoo.co.in,+91-791945021,2026-07-14 06:30 PM,CONFIRMED,Wants to check parking space and metro distance.,2026-07-21 06:47:19
VST1870,PROP1735,OWN1256,Chatura Bal,chaturabal21@outlook.com,+91-950426348,2026-08-06 02:00 PM,PENDING,Looking for urgent possession.,2026-07-21 06:48:10
VST1871,PROP1242,OWN1099,Hemang Lala,hemanglala77@gmail.com,+91-793070162,2026-07-28 02:00 PM,COMPLETED,Looking for urgent possession.,2026-07-21 06:47:18
VST1872,PROP1520,OWN1113,Dayamai Karnik,dayamaikarnik90@yahoo.co.in,+91-937931877,2026-07-05 02:00 PM,CONFIRMED,Interested in weekend morning visit.,2026-07-21 06:47:42
VST1873,PROP1816,OWN1077,Karan Vyas,karanvyas70@outlook.com,+91-833665782,2026-08-10 11:30 AM,COMPLETED,Interested in weekend morning visit.,2026-07-21 06:47:11
VST1874,PROP1056,OWN1187,Eshana Soni,eshanasoni36@yahoo.co.in,+91-843739891,2026-07-19 02:00 PM,COMPLETED,Requested callback prior to arrival.,2026-07-21 06:48:52
VST1875,PROP1045,OWN1054,Sai Deshmukh,saideshmukh16@outlook.com,+91-933607235,2026-08-18 11:30 AM,COMPLETED,Requested callback prior to arrival.,2026-07-21 06:48:31
VST1876,PROP1528,OWN1060,Tanmayi Saran,tanmayisaran40@gmail.com,+91-969702849,2026-07-22 05:30 PM,PENDING,Requested callback prior to arrival.,2026-07-21 06:48:24
VST1877,PROP1204,OWN1167,Idika Subramaniam,idikasubramaniam24@gmail.com,+91-840572391,2026-07-23 10:00 AM,CONFIRMED,Requested callback prior to arrival.,2026-07-21 06:48:44
VST1878,PROP1891,OWN1103,Darika Pau,darikapau38@yahoo.co.in,+91-773215242,2026-07-15 05:30 PM,PENDING,Requested callback prior to arrival.,2026-07-21 06:47:26
VST1879,PROP1149,OWN1111,Aadi Virk,aadivirk68@outlook.com,+91-761986593,2026-08-08 02:00 PM,CONFIRMED,Needs confirmation from owner regarding pets.,2026-07-21 06:48:49
VST1880,PROP1199,OWN1184,Bhavini Singh,bhavinisingh35@yahoo.co.in,+91-827074074,2026-07-23 10:00 AM,COMPLETED,Interested in weekend morning visit.,2026-07-21 06:48:30
VST1881,PROP1288,OWN1070,Vansha Mistry,vanshamistry69@gmail.com,+91-866133052,2026-06-21 11:30 AM,COMPLETED,Wants to check parking space and metro distance.,2026-07-21 06:47:59
VST1882,PROP1908,OWN1152,Vihaan Amble,vihaanamble30@outlook.com,+91-992077910,2026-07-23 11:30 AM,PENDING,Looking for urgent possession.,2026-07-21 06:47:30
VST1883,PROP1876,OWN1118,Megha Krish,meghakrish62@gmail.com,+91-975661110,2026-06-30 11:30 AM,PENDING,Requested callback prior to arrival.,2026-07-21 06:48:36
VST1884,PROP1286,OWN1008,Kritika Kannan,kritikakannan64@outlook.com,+91-943105363,2026-07-06 11:30 AM,CONFIRMED,Looking for urgent possession.,2026-07-21 06:47:58
VST1885,PROP1228,OWN1077,Zansi Magar,zansimagar10@outlook.com,+91-815935671,2026-07-08 10:00 AM,CANCELLED,Needs confirmation from owner regarding pets.,2026-07-21 06:48:37
VST1886,PROP1788,OWN1259,Nitara Guha,nitaraguha64@gmail.com,+91-962924755,2026-08-11 04:00 PM,COMPLETED,Needs confirmation from owner regarding pets.,2026-07-21 06:47:29
VST1887,PROP1842,OWN1051,Indrajit Shah,indrajitshah73@yahoo.co.in,+91-721152355,2026-07-28 05:30 PM,COMPLETED,Needs confirmation from owner regarding pets.,2026-07-21 06:47:40
VST1888,PROP1750,OWN1209,Raghav Nagi,raghavnagi26@gmail.com,+91-849700319,2026-06-22 11:30 AM,COMPLETED,Interested in weekend morning visit.,2026-07-21 06:47:13
VST1889,PROP1017,OWN1246,Quincy Chaudry,quincychaudry49@outlook.com,+91-771643898,2026-07-07 05:30 PM,COMPLETED,Interested in weekend morning visit.,2026-07-21 06:47:23
VST1890,PROP2000,OWN1233,Abhiram Kaul,abhiramkaul27@yahoo.co.in,+91-964406548,2026-06-26 11:30 AM,COMPLETED,Visiting with family.,2026-07-21 06:47:09
VST1891,PROP1642,OWN1238,Hema Salvi,hemasalvi91@outlook.com,+91-794195455,2026-07-09 10:00 AM,PENDING,Needs confirmation from owner regarding pets.,2026-07-21 06:48:43
VST1892,PROP1341,OWN1272,Ubika Balay,ubikabalay47@gmail.com,+91-846210517,2026-07-10 06:30 PM,CANCELLED,Looking for urgent possession.,2026-07-21 06:48:49
VST1893,PROP1590,OWN1107,Daksh Lata,dakshlata20@outlook.com,+91-955056176,2026-08-06 06:30 PM,CANCELLED,Looking for urgent possession.,2026-07-21 06:47:16
VST1894,PROP1969,OWN1187,Pratyush Handa,pratyushhanda24@gmail.com,+91-859068774,2026-08-13 04:00 PM,COMPLETED,Visiting with family.,2026-07-21 06:47:38
VST1895,PROP1376,OWN1090,Advik Dara,advikdara81@outlook.com,+91-918993381,2026-08-18 05:30 PM,COMPLETED,Wants to check parking space and metro distance.,2026-07-21 06:48:33
VST1896,PROP1142,OWN1172,Saanvi Kota,saanvikota79@gmail.com,+91-797112459,2026-08-04 04:00 PM,COMPLETED,Looking for urgent possession.,2026-07-21 06:47:12
VST1897,PROP1893,OWN1108,Girindra Verma,girindraverma38@outlook.com,+91-857340158,2026-07-30 02:00 PM,PENDING,Requested callback prior to arrival.,2026-07-21 06:47:33
VST1898,PROP1284,OWN1028,Devika Naidu,devikanaidu57@gmail.com,+91-870721529,2026-06-30 04:00 PM,PENDING,Interested in weekend morning visit.,2026-07-21 06:48:35
VST1899,PROP1482,OWN1273,Zehaan Srivastava,zehaansrivastava78@outlook.com,+91-870663511,2026-07-29 05:30 PM,PENDING,Needs confirmation from owner regarding pets.,2026-07-21 06:47:31
VST1900,PROP1969,OWN1034,Tejas Chowdhury,tejaschowdhury68@gmail.com,+91-720760289,2026-07-05 04:00 PM,COMPLETED,Visiting with family.,2026-07-21 06:48:00
VST1901,PROP1982,OWN1040,Oliver Majumdar,olivermajumdar31@gmail.com,+91-825035684,2026-07-26 06:30 PM,CONFIRMED,Wants to check parking space and metro distance.,2026-07-21 06:47:55
VST1902,PROP1896,OWN1105,Aditya Basak,adityabasak90@outlook.com,+91-749348536,2026-07-25 04:00 PM,CANCELLED,Looking for urgent possession.,2026-07-21 06:48:30
VST1903,PROP1955,OWN1068,Kamya Chakraborty,kamyachakraborty54@yahoo.co.in,+91-869573887,2026-07-05 06:30 PM,COMPLETED,Visiting with family.,2026-07-21 06:48:07
VST1904,PROP1194,OWN1033,Darpan Bhasin,darpanbhasin39@gmail.com,+91-996526415,2026-07-12 02:00 PM,PENDING,Visiting with family.,2026-07-21 06:47:26
VST1905,PROP1672,OWN1168,Jeremiah Sura,jeremiahsura85@yahoo.co.in,+91-981157706,2026-07-04 05:30 PM,PENDING,Visiting with family.,2026-07-21 06:49:05
VST1906,PROP1581,OWN1068,Reva Hans,revahans31@yahoo.co.in,+91-840438156,2026-06-22 04:00 PM,PENDING,Visiting with family.,2026-07-21 06:47:53
VST1907,PROP1789,OWN1025,Zashil Baral,zashilbaral55@gmail.com,+91-871193423,2026-07-20 11:30 AM,COMPLETED,Wants to check parking space and metro distance.,2026-07-21 06:48:00
VST1908,PROP1729,OWN1275,Vrishti Gupta,vrishtigupta33@yahoo.co.in,+91-799436783,2026-07-25 11:30 AM,CONFIRMED,Interested in weekend morning visit.,2026-07-21 06:48:13
VST1909,PROP1043,OWN1163,Upadhriti Maharaj,upadhritimaharaj26@outlook.com,+91-844951262,2026-08-12 02:00 PM,CONFIRMED,Looking for urgent possession.,2026-07-21 06:48:19
VST1910,PROP1725,OWN1018,Ekapad Wali,ekapadwali50@outlook.com,+91-829856736,2026-06-30 02:00 PM,PENDING,Wants to check parking space and metro distance.,2026-07-21 06:47:43
VST1911,PROP1547,OWN1155,Jeevika Setty,jeevikasetty13@gmail.com,+91-877030603,2026-06-21 11:30 AM,CANCELLED,Visiting with family.,2026-07-21 06:48:24
VST1912,PROP1160,OWN1003,Qasim Bahl,qasimbahl79@outlook.com,+91-954463735,2026-07-28 06:30 PM,COMPLETED,Requested callback prior to arrival.,2026-07-21 06:47:51
VST1913,PROP1918,OWN1149,Ekani Bhatnagar,ekanibhatnagar95@outlook.com,+91-785864089,2026-07-30 06:30 PM,CANCELLED,Requested callback prior to arrival.,2026-07-21 06:48:12
VST1914,PROP1347,OWN1058,Ranveer Viswanathan,ranveerviswanathan71@outlook.com,+91-728713077,2026-07-31 06:30 PM,PENDING,Visiting with family.,2026-07-21 06:48:39
VST1915,PROP1026,OWN1206,Barkha Naidu,barkhanaidu38@outlook.com,+91-857968550,2026-07-15 10:00 AM,CONFIRMED,Looking for urgent possession.,2026-07-21 06:47:46
VST1916,PROP1657,OWN1100,Ekalinga Bassi,ekalingabassi77@outlook.com,+91-747302753,2026-08-10 11:30 AM,CONFIRMED,Looking for urgent possession.,2026-07-21 06:47:23
VST1917,PROP1870,OWN1229,Saksham Chhabra,sakshamchhabra95@outlook.com,+91-778690958,2026-07-20 04:00 PM,CONFIRMED,Visiting with family.,2026-07-21 06:47:19
VST1918,PROP1618,OWN1262,Vrishti Vora,vrishtivora95@gmail.com,+91-863359331,2026-07-28 11:30 AM,COMPLETED,Requested callback prior to arrival.,2026-07-21 06:48:18
VST1919,PROP1379,OWN1198,Jeevika Kant,jeevikakant11@yahoo.co.in,+91-856294407,2026-07-27 02:00 PM,CONFIRMED,Requested callback prior to arrival.,2026-07-21 06:47:16
VST1920,PROP1896,OWN1288,Vyanjana Buch,vyanjanabuch37@gmail.com,+91-969622247,2026-07-19 06:30 PM,CANCELLED,Requested callback prior to arrival.,2026-07-21 06:48:24
VST1921,PROP1296,OWN1084,Ojasvi Pillay,ojasvipillay64@outlook.com,+91-965592149,2026-08-07 11:30 AM,COMPLETED,Looking for urgent possession.,2026-07-21 06:47:14
VST1922,PROP1089,OWN1074,Banjeet Bobal,banjeetbobal48@gmail.com,+91-880504712,2026-08-10 02:00 PM,CONFIRMED,Looking for urgent possession.,2026-07-21 06:47:17
VST1923,PROP1775,OWN1193,Zilmil Chatterjee,zilmilchatterjee10@gmail.com,+91-895739089,2026-06-27 02:00 PM,PENDING,Looking for urgent possession.,2026-07-21 06:47:35
VST1924,PROP1474,OWN1291,Ranveer Hans,ranveerhans35@gmail.com,+91-761240239,2026-07-22 02:00 PM,PENDING,Interested in weekend morning visit.,2026-07-21 06:47:37
VST1925,PROP1843,OWN1155,Ojasvi Cherian,ojasvicherian48@outlook.com,+91-885065432,2026-08-05 06:30 PM,PENDING,Interested in weekend morning visit.,2026-07-21 06:48:17
VST1926,PROP1811,OWN1002,Prisha Chawla,prishachawla43@gmail.com,+91-895973864,2026-07-01 06:30 PM,PENDING,Needs confirmation from owner regarding pets.,2026-07-21 06:47:29
VST1927,PROP1682,OWN1148,Yamini Nazareth,yamininazareth32@yahoo.co.in,+91-896541691,2026-07-30 11:30 AM,CONFIRMED,Visiting with family.,2026-07-21 06:48:12
VST1928,PROP1505,OWN1035,Indira Murty,indiramurty56@outlook.com,+91-974489726,2026-07-24 05:30 PM,PENDING,Visiting with family.,2026-07-21 06:49:07
VST1929,PROP1644,OWN1244,Nitara Sani,nitarasani25@outlook.com,+91-878790057,2026-08-09 06:30 PM,PENDING,Visiting with family.,2026-07-21 06:47:46
VST1930,PROP1167,OWN1298,Tanish Prashad,tanishprashad28@gmail.com,+91-871880273,2026-08-05 06:30 PM,CONFIRMED,Wants to check parking space and metro distance.,2026-07-21 06:48:59
VST1931,PROP1055,OWN1140,Jagvi Sethi,jagvisethi63@yahoo.co.in,+91-957779407,2026-07-17 10:00 AM,CONFIRMED,Looking for urgent possession.,2026-07-21 06:47:55
VST1932,PROP1655,OWN1040,Bhavani Babu,bhavanibabu34@outlook.com,+91-934595062,2026-07-22 10:00 AM,PENDING,Wants to check parking space and metro distance.,2026-07-21 06:49:07
VST1933,PROP1557,OWN1166,Abeer Mital,abeermital97@yahoo.co.in,+91-846434606,2026-08-19 06:30 PM,COMPLETED,Visiting with family.,2026-07-21 06:47:33
VST1934,PROP1099,OWN1274,Anthony Majumdar,anthonymajumdar55@outlook.com,+91-711731095,2026-08-15 11:30 AM,PENDING,Visiting with family.,2026-07-21 06:48:09
VST1935,PROP1798,OWN1249,Girindra Barad,girindrabarad53@yahoo.co.in,+91-723746292,2026-07-18 11:30 AM,CONFIRMED,Wants to check parking space and metro distance.,2026-07-21 06:47:26
VST1936,PROP1852,OWN1097,Jeevika Krish,jeevikakrish88@outlook.com,+91-980551927,2026-07-04 05:30 PM,COMPLETED,Needs confirmation from owner regarding pets.,2026-07-21 06:48:45
VST1937,PROP1775,OWN1059,Mugdha Kalla,mugdhakalla68@yahoo.co.in,+91-725645176,2026-08-04 11:30 AM,CANCELLED,Requested callback prior to arrival.,2026-07-21 06:48:34
VST1938,PROP1357,OWN1160,Oscar Sura,oscarsura56@outlook.com,+91-769315901,2026-08-09 05:30 PM,PENDING,Visiting with family.,2026-07-21 06:48:30
VST1939,PROP1177,OWN1156,Charita Barad,charitabarad25@gmail.com,+91-727275764,2026-08-03 06:30 PM,CONFIRMED,Wants to check parking space and metro distance.,2026-07-21 06:48:17
VST1940,PROP1315,OWN1065,Daksh Natt,dakshnatt26@gmail.com,+91-767016371,2026-07-11 06:30 PM,COMPLETED,Interested in weekend morning visit.,2026-07-21 06:48:46
VST1941,PROP1080,OWN1010,Jai Karan,jaikaran65@yahoo.co.in,+91-736353784,2026-08-04 10:00 AM,CONFIRMED,Needs confirmation from owner regarding pets.,2026-07-21 06:48:49
VST1942,PROP1526,OWN1031,Lavanya Bhagat,lavanyabhagat25@yahoo.co.in,+91-815809144,2026-07-09 10:00 AM,CONFIRMED,Interested in weekend morning visit.,2026-07-21 06:47:12
VST1943,PROP1773,OWN1050,Eta Thakkar,etathakkar87@gmail.com,+91-788866745,2026-08-01 11:30 AM,CONFIRMED,Visiting with family.,2026-07-21 06:47:26
VST1944,PROP1030,OWN1047,Sanaya Thaman,sanayathaman45@gmail.com,+91-956685830,2026-06-26 02:00 PM,CONFIRMED,Looking for urgent possession.,2026-07-21 06:47:59
VST1945,PROP1800,OWN1124,Manbir Deo,manbirdeo82@outlook.com,+91-723301739,2026-07-11 05:30 PM,COMPLETED,Looking for urgent possession.,2026-07-21 06:48:05
VST1946,PROP1223,OWN1099,Mohini Lala,mohinilala31@yahoo.co.in,+91-910581018,2026-06-26 06:30 PM,CONFIRMED,Wants to check parking space and metro distance.,2026-07-21 06:48:08
VST1947,PROP1943,OWN1259,Krishna Srivastava,krishnasrivastava70@outlook.com,+91-889105321,2026-07-24 11:30 AM,PENDING,Interested in weekend morning visit.,2026-07-21 06:48:06
VST1948,PROP1186,OWN1182,Yatin Kibe,yatinkibe64@yahoo.co.in,+91-779021601,2026-06-25 11:30 AM,PENDING,Visiting with family.,2026-07-21 06:48:41
VST1949,PROP1127,OWN1239,Gaurav Chowdhury,gauravchowdhury76@gmail.com,+91-776547299,2026-07-31 02:00 PM,COMPLETED,Looking for urgent possession.,2026-07-21 06:47:58
VST1950,PROP1740,OWN1021,Rayaan Nagi,rayaannagi51@gmail.com,+91-825532025,2026-07-11 04:00 PM,CONFIRMED,Looking for urgent possession.,2026-07-21 06:48:26
VST1951,PROP1754,OWN1160,Omkaar Palla,omkaarpalla66@outlook.com,+91-784345332,2026-07-27 04:00 PM,CONFIRMED,Requested callback prior to arrival.,2026-07-21 06:49:06
VST1952,PROP1194,OWN1036,Madhav Sastry,madhavsastry96@yahoo.co.in,+91-834064874,2026-06-23 10:00 AM,CANCELLED,Requested callback prior to arrival.,2026-07-21 06:48:46
VST1953,PROP1689,OWN1054,Kashvi Dugal,kashvidugal66@yahoo.co.in,+91-998388851,2026-08-05 06:30 PM,CONFIRMED,Wants to check parking space and metro distance.,2026-07-21 06:48:50
VST1954,PROP1405,OWN1206,Chatura Kibe,chaturakibe85@outlook.com,+91-732645646,2026-08-16 10:00 AM,PENDING,Wants to check parking space and metro distance.,2026-07-21 06:48:59
VST1955,PROP1347,OWN1103,Akshay Oza,akshayoza61@outlook.com,+91-741255233,2026-08-01 04:00 PM,COMPLETED,Visiting with family.,2026-07-21 06:47:21
VST1956,PROP1784,OWN1298,Urishilla Bajaj,urishillabajaj44@outlook.com,+91-963718703,2026-07-10 02:00 PM,PENDING,Looking for urgent possession.,2026-07-21 06:48:36
VST1957,PROP1973,OWN1208,Samar Virk,samarvirk75@yahoo.co.in,+91-829780216,2026-08-05 04:00 PM,CONFIRMED,Visiting with family.,2026-07-21 06:48:13
VST1958,PROP1502,OWN1255,Andrew Puri,andrewpuri90@gmail.com,+91-713989423,2026-07-25 10:00 AM,COMPLETED,Interested in weekend morning visit.,2026-07-21 06:48:27
VST1959,PROP1511,OWN1014,Aadhya Garde,aadhyagarde58@gmail.com,+91-953883276,2026-06-24 11:30 AM,CONFIRMED,Looking for urgent possession.,2026-07-21 06:47:32
VST1960,PROP1099,OWN1040,Chatresh Shroff,chatreshshroff76@outlook.com,+91-872548391,2026-07-30 11:30 AM,CONFIRMED,Requested callback prior to arrival.,2026-07-21 06:47:09
VST1961,PROP1503,OWN1259,Anika Parsa,anikaparsa79@yahoo.co.in,+91-882548572,2026-08-11 05:30 PM,CONFIRMED,Interested in weekend morning visit.,2026-07-21 06:47:10
VST1962,PROP1441,OWN1061,Vihaan Rai,vihaanrai67@yahoo.co.in,+91-860511038,2026-07-21 04:00 PM,PENDING,Interested in weekend morning visit.,2026-07-21 06:48:33
VST1963,PROP1182,OWN1286,Vedhika Wali,vedhikawali48@outlook.com,+91-932031067,2026-06-26 04:00 PM,PENDING,Visiting with family.,2026-07-21 06:47:31
VST1964,PROP1733,OWN1200,Anthony Baral,anthonybaral24@yahoo.co.in,+91-975841004,2026-07-05 06:30 PM,PENDING,Looking for urgent possession.,2026-07-21 06:48:11
VST1965,PROP1586,OWN1241,Vrishti Ramaswamy,vrishtiramaswamy81@yahoo.co.in,+91-778006116,2026-08-04 10:00 AM,PENDING,Requested callback prior to arrival.,2026-07-21 06:47:10
VST1966,PROP1606,OWN1194,Isha Mittal,ishamittal96@outlook.com,+91-848176560,2026-07-05 02:00 PM,CONFIRMED,Looking for urgent possession.,2026-07-21 06:49:05
VST1967,PROP1047,OWN1066,David Kurian,davidkurian54@yahoo.co.in,+91-988378721,2026-08-12 10:00 AM,COMPLETED,Needs confirmation from owner regarding pets.,2026-07-21 06:48:54
VST1968,PROP1350,OWN1195,Ati Kar,atikar64@gmail.com,+91-857964863,2026-06-30 04:00 PM,PENDING,Needs confirmation from owner regarding pets.,2026-07-21 06:48:55
VST1969,PROP1251,OWN1127,Gagan Raja,gaganraja92@gmail.com,+91-889528254,2026-07-22 10:00 AM,CANCELLED,Interested in weekend morning visit.,2026-07-21 06:48:29
VST1970,PROP1890,OWN1157,Omisha Khosla,omishakhosla53@gmail.com,+91-712645698,2026-07-25 05:30 PM,CONFIRMED,Requested callback prior to arrival.,2026-07-21 06:47:59
VST1971,PROP1674,OWN1217,Forum Sen,forumsen75@outlook.com,+91-845784981,2026-07-23 10:00 AM,COMPLETED,Looking for urgent possession.,2026-07-21 06:47:32
VST1972,PROP1023,OWN1163,Samaksh Devi,samakshdevi83@yahoo.co.in,+91-853274663,2026-07-09 05:30 PM,CONFIRMED,Requested callback prior to arrival.,2026-07-21 06:48:32
VST1973,PROP1103,OWN1106,Qushi Dhillon,qushidhillon73@yahoo.co.in,+91-999575241,2026-07-30 02:00 PM,CONFIRMED,Visiting with family.,2026-07-21 06:48:15
VST1974,PROP1373,OWN1224,Eesha Bir,eeshabir73@gmail.com,+91-920109437,2026-07-24 05:30 PM,CONFIRMED,Visiting with family.,2026-07-21 06:49:01
VST1975,PROP1049,OWN1153,Qarin Nadkarni,qarinnadkarni61@outlook.com,+91-793828673,2026-08-10 06:30 PM,CANCELLED,Needs confirmation from owner regarding pets.,2026-07-21 06:47:25
VST1976,PROP1865,OWN1297,Eiravati Sachdev,eiravatisachdev85@gmail.com,+91-846690420,2026-08-17 10:00 AM,PENDING,Looking for urgent possession.,2026-07-21 06:47:44
VST1977,PROP1487,OWN1219,Max Guha,maxguha54@gmail.com,+91-797447790,2026-06-27 02:00 PM,PENDING,Visiting with family.,2026-07-21 06:47:30
VST1978,PROP1444,OWN1277,Vihaan Kata,vihaankata35@yahoo.co.in,+91-863995920,2026-07-04 02:00 PM,COMPLETED,Requested callback prior to arrival.,2026-07-21 06:47:11
VST1979,PROP1688,OWN1281,Vansha Desai,vanshadesai12@gmail.com,+91-979286427,2026-07-21 11:30 AM,PENDING,Wants to check parking space and metro distance.,2026-07-21 06:48:20
VST1980,PROP1677,OWN1240,Qarin Ram,qarinram91@yahoo.co.in,+91-992466364,2026-07-20 04:00 PM,CANCELLED,Needs confirmation from owner regarding pets.,2026-07-21 06:47:24
VST1981,PROP1642,OWN1031,Upkaar Bali,upkaarbali35@outlook.com,+91-872073912,2026-07-15 11:30 AM,CONFIRMED,Needs confirmation from owner regarding pets.,2026-07-21 06:49:04
VST1982,PROP1702,OWN1154,Nitara Kapadia,nitarakapadia62@yahoo.co.in,+91-818647316,2026-08-04 06:30 PM,CONFIRMED,Requested callback prior to arrival.,2026-07-21 06:49:06
VST1983,PROP1274,OWN1147,Dominic Goel,dominicgoel30@outlook.com,+91-890696029,2026-08-15 11:30 AM,PENDING,Interested in weekend morning visit.,2026-07-21 06:49:06
VST1984,PROP1154,OWN1099,Ekta Shankar,ektashankar41@gmail.com,+91-872298460,2026-08-13 04:00 PM,PENDING,Requested callback prior to arrival.,2026-07-21 06:47:59
VST1985,PROP1433,OWN1019,Lajita Munshi,lajitamunshi30@gmail.com,+91-828311409,2026-07-14 10:00 AM,CONFIRMED,Visiting with family.,2026-07-21 06:49:00
VST1986,PROP1675,OWN1282,Ikbal Seth,ikbalseth92@gmail.com,+91-775208604,2026-07-18 10:00 AM,CONFIRMED,Interested in weekend morning visit.,2026-07-21 06:48:53
VST1987,PROP1322,OWN1153,Zilmil Yogi,zilmilyogi62@gmail.com,+91-898238841,2026-07-14 10:00 AM,PENDING,Needs confirmation from owner regarding pets.,2026-07-21 06:48:36
VST1988,PROP1863,OWN1072,Zaitra Bawa,zaitrabawa24@gmail.com,+91-977142220,2026-07-02 10:00 AM,PENDING,Looking for urgent possession.,2026-07-21 06:48:00
VST1989,PROP1973,OWN1269,Bhavika Shenoy,bhavikashenoy73@yahoo.co.in,+91-741954134,2026-06-30 05:30 PM,CONFIRMED,Visiting with family.,2026-07-21 06:47:43
VST1990,PROP1338,OWN1300,Zansi Dhar,zansidhar59@outlook.com,+91-941667072,2026-07-18 04:00 PM,CONFIRMED,Interested in weekend morning visit.,2026-07-21 06:48:25
VST1991,PROP1180,OWN1110,Xiti Chowdhury,xitichowdhury66@yahoo.co.in,+91-844132362,2026-07-01 05:30 PM,CONFIRMED,Looking for urgent possession.,2026-07-21 06:48:18
VST1992,PROP1384,OWN1058,Maya Sachdev,mayasachdev79@yahoo.co.in,+91-873733841,2026-07-10 06:30 PM,CONFIRMED,Visiting with family.,2026-07-21 06:47:10
VST1993,PROP1901,OWN1075,Saksham Sha,sakshamsha70@yahoo.co.in,+91-959357131,2026-06-26 02:00 PM,CONFIRMED,Looking for urgent possession.,2026-07-21 06:47:46
VST1994,PROP1036,OWN1028,Jatin Chand,jatinchand95@outlook.com,+91-743954789,2026-06-27 05:30 PM,PENDING,Needs confirmation from owner regarding pets.,2026-07-21 06:48:01
VST1995,PROP1982,OWN1186,Frederick Viswanathan,frederickviswanathan25@outlook.com,+91-941726640,2026-08-02 04:00 PM,PENDING,Requested callback prior to arrival.,2026-07-21 06:48:35
VST1996,PROP1950,OWN1131,Kritika Rai,kritikarai21@yahoo.co.in,+91-749919426,2026-06-23 11:30 AM,COMPLETED,Wants to check parking space and metro distance.,2026-07-21 06:47:28
VST1997,PROP1938,OWN1225,Mason Gaba,masongaba50@outlook.com,+91-964531161,2026-08-12 10:00 AM,CONFIRMED,Interested in weekend morning visit.,2026-07-21 06:47:29
VST1998,PROP1843,OWN1252,Oni Morar,onimorar62@yahoo.co.in,+91-866689004,2026-07-09 10:00 AM,COMPLETED,Needs confirmation from owner regarding pets.,2026-07-21 06:48:40
VST1999,PROP1268,OWN1260,Bhavya Golla,bhavyagolla55@gmail.com,+91-890814633,2026-06-28 06:30 PM,COMPLETED,Needs confirmation from owner regarding pets.,2026-07-21 06:47:23
VST2000,PROP1335,OWN1233,Aarush Kulkarni,aarushkulkarni13@outlook.com,+91-796083599,2026-06-21 06:30 PM,CONFIRMED,Requested callback prior to arrival.,2026-07-21 06:48:07
