amenity_id,property_id,amenity_name
AMN00001,PROP1001,Fire Safety System
AMN00002,PROP1001,Club House
AMN00003,PROP1001,Swimming Pool
AMN00004,PROP1001,Park / Garden
AMN00005,PROP1002,Microwave
AMN00006,PROP1002,Attached Bathroom
AMN00007,PROP1002,Daily Housekeeping
AMN00008,PROP1002,Air Conditioner
AMN00009,PROP1003,RO Drinking Water
AMN00010,PROP1003,Study Table
AMN00011,PROP1003,Attached Bathroom
AMN00012,PROP1003,High-Speed WiFi
AMN00013,PROP1004,Gated Security
AMN00014,PROP1004,Swimming Pool
AMN00015,PROP1004,Elevator / Lift
AMN00016,PROP1004,Club House
AMN00017,PROP1004,Covered Parking
AMN00018,PROP1004,Fire Safety System
AMN00019,PROP1004,24x7 Power Backup
AMN00020,PROP1004,EV Charging Point
AMN00021,PROP1005,Swimming Pool
AMN00022,PROP1005,Children's Play Area
AMN00023,PROP1005,24x7 Power Backup
AMN00024,PROP1005,Park / Garden
AMN00025,PROP1005,Gated Security
AMN00026,PROP1006,Refrigerator
AMN00027,PROP1006,Washing Machine
AMN00028,PROP1006,High-Speed WiFi
AMN00029,PROP1006,Geyser
AMN00030,PROP1006,Daily Housekeeping
AMN00031,PROP1006,RO Drinking Water
AMN00032,PROP1007,Microwave
AMN00033,PROP1007,Refrigerator
AMN00034,PROP1007,CCTV / 24x7 Security
AMN00035,PROP1007,RO Drinking Water
AMN00036,PROP1007,Daily Housekeeping
AMN00037,PROP1007,High-Speed WiFi
AMN00038,PROP1008,24x7 Power Backup
AMN00039,PROP1008,Swimming Pool
AMN00040,PROP1008,Fire Safety System
AMN00041,PROP1008,Gated Security
AMN00042,PROP1008,Club House
AMN00043,PROP1008,EV Charging Point
AMN00044,PROP1009,Gym / Fitness Center
AMN00045,PROP1009,Children's Play Area
AMN00046,PROP1009,EV Charging Point
AMN00047,PROP1009,Swimming Pool
AMN00048,PROP1009,Club House
AMN00049,PROP1009,Park / Garden
AMN00050,PROP1010,Covered Parking
AMN00051,PROP1010,Pet Friendly
AMN00052,PROP1010,Solar Water Heater
AMN00053,PROP1011,Gated Security
AMN00054,PROP1011,Club House
AMN00055,PROP1011,Intercom
AMN00056,PROP1011,Swimming Pool
AMN00057,PROP1011,Children's Play Area
AMN00058,PROP1011,Fire Safety System
AMN00059,PROP1011,Covered Parking
AMN00060,PROP1012,Children's Play Area
AMN00061,PROP1012,Gated Security
AMN00062,PROP1012,Club House
AMN00063,PROP1012,24x7 Power Backup
AMN00064,PROP1013,Fire Safety System
AMN00065,PROP1013,Children's Play Area
AMN00066,PROP1013,Swimming Pool
AMN00067,PROP1013,Elevator / Lift
AMN00068,PROP1013,Gated Security
AMN00069,PROP1013,EV Charging Point
AMN00070,PROP1013,Park / Garden
AMN00071,PROP1013,24x7 Power Backup
AMN00072,PROP1014,Fire Safety System
AMN00073,PROP1014,Intercom
AMN00074,PROP1014,EV Charging Point
AMN00075,PROP1014,Club House
AMN00076,PROP1014,Gated Security
AMN00077,PROP1015,Children's Play Area
AMN00078,PROP1015,Swimming Pool
AMN00079,PROP1015,Gym / Fitness Center
AMN00080,PROP1015,Intercom
AMN00081,PROP1015,Elevator / Lift
AMN00082,PROP1015,Covered Parking
AMN00083,PROP1015,Gated Security
AMN00084,PROP1016,EV Charging Point
AMN00085,PROP1016,Gym / Fitness Center
AMN00086,PROP1016,Gated Security
AMN00087,PROP1016,24x7 Power Backup
AMN00088,PROP1016,Park / Garden
AMN00089,PROP1017,Intercom
AMN00090,PROP1017,Club House
AMN00091,PROP1017,Fire Safety System
AMN00092,PROP1017,Covered Parking
AMN00093,PROP1017,24x7 Power Backup
AMN00094,PROP1017,Children's Play Area
AMN00095,PROP1017,EV Charging Point
AMN00096,PROP1018,24x7 Power Backup
AMN00097,PROP1018,Club House
AMN00098,PROP1018,Gated Security
AMN00099,PROP1018,Gym / Fitness Center
AMN00100,PROP1018,Elevator / Lift
AMN00101,PROP1018,Covered Parking
AMN00102,PROP1019,Covered Parking
AMN00103,PROP1019,Pet Friendly
AMN00104,PROP1019,Private Garden
AMN00105,PROP1019,Water Storage Tank
AMN00106,PROP1019,Terrace Access
AMN00107,PROP1020,Attached Bathroom
AMN00108,PROP1020,Study Table
AMN00109,PROP1020,High-Speed WiFi
AMN00110,PROP1020,CCTV / 24x7 Security
AMN00111,PROP1020,Geyser
AMN00112,PROP1021,Washing Machine
AMN00113,PROP1021,RO Drinking Water
AMN00114,PROP1021,High-Speed WiFi
AMN00115,PROP1021,Microwave
AMN00116,PROP1021,Daily Housekeeping
AMN00117,PROP1021,Refrigerator
AMN00118,PROP1022,Intercom
AMN00119,PROP1022,Gym / Fitness Center
AMN00120,PROP1022,EV Charging Point
AMN00121,PROP1022,Elevator / Lift
AMN00122,PROP1023,Pet Friendly
AMN00123,PROP1023,Water Storage Tank
AMN00124,PROP1023,CCTV Security
AMN00125,PROP1023,24x7 Power Backup
AMN00126,PROP1024,Pet Friendly
AMN00127,PROP1024,24x7 Power Backup
AMN00128,PROP1024,Solar Water Heater
AMN00129,PROP1024,Covered Parking
AMN00130,PROP1025,Elevator / Lift
AMN00131,PROP1025,24x7 Power Backup
AMN00132,PROP1025,Swimming Pool
AMN00133,PROP1025,Park / Garden
AMN00134,PROP1025,EV Charging Point
AMN00135,PROP1025,Gym / Fitness Center
AMN00136,PROP1025,Covered Parking
AMN00137,PROP1025,Club House
AMN00138,PROP1026,Swimming Pool
AMN00139,PROP1026,Covered Parking
AMN00140,PROP1026,24x7 Power Backup
AMN00141,PROP1026,EV Charging Point
AMN00142,PROP1026,Fire Safety System
AMN00143,PROP1026,Intercom
AMN00144,PROP1026,Gated Security
AMN00145,PROP1026,Gym / Fitness Center
AMN00146,PROP1027,Washing Machine
AMN00147,PROP1027,Microwave
AMN00148,PROP1027,Geyser
AMN00149,PROP1027,RO Drinking Water
AMN00150,PROP1027,Power Backup
AMN00151,PROP1028,Park / Garden
AMN00152,PROP1028,Elevator / Lift
AMN00153,PROP1028,Swimming Pool
AMN00154,PROP1028,EV Charging Point
AMN00155,PROP1028,Gated Security
AMN00156,PROP1028,24x7 Power Backup
AMN00157,PROP1028,Covered Parking
AMN00158,PROP1028,Children's Play Area
AMN00159,PROP1029,Gated Security
AMN00160,PROP1029,Fire Safety System
AMN00161,PROP1029,Elevator / Lift
AMN00162,PROP1029,Covered Parking
AMN00163,PROP1029,24x7 Power Backup
AMN00164,PROP1029,Intercom
AMN00165,PROP1030,24x7 Power Backup
AMN00166,PROP1030,Swimming Pool
AMN00167,PROP1030,EV Charging Point
AMN00168,PROP1030,Park / Garden
AMN00169,PROP1030,Elevator / Lift
AMN00170,PROP1030,Fire Safety System
AMN00171,PROP1031,Elevator / Lift
AMN00172,PROP1031,Swimming Pool
AMN00173,PROP1031,24x7 Power Backup
AMN00174,PROP1031,Fire Safety System
AMN00175,PROP1031,Park / Garden
AMN00176,PROP1031,Covered Parking
AMN00177,PROP1032,Covered Parking
AMN00178,PROP1032,24x7 Power Backup
AMN00179,PROP1032,Swimming Pool
AMN00180,PROP1032,Gym / Fitness Center
AMN00181,PROP1032,Gated Security
AMN00182,PROP1032,Park / Garden
AMN00183,PROP1032,Elevator / Lift
AMN00184,PROP1032,EV Charging Point
AMN00185,PROP1033,Gym / Fitness Center
AMN00186,PROP1033,Gated Security
AMN00187,PROP1033,Covered Parking
AMN00188,PROP1033,EV Charging Point
AMN00189,PROP1034,Club House
AMN00190,PROP1034,Gated Security
AMN00191,PROP1034,Intercom
AMN00192,PROP1034,Elevator / Lift
AMN00193,PROP1034,Gym / Fitness Center
AMN00194,PROP1034,24x7 Power Backup
AMN00195,PROP1034,Park / Garden
AMN00196,PROP1035,Park / Garden
AMN00197,PROP1035,Intercom
AMN00198,PROP1035,Covered Parking
AMN00199,PROP1035,Children's Play Area
AMN00200,PROP1036,Geyser
AMN00201,PROP1036,Attached Bathroom
AMN00202,PROP1036,Microwave
AMN00203,PROP1036,Power Backup
AMN00204,PROP1036,High-Speed WiFi
AMN00205,PROP1036,Washing Machine
AMN00206,PROP1036,Study Table
AMN00207,PROP1036,Daily Housekeeping
AMN00208,PROP1037,Microwave
AMN00209,PROP1037,RO Drinking Water
AMN00210,PROP1037,Air Conditioner
AMN00211,PROP1037,Daily Housekeeping
AMN00212,PROP1038,Private Garden
AMN00213,PROP1038,Pet Friendly
AMN00214,PROP1038,Water Storage Tank
AMN00215,PROP1038,24x7 Power Backup
AMN00216,PROP1039,Intercom
AMN00217,PROP1039,Children's Play Area
AMN00218,PROP1039,Club House
AMN00219,PROP1039,Swimming Pool
AMN00220,PROP1039,EV Charging Point
AMN00221,PROP1039,24x7 Power Backup
AMN00222,PROP1039,Gym / Fitness Center
AMN00223,PROP1039,Fire Safety System
AMN00224,PROP1040,Geyser
AMN00225,PROP1040,CCTV / 24x7 Security
AMN00226,PROP1040,Daily Housekeeping
AMN00227,PROP1040,High-Speed WiFi
AMN00228,PROP1040,Study Table
AMN00229,PROP1040,Washing Machine
AMN00230,PROP1041,Terrace Access
AMN00231,PROP1041,Pet Friendly
AMN00232,PROP1041,Water Storage Tank
AMN00233,PROP1042,Children's Play Area
AMN00234,PROP1042,24x7 Power Backup
AMN00235,PROP1042,Swimming Pool
AMN00236,PROP1042,Fire Safety System
AMN00237,PROP1042,Club House
AMN00238,PROP1043,Study Table
AMN00239,PROP1043,Washing Machine
AMN00240,PROP1043,Refrigerator
AMN00241,PROP1043,Attached Bathroom
AMN00242,PROP1043,High-Speed WiFi
AMN00243,PROP1043,CCTV / 24x7 Security
AMN00244,PROP1043,Microwave
AMN00245,PROP1043,Power Backup
AMN00246,PROP1044,Covered Parking
AMN00247,PROP1044,Water Storage Tank
AMN00248,PROP1044,Private Garden
AMN00249,PROP1045,Gym / Fitness Center
AMN00250,PROP1045,Club House
AMN00251,PROP1045,EV Charging Point
AMN00252,PROP1045,Swimming Pool
AMN00253,PROP1045,Children's Play Area
AMN00254,PROP1045,24x7 Power Backup
AMN00255,PROP1045,Elevator / Lift
AMN00256,PROP1045,Fire Safety System
AMN00257,PROP1046,Covered Parking
AMN00258,PROP1046,24x7 Power Backup
AMN00259,PROP1046,Gated Security
AMN00260,PROP1046,Club House
AMN00261,PROP1046,Fire Safety System
AMN00262,PROP1046,Elevator / Lift
AMN00263,PROP1047,EV Charging Point
AMN00264,PROP1047,Club House
AMN00265,PROP1047,Gym / Fitness Center
AMN00266,PROP1047,Elevator / Lift
AMN00267,PROP1047,Gated Security
AMN00268,PROP1048,24x7 Power Backup
AMN00269,PROP1048,Gym / Fitness Center
AMN00270,PROP1048,Intercom
AMN00271,PROP1048,Covered Parking
AMN00272,PROP1049,Intercom
AMN00273,PROP1049,Gym / Fitness Center
AMN00274,PROP1049,Gated Security
AMN00275,PROP1049,EV Charging Point
AMN00276,PROP1049,Covered Parking
AMN00277,PROP1049,Fire Safety System
AMN00278,PROP1049,Park / Garden
AMN00279,PROP1049,Elevator / Lift
AMN00280,PROP1050,EV Charging Point
AMN00281,PROP1050,Swimming Pool
AMN00282,PROP1050,24x7 Power Backup
AMN00283,PROP1050,Children's Play Area
AMN00284,PROP1050,Gated Security
AMN00285,PROP1051,24x7 Power Backup
AMN00286,PROP1051,CCTV Security
AMN00287,PROP1051,Terrace Access
AMN00288,PROP1051,Solar Water Heater
AMN00289,PROP1052,Gym / Fitness Center
AMN00290,PROP1052,Children's Play Area
AMN00291,PROP1052,Gated Security
AMN00292,PROP1052,Swimming Pool
AMN00293,PROP1053,Gated Security
AMN00294,PROP1053,Covered Parking
AMN00295,PROP1053,Elevator / Lift
AMN00296,PROP1053,Swimming Pool
AMN00297,PROP1054,CCTV / 24x7 Security
AMN00298,PROP1054,Washing Machine
AMN00299,PROP1054,RO Drinking Water
AMN00300,PROP1054,Refrigerator
AMN00301,PROP1054,High-Speed WiFi
AMN00302,PROP1054,Study Table
AMN00303,PROP1054,Daily Housekeeping
AMN00304,PROP1055,24x7 Power Backup
AMN00305,PROP1055,Club House
AMN00306,PROP1055,Children's Play Area
AMN00307,PROP1055,Intercom
AMN00308,PROP1055,Gated Security
AMN00309,PROP1055,Park / Garden
AMN00310,PROP1056,Private Garden
AMN00311,PROP1056,Water Storage Tank
AMN00312,PROP1056,Covered Parking
AMN00313,PROP1056,Terrace Access
AMN00314,PROP1056,Solar Water Heater
AMN00315,PROP1057,Air Conditioner
AMN00316,PROP1057,CCTV / 24x7 Security
AMN00317,PROP1057,Microwave
AMN00318,PROP1057,Study Table
AMN00319,PROP1057,Daily Housekeeping
AMN00320,PROP1057,RO Drinking Water
AMN00321,PROP1057,Washing Machine
AMN00322,PROP1057,Geyser
AMN00323,PROP1058,Covered Parking
AMN00324,PROP1058,Intercom
AMN00325,PROP1058,EV Charging Point
AMN00326,PROP1058,Swimming Pool
AMN00327,PROP1058,Children's Play Area
AMN00328,PROP1058,Park / Garden
AMN00329,PROP1058,Fire Safety System
AMN00330,PROP1059,Solar Water Heater
AMN00331,PROP1059,Water Storage Tank
AMN00332,PROP1059,Private Garden
AMN00333,PROP1059,Covered Parking
AMN00334,PROP1059,Pet Friendly
AMN00335,PROP1060,Gated Security
AMN00336,PROP1060,Club House
AMN00337,PROP1060,Intercom
AMN00338,PROP1060,Gym / Fitness Center
AMN00339,PROP1060,Swimming Pool
AMN00340,PROP1060,Elevator / Lift
AMN00341,PROP1061,EV Charging Point
AMN00342,PROP1061,Gym / Fitness Center
AMN00343,PROP1061,Park / Garden
AMN00344,PROP1061,Club House
AMN00345,PROP1061,Gated Security
AMN00346,PROP1061,Intercom
AMN00347,PROP1061,Covered Parking
AMN00348,PROP1062,Gated Security
AMN00349,PROP1062,Park / Garden
AMN00350,PROP1062,EV Charging Point
AMN00351,PROP1062,Children's Play Area
AMN00352,PROP1062,Elevator / Lift
AMN00353,PROP1063,Intercom
AMN00354,PROP1063,Elevator / Lift
AMN00355,PROP1063,Gym / Fitness Center
AMN00356,PROP1063,24x7 Power Backup
AMN00357,PROP1063,Club House
AMN00358,PROP1064,Children's Play Area
AMN00359,PROP1064,24x7 Power Backup
AMN00360,PROP1064,Swimming Pool
AMN00361,PROP1064,Club House
AMN00362,PROP1064,Park / Garden
AMN00363,PROP1064,Gated Security
AMN00364,PROP1064,EV Charging Point
AMN00365,PROP1064,Fire Safety System
AMN00366,PROP1065,Geyser
AMN00367,PROP1065,Refrigerator
AMN00368,PROP1065,Daily Housekeeping
AMN00369,PROP1065,Study Table
AMN00370,PROP1065,Air Conditioner
AMN00371,PROP1066,Swimming Pool
AMN00372,PROP1066,Gated Security
AMN00373,PROP1066,Elevator / Lift
AMN00374,PROP1066,EV Charging Point
AMN00375,PROP1066,Fire Safety System
AMN00376,PROP1066,24x7 Power Backup
AMN00377,PROP1066,Children's Play Area
AMN00378,PROP1066,Covered Parking
AMN00379,PROP1067,Gated Security
AMN00380,PROP1067,Swimming Pool
AMN00381,PROP1067,Gym / Fitness Center
AMN00382,PROP1067,Intercom
AMN00383,PROP1068,Swimming Pool
AMN00384,PROP1068,24x7 Power Backup
AMN00385,PROP1068,Elevator / Lift
AMN00386,PROP1068,Gym / Fitness Center
AMN00387,PROP1068,Park / Garden
AMN00388,PROP1068,Children's Play Area
AMN00389,PROP1068,Club House
AMN00390,PROP1068,Gated Security
AMN00391,PROP1069,Park / Garden
AMN00392,PROP1069,Intercom
AMN00393,PROP1069,Gated Security
AMN00394,PROP1069,EV Charging Point
AMN00395,PROP1069,Elevator / Lift
AMN00396,PROP1069,24x7 Power Backup
AMN00397,PROP1069,Children's Play Area
AMN00398,PROP1070,Club House
AMN00399,PROP1070,Swimming Pool
AMN00400,PROP1070,Fire Safety System
AMN00401,PROP1070,Intercom
AMN00402,PROP1070,Elevator / Lift
AMN00403,PROP1070,Children's Play Area
AMN00404,PROP1070,24x7 Power Backup
AMN00405,PROP1071,Fire Safety System
AMN00406,PROP1071,Club House
AMN00407,PROP1071,Swimming Pool
AMN00408,PROP1071,EV Charging Point
AMN00409,PROP1072,24x7 Power Backup
AMN00410,PROP1072,Gym / Fitness Center
AMN00411,PROP1072,EV Charging Point
AMN00412,PROP1072,Swimming Pool
AMN00413,PROP1072,Gated Security
AMN00414,PROP1072,Children's Play Area
AMN00415,PROP1072,Fire Safety System
AMN00416,PROP1072,Elevator / Lift
AMN00417,PROP1073,CCTV / 24x7 Security
AMN00418,PROP1073,Attached Bathroom
AMN00419,PROP1073,Geyser
AMN00420,PROP1073,Air Conditioner
AMN00421,PROP1073,High-Speed WiFi
AMN00422,PROP1073,Daily Housekeeping
AMN00423,PROP1073,RO Drinking Water
AMN00424,PROP1074,Fire Safety System
AMN00425,PROP1074,Covered Parking
AMN00426,PROP1074,Park / Garden
AMN00427,PROP1074,Gated Security
AMN00428,PROP1074,Elevator / Lift
AMN00429,PROP1074,EV Charging Point
AMN00430,PROP1074,Gym / Fitness Center
AMN00431,PROP1074,Children's Play Area
AMN00432,PROP1075,Intercom
AMN00433,PROP1075,Fire Safety System
AMN00434,PROP1075,Park / Garden
AMN00435,PROP1075,Swimming Pool
AMN00436,PROP1075,Elevator / Lift
AMN00437,PROP1075,24x7 Power Backup
AMN00438,PROP1075,Gym / Fitness Center
AMN00439,PROP1076,Gated Security
AMN00440,PROP1076,Children's Play Area
AMN00441,PROP1076,Fire Safety System
AMN00442,PROP1076,Gym / Fitness Center
AMN00443,PROP1077,Park / Garden
AMN00444,PROP1077,Intercom
AMN00445,PROP1077,Covered Parking
AMN00446,PROP1077,Gated Security
AMN00447,PROP1077,Fire Safety System
AMN00448,PROP1078,Power Backup
AMN00449,PROP1078,Geyser
AMN00450,PROP1078,Study Table
AMN00451,PROP1078,High-Speed WiFi
AMN00452,PROP1078,Washing Machine
AMN00453,PROP1078,RO Drinking Water
AMN00454,PROP1078,Refrigerator
AMN00455,PROP1079,Children's Play Area
AMN00456,PROP1079,Gated Security
AMN00457,PROP1079,Club House
AMN00458,PROP1079,EV Charging Point
AMN00459,PROP1079,Park / Garden
AMN00460,PROP1079,Intercom
AMN00461,PROP1080,Study Table
AMN00462,PROP1080,Attached Bathroom
AMN00463,PROP1080,High-Speed WiFi
AMN00464,PROP1080,CCTV / 24x7 Security
AMN00465,PROP1081,EV Charging Point
AMN00466,PROP1081,Covered Parking
AMN00467,PROP1081,Fire Safety System
AMN00468,PROP1081,Swimming Pool
AMN00469,PROP1082,Refrigerator
AMN00470,PROP1082,Power Backup
AMN00471,PROP1082,RO Drinking Water
AMN00472,PROP1082,Microwave
AMN00473,PROP1083,Park / Garden
AMN00474,PROP1083,Swimming Pool
AMN00475,PROP1083,Elevator / Lift
AMN00476,PROP1083,Club House
AMN00477,PROP1084,Park / Garden
AMN00478,PROP1084,Fire Safety System
AMN00479,PROP1084,24x7 Power Backup
AMN00480,PROP1084,Gym / Fitness Center
AMN00481,PROP1084,Club House
AMN00482,PROP1085,Washing Machine
AMN00483,PROP1085,Refrigerator
AMN00484,PROP1085,Air Conditioner
AMN00485,PROP1085,Microwave
AMN00486,PROP1086,Terrace Access
AMN00487,PROP1086,Pet Friendly
AMN00488,PROP1086,Solar Water Heater
AMN00489,PROP1086,Water Storage Tank
AMN00490,PROP1087,Microwave
AMN00491,PROP1087,Refrigerator
AMN00492,PROP1087,Daily Housekeeping
AMN00493,PROP1087,High-Speed WiFi
AMN00494,PROP1087,CCTV / 24x7 Security
AMN00495,PROP1087,Washing Machine
AMN00496,PROP1088,24x7 Power Backup
AMN00497,PROP1088,Intercom
AMN00498,PROP1088,Children's Play Area
AMN00499,PROP1088,Covered Parking
AMN00500,PROP1088,Gated Security
AMN00501,PROP1088,Elevator / Lift
AMN00502,PROP1089,Children's Play Area
AMN00503,PROP1089,EV Charging Point
AMN00504,PROP1089,Elevator / Lift
AMN00505,PROP1089,Gym / Fitness Center
AMN00506,PROP1089,Gated Security
AMN00507,PROP1089,24x7 Power Backup
AMN00508,PROP1089,Fire Safety System
AMN00509,PROP1090,Park / Garden
AMN00510,PROP1090,Intercom
AMN00511,PROP1090,Elevator / Lift
AMN00512,PROP1090,Fire Safety System
AMN00513,PROP1090,Gated Security
AMN00514,PROP1090,EV Charging Point
AMN00515,PROP1091,Children's Play Area
AMN00516,PROP1091,Swimming Pool
AMN00517,PROP1091,24x7 Power Backup
AMN00518,PROP1091,Club House
AMN00519,PROP1091,Elevator / Lift
AMN00520,PROP1091,Park / Garden
AMN00521,PROP1092,Park / Garden
AMN00522,PROP1092,EV Charging Point
AMN00523,PROP1092,Gated Security
AMN00524,PROP1092,Children's Play Area
AMN00525,PROP1092,Covered Parking
AMN00526,PROP1092,Swimming Pool
AMN00527,PROP1092,Gym / Fitness Center
AMN00528,PROP1092,24x7 Power Backup
AMN00529,PROP1093,Club House
AMN00530,PROP1093,Children's Play Area
AMN00531,PROP1093,Fire Safety System
AMN00532,PROP1093,Park / Garden
AMN00533,PROP1093,Covered Parking
AMN00534,PROP1093,Intercom
AMN00535,PROP1094,24x7 Power Backup
AMN00536,PROP1094,Solar Water Heater
AMN00537,PROP1094,Water Storage Tank
AMN00538,PROP1095,Fire Safety System
AMN00539,PROP1095,Elevator / Lift
AMN00540,PROP1095,EV Charging Point
AMN00541,PROP1095,Park / Garden
AMN00542,PROP1095,Covered Parking
AMN00543,PROP1096,Air Conditioner
AMN00544,PROP1096,RO Drinking Water
AMN00545,PROP1096,Washing Machine
AMN00546,PROP1096,CCTV / 24x7 Security
AMN00547,PROP1096,Geyser
AMN00548,PROP1097,Gated Security
AMN00549,PROP1097,Intercom
AMN00550,PROP1097,Children's Play Area
AMN00551,PROP1097,Park / Garden
AMN00552,PROP1097,Elevator / Lift
AMN00553,PROP1097,Gym / Fitness Center
AMN00554,PROP1098,24x7 Power Backup
AMN00555,PROP1098,Swimming Pool
AMN00556,PROP1098,Children's Play Area
AMN00557,PROP1098,Fire Safety System
AMN00558,PROP1098,Gym / Fitness Center
AMN00559,PROP1099,Washing Machine
AMN00560,PROP1099,Refrigerator
AMN00561,PROP1099,Attached Bathroom
AMN00562,PROP1099,Study Table
AMN00563,PROP1099,Daily Housekeeping
AMN00564,PROP1099,Air Conditioner
AMN00565,PROP1099,Geyser
AMN00566,PROP1100,Gym / Fitness Center
AMN00567,PROP1100,Club House
AMN00568,PROP1100,Covered Parking
AMN00569,PROP1100,Intercom
AMN00570,PROP1100,Fire Safety System
AMN00571,PROP1100,Elevator / Lift
AMN00572,PROP1101,Attached Bathroom
AMN00573,PROP1101,Washing Machine
AMN00574,PROP1101,Power Backup
AMN00575,PROP1101,Geyser
AMN00576,PROP1102,Refrigerator
AMN00577,PROP1102,Washing Machine
AMN00578,PROP1102,Geyser
AMN00579,PROP1102,Study Table
AMN00580,PROP1103,Covered Parking
AMN00581,PROP1103,Club House
AMN00582,PROP1103,Elevator / Lift
AMN00583,PROP1103,24x7 Power Backup
AMN00584,PROP1103,Intercom
AMN00585,PROP1104,Park / Garden
AMN00586,PROP1104,EV Charging Point
AMN00587,PROP1104,Covered Parking
AMN00588,PROP1104,Gym / Fitness Center
AMN00589,PROP1105,Washing Machine
AMN00590,PROP1105,Daily Housekeeping
AMN00591,PROP1105,RO Drinking Water
AMN00592,PROP1105,Microwave
AMN00593,PROP1105,Air Conditioner
AMN00594,PROP1105,Study Table
AMN00595,PROP1105,Geyser
AMN00596,PROP1105,CCTV / 24x7 Security
AMN00597,PROP1106,Gated Security
AMN00598,PROP1106,Elevator / Lift
AMN00599,PROP1106,EV Charging Point
AMN00600,PROP1106,Club House
AMN00601,PROP1106,Fire Safety System
AMN00602,PROP1106,Gym / Fitness Center
AMN00603,PROP1106,Intercom
AMN00604,PROP1106,Children's Play Area
AMN00605,PROP1107,RO Drinking Water
AMN00606,PROP1107,Microwave
AMN00607,PROP1107,Study Table
AMN00608,PROP1107,Washing Machine
AMN00609,PROP1108,Swimming Pool
AMN00610,PROP1108,Gym / Fitness Center
AMN00611,PROP1108,Intercom
AMN00612,PROP1108,24x7 Power Backup
AMN00613,PROP1108,EV Charging Point
AMN00614,PROP1109,Study Table
AMN00615,PROP1109,Refrigerator
AMN00616,PROP1109,Geyser
AMN00617,PROP1109,Washing Machine
AMN00618,PROP1109,High-Speed WiFi
AMN00619,PROP1109,Daily Housekeeping
AMN00620,PROP1109,Power Backup
AMN00621,PROP1110,24x7 Power Backup
AMN00622,PROP1110,EV Charging Point
AMN00623,PROP1110,Swimming Pool
AMN00624,PROP1110,Club House
AMN00625,PROP1110,Park / Garden
AMN00626,PROP1110,Elevator / Lift
AMN00627,PROP1110,Covered Parking
AMN00628,PROP1111,Club House
AMN00629,PROP1111,Gym / Fitness Center
AMN00630,PROP1111,24x7 Power Backup
AMN00631,PROP1111,Covered Parking
AMN00632,PROP1111,EV Charging Point
AMN00633,PROP1112,Fire Safety System
AMN00634,PROP1112,Park / Garden
AMN00635,PROP1112,Club House
AMN00636,PROP1112,Elevator / Lift
AMN00637,PROP1112,24x7 Power Backup
AMN00638,PROP1112,Swimming Pool
AMN00639,PROP1112,Children's Play Area
AMN00640,PROP1112,Gym / Fitness Center
AMN00641,PROP1113,Intercom
AMN00642,PROP1113,Fire Safety System
AMN00643,PROP1113,Elevator / Lift
AMN00644,PROP1113,Park / Garden
AMN00645,PROP1113,24x7 Power Backup
AMN00646,PROP1113,Club House
AMN00647,PROP1114,Study Table
AMN00648,PROP1114,CCTV / 24x7 Security
AMN00649,PROP1114,Refrigerator
AMN00650,PROP1114,Washing Machine
AMN00651,PROP1114,High-Speed WiFi
AMN00652,PROP1114,Geyser
AMN00653,PROP1114,Daily Housekeeping
AMN00654,PROP1115,Pet Friendly
AMN00655,PROP1115,Water Storage Tank
AMN00656,PROP1115,Private Garden
AMN00657,PROP1116,Elevator / Lift
AMN00658,PROP1116,Intercom
AMN00659,PROP1116,Fire Safety System
AMN00660,PROP1116,Club House
AMN00661,PROP1116,Gym / Fitness Center
AMN00662,PROP1117,Water Storage Tank
AMN00663,PROP1117,Private Garden
AMN00664,PROP1117,24x7 Power Backup
AMN00665,PROP1117,Covered Parking
AMN00666,PROP1117,Solar Water Heater
AMN00667,PROP1117,Terrace Access
AMN00668,PROP1118,Gym / Fitness Center
AMN00669,PROP1118,Children's Play Area
AMN00670,PROP1118,Gated Security
AMN00671,PROP1118,Elevator / Lift
AMN00672,PROP1119,Intercom
AMN00673,PROP1119,Covered Parking
AMN00674,PROP1119,Elevator / Lift
AMN00675,PROP1119,24x7 Power Backup
AMN00676,PROP1119,Children's Play Area
AMN00677,PROP1119,Gym / Fitness Center
AMN00678,PROP1119,Gated Security
AMN00679,PROP1120,Attached Bathroom
AMN00680,PROP1120,High-Speed WiFi
AMN00681,PROP1120,Study Table
AMN00682,PROP1120,Geyser
AMN00683,PROP1120,Air Conditioner
AMN00684,PROP1120,Microwave
AMN00685,PROP1120,Daily Housekeeping
AMN00686,PROP1121,Elevator / Lift
AMN00687,PROP1121,EV Charging Point
AMN00688,PROP1121,Fire Safety System
AMN00689,PROP1121,Covered Parking
AMN00690,PROP1121,Swimming Pool
AMN00691,PROP1121,Gym / Fitness Center
AMN00692,PROP1121,Club House
AMN00693,PROP1121,24x7 Power Backup
AMN00694,PROP1122,Water Storage Tank
AMN00695,PROP1122,Private Garden
AMN00696,PROP1122,CCTV Security
AMN00697,PROP1122,Pet Friendly
AMN00698,PROP1122,Terrace Access
AMN00699,PROP1122,Covered Parking
AMN00700,PROP1123,High-Speed WiFi
AMN00701,PROP1123,Attached Bathroom
AMN00702,PROP1123,Air Conditioner
AMN00703,PROP1123,Daily Housekeeping
AMN00704,PROP1123,RO Drinking Water
AMN00705,PROP1123,Refrigerator
AMN00706,PROP1123,Study Table
AMN00707,PROP1123,Geyser
AMN00708,PROP1124,Water Storage Tank
AMN00709,PROP1124,Solar Water Heater
AMN00710,PROP1124,Covered Parking
AMN00711,PROP1124,Pet Friendly
AMN00712,PROP1125,Elevator / Lift
AMN00713,PROP1125,Fire Safety System
AMN00714,PROP1125,Swimming Pool
AMN00715,PROP1125,EV Charging Point
AMN00716,PROP1125,Gym / Fitness Center
AMN00717,PROP1125,Park / Garden
AMN00718,PROP1125,24x7 Power Backup
AMN00719,PROP1126,Terrace Access
AMN00720,PROP1126,Covered Parking
AMN00721,PROP1126,24x7 Power Backup
AMN00722,PROP1126,CCTV Security
AMN00723,PROP1127,Private Garden
AMN00724,PROP1127,Covered Parking
AMN00725,PROP1127,Solar Water Heater
AMN00726,PROP1127,CCTV Security
AMN00727,PROP1127,24x7 Power Backup
AMN00728,PROP1128,Intercom
AMN00729,PROP1128,Elevator / Lift
AMN00730,PROP1128,Children's Play Area
AMN00731,PROP1128,Park / Garden
AMN00732,PROP1128,Gated Security
AMN00733,PROP1128,Swimming Pool
AMN00734,PROP1128,Gym / Fitness Center
AMN00735,PROP1129,Park / Garden
AMN00736,PROP1129,Gated Security
AMN00737,PROP1129,Swimming Pool
AMN00738,PROP1129,EV Charging Point
AMN00739,PROP1129,Covered Parking
AMN00740,PROP1130,Fire Safety System
AMN00741,PROP1130,Gated Security
AMN00742,PROP1130,EV Charging Point
AMN00743,PROP1130,Gym / Fitness Center
AMN00744,PROP1130,Elevator / Lift
AMN00745,PROP1130,Covered Parking
AMN00746,PROP1130,24x7 Power Backup
AMN00747,PROP1131,Children's Play Area
AMN00748,PROP1131,24x7 Power Backup
AMN00749,PROP1131,Elevator / Lift
AMN00750,PROP1131,EV Charging Point
AMN00751,PROP1131,Park / Garden
AMN00752,PROP1131,Covered Parking
AMN00753,PROP1131,Fire Safety System
AMN00754,PROP1131,Intercom
AMN00755,PROP1132,24x7 Power Backup
AMN00756,PROP1132,Elevator / Lift
AMN00757,PROP1132,Club House
AMN00758,PROP1132,Children's Play Area
AMN00759,PROP1132,Gated Security
AMN00760,PROP1133,EV Charging Point
AMN00761,PROP1133,Intercom
AMN00762,PROP1133,Gated Security
AMN00763,PROP1133,Children's Play Area
AMN00764,PROP1133,Elevator / Lift
AMN00765,PROP1133,Park / Garden
AMN00766,PROP1134,24x7 Power Backup
AMN00767,PROP1134,Swimming Pool
AMN00768,PROP1134,Club House
AMN00769,PROP1134,EV Charging Point
AMN00770,PROP1134,Fire Safety System
AMN00771,PROP1134,Intercom
AMN00772,PROP1134,Covered Parking
AMN00773,PROP1134,Children's Play Area
AMN00774,PROP1135,Covered Parking
AMN00775,PROP1135,Fire Safety System
AMN00776,PROP1135,Children's Play Area
AMN00777,PROP1135,EV Charging Point
AMN00778,PROP1135,Club House
AMN00779,PROP1135,Gym / Fitness Center
AMN00780,PROP1136,Swimming Pool
AMN00781,PROP1136,Intercom
AMN00782,PROP1136,Gated Security
AMN00783,PROP1136,Gym / Fitness Center
AMN00784,PROP1136,EV Charging Point
AMN00785,PROP1137,Air Conditioner
AMN00786,PROP1137,Refrigerator
AMN00787,PROP1137,RO Drinking Water
AMN00788,PROP1137,Geyser
AMN00789,PROP1137,Power Backup
AMN00790,PROP1137,Daily Housekeeping
AMN00791,PROP1137,Microwave
AMN00792,PROP1137,Attached Bathroom
AMN00793,PROP1138,Elevator / Lift
AMN00794,PROP1138,Club House
AMN00795,PROP1138,Intercom
AMN00796,PROP1138,Gym / Fitness Center
AMN00797,PROP1139,Refrigerator
AMN00798,PROP1139,Washing Machine
AMN00799,PROP1139,Air Conditioner
AMN00800,PROP1139,Microwave
AMN00801,PROP1139,Geyser
AMN00802,PROP1139,Study Table
AMN00803,PROP1140,Elevator / Lift
AMN00804,PROP1140,24x7 Power Backup
AMN00805,PROP1140,Swimming Pool
AMN00806,PROP1140,Gated Security
AMN00807,PROP1140,Children's Play Area
AMN00808,PROP1140,Club House
AMN00809,PROP1140,Gym / Fitness Center
AMN00810,PROP1141,Private Garden
AMN00811,PROP1141,CCTV Security
AMN00812,PROP1141,Solar Water Heater
AMN00813,PROP1141,24x7 Power Backup
AMN00814,PROP1141,Covered Parking
AMN00815,PROP1142,Refrigerator
AMN00816,PROP1142,Geyser
AMN00817,PROP1142,Washing Machine
AMN00818,PROP1142,RO Drinking Water
AMN00819,PROP1143,Swimming Pool
AMN00820,PROP1143,EV Charging Point
AMN00821,PROP1143,Fire Safety System
AMN00822,PROP1143,Club House
AMN00823,PROP1143,Gym / Fitness Center
AMN00824,PROP1143,Children's Play Area
AMN00825,PROP1144,Washing Machine
AMN00826,PROP1144,Geyser
AMN00827,PROP1144,High-Speed WiFi
AMN00828,PROP1144,CCTV / 24x7 Security
AMN00829,PROP1145,Club House
AMN00830,PROP1145,Children's Play Area
AMN00831,PROP1145,Gated Security
AMN00832,PROP1145,Gym / Fitness Center
AMN00833,PROP1146,Children's Play Area
AMN00834,PROP1146,Intercom
AMN00835,PROP1146,EV Charging Point
AMN00836,PROP1146,Club House
AMN00837,PROP1146,Gym / Fitness Center
AMN00838,PROP1146,Elevator / Lift
AMN00839,PROP1146,Swimming Pool
AMN00840,PROP1146,Gated Security
AMN00841,PROP1147,24x7 Power Backup
AMN00842,PROP1147,Elevator / Lift
AMN00843,PROP1147,Fire Safety System
AMN00844,PROP1147,Gym / Fitness Center
AMN00845,PROP1147,Swimming Pool
AMN00846,PROP1147,Gated Security
AMN00847,PROP1148,Intercom
AMN00848,PROP1148,Children's Play Area
AMN00849,PROP1148,24x7 Power Backup
AMN00850,PROP1148,Gated Security
AMN00851,PROP1148,Covered Parking
AMN00852,PROP1148,Gym / Fitness Center
AMN00853,PROP1148,Club House
AMN00854,PROP1149,Microwave
AMN00855,PROP1149,Study Table
AMN00856,PROP1149,Washing Machine
AMN00857,PROP1149,Air Conditioner
AMN00858,PROP1149,CCTV / 24x7 Security
AMN00859,PROP1149,High-Speed WiFi
AMN00860,PROP1150,Covered Parking
AMN00861,PROP1150,Park / Garden
AMN00862,PROP1150,Intercom
AMN00863,PROP1150,Children's Play Area
AMN00864,PROP1150,Swimming Pool
AMN00865,PROP1150,EV Charging Point
AMN00866,PROP1150,Fire Safety System
AMN00867,PROP1151,Fire Safety System
AMN00868,PROP1151,Club House
AMN00869,PROP1151,Gated Security
AMN00870,PROP1151,24x7 Power Backup
AMN00871,PROP1151,Gym / Fitness Center
AMN00872,PROP1151,Covered Parking
AMN00873,PROP1151,Park / Garden
AMN00874,PROP1152,24x7 Power Backup
AMN00875,PROP1152,Fire Safety System
AMN00876,PROP1152,Swimming Pool
AMN00877,PROP1152,Intercom
AMN00878,PROP1152,Gym / Fitness Center
AMN00879,PROP1152,Park / Garden
AMN00880,PROP1152,Gated Security
AMN00881,PROP1153,Gated Security
AMN00882,PROP1153,Park / Garden
AMN00883,PROP1153,Gym / Fitness Center
AMN00884,PROP1153,Fire Safety System
AMN00885,PROP1153,24x7 Power Backup
AMN00886,PROP1153,Intercom
AMN00887,PROP1153,Swimming Pool
AMN00888,PROP1153,Club House
AMN00889,PROP1154,Covered Parking
AMN00890,PROP1154,Children's Play Area
AMN00891,PROP1154,Swimming Pool
AMN00892,PROP1154,Elevator / Lift
AMN00893,PROP1154,Intercom
AMN00894,PROP1154,24x7 Power Backup
AMN00895,PROP1155,EV Charging Point
AMN00896,PROP1155,Children's Play Area
AMN00897,PROP1155,Intercom
AMN00898,PROP1155,Fire Safety System
AMN00899,PROP1156,RO Drinking Water
AMN00900,PROP1156,Daily Housekeeping
AMN00901,PROP1156,Geyser
AMN00902,PROP1156,Microwave
AMN00903,PROP1156,Study Table
AMN00904,PROP1156,CCTV / 24x7 Security
AMN00905,PROP1157,Covered Parking
AMN00906,PROP1157,Children's Play Area
AMN00907,PROP1157,Swimming Pool
AMN00908,PROP1157,Gym / Fitness Center
AMN00909,PROP1158,24x7 Power Backup
AMN00910,PROP1158,Intercom
AMN00911,PROP1158,Swimming Pool
AMN00912,PROP1158,Park / Garden
AMN00913,PROP1158,EV Charging Point
AMN00914,PROP1159,Park / Garden
AMN00915,PROP1159,Covered Parking
AMN00916,PROP1159,Club House
AMN00917,PROP1159,Gym / Fitness Center
AMN00918,PROP1159,Intercom
AMN00919,PROP1160,24x7 Power Backup
AMN00920,PROP1160,EV Charging Point
AMN00921,PROP1160,Covered Parking
AMN00922,PROP1160,Gym / Fitness Center
AMN00923,PROP1160,Park / Garden
AMN00924,PROP1161,Park / Garden
AMN00925,PROP1161,Children's Play Area
AMN00926,PROP1161,Covered Parking
AMN00927,PROP1161,Gym / Fitness Center
AMN00928,PROP1161,Club House
AMN00929,PROP1162,Attached Bathroom
AMN00930,PROP1162,Daily Housekeeping
AMN00931,PROP1162,Microwave
AMN00932,PROP1162,Geyser
AMN00933,PROP1162,Study Table
AMN00934,PROP1162,Air Conditioner
AMN00935,PROP1162,Power Backup
AMN00936,PROP1163,Elevator / Lift
AMN00937,PROP1163,Intercom
AMN00938,PROP1163,Swimming Pool
AMN00939,PROP1163,Covered Parking
AMN00940,PROP1164,Club House
AMN00941,PROP1164,Elevator / Lift
AMN00942,PROP1164,Covered Parking
AMN00943,PROP1164,Park / Garden
AMN00944,PROP1164,EV Charging Point
AMN00945,PROP1164,Gated Security
AMN00946,PROP1164,Swimming Pool
AMN00947,PROP1164,Children's Play Area
AMN00948,PROP1165,Fire Safety System
AMN00949,PROP1165,Elevator / Lift
AMN00950,PROP1165,24x7 Power Backup
AMN00951,PROP1165,Park / Garden
AMN00952,PROP1165,Children's Play Area
AMN00953,PROP1165,Club House
AMN00954,PROP1165,Intercom
AMN00955,PROP1166,Refrigerator
AMN00956,PROP1166,Microwave
AMN00957,PROP1166,Study Table
AMN00958,PROP1166,Attached Bathroom
AMN00959,PROP1166,CCTV / 24x7 Security
AMN00960,PROP1166,RO Drinking Water
AMN00961,PROP1167,Water Storage Tank
AMN00962,PROP1167,Pet Friendly
AMN00963,PROP1167,CCTV Security
AMN00964,PROP1167,24x7 Power Backup
AMN00965,PROP1167,Private Garden
AMN00966,PROP1168,EV Charging Point
AMN00967,PROP1168,Fire Safety System
AMN00968,PROP1168,Intercom
AMN00969,PROP1168,Swimming Pool
AMN00970,PROP1169,Gated Security
AMN00971,PROP1169,Children's Play Area
AMN00972,PROP1169,Elevator / Lift
AMN00973,PROP1169,Fire Safety System
AMN00974,PROP1169,Intercom
AMN00975,PROP1170,Gated Security
AMN00976,PROP1170,Children's Play Area
AMN00977,PROP1170,Club House
AMN00978,PROP1170,EV Charging Point
AMN00979,PROP1170,Gym / Fitness Center
AMN00980,PROP1170,Intercom
AMN00981,PROP1171,Terrace Access
AMN00982,PROP1171,CCTV Security
AMN00983,PROP1171,Private Garden
AMN00984,PROP1172,Study Table
AMN00985,PROP1172,CCTV / 24x7 Security
AMN00986,PROP1172,Power Backup
AMN00987,PROP1172,Attached Bathroom
AMN00988,PROP1173,Attached Bathroom
AMN00989,PROP1173,CCTV / 24x7 Security
AMN00990,PROP1173,Daily Housekeeping
AMN00991,PROP1173,Air Conditioner
AMN00992,PROP1173,Microwave
AMN00993,PROP1173,Study Table
AMN00994,PROP1173,Geyser
AMN00995,PROP1173,RO Drinking Water
AMN00996,PROP1174,Club House
AMN00997,PROP1174,Park / Garden
AMN00998,PROP1174,Fire Safety System
AMN00999,PROP1174,Children's Play Area
AMN01000,PROP1175,RO Drinking Water
AMN01001,PROP1175,Power Backup
AMN01002,PROP1175,Geyser
AMN01003,PROP1175,Study Table
AMN01004,PROP1175,Daily Housekeeping
AMN01005,PROP1175,Microwave
AMN01006,PROP1175,Washing Machine
AMN01007,PROP1175,Air Conditioner
AMN01008,PROP1176,Refrigerator
AMN01009,PROP1176,RO Drinking Water
AMN01010,PROP1176,Air Conditioner
AMN01011,PROP1176,Attached Bathroom
AMN01012,PROP1176,High-Speed WiFi
AMN01013,PROP1176,Washing Machine
AMN01014,PROP1177,Private Garden
AMN01015,PROP1177,Terrace Access
AMN01016,PROP1177,Covered Parking
AMN01017,PROP1177,Solar Water Heater
AMN01018,PROP1177,Pet Friendly
AMN01019,PROP1178,Gym / Fitness Center
AMN01020,PROP1178,Park / Garden
AMN01021,PROP1178,Gated Security
AMN01022,PROP1178,24x7 Power Backup
AMN01023,PROP1178,Fire Safety System
AMN01024,PROP1179,24x7 Power Backup
AMN01025,PROP1179,Intercom
AMN01026,PROP1179,Swimming Pool
AMN01027,PROP1179,Gated Security
AMN01028,PROP1180,Gym / Fitness Center
AMN01029,PROP1180,Children's Play Area
AMN01030,PROP1180,Club House
AMN01031,PROP1180,EV Charging Point
AMN01032,PROP1180,24x7 Power Backup
AMN01033,PROP1180,Covered Parking
AMN01034,PROP1181,High-Speed WiFi
AMN01035,PROP1181,Microwave
AMN01036,PROP1181,Daily Housekeeping
AMN01037,PROP1181,Washing Machine
AMN01038,PROP1181,Geyser
AMN01039,PROP1181,CCTV / 24x7 Security
AMN01040,PROP1181,RO Drinking Water
AMN01041,PROP1181,Air Conditioner
AMN01042,PROP1182,Club House
AMN01043,PROP1182,Swimming Pool
AMN01044,PROP1182,Intercom
AMN01045,PROP1182,24x7 Power Backup
AMN01046,PROP1182,Children's Play Area
AMN01047,PROP1182,EV Charging Point
AMN01048,PROP1182,Covered Parking
AMN01049,PROP1183,Elevator / Lift
AMN01050,PROP1183,Intercom
AMN01051,PROP1183,Club House
AMN01052,PROP1183,Covered Parking
AMN01053,PROP1183,Swimming Pool
AMN01054,PROP1183,Fire Safety System
AMN01055,PROP1183,Park / Garden
AMN01056,PROP1183,EV Charging Point
AMN01057,PROP1184,RO Drinking Water
AMN01058,PROP1184,Power Backup
AMN01059,PROP1184,Washing Machine
AMN01060,PROP1184,Refrigerator
AMN01061,PROP1184,CCTV / 24x7 Security
AMN01062,PROP1184,High-Speed WiFi
AMN01063,PROP1185,Power Backup
AMN01064,PROP1185,Study Table
AMN01065,PROP1185,Air Conditioner
AMN01066,PROP1185,Attached Bathroom
AMN01067,PROP1185,RO Drinking Water
AMN01068,PROP1185,Washing Machine
AMN01069,PROP1185,Refrigerator
AMN01070,PROP1186,24x7 Power Backup
AMN01071,PROP1186,Gated Security
AMN01072,PROP1186,Covered Parking
AMN01073,PROP1186,EV Charging Point
AMN01074,PROP1186,Park / Garden
AMN01075,PROP1186,Swimming Pool
AMN01076,PROP1187,CCTV Security
AMN01077,PROP1187,Pet Friendly
AMN01078,PROP1187,24x7 Power Backup
AMN01079,PROP1187,Solar Water Heater
AMN01080,PROP1187,Covered Parking
AMN01081,PROP1188,CCTV / 24x7 Security
AMN01082,PROP1188,Power Backup
AMN01083,PROP1188,Refrigerator
AMN01084,PROP1188,Geyser
AMN01085,PROP1189,24x7 Power Backup
AMN01086,PROP1189,Gated Security
AMN01087,PROP1189,Fire Safety System
AMN01088,PROP1189,Swimming Pool
AMN01089,PROP1189,EV Charging Point
AMN01090,PROP1189,Club House
AMN01091,PROP1190,Gated Security
AMN01092,PROP1190,Club House
AMN01093,PROP1190,Children's Play Area
AMN01094,PROP1190,Swimming Pool
AMN01095,PROP1191,24x7 Power Backup
AMN01096,PROP1191,Intercom
AMN01097,PROP1191,Fire Safety System
AMN01098,PROP1191,EV Charging Point
AMN01099,PROP1191,Swimming Pool
AMN01100,PROP1192,Solar Water Heater
AMN01101,PROP1192,Water Storage Tank
AMN01102,PROP1192,CCTV Security
AMN01103,PROP1192,Terrace Access
AMN01104,PROP1192,Pet Friendly
AMN01105,PROP1193,RO Drinking Water
AMN01106,PROP1193,Power Backup
AMN01107,PROP1193,Refrigerator
AMN01108,PROP1193,Microwave
AMN01109,PROP1193,Daily Housekeeping
AMN01110,PROP1193,Geyser
AMN01111,PROP1194,Water Storage Tank
AMN01112,PROP1194,CCTV Security
AMN01113,PROP1194,Pet Friendly
AMN01114,PROP1194,Solar Water Heater
AMN01115,PROP1194,24x7 Power Backup
AMN01116,PROP1194,Covered Parking
AMN01117,PROP1195,Solar Water Heater
AMN01118,PROP1195,Terrace Access
AMN01119,PROP1195,24x7 Power Backup
AMN01120,PROP1195,Private Garden
AMN01121,PROP1195,Water Storage Tank
AMN01122,PROP1196,Club House
AMN01123,PROP1196,Park / Garden
AMN01124,PROP1196,Covered Parking
AMN01125,PROP1196,Children's Play Area
AMN01126,PROP1196,24x7 Power Backup
AMN01127,PROP1196,Gym / Fitness Center
AMN01128,PROP1197,Covered Parking
AMN01129,PROP1197,Children's Play Area
AMN01130,PROP1197,Club House
AMN01131,PROP1197,24x7 Power Backup
AMN01132,PROP1198,Park / Garden
AMN01133,PROP1198,Fire Safety System
AMN01134,PROP1198,Intercom
AMN01135,PROP1198,Gated Security
AMN01136,PROP1199,Fire Safety System
AMN01137,PROP1199,Covered Parking
AMN01138,PROP1199,Elevator / Lift
AMN01139,PROP1199,Swimming Pool
AMN01140,PROP1199,Children's Play Area
AMN01141,PROP1199,Club House
AMN01142,PROP1199,Intercom
AMN01143,PROP1199,Gated Security
AMN01144,PROP1200,Geyser
AMN01145,PROP1200,Daily Housekeeping
AMN01146,PROP1200,CCTV / 24x7 Security
AMN01147,PROP1200,Microwave
AMN01148,PROP1201,Covered Parking
AMN01149,PROP1201,Swimming Pool
AMN01150,PROP1201,Elevator / Lift
AMN01151,PROP1201,Park / Garden
AMN01152,PROP1201,Gym / Fitness Center
AMN01153,PROP1202,Gated Security
AMN01154,PROP1202,Fire Safety System
AMN01155,PROP1202,Children's Play Area
AMN01156,PROP1202,Covered Parking
AMN01157,PROP1202,Park / Garden
AMN01158,PROP1202,Intercom
AMN01159,PROP1203,EV Charging Point
AMN01160,PROP1203,Gated Security
AMN01161,PROP1203,Club House
AMN01162,PROP1203,Park / Garden
AMN01163,PROP1203,Gym / Fitness Center
AMN01164,PROP1203,Elevator / Lift
AMN01165,PROP1203,Covered Parking
AMN01166,PROP1203,Intercom
AMN01167,PROP1204,Club House
AMN01168,PROP1204,EV Charging Point
AMN01169,PROP1204,Gated Security
AMN01170,PROP1204,Gym / Fitness Center
AMN01171,PROP1204,24x7 Power Backup
AMN01172,PROP1204,Intercom
AMN01173,PROP1205,Gym / Fitness Center
AMN01174,PROP1205,EV Charging Point
AMN01175,PROP1205,Intercom
AMN01176,PROP1205,24x7 Power Backup
AMN01177,PROP1205,Gated Security
AMN01178,PROP1205,Club House
AMN01179,PROP1206,Club House
AMN01180,PROP1206,Gym / Fitness Center
AMN01181,PROP1206,Swimming Pool
AMN01182,PROP1206,Children's Play Area
AMN01183,PROP1206,Elevator / Lift
AMN01184,PROP1206,24x7 Power Backup
AMN01185,PROP1207,Gym / Fitness Center
AMN01186,PROP1207,24x7 Power Backup
AMN01187,PROP1207,Club House
AMN01188,PROP1207,EV Charging Point
AMN01189,PROP1207,Covered Parking
AMN01190,PROP1208,Gym / Fitness Center
AMN01191,PROP1208,Park / Garden
AMN01192,PROP1208,Gated Security
AMN01193,PROP1208,Fire Safety System
AMN01194,PROP1208,Intercom
AMN01195,PROP1208,24x7 Power Backup
AMN01196,PROP1208,Children's Play Area
AMN01197,PROP1208,Club House
AMN01198,PROP1209,Fire Safety System
AMN01199,PROP1209,Elevator / Lift
AMN01200,PROP1209,Covered Parking
AMN01201,PROP1209,Gated Security
AMN01202,PROP1209,Children's Play Area
AMN01203,PROP1210,Elevator / Lift
AMN01204,PROP1210,Park / Garden
AMN01205,PROP1210,Club House
AMN01206,PROP1210,Fire Safety System
AMN01207,PROP1210,Swimming Pool
AMN01208,PROP1211,Elevator / Lift
AMN01209,PROP1211,Swimming Pool
AMN01210,PROP1211,Children's Play Area
AMN01211,PROP1211,Fire Safety System
AMN01212,PROP1211,Intercom
AMN01213,PROP1211,Gated Security
AMN01214,PROP1212,Intercom
AMN01215,PROP1212,Fire Safety System
AMN01216,PROP1212,Gated Security
AMN01217,PROP1212,Gym / Fitness Center
AMN01218,PROP1212,Swimming Pool
AMN01219,PROP1212,Park / Garden
AMN01220,PROP1212,Club House
AMN01221,PROP1213,High-Speed WiFi
AMN01222,PROP1213,Microwave
AMN01223,PROP1213,Geyser
AMN01224,PROP1213,CCTV / 24x7 Security
AMN01225,PROP1213,Daily Housekeeping
AMN01226,PROP1213,Attached Bathroom
AMN01227,PROP1214,Club House
AMN01228,PROP1214,24x7 Power Backup
AMN01229,PROP1214,Gym / Fitness Center
AMN01230,PROP1214,Fire Safety System
AMN01231,PROP1215,Gym / Fitness Center
AMN01232,PROP1215,Gated Security
AMN01233,PROP1215,24x7 Power Backup
AMN01234,PROP1215,Swimming Pool
AMN01235,PROP1215,Elevator / Lift
AMN01236,PROP1215,Fire Safety System
AMN01237,PROP1215,Covered Parking
AMN01238,PROP1215,Intercom
AMN01239,PROP1216,CCTV / 24x7 Security
AMN01240,PROP1216,RO Drinking Water
AMN01241,PROP1216,Air Conditioner
AMN01242,PROP1216,Daily Housekeeping
AMN01243,PROP1216,Study Table
AMN01244,PROP1216,Attached Bathroom
AMN01245,PROP1216,High-Speed WiFi
AMN01246,PROP1216,Power Backup
AMN01247,PROP1217,Covered Parking
AMN01248,PROP1217,Terrace Access
AMN01249,PROP1217,Private Garden
AMN01250,PROP1217,Water Storage Tank
AMN01251,PROP1217,24x7 Power Backup
AMN01252,PROP1218,Fire Safety System
AMN01253,PROP1218,Elevator / Lift
AMN01254,PROP1218,EV Charging Point
AMN01255,PROP1218,Covered Parking
AMN01256,PROP1218,24x7 Power Backup
AMN01257,PROP1219,Power Backup
AMN01258,PROP1219,Attached Bathroom
AMN01259,PROP1219,Refrigerator
AMN01260,PROP1219,Microwave
AMN01261,PROP1219,Air Conditioner
AMN01262,PROP1220,RO Drinking Water
AMN01263,PROP1220,Washing Machine
AMN01264,PROP1220,Daily Housekeeping
AMN01265,PROP1220,High-Speed WiFi
AMN01266,PROP1220,Study Table
AMN01267,PROP1220,Geyser
AMN01268,PROP1221,Elevator / Lift
AMN01269,PROP1221,24x7 Power Backup
AMN01270,PROP1221,EV Charging Point
AMN01271,PROP1221,Fire Safety System
AMN01272,PROP1221,Covered Parking
AMN01273,PROP1221,Children's Play Area
AMN01274,PROP1221,Club House
AMN01275,PROP1221,Gated Security
AMN01276,PROP1222,Club House
AMN01277,PROP1222,Gated Security
AMN01278,PROP1222,Covered Parking
AMN01279,PROP1222,Children's Play Area
AMN01280,PROP1222,Swimming Pool
AMN01281,PROP1223,EV Charging Point
AMN01282,PROP1223,Fire Safety System
AMN01283,PROP1223,24x7 Power Backup
AMN01284,PROP1223,Intercom
AMN01285,PROP1223,Children's Play Area
AMN01286,PROP1224,Attached Bathroom
AMN01287,PROP1224,Study Table
AMN01288,PROP1224,Microwave
AMN01289,PROP1224,Refrigerator
AMN01290,PROP1224,High-Speed WiFi
AMN01291,PROP1224,RO Drinking Water
AMN01292,PROP1224,Air Conditioner
AMN01293,PROP1224,Geyser
AMN01294,PROP1225,Club House
AMN01295,PROP1225,Covered Parking
AMN01296,PROP1225,Children's Play Area
AMN01297,PROP1225,24x7 Power Backup
AMN01298,PROP1225,Park / Garden
AMN01299,PROP1225,Intercom
AMN01300,PROP1226,Park / Garden
AMN01301,PROP1226,Children's Play Area
AMN01302,PROP1226,Gym / Fitness Center
AMN01303,PROP1226,Covered Parking
AMN01304,PROP1227,EV Charging Point
AMN01305,PROP1227,Gym / Fitness Center
AMN01306,PROP1227,Elevator / Lift
AMN01307,PROP1227,Park / Garden
AMN01308,PROP1227,Fire Safety System
AMN01309,PROP1227,Gated Security
AMN01310,PROP1228,High-Speed WiFi
AMN01311,PROP1228,Washing Machine
AMN01312,PROP1228,RO Drinking Water
AMN01313,PROP1228,Study Table
AMN01314,PROP1228,Refrigerator
AMN01315,PROP1228,Attached Bathroom
AMN01316,PROP1228,Power Backup
AMN01317,PROP1229,Water Storage Tank
AMN01318,PROP1229,Covered Parking
AMN01319,PROP1229,Private Garden
AMN01320,PROP1229,Terrace Access
AMN01321,PROP1229,CCTV Security
AMN01322,PROP1229,Pet Friendly
AMN01323,PROP1230,EV Charging Point
AMN01324,PROP1230,Children's Play Area
AMN01325,PROP1230,Club House
AMN01326,PROP1230,24x7 Power Backup
AMN01327,PROP1231,Gated Security
AMN01328,PROP1231,Elevator / Lift
AMN01329,PROP1231,Fire Safety System
AMN01330,PROP1231,Children's Play Area
AMN01331,PROP1231,Gym / Fitness Center
AMN01332,PROP1231,Swimming Pool
AMN01333,PROP1231,Intercom
AMN01334,PROP1232,Club House
AMN01335,PROP1232,24x7 Power Backup
AMN01336,PROP1232,Gated Security
AMN01337,PROP1232,EV Charging Point
AMN01338,PROP1232,Park / Garden
AMN01339,PROP1232,Fire Safety System
AMN01340,PROP1232,Intercom
AMN01341,PROP1232,Elevator / Lift
AMN01342,PROP1233,24x7 Power Backup
AMN01343,PROP1233,Children's Play Area
AMN01344,PROP1233,Club House
AMN01345,PROP1233,Park / Garden
AMN01346,PROP1234,Gym / Fitness Center
AMN01347,PROP1234,Elevator / Lift
AMN01348,PROP1234,Children's Play Area
AMN01349,PROP1234,EV Charging Point
AMN01350,PROP1234,Covered Parking
AMN01351,PROP1234,Park / Garden
AMN01352,PROP1234,Fire Safety System
AMN01353,PROP1235,Club House
AMN01354,PROP1235,EV Charging Point
AMN01355,PROP1235,Covered Parking
AMN01356,PROP1235,24x7 Power Backup
AMN01357,PROP1235,Gated Security
AMN01358,PROP1235,Gym / Fitness Center
AMN01359,PROP1235,Fire Safety System
AMN01360,PROP1236,Covered Parking
AMN01361,PROP1236,Gym / Fitness Center
AMN01362,PROP1236,Park / Garden
AMN01363,PROP1236,Elevator / Lift
AMN01364,PROP1236,Fire Safety System
AMN01365,PROP1237,Microwave
AMN01366,PROP1237,CCTV / 24x7 Security
AMN01367,PROP1237,Study Table
AMN01368,PROP1237,Air Conditioner
AMN01369,PROP1237,High-Speed WiFi
AMN01370,PROP1238,Children's Play Area
AMN01371,PROP1238,Fire Safety System
AMN01372,PROP1238,Elevator / Lift
AMN01373,PROP1238,24x7 Power Backup
AMN01374,PROP1238,Gym / Fitness Center
AMN01375,PROP1238,Club House
AMN01376,PROP1238,Park / Garden
AMN01377,PROP1239,Swimming Pool
AMN01378,PROP1239,24x7 Power Backup
AMN01379,PROP1239,Covered Parking
AMN01380,PROP1239,Gym / Fitness Center
AMN01381,PROP1239,Elevator / Lift
AMN01382,PROP1239,Club House
AMN01383,PROP1240,24x7 Power Backup
AMN01384,PROP1240,Club House
AMN01385,PROP1240,EV Charging Point
AMN01386,PROP1240,Elevator / Lift
AMN01387,PROP1240,Swimming Pool
AMN01388,PROP1240,Park / Garden
AMN01389,PROP1240,Gym / Fitness Center
AMN01390,PROP1240,Intercom
AMN01391,PROP1241,24x7 Power Backup
AMN01392,PROP1241,Elevator / Lift
AMN01393,PROP1241,Gym / Fitness Center
AMN01394,PROP1241,EV Charging Point
AMN01395,PROP1241,Fire Safety System
AMN01396,PROP1242,EV Charging Point
AMN01397,PROP1242,Children's Play Area
AMN01398,PROP1242,24x7 Power Backup
AMN01399,PROP1242,Intercom
AMN01400,PROP1242,Club House
AMN01401,PROP1242,Gym / Fitness Center
AMN01402,PROP1243,Children's Play Area
AMN01403,PROP1243,Intercom
AMN01404,PROP1243,Swimming Pool
AMN01405,PROP1243,24x7 Power Backup
AMN01406,PROP1243,Park / Garden
AMN01407,PROP1244,Elevator / Lift
AMN01408,PROP1244,Covered Parking
AMN01409,PROP1244,Children's Play Area
AMN01410,PROP1244,Intercom
AMN01411,PROP1244,Park / Garden
AMN01412,PROP1245,Gym / Fitness Center
AMN01413,PROP1245,Park / Garden
AMN01414,PROP1245,24x7 Power Backup
AMN01415,PROP1245,EV Charging Point
AMN01416,PROP1245,Club House
AMN01417,PROP1245,Swimming Pool
AMN01418,PROP1245,Children's Play Area
AMN01419,PROP1245,Gated Security
AMN01420,PROP1246,Park / Garden
AMN01421,PROP1246,24x7 Power Backup
AMN01422,PROP1246,Gym / Fitness Center
AMN01423,PROP1246,Children's Play Area
AMN01424,PROP1246,EV Charging Point
AMN01425,PROP1246,Swimming Pool
AMN01426,PROP1246,Gated Security
AMN01427,PROP1247,Gym / Fitness Center
AMN01428,PROP1247,Intercom
AMN01429,PROP1247,Park / Garden
AMN01430,PROP1247,Fire Safety System
AMN01431,PROP1247,EV Charging Point
AMN01432,PROP1247,Swimming Pool
AMN01433,PROP1248,24x7 Power Backup
AMN01434,PROP1248,Intercom
AMN01435,PROP1248,Gym / Fitness Center
AMN01436,PROP1248,Club House
AMN01437,PROP1249,Study Table
AMN01438,PROP1249,RO Drinking Water
AMN01439,PROP1249,CCTV / 24x7 Security
AMN01440,PROP1249,Attached Bathroom
AMN01441,PROP1249,Washing Machine
AMN01442,PROP1249,Air Conditioner
AMN01443,PROP1250,Microwave
AMN01444,PROP1250,Attached Bathroom
AMN01445,PROP1250,Washing Machine
AMN01446,PROP1250,Power Backup
AMN01447,PROP1250,Refrigerator
AMN01448,PROP1251,Intercom
AMN01449,PROP1251,EV Charging Point
AMN01450,PROP1251,Gym / Fitness Center
AMN01451,PROP1251,Park / Garden
AMN01452,PROP1252,Study Table
AMN01453,PROP1252,Refrigerator
AMN01454,PROP1252,CCTV / 24x7 Security
AMN01455,PROP1252,High-Speed WiFi
AMN01456,PROP1252,Attached Bathroom
AMN01457,PROP1252,Geyser
AMN01458,PROP1252,Air Conditioner
AMN01459,PROP1252,Washing Machine
AMN01460,PROP1253,Park / Garden
AMN01461,PROP1253,Gated Security
AMN01462,PROP1253,Fire Safety System
AMN01463,PROP1253,Covered Parking
AMN01464,PROP1253,Elevator / Lift
AMN01465,PROP1254,Club House
AMN01466,PROP1254,EV Charging Point
AMN01467,PROP1254,Fire Safety System
AMN01468,PROP1254,Elevator / Lift
AMN01469,PROP1254,Swimming Pool
AMN01470,PROP1254,Gated Security
AMN01471,PROP1254,Children's Play Area
AMN01472,PROP1254,Intercom
AMN01473,PROP1255,Fire Safety System
AMN01474,PROP1255,Covered Parking
AMN01475,PROP1255,Gym / Fitness Center
AMN01476,PROP1255,Elevator / Lift
AMN01477,PROP1256,Swimming Pool
AMN01478,PROP1256,Children's Play Area
AMN01479,PROP1256,Park / Garden
AMN01480,PROP1256,Gym / Fitness Center
AMN01481,PROP1256,EV Charging Point
AMN01482,PROP1256,Gated Security
AMN01483,PROP1256,Elevator / Lift
AMN01484,PROP1257,Gated Security
AMN01485,PROP1257,Gym / Fitness Center
AMN01486,PROP1257,Children's Play Area
AMN01487,PROP1257,Intercom
AMN01488,PROP1257,24x7 Power Backup
AMN01489,PROP1257,EV Charging Point
AMN01490,PROP1258,Club House
AMN01491,PROP1258,Elevator / Lift
AMN01492,PROP1258,Swimming Pool
AMN01493,PROP1258,Gym / Fitness Center
AMN01494,PROP1259,Air Conditioner
AMN01495,PROP1259,Refrigerator
AMN01496,PROP1259,Study Table
AMN01497,PROP1259,RO Drinking Water
AMN01498,PROP1259,Power Backup
AMN01499,PROP1259,Microwave
AMN01500,PROP1260,Fire Safety System
AMN01501,PROP1260,Children's Play Area
AMN01502,PROP1260,Swimming Pool
AMN01503,PROP1260,Gym / Fitness Center
AMN01504,PROP1260,Elevator / Lift
AMN01505,PROP1260,Club House
AMN01506,PROP1260,Park / Garden
AMN01507,PROP1260,EV Charging Point
AMN01508,PROP1261,Covered Parking
AMN01509,PROP1261,24x7 Power Backup
AMN01510,PROP1261,Gated Security
AMN01511,PROP1261,Intercom
AMN01512,PROP1261,Elevator / Lift
AMN01513,PROP1261,EV Charging Point
AMN01514,PROP1261,Park / Garden
AMN01515,PROP1262,Covered Parking
AMN01516,PROP1262,Club House
AMN01517,PROP1262,Elevator / Lift
AMN01518,PROP1262,Park / Garden
AMN01519,PROP1263,24x7 Power Backup
AMN01520,PROP1263,Gated Security
AMN01521,PROP1263,Gym / Fitness Center
AMN01522,PROP1263,Club House
AMN01523,PROP1264,Children's Play Area
AMN01524,PROP1264,Covered Parking
AMN01525,PROP1264,Gated Security
AMN01526,PROP1264,EV Charging Point
AMN01527,PROP1264,Swimming Pool
AMN01528,PROP1264,Gym / Fitness Center
AMN01529,PROP1264,Club House
AMN01530,PROP1265,Intercom
AMN01531,PROP1265,Elevator / Lift
AMN01532,PROP1265,Fire Safety System
AMN01533,PROP1265,Club House
AMN01534,PROP1265,24x7 Power Backup
AMN01535,PROP1265,EV Charging Point
AMN01536,PROP1265,Covered Parking
AMN01537,PROP1266,Intercom
AMN01538,PROP1266,Children's Play Area
AMN01539,PROP1266,Gym / Fitness Center
AMN01540,PROP1266,Swimming Pool
AMN01541,PROP1266,Gated Security
AMN01542,PROP1266,Club House
AMN01543,PROP1267,Power Backup
AMN01544,PROP1267,CCTV / 24x7 Security
AMN01545,PROP1267,Geyser
AMN01546,PROP1267,Attached Bathroom
AMN01547,PROP1268,Intercom
AMN01548,PROP1268,Gym / Fitness Center
AMN01549,PROP1268,Children's Play Area
AMN01550,PROP1268,Park / Garden
AMN01551,PROP1268,EV Charging Point
AMN01552,PROP1268,Swimming Pool
AMN01553,PROP1268,Club House
AMN01554,PROP1268,Elevator / Lift
AMN01555,PROP1269,Intercom
AMN01556,PROP1269,Fire Safety System
AMN01557,PROP1269,Elevator / Lift
AMN01558,PROP1269,Club House
AMN01559,PROP1269,Park / Garden
AMN01560,PROP1269,Gated Security
AMN01561,PROP1269,Covered Parking
AMN01562,PROP1269,Gym / Fitness Center
AMN01563,PROP1270,Gated Security
AMN01564,PROP1270,Park / Garden
AMN01565,PROP1270,Club House
AMN01566,PROP1270,Covered Parking
AMN01567,PROP1271,EV Charging Point
AMN01568,PROP1271,Park / Garden
AMN01569,PROP1271,Fire Safety System
AMN01570,PROP1271,Swimming Pool
AMN01571,PROP1271,Covered Parking
AMN01572,PROP1271,Club House
AMN01573,PROP1272,EV Charging Point
AMN01574,PROP1272,Park / Garden
AMN01575,PROP1272,Gated Security
AMN01576,PROP1272,Gym / Fitness Center
AMN01577,PROP1272,Swimming Pool
AMN01578,PROP1272,Covered Parking
AMN01579,PROP1272,Club House
AMN01580,PROP1272,Fire Safety System
AMN01581,PROP1273,CCTV / 24x7 Security
AMN01582,PROP1273,Air Conditioner
AMN01583,PROP1273,Power Backup
AMN01584,PROP1273,Microwave
AMN01585,PROP1273,RO Drinking Water
AMN01586,PROP1273,Geyser
AMN01587,PROP1273,Washing Machine
AMN01588,PROP1274,Fire Safety System
AMN01589,PROP1274,Covered Parking
AMN01590,PROP1274,Gym / Fitness Center
AMN01591,PROP1274,Intercom
AMN01592,PROP1274,Swimming Pool
AMN01593,PROP1274,Club House
AMN01594,PROP1274,Park / Garden
AMN01595,PROP1275,CCTV Security
AMN01596,PROP1275,Covered Parking
AMN01597,PROP1275,Terrace Access
AMN01598,PROP1275,24x7 Power Backup
AMN01599,PROP1275,Water Storage Tank
AMN01600,PROP1275,Pet Friendly
AMN01601,PROP1276,Park / Garden
AMN01602,PROP1276,Elevator / Lift
AMN01603,PROP1276,Swimming Pool
AMN01604,PROP1276,Fire Safety System
AMN01605,PROP1276,Club House
AMN01606,PROP1276,EV Charging Point
AMN01607,PROP1277,Club House
AMN01608,PROP1277,Swimming Pool
AMN01609,PROP1277,Elevator / Lift
AMN01610,PROP1277,Children's Play Area
AMN01611,PROP1277,Park / Garden
AMN01612,PROP1277,Gym / Fitness Center
AMN01613,PROP1278,Club House
AMN01614,PROP1278,24x7 Power Backup
AMN01615,PROP1278,Park / Garden
AMN01616,PROP1278,Intercom
AMN01617,PROP1278,Gated Security
AMN01618,PROP1278,Swimming Pool
AMN01619,PROP1279,Club House
AMN01620,PROP1279,Covered Parking
AMN01621,PROP1279,Fire Safety System
AMN01622,PROP1279,24x7 Power Backup
AMN01623,PROP1279,Children's Play Area
AMN01624,PROP1280,Water Storage Tank
AMN01625,PROP1280,Terrace Access
AMN01626,PROP1280,CCTV Security
AMN01627,PROP1280,Pet Friendly
AMN01628,PROP1280,Covered Parking
AMN01629,PROP1281,Covered Parking
AMN01630,PROP1281,Private Garden
AMN01631,PROP1281,Pet Friendly
AMN01632,PROP1281,Solar Water Heater
AMN01633,PROP1281,Terrace Access
AMN01634,PROP1282,Swimming Pool
AMN01635,PROP1282,EV Charging Point
AMN01636,PROP1282,Fire Safety System
AMN01637,PROP1282,Covered Parking
AMN01638,PROP1282,24x7 Power Backup
AMN01639,PROP1282,Park / Garden
AMN01640,PROP1282,Gym / Fitness Center
AMN01641,PROP1282,Gated Security
AMN01642,PROP1283,High-Speed WiFi
AMN01643,PROP1283,Attached Bathroom
AMN01644,PROP1283,Power Backup
AMN01645,PROP1283,Air Conditioner
AMN01646,PROP1283,Geyser
AMN01647,PROP1284,Club House
AMN01648,PROP1284,Children's Play Area
AMN01649,PROP1284,Fire Safety System
AMN01650,PROP1284,Covered Parking
AMN01651,PROP1284,24x7 Power Backup
AMN01652,PROP1285,Intercom
AMN01653,PROP1285,Covered Parking
AMN01654,PROP1285,Gym / Fitness Center
AMN01655,PROP1285,Gated Security
AMN01656,PROP1285,Park / Garden
AMN01657,PROP1286,CCTV Security
AMN01658,PROP1286,Water Storage Tank
AMN01659,PROP1286,24x7 Power Backup
AMN01660,PROP1287,High-Speed WiFi
AMN01661,PROP1287,Study Table
AMN01662,PROP1287,Washing Machine
AMN01663,PROP1287,Daily Housekeeping
AMN01664,PROP1287,CCTV / 24x7 Security
AMN01665,PROP1287,Power Backup
AMN01666,PROP1288,Intercom
AMN01667,PROP1288,Elevator / Lift
AMN01668,PROP1288,Gym / Fitness Center
AMN01669,PROP1288,Fire Safety System
AMN01670,PROP1288,EV Charging Point
AMN01671,PROP1288,Park / Garden
AMN01672,PROP1288,24x7 Power Backup
AMN01673,PROP1288,Covered Parking
AMN01674,PROP1289,EV Charging Point
AMN01675,PROP1289,Club House
AMN01676,PROP1289,Gym / Fitness Center
AMN01677,PROP1289,Covered Parking
AMN01678,PROP1289,Children's Play Area
AMN01679,PROP1289,Gated Security
AMN01680,PROP1289,Park / Garden
AMN01681,PROP1290,Gym / Fitness Center
AMN01682,PROP1290,Park / Garden
AMN01683,PROP1290,Gated Security
AMN01684,PROP1290,EV Charging Point
AMN01685,PROP1290,Children's Play Area
AMN01686,PROP1291,Power Backup
AMN01687,PROP1291,Study Table
AMN01688,PROP1291,Geyser
AMN01689,PROP1291,CCTV / 24x7 Security
AMN01690,PROP1292,Pet Friendly
AMN01691,PROP1292,24x7 Power Backup
AMN01692,PROP1292,Terrace Access
AMN01693,PROP1293,Children's Play Area
AMN01694,PROP1293,Club House
AMN01695,PROP1293,Park / Garden
AMN01696,PROP1293,Covered Parking
AMN01697,PROP1293,EV Charging Point
AMN01698,PROP1293,Fire Safety System
AMN01699,PROP1294,Covered Parking
AMN01700,PROP1294,EV Charging Point
AMN01701,PROP1294,24x7 Power Backup
AMN01702,PROP1294,Elevator / Lift
AMN01703,PROP1294,Club House
AMN01704,PROP1295,Study Table
AMN01705,PROP1295,Washing Machine
AMN01706,PROP1295,Daily Housekeeping
AMN01707,PROP1295,Microwave
AMN01708,PROP1295,CCTV / 24x7 Security
AMN01709,PROP1295,Attached Bathroom
AMN01710,PROP1295,Refrigerator
AMN01711,PROP1295,Geyser
AMN01712,PROP1296,Covered Parking
AMN01713,PROP1296,24x7 Power Backup
AMN01714,PROP1296,Solar Water Heater
AMN01715,PROP1296,Pet Friendly
AMN01716,PROP1296,Water Storage Tank
AMN01717,PROP1296,Terrace Access
AMN01718,PROP1297,Intercom
AMN01719,PROP1297,EV Charging Point
AMN01720,PROP1297,Swimming Pool
AMN01721,PROP1297,Park / Garden
AMN01722,PROP1297,24x7 Power Backup
AMN01723,PROP1297,Club House
AMN01724,PROP1297,Fire Safety System
AMN01725,PROP1298,24x7 Power Backup
AMN01726,PROP1298,Park / Garden
AMN01727,PROP1298,Fire Safety System
AMN01728,PROP1298,Covered Parking
AMN01729,PROP1298,Swimming Pool
AMN01730,PROP1298,Club House
AMN01731,PROP1299,Children's Play Area
AMN01732,PROP1299,Intercom
AMN01733,PROP1299,Elevator / Lift
AMN01734,PROP1299,24x7 Power Backup
AMN01735,PROP1299,Swimming Pool
AMN01736,PROP1300,24x7 Power Backup
AMN01737,PROP1300,Intercom
AMN01738,PROP1300,Elevator / Lift
AMN01739,PROP1300,Covered Parking
AMN01740,PROP1300,Park / Garden
AMN01741,PROP1300,Fire Safety System
AMN01742,PROP1300,Club House
AMN01743,PROP1301,Covered Parking
AMN01744,PROP1301,Intercom
AMN01745,PROP1301,Elevator / Lift
AMN01746,PROP1301,Club House
AMN01747,PROP1301,Fire Safety System
AMN01748,PROP1301,Swimming Pool
AMN01749,PROP1301,Gym / Fitness Center
AMN01750,PROP1301,Park / Garden
AMN01751,PROP1302,24x7 Power Backup
AMN01752,PROP1302,Covered Parking
AMN01753,PROP1302,Gated Security
AMN01754,PROP1302,Children's Play Area
AMN01755,PROP1302,Fire Safety System
AMN01756,PROP1302,Club House
AMN01757,PROP1302,EV Charging Point
AMN01758,PROP1302,Intercom
AMN01759,PROP1303,Private Garden
AMN01760,PROP1303,Covered Parking
AMN01761,PROP1303,24x7 Power Backup
AMN01762,PROP1303,Terrace Access
AMN01763,PROP1303,Pet Friendly
AMN01764,PROP1303,CCTV Security
AMN01765,PROP1304,Solar Water Heater
AMN01766,PROP1304,24x7 Power Backup
AMN01767,PROP1304,CCTV Security
AMN01768,PROP1304,Water Storage Tank
AMN01769,PROP1304,Pet Friendly
AMN01770,PROP1304,Private Garden
AMN01771,PROP1305,Gym / Fitness Center
AMN01772,PROP1305,EV Charging Point
AMN01773,PROP1305,Children's Play Area
AMN01774,PROP1305,24x7 Power Backup
AMN01775,PROP1305,Fire Safety System
AMN01776,PROP1305,Club House
AMN01777,PROP1305,Swimming Pool
AMN01778,PROP1305,Gated Security
AMN01779,PROP1306,High-Speed WiFi
AMN01780,PROP1306,Study Table
AMN01781,PROP1306,Washing Machine
AMN01782,PROP1306,Geyser
AMN01783,PROP1306,Air Conditioner
AMN01784,PROP1307,Swimming Pool
AMN01785,PROP1307,Elevator / Lift
AMN01786,PROP1307,Children's Play Area
AMN01787,PROP1307,Gym / Fitness Center
AMN01788,PROP1307,Club House
AMN01789,PROP1308,High-Speed WiFi
AMN01790,PROP1308,Microwave
AMN01791,PROP1308,Air Conditioner
AMN01792,PROP1308,Study Table
AMN01793,PROP1309,24x7 Power Backup
AMN01794,PROP1309,Park / Garden
AMN01795,PROP1309,Covered Parking
AMN01796,PROP1309,Elevator / Lift
AMN01797,PROP1310,Swimming Pool
AMN01798,PROP1310,Covered Parking
AMN01799,PROP1310,Gated Security
AMN01800,PROP1310,Elevator / Lift
AMN01801,PROP1311,Covered Parking
AMN01802,PROP1311,Gym / Fitness Center
AMN01803,PROP1311,Intercom
AMN01804,PROP1311,Club House
AMN01805,PROP1311,Swimming Pool
AMN01806,PROP1312,Children's Play Area
AMN01807,PROP1312,Park / Garden
AMN01808,PROP1312,EV Charging Point
AMN01809,PROP1312,Fire Safety System
AMN01810,PROP1312,Swimming Pool
AMN01811,PROP1312,Gym / Fitness Center
AMN01812,PROP1312,24x7 Power Backup
AMN01813,PROP1312,Club House
AMN01814,PROP1313,Club House
AMN01815,PROP1313,Covered Parking
AMN01816,PROP1313,Intercom
AMN01817,PROP1313,Gym / Fitness Center
AMN01818,PROP1313,Gated Security
AMN01819,PROP1313,Fire Safety System
AMN01820,PROP1314,EV Charging Point
AMN01821,PROP1314,Fire Safety System
AMN01822,PROP1314,Gated Security
AMN01823,PROP1314,Intercom
AMN01824,PROP1314,Children's Play Area
AMN01825,PROP1314,Elevator / Lift
AMN01826,PROP1315,Club House
AMN01827,PROP1315,Gated Security
AMN01828,PROP1315,Gym / Fitness Center
AMN01829,PROP1315,Intercom
AMN01830,PROP1315,Elevator / Lift
AMN01831,PROP1316,Club House
AMN01832,PROP1316,Gym / Fitness Center
AMN01833,PROP1316,Elevator / Lift
AMN01834,PROP1316,Covered Parking
AMN01835,PROP1316,Gated Security
AMN01836,PROP1317,CCTV Security
AMN01837,PROP1317,Terrace Access
AMN01838,PROP1317,Covered Parking
AMN01839,PROP1317,Water Storage Tank
AMN01840,PROP1318,Elevator / Lift
AMN01841,PROP1318,Children's Play Area
AMN01842,PROP1318,24x7 Power Backup
AMN01843,PROP1318,Intercom
AMN01844,PROP1319,Covered Parking
AMN01845,PROP1319,Club House
AMN01846,PROP1319,Gated Security
AMN01847,PROP1319,Fire Safety System
AMN01848,PROP1319,24x7 Power Backup
AMN01849,PROP1320,Study Table
AMN01850,PROP1320,Microwave
AMN01851,PROP1320,Attached Bathroom
AMN01852,PROP1320,RO Drinking Water
AMN01853,PROP1320,Geyser
AMN01854,PROP1320,Daily Housekeeping
AMN01855,PROP1320,Power Backup
AMN01856,PROP1320,CCTV / 24x7 Security
AMN01857,PROP1321,24x7 Power Backup
AMN01858,PROP1321,Terrace Access
AMN01859,PROP1321,Solar Water Heater
AMN01860,PROP1322,RO Drinking Water
AMN01861,PROP1322,Refrigerator
AMN01862,PROP1322,Study Table
AMN01863,PROP1322,Air Conditioner
AMN01864,PROP1322,Microwave
AMN01865,PROP1322,Washing Machine
AMN01866,PROP1322,Power Backup
AMN01867,PROP1323,Elevator / Lift
AMN01868,PROP1323,Intercom
AMN01869,PROP1323,Children's Play Area
AMN01870,PROP1323,Club House
AMN01871,PROP1323,EV Charging Point
AMN01872,PROP1323,Gym / Fitness Center
AMN01873,PROP1323,Fire Safety System
AMN01874,PROP1324,24x7 Power Backup
AMN01875,PROP1324,Elevator / Lift
AMN01876,PROP1324,Children's Play Area
AMN01877,PROP1324,Swimming Pool
AMN01878,PROP1324,Park / Garden
AMN01879,PROP1324,Gym / Fitness Center
AMN01880,PROP1324,Intercom
AMN01881,PROP1325,Study Table
AMN01882,PROP1325,Power Backup
AMN01883,PROP1325,High-Speed WiFi
AMN01884,PROP1325,Washing Machine
AMN01885,PROP1325,Air Conditioner
AMN01886,PROP1326,Children's Play Area
AMN01887,PROP1326,Swimming Pool
AMN01888,PROP1326,Gated Security
AMN01889,PROP1326,EV Charging Point
AMN01890,PROP1326,Elevator / Lift
AMN01891,PROP1327,Club House
AMN01892,PROP1327,Elevator / Lift
AMN01893,PROP1327,EV Charging Point
AMN01894,PROP1327,Park / Garden
AMN01895,PROP1327,Gym / Fitness Center
AMN01896,PROP1327,Children's Play Area
AMN01897,PROP1328,Gym / Fitness Center
AMN01898,PROP1328,Intercom
AMN01899,PROP1328,Elevator / Lift
AMN01900,PROP1328,Fire Safety System
AMN01901,PROP1328,Covered Parking
AMN01902,PROP1329,EV Charging Point
AMN01903,PROP1329,Covered Parking
AMN01904,PROP1329,Fire Safety System
AMN01905,PROP1329,Gated Security
AMN01906,PROP1330,Daily Housekeeping
AMN01907,PROP1330,Power Backup
AMN01908,PROP1330,High-Speed WiFi
AMN01909,PROP1330,RO Drinking Water
AMN01910,PROP1330,Geyser
AMN01911,PROP1331,EV Charging Point
AMN01912,PROP1331,Fire Safety System
AMN01913,PROP1331,Park / Garden
AMN01914,PROP1331,Elevator / Lift
AMN01915,PROP1331,Intercom
AMN01916,PROP1331,Covered Parking
AMN01917,PROP1331,Gated Security
AMN01918,PROP1331,Club House
AMN01919,PROP1332,Covered Parking
AMN01920,PROP1332,Intercom
AMN01921,PROP1332,Club House
AMN01922,PROP1332,EV Charging Point
AMN01923,PROP1333,CCTV Security
AMN01924,PROP1333,Water Storage Tank
AMN01925,PROP1333,Terrace Access
AMN01926,PROP1334,Attached Bathroom
AMN01927,PROP1334,Power Backup
AMN01928,PROP1334,RO Drinking Water
AMN01929,PROP1334,Refrigerator
AMN01930,PROP1335,Children's Play Area
AMN01931,PROP1335,Club House
AMN01932,PROP1335,Gated Security
AMN01933,PROP1335,24x7 Power Backup
AMN01934,PROP1335,Fire Safety System
AMN01935,PROP1335,Swimming Pool
AMN01936,PROP1336,Fire Safety System
AMN01937,PROP1336,Swimming Pool
AMN01938,PROP1336,Club House
AMN01939,PROP1336,24x7 Power Backup
AMN01940,PROP1336,Covered Parking
AMN01941,PROP1337,Air Conditioner
AMN01942,PROP1337,Attached Bathroom
AMN01943,PROP1337,Geyser
AMN01944,PROP1337,High-Speed WiFi
AMN01945,PROP1337,Microwave
AMN01946,PROP1337,CCTV / 24x7 Security
AMN01947,PROP1337,Daily Housekeeping
AMN01948,PROP1338,Microwave
AMN01949,PROP1338,CCTV / 24x7 Security
AMN01950,PROP1338,Refrigerator
AMN01951,PROP1338,Daily Housekeeping
AMN01952,PROP1338,High-Speed WiFi
AMN01953,PROP1338,Attached Bathroom
AMN01954,PROP1338,Air Conditioner
AMN01955,PROP1339,Pet Friendly
AMN01956,PROP1339,Private Garden
AMN01957,PROP1339,CCTV Security
AMN01958,PROP1339,Covered Parking
AMN01959,PROP1339,Solar Water Heater
AMN01960,PROP1339,24x7 Power Backup
AMN01961,PROP1340,Private Garden
AMN01962,PROP1340,Terrace Access
AMN01963,PROP1340,Pet Friendly
AMN01964,PROP1340,CCTV Security
AMN01965,PROP1340,24x7 Power Backup
AMN01966,PROP1341,Covered Parking
AMN01967,PROP1341,Pet Friendly
AMN01968,PROP1341,Terrace Access
AMN01969,PROP1341,CCTV Security
AMN01970,PROP1341,24x7 Power Backup
AMN01971,PROP1342,Children's Play Area
AMN01972,PROP1342,Gated Security
AMN01973,PROP1342,Gym / Fitness Center
AMN01974,PROP1342,24x7 Power Backup
AMN01975,PROP1342,Fire Safety System
AMN01976,PROP1342,Covered Parking
AMN01977,PROP1342,EV Charging Point
AMN01978,PROP1342,Swimming Pool
AMN01979,PROP1343,Children's Play Area
AMN01980,PROP1343,Park / Garden
AMN01981,PROP1343,EV Charging Point
AMN01982,PROP1343,Gated Security
AMN01983,PROP1344,Private Garden
AMN01984,PROP1344,Solar Water Heater
AMN01985,PROP1344,Covered Parking
AMN01986,PROP1344,24x7 Power Backup
AMN01987,PROP1344,Pet Friendly
AMN01988,PROP1345,Gated Security
AMN01989,PROP1345,Fire Safety System
AMN01990,PROP1345,Gym / Fitness Center
AMN01991,PROP1345,EV Charging Point
AMN01992,PROP1345,24x7 Power Backup
AMN01993,PROP1345,Intercom
AMN01994,PROP1345,Club House
AMN01995,PROP1345,Park / Garden
AMN01996,PROP1346,24x7 Power Backup
AMN01997,PROP1346,Club House
AMN01998,PROP1346,Gym / Fitness Center
AMN01999,PROP1346,Gated Security
AMN02000,PROP1347,Fire Safety System
AMN02001,PROP1347,Gated Security
AMN02002,PROP1347,Children's Play Area
AMN02003,PROP1347,Park / Garden
AMN02004,PROP1347,24x7 Power Backup
AMN02005,PROP1348,Geyser
AMN02006,PROP1348,CCTV / 24x7 Security
AMN02007,PROP1348,Washing Machine
AMN02008,PROP1348,Daily Housekeeping
AMN02009,PROP1348,Power Backup
AMN02010,PROP1348,High-Speed WiFi
AMN02011,PROP1349,Attached Bathroom
AMN02012,PROP1349,Study Table
AMN02013,PROP1349,Microwave
AMN02014,PROP1349,Air Conditioner
AMN02015,PROP1349,Daily Housekeeping
AMN02016,PROP1349,High-Speed WiFi
AMN02017,PROP1349,Refrigerator
AMN02018,PROP1350,Park / Garden
AMN02019,PROP1350,Fire Safety System
AMN02020,PROP1350,Children's Play Area
AMN02021,PROP1350,Gated Security
AMN02022,PROP1351,Air Conditioner
AMN02023,PROP1351,Daily Housekeeping
AMN02024,PROP1351,Attached Bathroom
AMN02025,PROP1351,RO Drinking Water
AMN02026,PROP1351,Power Backup
AMN02027,PROP1351,CCTV / 24x7 Security
AMN02028,PROP1351,Refrigerator
AMN02029,PROP1352,Washing Machine
AMN02030,PROP1352,Study Table
AMN02031,PROP1352,Geyser
AMN02032,PROP1352,Power Backup
AMN02033,PROP1352,Daily Housekeeping
AMN02034,PROP1352,Refrigerator
AMN02035,PROP1353,Club House
AMN02036,PROP1353,Elevator / Lift
AMN02037,PROP1353,24x7 Power Backup
AMN02038,PROP1353,Children's Play Area
AMN02039,PROP1353,Fire Safety System
AMN02040,PROP1353,Park / Garden
AMN02041,PROP1353,Intercom
AMN02042,PROP1354,Park / Garden
AMN02043,PROP1354,Swimming Pool
AMN02044,PROP1354,Elevator / Lift
AMN02045,PROP1354,24x7 Power Backup
AMN02046,PROP1354,Gym / Fitness Center
AMN02047,PROP1354,Fire Safety System
AMN02048,PROP1354,Covered Parking
AMN02049,PROP1354,EV Charging Point
AMN02050,PROP1355,Gated Security
AMN02051,PROP1355,Children's Play Area
AMN02052,PROP1355,Elevator / Lift
AMN02053,PROP1355,EV Charging Point
AMN02054,PROP1355,Fire Safety System
AMN02055,PROP1355,Park / Garden
AMN02056,PROP1355,Intercom
AMN02057,PROP1355,Club House
AMN02058,PROP1356,Refrigerator
AMN02059,PROP1356,RO Drinking Water
AMN02060,PROP1356,Geyser
AMN02061,PROP1356,CCTV / 24x7 Security
AMN02062,PROP1356,Power Backup
AMN02063,PROP1356,Microwave
AMN02064,PROP1357,Water Storage Tank
AMN02065,PROP1357,Pet Friendly
AMN02066,PROP1357,Terrace Access
AMN02067,PROP1357,Covered Parking
AMN02068,PROP1357,24x7 Power Backup
AMN02069,PROP1358,Children's Play Area
AMN02070,PROP1358,24x7 Power Backup
AMN02071,PROP1358,Park / Garden
AMN02072,PROP1358,Swimming Pool
AMN02073,PROP1358,Gym / Fitness Center
AMN02074,PROP1358,Fire Safety System
AMN02075,PROP1358,Club House
AMN02076,PROP1359,Study Table
AMN02077,PROP1359,RO Drinking Water
AMN02078,PROP1359,Geyser
AMN02079,PROP1359,Washing Machine
AMN02080,PROP1359,Daily Housekeeping
AMN02081,PROP1359,Air Conditioner
AMN02082,PROP1359,Microwave
AMN02083,PROP1360,EV Charging Point
AMN02084,PROP1360,Club House
AMN02085,PROP1360,Swimming Pool
AMN02086,PROP1360,Fire Safety System
AMN02087,PROP1360,Gym / Fitness Center
AMN02088,PROP1361,24x7 Power Backup
AMN02089,PROP1361,Elevator / Lift
AMN02090,PROP1361,Park / Garden
AMN02091,PROP1361,EV Charging Point
AMN02092,PROP1361,Gated Security
AMN02093,PROP1361,Club House
AMN02094,PROP1361,Intercom
AMN02095,PROP1362,Private Garden
AMN02096,PROP1362,CCTV Security
AMN02097,PROP1362,Covered Parking
AMN02098,PROP1362,Pet Friendly
AMN02099,PROP1362,Water Storage Tank
AMN02100,PROP1362,24x7 Power Backup
AMN02101,PROP1363,Gym / Fitness Center
AMN02102,PROP1363,EV Charging Point
AMN02103,PROP1363,Park / Garden
AMN02104,PROP1363,Covered Parking
AMN02105,PROP1363,Gated Security
AMN02106,PROP1363,Elevator / Lift
AMN02107,PROP1364,24x7 Power Backup
AMN02108,PROP1364,Covered Parking
AMN02109,PROP1364,Fire Safety System
AMN02110,PROP1364,Club House
AMN02111,PROP1364,Swimming Pool
AMN02112,PROP1364,Intercom
AMN02113,PROP1364,Children's Play Area
AMN02114,PROP1365,Fire Safety System
AMN02115,PROP1365,Park / Garden
AMN02116,PROP1365,Swimming Pool
AMN02117,PROP1365,Elevator / Lift
AMN02118,PROP1365,Children's Play Area
AMN02119,PROP1365,EV Charging Point
AMN02120,PROP1365,Gated Security
AMN02121,PROP1365,Club House
AMN02122,PROP1366,Children's Play Area
AMN02123,PROP1366,Covered Parking
AMN02124,PROP1366,Elevator / Lift
AMN02125,PROP1366,24x7 Power Backup
AMN02126,PROP1366,Club House
AMN02127,PROP1367,24x7 Power Backup
AMN02128,PROP1367,Gym / Fitness Center
AMN02129,PROP1367,Children's Play Area
AMN02130,PROP1367,Club House
AMN02131,PROP1368,Intercom
AMN02132,PROP1368,Elevator / Lift
AMN02133,PROP1368,Children's Play Area
AMN02134,PROP1368,EV Charging Point
AMN02135,PROP1368,24x7 Power Backup
AMN02136,PROP1369,Children's Play Area
AMN02137,PROP1369,24x7 Power Backup
AMN02138,PROP1369,Club House
AMN02139,PROP1369,Covered Parking
AMN02140,PROP1369,EV Charging Point
AMN02141,PROP1369,Intercom
AMN02142,PROP1369,Gym / Fitness Center
AMN02143,PROP1370,Fire Safety System
AMN02144,PROP1370,Swimming Pool
AMN02145,PROP1370,Intercom
AMN02146,PROP1370,Gym / Fitness Center
AMN02147,PROP1370,Park / Garden
AMN02148,PROP1371,Elevator / Lift
AMN02149,PROP1371,Swimming Pool
AMN02150,PROP1371,Gated Security
AMN02151,PROP1371,Gym / Fitness Center
AMN02152,PROP1371,Intercom
AMN02153,PROP1371,Children's Play Area
AMN02154,PROP1371,Park / Garden
AMN02155,PROP1372,Fire Safety System
AMN02156,PROP1372,Park / Garden
AMN02157,PROP1372,Swimming Pool
AMN02158,PROP1372,Elevator / Lift
AMN02159,PROP1373,Covered Parking
AMN02160,PROP1373,Swimming Pool
AMN02161,PROP1373,EV Charging Point
AMN02162,PROP1373,Club House
AMN02163,PROP1373,24x7 Power Backup
AMN02164,PROP1373,Intercom
AMN02165,PROP1373,Fire Safety System
AMN02166,PROP1374,Gym / Fitness Center
AMN02167,PROP1374,Children's Play Area
AMN02168,PROP1374,EV Charging Point
AMN02169,PROP1374,Swimming Pool
AMN02170,PROP1374,Elevator / Lift
AMN02171,PROP1374,Covered Parking
AMN02172,PROP1374,Fire Safety System
AMN02173,PROP1374,Intercom
AMN02174,PROP1375,Park / Garden
AMN02175,PROP1375,Gated Security
AMN02176,PROP1375,Fire Safety System
AMN02177,PROP1375,EV Charging Point
AMN02178,PROP1375,24x7 Power Backup
AMN02179,PROP1375,Gym / Fitness Center
AMN02180,PROP1376,Park / Garden
AMN02181,PROP1376,Gym / Fitness Center
AMN02182,PROP1376,Club House
AMN02183,PROP1376,24x7 Power Backup
AMN02184,PROP1376,EV Charging Point
AMN02185,PROP1376,Elevator / Lift
AMN02186,PROP1376,Covered Parking
AMN02187,PROP1377,Gym / Fitness Center
AMN02188,PROP1377,Children's Play Area
AMN02189,PROP1377,Fire Safety System
AMN02190,PROP1377,Intercom
AMN02191,PROP1378,Gym / Fitness Center
AMN02192,PROP1378,Park / Garden
AMN02193,PROP1378,Gated Security
AMN02194,PROP1378,EV Charging Point
AMN02195,PROP1378,Fire Safety System
AMN02196,PROP1378,Swimming Pool
AMN02197,PROP1378,Children's Play Area
AMN02198,PROP1378,Club House
AMN02199,PROP1379,Intercom
AMN02200,PROP1379,Gym / Fitness Center
AMN02201,PROP1379,Elevator / Lift
AMN02202,PROP1379,Club House
AMN02203,PROP1379,EV Charging Point
AMN02204,PROP1380,Refrigerator
AMN02205,PROP1380,High-Speed WiFi
AMN02206,PROP1380,CCTV / 24x7 Security
AMN02207,PROP1380,Microwave
AMN02208,PROP1380,Geyser
AMN02209,PROP1380,Daily Housekeeping
AMN02210,PROP1380,Air Conditioner
AMN02211,PROP1381,Intercom
AMN02212,PROP1381,EV Charging Point
AMN02213,PROP1381,Elevator / Lift
AMN02214,PROP1381,Gated Security
AMN02215,PROP1381,Park / Garden
AMN02216,PROP1381,Swimming Pool
AMN02217,PROP1381,Children's Play Area
AMN02218,PROP1381,Fire Safety System
AMN02219,PROP1382,Park / Garden
AMN02220,PROP1382,Covered Parking
AMN02221,PROP1382,Swimming Pool
AMN02222,PROP1382,Club House
AMN02223,PROP1383,Attached Bathroom
AMN02224,PROP1383,Washing Machine
AMN02225,PROP1383,Power Backup
AMN02226,PROP1383,Geyser
AMN02227,PROP1383,Study Table
AMN02228,PROP1384,Park / Garden
AMN02229,PROP1384,24x7 Power Backup
AMN02230,PROP1384,Club House
AMN02231,PROP1384,Intercom
AMN02232,PROP1385,Intercom
AMN02233,PROP1385,Covered Parking
AMN02234,PROP1385,Elevator / Lift
AMN02235,PROP1385,Fire Safety System
AMN02236,PROP1385,Swimming Pool
AMN02237,PROP1385,Park / Garden
AMN02238,PROP1386,Washing Machine
AMN02239,PROP1386,High-Speed WiFi
AMN02240,PROP1386,Geyser
AMN02241,PROP1386,Study Table
AMN02242,PROP1386,CCTV / 24x7 Security
AMN02243,PROP1387,Elevator / Lift
AMN02244,PROP1387,24x7 Power Backup
AMN02245,PROP1387,Swimming Pool
AMN02246,PROP1387,Park / Garden
AMN02247,PROP1388,Fire Safety System
AMN02248,PROP1388,Children's Play Area
AMN02249,PROP1388,Park / Garden
AMN02250,PROP1388,Gated Security
AMN02251,PROP1388,Gym / Fitness Center
AMN02252,PROP1388,Club House
AMN02253,PROP1388,24x7 Power Backup
AMN02254,PROP1388,EV Charging Point
AMN02255,PROP1389,Park / Garden
AMN02256,PROP1389,Children's Play Area
AMN02257,PROP1389,Intercom
AMN02258,PROP1389,Club House
AMN02259,PROP1390,Children's Play Area
AMN02260,PROP1390,Club House
AMN02261,PROP1390,EV Charging Point
AMN02262,PROP1390,Park / Garden
AMN02263,PROP1390,24x7 Power Backup
AMN02264,PROP1391,High-Speed WiFi
AMN02265,PROP1391,Washing Machine
AMN02266,PROP1391,Power Backup
AMN02267,PROP1391,Refrigerator
AMN02268,PROP1391,RO Drinking Water
AMN02269,PROP1391,Daily Housekeeping
AMN02270,PROP1391,CCTV / 24x7 Security
AMN02271,PROP1392,EV Charging Point
AMN02272,PROP1392,Gated Security
AMN02273,PROP1392,Elevator / Lift
AMN02274,PROP1392,Gym / Fitness Center
AMN02275,PROP1392,Club House
AMN02276,PROP1393,Elevator / Lift
AMN02277,PROP1393,24x7 Power Backup
AMN02278,PROP1393,EV Charging Point
AMN02279,PROP1393,Gated Security
AMN02280,PROP1393,Club House
AMN02281,PROP1393,Children's Play Area
AMN02282,PROP1393,Gym / Fitness Center
AMN02283,PROP1394,Children's Play Area
AMN02284,PROP1394,Park / Garden
AMN02285,PROP1394,Covered Parking
AMN02286,PROP1394,24x7 Power Backup
AMN02287,PROP1394,Elevator / Lift
AMN02288,PROP1394,Fire Safety System
AMN02289,PROP1394,Gated Security
AMN02290,PROP1395,Intercom
AMN02291,PROP1395,Gated Security
AMN02292,PROP1395,Swimming Pool
AMN02293,PROP1395,EV Charging Point
AMN02294,PROP1396,Club House
AMN02295,PROP1396,Children's Play Area
AMN02296,PROP1396,Fire Safety System
AMN02297,PROP1396,EV Charging Point
AMN02298,PROP1396,Gym / Fitness Center
AMN02299,PROP1396,Park / Garden
AMN02300,PROP1396,Swimming Pool
AMN02301,PROP1397,Covered Parking
AMN02302,PROP1397,24x7 Power Backup
AMN02303,PROP1397,Elevator / Lift
AMN02304,PROP1397,Fire Safety System
AMN02305,PROP1398,Geyser
AMN02306,PROP1398,Study Table
AMN02307,PROP1398,High-Speed WiFi
AMN02308,PROP1398,Air Conditioner
AMN02309,PROP1398,RO Drinking Water
AMN02310,PROP1399,Pet Friendly
AMN02311,PROP1399,Terrace Access
AMN02312,PROP1399,Covered Parking
AMN02313,PROP1399,Private Garden
AMN02314,PROP1400,24x7 Power Backup
AMN02315,PROP1400,Children's Play Area
AMN02316,PROP1400,Gym / Fitness Center
AMN02317,PROP1400,Covered Parking
AMN02318,PROP1400,Gated Security
AMN02319,PROP1400,EV Charging Point
AMN02320,PROP1401,Gated Security
AMN02321,PROP1401,EV Charging Point
AMN02322,PROP1401,24x7 Power Backup
AMN02323,PROP1401,Park / Garden
AMN02324,PROP1401,Covered Parking
AMN02325,PROP1402,Gym / Fitness Center
AMN02326,PROP1402,Park / Garden
AMN02327,PROP1402,Swimming Pool
AMN02328,PROP1402,Intercom
AMN02329,PROP1403,Covered Parking
AMN02330,PROP1403,Children's Play Area
AMN02331,PROP1403,24x7 Power Backup
AMN02332,PROP1403,Gated Security
AMN02333,PROP1404,24x7 Power Backup
AMN02334,PROP1404,Swimming Pool
AMN02335,PROP1404,Gated Security
AMN02336,PROP1404,Fire Safety System
AMN02337,PROP1404,Intercom
AMN02338,PROP1404,Covered Parking
AMN02339,PROP1404,Gym / Fitness Center
AMN02340,PROP1405,Gym / Fitness Center
AMN02341,PROP1405,Gated Security
AMN02342,PROP1405,Fire Safety System
AMN02343,PROP1405,Park / Garden
AMN02344,PROP1405,24x7 Power Backup
AMN02345,PROP1405,Club House
AMN02346,PROP1406,EV Charging Point
AMN02347,PROP1406,Gym / Fitness Center
AMN02348,PROP1406,Elevator / Lift
AMN02349,PROP1406,Children's Play Area
AMN02350,PROP1406,Swimming Pool
AMN02351,PROP1406,Intercom
AMN02352,PROP1406,Gated Security
AMN02353,PROP1406,24x7 Power Backup
AMN02354,PROP1407,24x7 Power Backup
AMN02355,PROP1407,Private Garden
AMN02356,PROP1407,CCTV Security
AMN02357,PROP1407,Terrace Access
AMN02358,PROP1407,Solar Water Heater
AMN02359,PROP1407,Covered Parking
AMN02360,PROP1408,Gated Security
AMN02361,PROP1408,Children's Play Area
AMN02362,PROP1408,Gym / Fitness Center
AMN02363,PROP1408,Swimming Pool
AMN02364,PROP1408,Club House
AMN02365,PROP1408,EV Charging Point
AMN02366,PROP1409,Refrigerator
AMN02367,PROP1409,Study Table
AMN02368,PROP1409,Microwave
AMN02369,PROP1409,Washing Machine
AMN02370,PROP1409,High-Speed WiFi
AMN02371,PROP1409,Air Conditioner
AMN02372,PROP1409,CCTV / 24x7 Security
AMN02373,PROP1409,Power Backup
AMN02374,PROP1410,Intercom
AMN02375,PROP1410,Swimming Pool
AMN02376,PROP1410,Gated Security
AMN02377,PROP1410,Club House
AMN02378,PROP1410,Covered Parking
AMN02379,PROP1410,Park / Garden
AMN02380,PROP1410,24x7 Power Backup
AMN02381,PROP1410,EV Charging Point
AMN02382,PROP1411,Elevator / Lift
AMN02383,PROP1411,EV Charging Point
AMN02384,PROP1411,Park / Garden
AMN02385,PROP1411,24x7 Power Backup
AMN02386,PROP1411,Covered Parking
AMN02387,PROP1412,Covered Parking
AMN02388,PROP1412,24x7 Power Backup
AMN02389,PROP1412,Pet Friendly
AMN02390,PROP1412,CCTV Security
AMN02391,PROP1412,Water Storage Tank
AMN02392,PROP1413,Elevator / Lift
AMN02393,PROP1413,24x7 Power Backup
AMN02394,PROP1413,Covered Parking
AMN02395,PROP1413,EV Charging Point
AMN02396,PROP1413,Park / Garden
AMN02397,PROP1414,Covered Parking
AMN02398,PROP1414,Gated Security
AMN02399,PROP1414,Intercom
AMN02400,PROP1414,Club House
AMN02401,PROP1415,Gated Security
AMN02402,PROP1415,Fire Safety System
AMN02403,PROP1415,EV Charging Point
AMN02404,PROP1415,24x7 Power Backup
AMN02405,PROP1415,Gym / Fitness Center
AMN02406,PROP1415,Elevator / Lift
AMN02407,PROP1415,Covered Parking
AMN02408,PROP1415,Park / Garden
AMN02409,PROP1416,Power Backup
AMN02410,PROP1416,Attached Bathroom
AMN02411,PROP1416,CCTV / 24x7 Security
AMN02412,PROP1416,Air Conditioner
AMN02413,PROP1416,Daily Housekeeping
AMN02414,PROP1417,Fire Safety System
AMN02415,PROP1417,Swimming Pool
AMN02416,PROP1417,Covered Parking
AMN02417,PROP1417,EV Charging Point
AMN02418,PROP1417,24x7 Power Backup
AMN02419,PROP1417,Intercom
AMN02420,PROP1417,Park / Garden
AMN02421,PROP1418,Covered Parking
AMN02422,PROP1418,Club House
AMN02423,PROP1418,Gym / Fitness Center
AMN02424,PROP1418,24x7 Power Backup
AMN02425,PROP1418,Fire Safety System
AMN02426,PROP1418,Children's Play Area
AMN02427,PROP1418,Intercom
AMN02428,PROP1418,Elevator / Lift
AMN02429,PROP1419,Attached Bathroom
AMN02430,PROP1419,Study Table
AMN02431,PROP1419,Washing Machine
AMN02432,PROP1419,Power Backup
AMN02433,PROP1419,CCTV / 24x7 Security
AMN02434,PROP1419,Daily Housekeeping
AMN02435,PROP1420,Fire Safety System
AMN02436,PROP1420,24x7 Power Backup
AMN02437,PROP1420,Covered Parking
AMN02438,PROP1420,Children's Play Area
AMN02439,PROP1420,Gated Security
AMN02440,PROP1420,Gym / Fitness Center
AMN02441,PROP1421,Fire Safety System
AMN02442,PROP1421,Park / Garden
AMN02443,PROP1421,24x7 Power Backup
AMN02444,PROP1421,Elevator / Lift
AMN02445,PROP1421,Intercom
AMN02446,PROP1421,Club House
AMN02447,PROP1422,Park / Garden
AMN02448,PROP1422,Gym / Fitness Center
AMN02449,PROP1422,Children's Play Area
AMN02450,PROP1422,EV Charging Point
AMN02451,PROP1422,Club House
AMN02452,PROP1422,Gated Security
AMN02453,PROP1422,Covered Parking
AMN02454,PROP1423,Swimming Pool
AMN02455,PROP1423,Intercom
AMN02456,PROP1423,Covered Parking
AMN02457,PROP1423,Park / Garden
AMN02458,PROP1424,Swimming Pool
AMN02459,PROP1424,Covered Parking
AMN02460,PROP1424,Elevator / Lift
AMN02461,PROP1424,Children's Play Area
AMN02462,PROP1425,Gym / Fitness Center
AMN02463,PROP1425,Covered Parking
AMN02464,PROP1425,Intercom
AMN02465,PROP1425,Gated Security
AMN02466,PROP1425,Swimming Pool
AMN02467,PROP1426,Fire Safety System
AMN02468,PROP1426,Children's Play Area
AMN02469,PROP1426,Club House
AMN02470,PROP1426,24x7 Power Backup
AMN02471,PROP1426,EV Charging Point
AMN02472,PROP1426,Covered Parking
AMN02473,PROP1426,Park / Garden
AMN02474,PROP1427,Gym / Fitness Center
AMN02475,PROP1427,Swimming Pool
AMN02476,PROP1427,Intercom
AMN02477,PROP1427,Covered Parking
AMN02478,PROP1428,Water Storage Tank
AMN02479,PROP1428,CCTV Security
AMN02480,PROP1428,Covered Parking
AMN02481,PROP1429,Children's Play Area
AMN02482,PROP1429,24x7 Power Backup
AMN02483,PROP1429,Intercom
AMN02484,PROP1429,Elevator / Lift
AMN02485,PROP1429,Covered Parking
AMN02486,PROP1429,Gym / Fitness Center
AMN02487,PROP1430,Club House
AMN02488,PROP1430,Park / Garden
AMN02489,PROP1430,Swimming Pool
AMN02490,PROP1430,Elevator / Lift
AMN02491,PROP1430,Children's Play Area
AMN02492,PROP1430,Fire Safety System
AMN02493,PROP1430,EV Charging Point
AMN02494,PROP1430,24x7 Power Backup
AMN02495,PROP1431,Swimming Pool
AMN02496,PROP1431,Gym / Fitness Center
AMN02497,PROP1431,Covered Parking
AMN02498,PROP1431,Gated Security
AMN02499,PROP1431,Park / Garden
AMN02500,PROP1431,24x7 Power Backup
AMN02501,PROP1431,Club House
AMN02502,PROP1431,EV Charging Point
AMN02503,PROP1432,Children's Play Area
AMN02504,PROP1432,Covered Parking
AMN02505,PROP1432,Gated Security
AMN02506,PROP1432,Club House
AMN02507,PROP1433,RO Drinking Water
AMN02508,PROP1433,Air Conditioner
AMN02509,PROP1433,Geyser
AMN02510,PROP1433,High-Speed WiFi
AMN02511,PROP1433,Power Backup
AMN02512,PROP1433,CCTV / 24x7 Security
AMN02513,PROP1433,Refrigerator
AMN02514,PROP1433,Attached Bathroom
AMN02515,PROP1434,Attached Bathroom
AMN02516,PROP1434,Air Conditioner
AMN02517,PROP1434,CCTV / 24x7 Security
AMN02518,PROP1434,Geyser
AMN02519,PROP1434,Daily Housekeeping
AMN02520,PROP1435,Gym / Fitness Center
AMN02521,PROP1435,EV Charging Point
AMN02522,PROP1435,Gated Security
AMN02523,PROP1435,24x7 Power Backup
AMN02524,PROP1435,Covered Parking
AMN02525,PROP1435,Swimming Pool
AMN02526,PROP1435,Children's Play Area
AMN02527,PROP1435,Intercom
AMN02528,PROP1436,Children's Play Area
AMN02529,PROP1436,Gated Security
AMN02530,PROP1436,Fire Safety System
AMN02531,PROP1436,Park / Garden
AMN02532,PROP1436,Elevator / Lift
AMN02533,PROP1436,Gym / Fitness Center
AMN02534,PROP1437,Gym / Fitness Center
AMN02535,PROP1437,Park / Garden
AMN02536,PROP1437,24x7 Power Backup
AMN02537,PROP1437,Fire Safety System
AMN02538,PROP1437,EV Charging Point
AMN02539,PROP1438,CCTV / 24x7 Security
AMN02540,PROP1438,Air Conditioner
AMN02541,PROP1438,Daily Housekeeping
AMN02542,PROP1438,Attached Bathroom
AMN02543,PROP1438,Study Table
AMN02544,PROP1438,Microwave
AMN02545,PROP1438,Refrigerator
AMN02546,PROP1439,Club House
AMN02547,PROP1439,24x7 Power Backup
AMN02548,PROP1439,EV Charging Point
AMN02549,PROP1439,Gym / Fitness Center
AMN02550,PROP1439,Fire Safety System
AMN02551,PROP1439,Gated Security
AMN02552,PROP1439,Children's Play Area
AMN02553,PROP1440,Swimming Pool
AMN02554,PROP1440,Children's Play Area
AMN02555,PROP1440,Gym / Fitness Center
AMN02556,PROP1440,24x7 Power Backup
AMN02557,PROP1441,Gated Security
AMN02558,PROP1441,Intercom
AMN02559,PROP1441,Covered Parking
AMN02560,PROP1441,Club House
AMN02561,PROP1441,EV Charging Point
AMN02562,PROP1441,Fire Safety System
AMN02563,PROP1442,CCTV Security
AMN02564,PROP1442,Water Storage Tank
AMN02565,PROP1442,24x7 Power Backup
AMN02566,PROP1443,Swimming Pool
AMN02567,PROP1443,24x7 Power Backup
AMN02568,PROP1443,Elevator / Lift
AMN02569,PROP1443,EV Charging Point
AMN02570,PROP1443,Gym / Fitness Center
AMN02571,PROP1443,Covered Parking
AMN02572,PROP1443,Gated Security
AMN02573,PROP1443,Children's Play Area
AMN02574,PROP1444,Gym / Fitness Center
AMN02575,PROP1444,Swimming Pool
AMN02576,PROP1444,Gated Security
AMN02577,PROP1444,Children's Play Area
AMN02578,PROP1444,24x7 Power Backup
AMN02579,PROP1445,24x7 Power Backup
AMN02580,PROP1445,Covered Parking
AMN02581,PROP1445,Fire Safety System
AMN02582,PROP1445,Swimming Pool
AMN02583,PROP1445,Elevator / Lift
AMN02584,PROP1445,Gated Security
AMN02585,PROP1446,Daily Housekeeping
AMN02586,PROP1446,High-Speed WiFi
AMN02587,PROP1446,Geyser
AMN02588,PROP1446,Microwave
AMN02589,PROP1446,Power Backup
AMN02590,PROP1446,Washing Machine
AMN02591,PROP1447,Elevator / Lift
AMN02592,PROP1447,Covered Parking
AMN02593,PROP1447,Gated Security
AMN02594,PROP1447,Park / Garden
AMN02595,PROP1447,Gym / Fitness Center
AMN02596,PROP1447,Fire Safety System
AMN02597,PROP1447,24x7 Power Backup
AMN02598,PROP1448,Pet Friendly
AMN02599,PROP1448,24x7 Power Backup
AMN02600,PROP1448,Terrace Access
AMN02601,PROP1448,Private Garden
AMN02602,PROP1448,Solar Water Heater
AMN02603,PROP1449,Gated Security
AMN02604,PROP1449,Intercom
AMN02605,PROP1449,Elevator / Lift
AMN02606,PROP1449,Covered Parking
AMN02607,PROP1449,24x7 Power Backup
AMN02608,PROP1449,Gym / Fitness Center
AMN02609,PROP1449,Swimming Pool
AMN02610,PROP1450,Microwave
AMN02611,PROP1450,Attached Bathroom
AMN02612,PROP1450,RO Drinking Water
AMN02613,PROP1450,Study Table
AMN02614,PROP1450,High-Speed WiFi
AMN02615,PROP1451,Water Storage Tank
AMN02616,PROP1451,Pet Friendly
AMN02617,PROP1451,24x7 Power Backup
AMN02618,PROP1451,Covered Parking
AMN02619,PROP1451,CCTV Security
AMN02620,PROP1452,Covered Parking
AMN02621,PROP1452,Children's Play Area
AMN02622,PROP1452,Park / Garden
AMN02623,PROP1452,Swimming Pool
AMN02624,PROP1452,Fire Safety System
AMN02625,PROP1453,Covered Parking
AMN02626,PROP1453,Elevator / Lift
AMN02627,PROP1453,Intercom
AMN02628,PROP1453,Children's Play Area
AMN02629,PROP1453,Swimming Pool
AMN02630,PROP1453,24x7 Power Backup
AMN02631,PROP1454,Washing Machine
AMN02632,PROP1454,Attached Bathroom
AMN02633,PROP1454,High-Speed WiFi
AMN02634,PROP1454,RO Drinking Water
AMN02635,PROP1454,Air Conditioner
AMN02636,PROP1455,Gym / Fitness Center
AMN02637,PROP1455,Swimming Pool
AMN02638,PROP1455,Park / Garden
AMN02639,PROP1455,Children's Play Area
AMN02640,PROP1455,Intercom
AMN02641,PROP1456,Solar Water Heater
AMN02642,PROP1456,Pet Friendly
AMN02643,PROP1456,CCTV Security
AMN02644,PROP1457,Geyser
AMN02645,PROP1457,Attached Bathroom
AMN02646,PROP1457,Washing Machine
AMN02647,PROP1457,Power Backup
AMN02648,PROP1457,Study Table
AMN02649,PROP1458,RO Drinking Water
AMN02650,PROP1458,Refrigerator
AMN02651,PROP1458,Study Table
AMN02652,PROP1458,High-Speed WiFi
AMN02653,PROP1459,Children's Play Area
AMN02654,PROP1459,Park / Garden
AMN02655,PROP1459,Swimming Pool
AMN02656,PROP1459,Gym / Fitness Center
AMN02657,PROP1460,Children's Play Area
AMN02658,PROP1460,Covered Parking
AMN02659,PROP1460,EV Charging Point
AMN02660,PROP1460,Gym / Fitness Center
AMN02661,PROP1460,Intercom
AMN02662,PROP1461,Children's Play Area
AMN02663,PROP1461,24x7 Power Backup
AMN02664,PROP1461,Fire Safety System
AMN02665,PROP1461,Gated Security
AMN02666,PROP1461,EV Charging Point
AMN02667,PROP1461,Gym / Fitness Center
AMN02668,PROP1461,Intercom
AMN02669,PROP1461,Park / Garden
AMN02670,PROP1462,Study Table
AMN02671,PROP1462,Air Conditioner
AMN02672,PROP1462,Geyser
AMN02673,PROP1462,CCTV / 24x7 Security
AMN02674,PROP1462,Power Backup
AMN02675,PROP1463,Fire Safety System
AMN02676,PROP1463,Park / Garden
AMN02677,PROP1463,Children's Play Area
AMN02678,PROP1463,Swimming Pool
AMN02679,PROP1463,Gym / Fitness Center
AMN02680,PROP1463,Intercom
AMN02681,PROP1463,Elevator / Lift
AMN02682,PROP1463,EV Charging Point
AMN02683,PROP1464,Study Table
AMN02684,PROP1464,Refrigerator
AMN02685,PROP1464,Air Conditioner
AMN02686,PROP1464,High-Speed WiFi
AMN02687,PROP1465,Refrigerator
AMN02688,PROP1465,RO Drinking Water
AMN02689,PROP1465,Study Table
AMN02690,PROP1465,Daily Housekeeping
AMN02691,PROP1465,Geyser
AMN02692,PROP1465,Attached Bathroom
AMN02693,PROP1466,Swimming Pool
AMN02694,PROP1466,Children's Play Area
AMN02695,PROP1466,EV Charging Point
AMN02696,PROP1466,Gym / Fitness Center
AMN02697,PROP1467,Fire Safety System
AMN02698,PROP1467,EV Charging Point
AMN02699,PROP1467,Children's Play Area
AMN02700,PROP1467,Elevator / Lift
AMN02701,PROP1468,RO Drinking Water
AMN02702,PROP1468,Daily Housekeeping
AMN02703,PROP1468,CCTV / 24x7 Security
AMN02704,PROP1468,Washing Machine
AMN02705,PROP1468,Microwave
AMN02706,PROP1469,Gated Security
AMN02707,PROP1469,Elevator / Lift
AMN02708,PROP1469,Fire Safety System
AMN02709,PROP1469,Gym / Fitness Center
AMN02710,PROP1470,Gated Security
AMN02711,PROP1470,Children's Play Area
AMN02712,PROP1470,Intercom
AMN02713,PROP1470,Fire Safety System
AMN02714,PROP1470,24x7 Power Backup
AMN02715,PROP1470,Park / Garden
AMN02716,PROP1470,Swimming Pool
AMN02717,PROP1471,EV Charging Point
AMN02718,PROP1471,Fire Safety System
AMN02719,PROP1471,Swimming Pool
AMN02720,PROP1471,Gym / Fitness Center
AMN02721,PROP1471,Elevator / Lift
AMN02722,PROP1471,Covered Parking
AMN02723,PROP1471,Gated Security
AMN02724,PROP1471,Intercom
AMN02725,PROP1472,Daily Housekeeping
AMN02726,PROP1472,Study Table
AMN02727,PROP1472,CCTV / 24x7 Security
AMN02728,PROP1472,Power Backup
AMN02729,PROP1472,Air Conditioner
AMN02730,PROP1472,Microwave
AMN02731,PROP1473,24x7 Power Backup
AMN02732,PROP1473,Children's Play Area
AMN02733,PROP1473,Park / Garden
AMN02734,PROP1473,Elevator / Lift
AMN02735,PROP1473,Covered Parking
AMN02736,PROP1473,Swimming Pool
AMN02737,PROP1473,EV Charging Point
AMN02738,PROP1473,Fire Safety System
AMN02739,PROP1474,Gym / Fitness Center
AMN02740,PROP1474,Covered Parking
AMN02741,PROP1474,24x7 Power Backup
AMN02742,PROP1474,Children's Play Area
AMN02743,PROP1474,Swimming Pool
AMN02744,PROP1474,Park / Garden
AMN02745,PROP1474,Elevator / Lift
AMN02746,PROP1475,Club House
AMN02747,PROP1475,EV Charging Point
AMN02748,PROP1475,Fire Safety System
AMN02749,PROP1475,Park / Garden
AMN02750,PROP1475,Swimming Pool
AMN02751,PROP1475,Covered Parking
AMN02752,PROP1475,Gated Security
AMN02753,PROP1475,Elevator / Lift
AMN02754,PROP1476,Gym / Fitness Center
AMN02755,PROP1476,Covered Parking
AMN02756,PROP1476,Children's Play Area
AMN02757,PROP1476,EV Charging Point
AMN02758,PROP1476,Gated Security
AMN02759,PROP1476,Intercom
AMN02760,PROP1476,Fire Safety System
AMN02761,PROP1477,Elevator / Lift
AMN02762,PROP1477,Swimming Pool
AMN02763,PROP1477,24x7 Power Backup
AMN02764,PROP1477,Covered Parking
AMN02765,PROP1477,EV Charging Point
AMN02766,PROP1477,Park / Garden
AMN02767,PROP1477,Children's Play Area
AMN02768,PROP1477,Gym / Fitness Center
AMN02769,PROP1478,Terrace Access
AMN02770,PROP1478,Covered Parking
AMN02771,PROP1478,24x7 Power Backup
AMN02772,PROP1478,Solar Water Heater
AMN02773,PROP1478,Pet Friendly
AMN02774,PROP1478,CCTV Security
AMN02775,PROP1479,Gated Security
AMN02776,PROP1479,Gym / Fitness Center
AMN02777,PROP1479,Children's Play Area
AMN02778,PROP1479,Fire Safety System
AMN02779,PROP1479,Park / Garden
AMN02780,PROP1479,24x7 Power Backup
AMN02781,PROP1479,Swimming Pool
AMN02782,PROP1479,Covered Parking
AMN02783,PROP1480,Club House
AMN02784,PROP1480,Swimming Pool
AMN02785,PROP1480,Fire Safety System
AMN02786,PROP1480,Covered Parking
AMN02787,PROP1480,Gym / Fitness Center
AMN02788,PROP1480,Gated Security
AMN02789,PROP1480,Children's Play Area
AMN02790,PROP1481,EV Charging Point
AMN02791,PROP1481,Children's Play Area
AMN02792,PROP1481,Intercom
AMN02793,PROP1481,Gated Security
AMN02794,PROP1482,Private Garden
AMN02795,PROP1482,CCTV Security
AMN02796,PROP1482,24x7 Power Backup
AMN02797,PROP1482,Pet Friendly
AMN02798,PROP1483,EV Charging Point
AMN02799,PROP1483,Elevator / Lift
AMN02800,PROP1483,Park / Garden
AMN02801,PROP1483,Swimming Pool
AMN02802,PROP1483,Fire Safety System
AMN02803,PROP1483,Gym / Fitness Center
AMN02804,PROP1483,Covered Parking
AMN02805,PROP1483,Intercom
AMN02806,PROP1484,Covered Parking
AMN02807,PROP1484,Private Garden
AMN02808,PROP1484,24x7 Power Backup
AMN02809,PROP1485,RO Drinking Water
AMN02810,PROP1485,Study Table
AMN02811,PROP1485,Power Backup
AMN02812,PROP1485,High-Speed WiFi
AMN02813,PROP1485,Air Conditioner
AMN02814,PROP1486,RO Drinking Water
AMN02815,PROP1486,Microwave
AMN02816,PROP1486,Power Backup
AMN02817,PROP1486,Washing Machine
AMN02818,PROP1486,CCTV / 24x7 Security
AMN02819,PROP1486,Geyser
AMN02820,PROP1486,High-Speed WiFi
AMN02821,PROP1487,Air Conditioner
AMN02822,PROP1487,Attached Bathroom
AMN02823,PROP1487,CCTV / 24x7 Security
AMN02824,PROP1487,Washing Machine
AMN02825,PROP1487,Geyser
AMN02826,PROP1487,Study Table
AMN02827,PROP1487,High-Speed WiFi
AMN02828,PROP1487,Microwave
AMN02829,PROP1488,24x7 Power Backup
AMN02830,PROP1488,Gated Security
AMN02831,PROP1488,Gym / Fitness Center
AMN02832,PROP1488,Park / Garden
AMN02833,PROP1488,Fire Safety System
AMN02834,PROP1488,Covered Parking
AMN02835,PROP1488,Club House
AMN02836,PROP1489,Intercom
AMN02837,PROP1489,Children's Play Area
AMN02838,PROP1489,Gated Security
AMN02839,PROP1489,Club House
AMN02840,PROP1489,Park / Garden
AMN02841,PROP1489,EV Charging Point
AMN02842,PROP1490,Elevator / Lift
AMN02843,PROP1490,Covered Parking
AMN02844,PROP1490,Gym / Fitness Center
AMN02845,PROP1490,Club House
AMN02846,PROP1490,Gated Security
AMN02847,PROP1490,24x7 Power Backup
AMN02848,PROP1490,Intercom
AMN02849,PROP1490,Children's Play Area
AMN02850,PROP1491,Covered Parking
AMN02851,PROP1491,Gated Security
AMN02852,PROP1491,Children's Play Area
AMN02853,PROP1491,Swimming Pool
AMN02854,PROP1491,Fire Safety System
AMN02855,PROP1491,Park / Garden
AMN02856,PROP1491,Intercom
AMN02857,PROP1492,Private Garden
AMN02858,PROP1492,Covered Parking
AMN02859,PROP1492,CCTV Security
AMN02860,PROP1492,Solar Water Heater
AMN02861,PROP1492,Pet Friendly
AMN02862,PROP1493,Swimming Pool
AMN02863,PROP1493,Gym / Fitness Center
AMN02864,PROP1493,Club House
AMN02865,PROP1493,Elevator / Lift
AMN02866,PROP1494,Club House
AMN02867,PROP1494,Gated Security
AMN02868,PROP1494,Park / Garden
AMN02869,PROP1494,24x7 Power Backup
AMN02870,PROP1494,Swimming Pool
AMN02871,PROP1494,Elevator / Lift
AMN02872,PROP1495,Fire Safety System
AMN02873,PROP1495,Elevator / Lift
AMN02874,PROP1495,Intercom
AMN02875,PROP1495,Children's Play Area
AMN02876,PROP1495,Covered Parking
AMN02877,PROP1495,Club House
AMN02878,PROP1495,24x7 Power Backup
AMN02879,PROP1496,Air Conditioner
AMN02880,PROP1496,Power Backup
AMN02881,PROP1496,Attached Bathroom
AMN02882,PROP1496,High-Speed WiFi
AMN02883,PROP1496,Microwave
AMN02884,PROP1496,Daily Housekeeping
AMN02885,PROP1496,Study Table
AMN02886,PROP1496,Refrigerator
AMN02887,PROP1497,Covered Parking
AMN02888,PROP1497,Children's Play Area
AMN02889,PROP1497,Swimming Pool
AMN02890,PROP1497,Club House
AMN02891,PROP1497,EV Charging Point
AMN02892,PROP1497,Gated Security
AMN02893,PROP1497,Park / Garden
AMN02894,PROP1498,EV Charging Point
AMN02895,PROP1498,Covered Parking
AMN02896,PROP1498,Swimming Pool
AMN02897,PROP1498,Children's Play Area
AMN02898,PROP1499,Gym / Fitness Center
AMN02899,PROP1499,Elevator / Lift
AMN02900,PROP1499,Park / Garden
AMN02901,PROP1499,Intercom
AMN02902,PROP1499,Children's Play Area
AMN02903,PROP1499,Fire Safety System
AMN02904,PROP1499,24x7 Power Backup
AMN02905,PROP1500,Fire Safety System
AMN02906,PROP1500,24x7 Power Backup
AMN02907,PROP1500,Club House
AMN02908,PROP1500,Covered Parking
AMN02909,PROP1500,Gated Security
AMN02910,PROP1500,Intercom
AMN02911,PROP1501,RO Drinking Water
AMN02912,PROP1501,Study Table
AMN02913,PROP1501,Microwave
AMN02914,PROP1501,Refrigerator
AMN02915,PROP1501,Washing Machine
AMN02916,PROP1501,CCTV / 24x7 Security
AMN02917,PROP1501,Attached Bathroom
AMN02918,PROP1501,Geyser
AMN02919,PROP1502,Geyser
AMN02920,PROP1502,Power Backup
AMN02921,PROP1502,Microwave
AMN02922,PROP1502,High-Speed WiFi
AMN02923,PROP1503,Club House
AMN02924,PROP1503,EV Charging Point
AMN02925,PROP1503,Fire Safety System
AMN02926,PROP1503,Gated Security
AMN02927,PROP1503,Intercom
AMN02928,PROP1503,Elevator / Lift
AMN02929,PROP1503,Gym / Fitness Center
AMN02930,PROP1503,Swimming Pool
AMN02931,PROP1504,Club House
AMN02932,PROP1504,EV Charging Point
AMN02933,PROP1504,Intercom
AMN02934,PROP1504,Gated Security
AMN02935,PROP1504,24x7 Power Backup
AMN02936,PROP1504,Covered Parking
AMN02937,PROP1504,Fire Safety System
AMN02938,PROP1505,Pet Friendly
AMN02939,PROP1505,Covered Parking
AMN02940,PROP1505,Solar Water Heater
AMN02941,PROP1505,Private Garden
AMN02942,PROP1505,24x7 Power Backup
AMN02943,PROP1506,Microwave
AMN02944,PROP1506,CCTV / 24x7 Security
AMN02945,PROP1506,Washing Machine
AMN02946,PROP1506,Refrigerator
AMN02947,PROP1506,Attached Bathroom
AMN02948,PROP1506,Daily Housekeeping
AMN02949,PROP1507,High-Speed WiFi
AMN02950,PROP1507,Refrigerator
AMN02951,PROP1507,Air Conditioner
AMN02952,PROP1507,CCTV / 24x7 Security
AMN02953,PROP1507,Power Backup
AMN02954,PROP1508,Club House
AMN02955,PROP1508,Fire Safety System
AMN02956,PROP1508,Gated Security
AMN02957,PROP1508,Park / Garden
AMN02958,PROP1508,Intercom
AMN02959,PROP1508,Children's Play Area
AMN02960,PROP1508,Covered Parking
AMN02961,PROP1509,Swimming Pool
AMN02962,PROP1509,Children's Play Area
AMN02963,PROP1509,Fire Safety System
AMN02964,PROP1509,Intercom
AMN02965,PROP1509,Elevator / Lift
AMN02966,PROP1509,EV Charging Point
AMN02967,PROP1509,Gym / Fitness Center
AMN02968,PROP1509,Club House
AMN02969,PROP1510,EV Charging Point
AMN02970,PROP1510,Intercom
AMN02971,PROP1510,Gym / Fitness Center
AMN02972,PROP1510,Club House
AMN02973,PROP1510,24x7 Power Backup
AMN02974,PROP1511,Fire Safety System
AMN02975,PROP1511,Intercom
AMN02976,PROP1511,Gym / Fitness Center
AMN02977,PROP1511,Children's Play Area
AMN02978,PROP1511,24x7 Power Backup
AMN02979,PROP1511,Elevator / Lift
AMN02980,PROP1512,Gated Security
AMN02981,PROP1512,Children's Play Area
AMN02982,PROP1512,EV Charging Point
AMN02983,PROP1512,Club House
AMN02984,PROP1512,Intercom
AMN02985,PROP1512,Swimming Pool
AMN02986,PROP1513,Covered Parking
AMN02987,PROP1513,EV Charging Point
AMN02988,PROP1513,Park / Garden
AMN02989,PROP1513,24x7 Power Backup
AMN02990,PROP1513,Elevator / Lift
AMN02991,PROP1513,Intercom
AMN02992,PROP1513,Club House
AMN02993,PROP1514,Attached Bathroom
AMN02994,PROP1514,Washing Machine
AMN02995,PROP1514,Air Conditioner
AMN02996,PROP1514,High-Speed WiFi
AMN02997,PROP1514,Power Backup
AMN02998,PROP1514,Daily Housekeeping
AMN02999,PROP1514,Refrigerator
AMN03000,PROP1515,Elevator / Lift
AMN03001,PROP1515,Gym / Fitness Center
AMN03002,PROP1515,Children's Play Area
AMN03003,PROP1515,EV Charging Point
AMN03004,PROP1515,24x7 Power Backup
AMN03005,PROP1515,Swimming Pool
AMN03006,PROP1515,Intercom
AMN03007,PROP1515,Fire Safety System
AMN03008,PROP1516,Covered Parking
AMN03009,PROP1516,Elevator / Lift
AMN03010,PROP1516,Club House
AMN03011,PROP1516,Swimming Pool
AMN03012,PROP1517,Park / Garden
AMN03013,PROP1517,Gym / Fitness Center
AMN03014,PROP1517,Elevator / Lift
AMN03015,PROP1517,24x7 Power Backup
AMN03016,PROP1517,EV Charging Point
AMN03017,PROP1518,Gated Security
AMN03018,PROP1518,Fire Safety System
AMN03019,PROP1518,Elevator / Lift
AMN03020,PROP1518,EV Charging Point
AMN03021,PROP1518,Covered Parking
AMN03022,PROP1518,Park / Garden
AMN03023,PROP1518,Club House
AMN03024,PROP1519,High-Speed WiFi
AMN03025,PROP1519,CCTV / 24x7 Security
AMN03026,PROP1519,Attached Bathroom
AMN03027,PROP1519,RO Drinking Water
AMN03028,PROP1519,Study Table
AMN03029,PROP1519,Microwave
AMN03030,PROP1520,RO Drinking Water
AMN03031,PROP1520,CCTV / 24x7 Security
AMN03032,PROP1520,Washing Machine
AMN03033,PROP1520,Power Backup
AMN03034,PROP1520,Daily Housekeeping
AMN03035,PROP1521,Club House
AMN03036,PROP1521,Gym / Fitness Center
AMN03037,PROP1521,24x7 Power Backup
AMN03038,PROP1521,Covered Parking
AMN03039,PROP1521,Fire Safety System
AMN03040,PROP1521,EV Charging Point
AMN03041,PROP1521,Swimming Pool
AMN03042,PROP1521,Elevator / Lift
AMN03043,PROP1522,Gated Security
AMN03044,PROP1522,EV Charging Point
AMN03045,PROP1522,Gym / Fitness Center
AMN03046,PROP1522,Children's Play Area
AMN03047,PROP1522,Elevator / Lift
AMN03048,PROP1522,Park / Garden
AMN03049,PROP1523,Gated Security
AMN03050,PROP1523,Covered Parking
AMN03051,PROP1523,Swimming Pool
AMN03052,PROP1523,Park / Garden
AMN03053,PROP1523,Gym / Fitness Center
AMN03054,PROP1524,Park / Garden
AMN03055,PROP1524,Intercom
AMN03056,PROP1524,Gym / Fitness Center
AMN03057,PROP1524,24x7 Power Backup
AMN03058,PROP1525,Gated Security
AMN03059,PROP1525,EV Charging Point
AMN03060,PROP1525,Club House
AMN03061,PROP1525,Intercom
AMN03062,PROP1526,Covered Parking
AMN03063,PROP1526,EV Charging Point
AMN03064,PROP1526,24x7 Power Backup
AMN03065,PROP1526,Fire Safety System
AMN03066,PROP1526,Intercom
AMN03067,PROP1526,Children's Play Area
AMN03068,PROP1526,Elevator / Lift
AMN03069,PROP1526,Swimming Pool
AMN03070,PROP1527,Intercom
AMN03071,PROP1527,Club House
AMN03072,PROP1527,Elevator / Lift
AMN03073,PROP1527,Gym / Fitness Center
AMN03074,PROP1528,Club House
AMN03075,PROP1528,Gated Security
AMN03076,PROP1528,24x7 Power Backup
AMN03077,PROP1528,Intercom
AMN03078,PROP1529,Fire Safety System
AMN03079,PROP1529,Gym / Fitness Center
AMN03080,PROP1529,Gated Security
AMN03081,PROP1529,24x7 Power Backup
AMN03082,PROP1529,Intercom
AMN03083,PROP1529,EV Charging Point
AMN03084,PROP1529,Covered Parking
AMN03085,PROP1529,Children's Play Area
AMN03086,PROP1530,Swimming Pool
AMN03087,PROP1530,Club House
AMN03088,PROP1530,Intercom
AMN03089,PROP1530,Fire Safety System
AMN03090,PROP1530,Children's Play Area
AMN03091,PROP1530,Elevator / Lift
AMN03092,PROP1530,Park / Garden
AMN03093,PROP1530,Gym / Fitness Center
AMN03094,PROP1531,Geyser
AMN03095,PROP1531,RO Drinking Water
AMN03096,PROP1531,Study Table
AMN03097,PROP1531,CCTV / 24x7 Security
AMN03098,PROP1531,Microwave
AMN03099,PROP1531,High-Speed WiFi
AMN03100,PROP1531,Air Conditioner
AMN03101,PROP1531,Attached Bathroom
AMN03102,PROP1532,Covered Parking
AMN03103,PROP1532,Private Garden
AMN03104,PROP1532,Pet Friendly
AMN03105,PROP1532,CCTV Security
AMN03106,PROP1532,Solar Water Heater
AMN03107,PROP1532,Terrace Access
AMN03108,PROP1533,Club House
AMN03109,PROP1533,Fire Safety System
AMN03110,PROP1533,Elevator / Lift
AMN03111,PROP1533,Covered Parking
AMN03112,PROP1533,24x7 Power Backup
AMN03113,PROP1533,Gated Security
AMN03114,PROP1533,Park / Garden
AMN03115,PROP1534,Children's Play Area
AMN03116,PROP1534,EV Charging Point
AMN03117,PROP1534,Fire Safety System
AMN03118,PROP1534,Gated Security
AMN03119,PROP1534,24x7 Power Backup
AMN03120,PROP1534,Covered Parking
AMN03121,PROP1535,Covered Parking
AMN03122,PROP1535,Gym / Fitness Center
AMN03123,PROP1535,EV Charging Point
AMN03124,PROP1535,Children's Play Area
AMN03125,PROP1536,Park / Garden
AMN03126,PROP1536,Club House
AMN03127,PROP1536,24x7 Power Backup
AMN03128,PROP1536,Children's Play Area
AMN03129,PROP1536,Intercom
AMN03130,PROP1536,Fire Safety System
AMN03131,PROP1536,Covered Parking
AMN03132,PROP1537,Club House
AMN03133,PROP1537,Gated Security
AMN03134,PROP1537,Elevator / Lift
AMN03135,PROP1537,EV Charging Point
AMN03136,PROP1537,Gym / Fitness Center
AMN03137,PROP1537,Covered Parking
AMN03138,PROP1537,24x7 Power Backup
AMN03139,PROP1538,Gym / Fitness Center
AMN03140,PROP1538,24x7 Power Backup
AMN03141,PROP1538,Gated Security
AMN03142,PROP1538,Elevator / Lift
AMN03143,PROP1539,Gym / Fitness Center
AMN03144,PROP1539,Park / Garden
AMN03145,PROP1539,Gated Security
AMN03146,PROP1539,Children's Play Area
AMN03147,PROP1539,Covered Parking
AMN03148,PROP1539,EV Charging Point
AMN03149,PROP1539,Intercom
AMN03150,PROP1540,Elevator / Lift
AMN03151,PROP1540,Fire Safety System
AMN03152,PROP1540,24x7 Power Backup
AMN03153,PROP1540,Gated Security
AMN03154,PROP1540,EV Charging Point
AMN03155,PROP1541,Microwave
AMN03156,PROP1541,CCTV / 24x7 Security
AMN03157,PROP1541,High-Speed WiFi
AMN03158,PROP1541,Attached Bathroom
AMN03159,PROP1541,RO Drinking Water
AMN03160,PROP1541,Study Table
AMN03161,PROP1542,Intercom
AMN03162,PROP1542,Park / Garden
AMN03163,PROP1542,24x7 Power Backup
AMN03164,PROP1542,Gated Security
AMN03165,PROP1542,Swimming Pool
AMN03166,PROP1542,Elevator / Lift
AMN03167,PROP1542,Gym / Fitness Center
AMN03168,PROP1542,Fire Safety System
AMN03169,PROP1543,Refrigerator
AMN03170,PROP1543,High-Speed WiFi
AMN03171,PROP1543,Microwave
AMN03172,PROP1543,Power Backup
AMN03173,PROP1543,Geyser
AMN03174,PROP1543,Air Conditioner
AMN03175,PROP1543,RO Drinking Water
AMN03176,PROP1543,Daily Housekeeping
AMN03177,PROP1544,CCTV / 24x7 Security
AMN03178,PROP1544,RO Drinking Water
AMN03179,PROP1544,Study Table
AMN03180,PROP1544,Washing Machine
AMN03181,PROP1544,High-Speed WiFi
AMN03182,PROP1544,Attached Bathroom
AMN03183,PROP1544,Daily Housekeeping
AMN03184,PROP1545,Gated Security
AMN03185,PROP1545,Swimming Pool
AMN03186,PROP1545,24x7 Power Backup
AMN03187,PROP1545,Elevator / Lift
AMN03188,PROP1545,Intercom
AMN03189,PROP1545,Fire Safety System
AMN03190,PROP1545,Club House
AMN03191,PROP1546,Elevator / Lift
AMN03192,PROP1546,Children's Play Area
AMN03193,PROP1546,24x7 Power Backup
AMN03194,PROP1546,Fire Safety System
AMN03195,PROP1546,Covered Parking
AMN03196,PROP1546,Intercom
AMN03197,PROP1546,Swimming Pool
AMN03198,PROP1547,Intercom
AMN03199,PROP1547,Covered Parking
AMN03200,PROP1547,24x7 Power Backup
AMN03201,PROP1547,Club House
AMN03202,PROP1547,Swimming Pool
AMN03203,PROP1547,Children's Play Area
AMN03204,PROP1547,Gated Security
AMN03205,PROP1547,Elevator / Lift
AMN03206,PROP1548,Private Garden
AMN03207,PROP1548,CCTV Security
AMN03208,PROP1548,Terrace Access
AMN03209,PROP1548,24x7 Power Backup
AMN03210,PROP1548,Covered Parking
AMN03211,PROP1549,Park / Garden
AMN03212,PROP1549,Elevator / Lift
AMN03213,PROP1549,Children's Play Area
AMN03214,PROP1549,EV Charging Point
AMN03215,PROP1549,24x7 Power Backup
AMN03216,PROP1549,Covered Parking
AMN03217,PROP1549,Fire Safety System
AMN03218,PROP1549,Intercom
AMN03219,PROP1550,Microwave
AMN03220,PROP1550,Washing Machine
AMN03221,PROP1550,Attached Bathroom
AMN03222,PROP1550,Refrigerator
AMN03223,PROP1550,CCTV / 24x7 Security
AMN03224,PROP1550,Geyser
AMN03225,PROP1551,Geyser
AMN03226,PROP1551,Power Backup
AMN03227,PROP1551,Air Conditioner
AMN03228,PROP1551,Daily Housekeeping
AMN03229,PROP1551,Washing Machine
AMN03230,PROP1552,24x7 Power Backup
AMN03231,PROP1552,Gated Security
AMN03232,PROP1552,Swimming Pool
AMN03233,PROP1552,Elevator / Lift
AMN03234,PROP1552,Park / Garden
AMN03235,PROP1553,Gated Security
AMN03236,PROP1553,Covered Parking
AMN03237,PROP1553,Park / Garden
AMN03238,PROP1553,24x7 Power Backup
AMN03239,PROP1554,Elevator / Lift
AMN03240,PROP1554,EV Charging Point
AMN03241,PROP1554,Park / Garden
AMN03242,PROP1554,Intercom
AMN03243,PROP1554,Gym / Fitness Center
AMN03244,PROP1554,Swimming Pool
AMN03245,PROP1554,Covered Parking
AMN03246,PROP1555,Intercom
AMN03247,PROP1555,Gated Security
AMN03248,PROP1555,Park / Garden
AMN03249,PROP1555,Elevator / Lift
AMN03250,PROP1556,Covered Parking
AMN03251,PROP1556,Solar Water Heater
AMN03252,PROP1556,Terrace Access
AMN03253,PROP1556,Private Garden
AMN03254,PROP1557,Park / Garden
AMN03255,PROP1557,Children's Play Area
AMN03256,PROP1557,Intercom
AMN03257,PROP1557,Gated Security
AMN03258,PROP1557,Fire Safety System
AMN03259,PROP1557,Club House
AMN03260,PROP1557,EV Charging Point
AMN03261,PROP1557,24x7 Power Backup
AMN03262,PROP1558,Club House
AMN03263,PROP1558,Elevator / Lift
AMN03264,PROP1558,Gym / Fitness Center
AMN03265,PROP1558,Park / Garden
AMN03266,PROP1558,Gated Security
AMN03267,PROP1558,Fire Safety System
AMN03268,PROP1559,Club House
AMN03269,PROP1559,Intercom
AMN03270,PROP1559,Children's Play Area
AMN03271,PROP1559,EV Charging Point
AMN03272,PROP1559,Swimming Pool
AMN03273,PROP1559,24x7 Power Backup
AMN03274,PROP1559,Gated Security
AMN03275,PROP1559,Fire Safety System
AMN03276,PROP1560,EV Charging Point
AMN03277,PROP1560,Gym / Fitness Center
AMN03278,PROP1560,Fire Safety System
AMN03279,PROP1560,Intercom
AMN03280,PROP1560,Children's Play Area
AMN03281,PROP1560,Elevator / Lift
AMN03282,PROP1561,Attached Bathroom
AMN03283,PROP1561,Geyser
AMN03284,PROP1561,Refrigerator
AMN03285,PROP1561,Air Conditioner
AMN03286,PROP1561,Washing Machine
AMN03287,PROP1561,Study Table
AMN03288,PROP1562,Intercom
AMN03289,PROP1562,24x7 Power Backup
AMN03290,PROP1562,Covered Parking
AMN03291,PROP1562,Gated Security
AMN03292,PROP1563,RO Drinking Water
AMN03293,PROP1563,Washing Machine
AMN03294,PROP1563,Power Backup
AMN03295,PROP1563,Microwave
AMN03296,PROP1564,Covered Parking
AMN03297,PROP1564,Club House
AMN03298,PROP1564,Swimming Pool
AMN03299,PROP1564,Intercom
AMN03300,PROP1564,Fire Safety System
AMN03301,PROP1565,24x7 Power Backup
AMN03302,PROP1565,Park / Garden
AMN03303,PROP1565,Intercom
AMN03304,PROP1565,Swimming Pool
AMN03305,PROP1565,Gated Security
AMN03306,PROP1565,Fire Safety System
AMN03307,PROP1565,Club House
AMN03308,PROP1566,Fire Safety System
AMN03309,PROP1566,EV Charging Point
AMN03310,PROP1566,Covered Parking
AMN03311,PROP1566,Gated Security
AMN03312,PROP1566,Intercom
AMN03313,PROP1566,Swimming Pool
AMN03314,PROP1567,Private Garden
AMN03315,PROP1567,Water Storage Tank
AMN03316,PROP1567,Solar Water Heater
AMN03317,PROP1567,Covered Parking
AMN03318,PROP1567,Terrace Access
AMN03319,PROP1568,Swimming Pool
AMN03320,PROP1568,EV Charging Point
AMN03321,PROP1568,Children's Play Area
AMN03322,PROP1568,Intercom
AMN03323,PROP1568,Fire Safety System
AMN03324,PROP1568,Gated Security
AMN03325,PROP1568,Park / Garden
AMN03326,PROP1569,Water Storage Tank
AMN03327,PROP1569,Terrace Access
AMN03328,PROP1569,Solar Water Heater
AMN03329,PROP1569,Private Garden
AMN03330,PROP1569,CCTV Security
AMN03331,PROP1570,CCTV Security
AMN03332,PROP1570,Private Garden
AMN03333,PROP1570,24x7 Power Backup
AMN03334,PROP1571,Gym / Fitness Center
AMN03335,PROP1571,Fire Safety System
AMN03336,PROP1571,Park / Garden
AMN03337,PROP1571,Club House
AMN03338,PROP1571,Covered Parking
AMN03339,PROP1571,EV Charging Point
AMN03340,PROP1572,Covered Parking
AMN03341,PROP1572,Gym / Fitness Center
AMN03342,PROP1572,Children's Play Area
AMN03343,PROP1572,Fire Safety System
AMN03344,PROP1572,Club House
AMN03345,PROP1573,Intercom
AMN03346,PROP1573,Children's Play Area
AMN03347,PROP1573,24x7 Power Backup
AMN03348,PROP1573,EV Charging Point
AMN03349,PROP1573,Swimming Pool
AMN03350,PROP1573,Park / Garden
AMN03351,PROP1573,Club House
AMN03352,PROP1573,Covered Parking
AMN03353,PROP1574,Gated Security
AMN03354,PROP1574,Intercom
AMN03355,PROP1574,EV Charging Point
AMN03356,PROP1574,Fire Safety System
AMN03357,PROP1574,24x7 Power Backup
AMN03358,PROP1575,EV Charging Point
AMN03359,PROP1575,Children's Play Area
AMN03360,PROP1575,Fire Safety System
AMN03361,PROP1575,Park / Garden
AMN03362,PROP1575,Club House
AMN03363,PROP1576,Intercom
AMN03364,PROP1576,Elevator / Lift
AMN03365,PROP1576,Fire Safety System
AMN03366,PROP1576,Covered Parking
AMN03367,PROP1576,24x7 Power Backup
AMN03368,PROP1576,Children's Play Area
AMN03369,PROP1576,Gym / Fitness Center
AMN03370,PROP1576,Swimming Pool
AMN03371,PROP1577,Park / Garden
AMN03372,PROP1577,Swimming Pool
AMN03373,PROP1577,Covered Parking
AMN03374,PROP1577,Children's Play Area
AMN03375,PROP1577,Gated Security
AMN03376,PROP1577,Elevator / Lift
AMN03377,PROP1577,Fire Safety System
AMN03378,PROP1577,EV Charging Point
AMN03379,PROP1578,Covered Parking
AMN03380,PROP1578,Intercom
AMN03381,PROP1578,Children's Play Area
AMN03382,PROP1578,EV Charging Point
AMN03383,PROP1578,Elevator / Lift
AMN03384,PROP1578,Swimming Pool
AMN03385,PROP1579,CCTV / 24x7 Security
AMN03386,PROP1579,Attached Bathroom
AMN03387,PROP1579,Daily Housekeeping
AMN03388,PROP1579,Refrigerator
AMN03389,PROP1579,Power Backup
AMN03390,PROP1580,Terrace Access
AMN03391,PROP1580,Water Storage Tank
AMN03392,PROP1580,Solar Water Heater
AMN03393,PROP1581,EV Charging Point
AMN03394,PROP1581,Gated Security
AMN03395,PROP1581,24x7 Power Backup
AMN03396,PROP1581,Swimming Pool
AMN03397,PROP1581,Fire Safety System
AMN03398,PROP1582,Fire Safety System
AMN03399,PROP1582,EV Charging Point
AMN03400,PROP1582,Gym / Fitness Center
AMN03401,PROP1582,Covered Parking
AMN03402,PROP1583,Covered Parking
AMN03403,PROP1583,24x7 Power Backup
AMN03404,PROP1583,EV Charging Point
AMN03405,PROP1583,Fire Safety System
AMN03406,PROP1583,Gym / Fitness Center
AMN03407,PROP1583,Gated Security
AMN03408,PROP1584,Park / Garden
AMN03409,PROP1584,Swimming Pool
AMN03410,PROP1584,Club House
AMN03411,PROP1584,Gated Security
AMN03412,PROP1585,Gated Security
AMN03413,PROP1585,Children's Play Area
AMN03414,PROP1585,Covered Parking
AMN03415,PROP1585,Fire Safety System
AMN03416,PROP1585,24x7 Power Backup
AMN03417,PROP1585,Club House
AMN03418,PROP1585,Park / Garden
AMN03419,PROP1586,24x7 Power Backup
AMN03420,PROP1586,Park / Garden
AMN03421,PROP1586,Covered Parking
AMN03422,PROP1586,Fire Safety System
AMN03423,PROP1586,Children's Play Area
AMN03424,PROP1586,Club House
AMN03425,PROP1586,EV Charging Point
AMN03426,PROP1586,Gym / Fitness Center
AMN03427,PROP1587,Park / Garden
AMN03428,PROP1587,24x7 Power Backup
AMN03429,PROP1587,Club House
AMN03430,PROP1587,Elevator / Lift
AMN03431,PROP1587,Gated Security
AMN03432,PROP1587,Swimming Pool
AMN03433,PROP1588,Elevator / Lift
AMN03434,PROP1588,Gym / Fitness Center
AMN03435,PROP1588,Intercom
AMN03436,PROP1588,Swimming Pool
AMN03437,PROP1589,Attached Bathroom
AMN03438,PROP1589,Washing Machine
AMN03439,PROP1589,Power Backup
AMN03440,PROP1589,Microwave
AMN03441,PROP1589,CCTV / 24x7 Security
AMN03442,PROP1589,High-Speed WiFi
AMN03443,PROP1589,Study Table
AMN03444,PROP1590,24x7 Power Backup
AMN03445,PROP1590,Covered Parking
AMN03446,PROP1590,EV Charging Point
AMN03447,PROP1590,Gated Security
AMN03448,PROP1590,Fire Safety System
AMN03449,PROP1591,Swimming Pool
AMN03450,PROP1591,Gated Security
AMN03451,PROP1591,Intercom
AMN03452,PROP1591,Gym / Fitness Center
AMN03453,PROP1591,Park / Garden
AMN03454,PROP1591,24x7 Power Backup
AMN03455,PROP1592,Swimming Pool
AMN03456,PROP1592,24x7 Power Backup
AMN03457,PROP1592,Gym / Fitness Center
AMN03458,PROP1592,Covered Parking
AMN03459,PROP1592,Elevator / Lift
AMN03460,PROP1592,Children's Play Area
AMN03461,PROP1593,EV Charging Point
AMN03462,PROP1593,24x7 Power Backup
AMN03463,PROP1593,Club House
AMN03464,PROP1593,Fire Safety System
AMN03465,PROP1593,Swimming Pool
AMN03466,PROP1593,Children's Play Area
AMN03467,PROP1594,Children's Play Area
AMN03468,PROP1594,Gym / Fitness Center
AMN03469,PROP1594,Swimming Pool
AMN03470,PROP1594,24x7 Power Backup
AMN03471,PROP1594,Club House
AMN03472,PROP1594,Elevator / Lift
AMN03473,PROP1595,CCTV / 24x7 Security
AMN03474,PROP1595,Geyser
AMN03475,PROP1595,Microwave
AMN03476,PROP1595,Study Table
AMN03477,PROP1595,Washing Machine
AMN03478,PROP1596,Park / Garden
AMN03479,PROP1596,Fire Safety System
AMN03480,PROP1596,Children's Play Area
AMN03481,PROP1596,EV Charging Point
AMN03482,PROP1596,Gated Security
AMN03483,PROP1597,RO Drinking Water
AMN03484,PROP1597,Study Table
AMN03485,PROP1597,Air Conditioner
AMN03486,PROP1597,Washing Machine
AMN03487,PROP1597,CCTV / 24x7 Security
AMN03488,PROP1597,Daily Housekeeping
AMN03489,PROP1598,Elevator / Lift
AMN03490,PROP1598,Fire Safety System
AMN03491,PROP1598,EV Charging Point
AMN03492,PROP1598,Children's Play Area
AMN03493,PROP1598,Club House
AMN03494,PROP1598,Swimming Pool
AMN03495,PROP1599,EV Charging Point
AMN03496,PROP1599,Park / Garden
AMN03497,PROP1599,24x7 Power Backup
AMN03498,PROP1599,Club House
AMN03499,PROP1599,Gym / Fitness Center
AMN03500,PROP1600,Club House
AMN03501,PROP1600,EV Charging Point
AMN03502,PROP1600,24x7 Power Backup
AMN03503,PROP1600,Park / Garden
AMN03504,PROP1600,Covered Parking
AMN03505,PROP1601,Park / Garden
AMN03506,PROP1601,Fire Safety System
AMN03507,PROP1601,Gated Security
AMN03508,PROP1601,Swimming Pool
AMN03509,PROP1602,Water Storage Tank
AMN03510,PROP1602,Solar Water Heater
AMN03511,PROP1602,Terrace Access
AMN03512,PROP1602,Covered Parking
AMN03513,PROP1602,24x7 Power Backup
AMN03514,PROP1603,Fire Safety System
AMN03515,PROP1603,Club House
AMN03516,PROP1603,Gym / Fitness Center
AMN03517,PROP1603,Elevator / Lift
AMN03518,PROP1603,24x7 Power Backup
AMN03519,PROP1603,Swimming Pool
AMN03520,PROP1603,Park / Garden
AMN03521,PROP1603,EV Charging Point
AMN03522,PROP1604,Refrigerator
AMN03523,PROP1604,Microwave
AMN03524,PROP1604,Power Backup
AMN03525,PROP1604,Attached Bathroom
AMN03526,PROP1604,Study Table
AMN03527,PROP1605,Park / Garden
AMN03528,PROP1605,Fire Safety System
AMN03529,PROP1605,Gym / Fitness Center
AMN03530,PROP1605,Elevator / Lift
AMN03531,PROP1605,Children's Play Area
AMN03532,PROP1606,RO Drinking Water
AMN03533,PROP1606,Daily Housekeeping
AMN03534,PROP1606,Washing Machine
AMN03535,PROP1606,CCTV / 24x7 Security
AMN03536,PROP1606,Study Table
AMN03537,PROP1606,High-Speed WiFi
AMN03538,PROP1606,Attached Bathroom
AMN03539,PROP1607,Gated Security
AMN03540,PROP1607,Elevator / Lift
AMN03541,PROP1607,EV Charging Point
AMN03542,PROP1607,Covered Parking
AMN03543,PROP1607,Intercom
AMN03544,PROP1607,Children's Play Area
AMN03545,PROP1608,EV Charging Point
AMN03546,PROP1608,Club House
AMN03547,PROP1608,Fire Safety System
AMN03548,PROP1608,Intercom
AMN03549,PROP1608,Gym / Fitness Center
AMN03550,PROP1608,Swimming Pool
AMN03551,PROP1608,Children's Play Area
AMN03552,PROP1608,Gated Security
AMN03553,PROP1609,Intercom
AMN03554,PROP1609,Club House
AMN03555,PROP1609,Gated Security
AMN03556,PROP1609,Swimming Pool
AMN03557,PROP1610,Children's Play Area
AMN03558,PROP1610,Elevator / Lift
AMN03559,PROP1610,EV Charging Point
AMN03560,PROP1610,Covered Parking
AMN03561,PROP1610,Gym / Fitness Center
AMN03562,PROP1610,Swimming Pool
AMN03563,PROP1611,Attached Bathroom
AMN03564,PROP1611,Microwave
AMN03565,PROP1611,Washing Machine
AMN03566,PROP1611,RO Drinking Water
AMN03567,PROP1612,CCTV / 24x7 Security
AMN03568,PROP1612,Refrigerator
AMN03569,PROP1612,Daily Housekeeping
AMN03570,PROP1612,RO Drinking Water
AMN03571,PROP1612,Air Conditioner
AMN03572,PROP1613,Elevator / Lift
AMN03573,PROP1613,EV Charging Point
AMN03574,PROP1613,Fire Safety System
AMN03575,PROP1613,Park / Garden
AMN03576,PROP1614,EV Charging Point
AMN03577,PROP1614,Gated Security
AMN03578,PROP1614,Covered Parking
AMN03579,PROP1614,Swimming Pool
AMN03580,PROP1614,Park / Garden
AMN03581,PROP1615,Power Backup
AMN03582,PROP1615,Study Table
AMN03583,PROP1615,Attached Bathroom
AMN03584,PROP1615,High-Speed WiFi
AMN03585,PROP1615,Microwave
AMN03586,PROP1615,Refrigerator
AMN03587,PROP1615,Daily Housekeeping
AMN03588,PROP1615,Geyser
AMN03589,PROP1616,Private Garden
AMN03590,PROP1616,Solar Water Heater
AMN03591,PROP1616,CCTV Security
AMN03592,PROP1616,Covered Parking
AMN03593,PROP1616,Water Storage Tank
AMN03594,PROP1616,24x7 Power Backup
AMN03595,PROP1617,Elevator / Lift
AMN03596,PROP1617,Gym / Fitness Center
AMN03597,PROP1617,Swimming Pool
AMN03598,PROP1617,Gated Security
AMN03599,PROP1617,EV Charging Point
AMN03600,PROP1617,Intercom
AMN03601,PROP1617,Club House
AMN03602,PROP1618,Park / Garden
AMN03603,PROP1618,EV Charging Point
AMN03604,PROP1618,Intercom
AMN03605,PROP1618,Club House
AMN03606,PROP1618,Gym / Fitness Center
AMN03607,PROP1619,Elevator / Lift
AMN03608,PROP1619,Park / Garden
AMN03609,PROP1619,EV Charging Point
AMN03610,PROP1619,24x7 Power Backup
AMN03611,PROP1619,Swimming Pool
AMN03612,PROP1619,Fire Safety System
AMN03613,PROP1620,Covered Parking
AMN03614,PROP1620,Swimming Pool
AMN03615,PROP1620,Intercom
AMN03616,PROP1620,Park / Garden
AMN03617,PROP1621,Park / Garden
AMN03618,PROP1621,24x7 Power Backup
AMN03619,PROP1621,Gym / Fitness Center
AMN03620,PROP1621,Elevator / Lift
AMN03621,PROP1621,Covered Parking
AMN03622,PROP1622,Intercom
AMN03623,PROP1622,24x7 Power Backup
AMN03624,PROP1622,EV Charging Point
AMN03625,PROP1622,Elevator / Lift
AMN03626,PROP1622,Gym / Fitness Center
AMN03627,PROP1622,Club House
AMN03628,PROP1622,Gated Security
AMN03629,PROP1622,Covered Parking
AMN03630,PROP1623,Intercom
AMN03631,PROP1623,Gated Security
AMN03632,PROP1623,Children's Play Area
AMN03633,PROP1623,Covered Parking
AMN03634,PROP1623,EV Charging Point
AMN03635,PROP1623,24x7 Power Backup
AMN03636,PROP1623,Swimming Pool
AMN03637,PROP1624,Children's Play Area
AMN03638,PROP1624,Park / Garden
AMN03639,PROP1624,EV Charging Point
AMN03640,PROP1624,24x7 Power Backup
AMN03641,PROP1624,Gated Security
AMN03642,PROP1624,Intercom
AMN03643,PROP1624,Gym / Fitness Center
AMN03644,PROP1625,24x7 Power Backup
AMN03645,PROP1625,Club House
AMN03646,PROP1625,Park / Garden
AMN03647,PROP1625,Intercom
AMN03648,PROP1625,Gated Security
AMN03649,PROP1626,Fire Safety System
AMN03650,PROP1626,Covered Parking
AMN03651,PROP1626,Park / Garden
AMN03652,PROP1626,Intercom
AMN03653,PROP1627,Air Conditioner
AMN03654,PROP1627,Microwave
AMN03655,PROP1627,RO Drinking Water
AMN03656,PROP1627,CCTV / 24x7 Security
AMN03657,PROP1628,Gym / Fitness Center
AMN03658,PROP1628,Gated Security
AMN03659,PROP1628,Park / Garden
AMN03660,PROP1628,Club House
AMN03661,PROP1629,Gated Security
AMN03662,PROP1629,Park / Garden
AMN03663,PROP1629,Children's Play Area
AMN03664,PROP1629,Club House
AMN03665,PROP1629,Fire Safety System
AMN03666,PROP1629,Elevator / Lift
AMN03667,PROP1629,24x7 Power Backup
AMN03668,PROP1629,Swimming Pool
AMN03669,PROP1630,Elevator / Lift
AMN03670,PROP1630,Gym / Fitness Center
AMN03671,PROP1630,Children's Play Area
AMN03672,PROP1630,Intercom
AMN03673,PROP1630,Fire Safety System
AMN03674,PROP1630,EV Charging Point
AMN03675,PROP1630,Gated Security
AMN03676,PROP1630,Club House
AMN03677,PROP1631,Fire Safety System
AMN03678,PROP1631,Gym / Fitness Center
AMN03679,PROP1631,24x7 Power Backup
AMN03680,PROP1631,Swimming Pool
AMN03681,PROP1631,Elevator / Lift
AMN03682,PROP1631,Gated Security
AMN03683,PROP1631,Children's Play Area
AMN03684,PROP1632,24x7 Power Backup
AMN03685,PROP1632,Pet Friendly
AMN03686,PROP1632,Water Storage Tank
AMN03687,PROP1633,Park / Garden
AMN03688,PROP1633,EV Charging Point
AMN03689,PROP1633,Covered Parking
AMN03690,PROP1633,Gym / Fitness Center
AMN03691,PROP1633,Gated Security
AMN03692,PROP1633,Children's Play Area
AMN03693,PROP1633,Fire Safety System
AMN03694,PROP1633,Elevator / Lift
AMN03695,PROP1634,Park / Garden
AMN03696,PROP1634,Gated Security
AMN03697,PROP1634,24x7 Power Backup
AMN03698,PROP1634,Fire Safety System
AMN03699,PROP1634,Club House
AMN03700,PROP1634,Intercom
AMN03701,PROP1634,Gym / Fitness Center
AMN03702,PROP1635,Study Table
AMN03703,PROP1635,Air Conditioner
AMN03704,PROP1635,Microwave
AMN03705,PROP1635,Attached Bathroom
AMN03706,PROP1636,Covered Parking
AMN03707,PROP1636,Gym / Fitness Center
AMN03708,PROP1636,Elevator / Lift
AMN03709,PROP1636,Park / Garden
AMN03710,PROP1636,Fire Safety System
AMN03711,PROP1636,24x7 Power Backup
AMN03712,PROP1636,Children's Play Area
AMN03713,PROP1636,Club House
AMN03714,PROP1637,Park / Garden
AMN03715,PROP1637,Intercom
AMN03716,PROP1637,EV Charging Point
AMN03717,PROP1637,Swimming Pool
AMN03718,PROP1638,Children's Play Area
AMN03719,PROP1638,Swimming Pool
AMN03720,PROP1638,Covered Parking
AMN03721,PROP1638,Gym / Fitness Center
AMN03722,PROP1639,Air Conditioner
AMN03723,PROP1639,CCTV / 24x7 Security
AMN03724,PROP1639,Study Table
AMN03725,PROP1639,Refrigerator
AMN03726,PROP1639,RO Drinking Water
AMN03727,PROP1639,Washing Machine
AMN03728,PROP1640,Daily Housekeeping
AMN03729,PROP1640,Attached Bathroom
AMN03730,PROP1640,Washing Machine
AMN03731,PROP1640,Microwave
AMN03732,PROP1641,Solar Water Heater
AMN03733,PROP1641,CCTV Security
AMN03734,PROP1641,Covered Parking
AMN03735,PROP1641,Terrace Access
AMN03736,PROP1641,Pet Friendly
AMN03737,PROP1642,Park / Garden
AMN03738,PROP1642,Covered Parking
AMN03739,PROP1642,Club House
AMN03740,PROP1642,Gym / Fitness Center
AMN03741,PROP1642,Gated Security
AMN03742,PROP1642,Fire Safety System
AMN03743,PROP1642,EV Charging Point
AMN03744,PROP1643,Club House
AMN03745,PROP1643,Children's Play Area
AMN03746,PROP1643,24x7 Power Backup
AMN03747,PROP1643,Intercom
AMN03748,PROP1643,Fire Safety System
AMN03749,PROP1643,Elevator / Lift
AMN03750,PROP1643,Gated Security
AMN03751,PROP1643,Gym / Fitness Center
AMN03752,PROP1644,Park / Garden
AMN03753,PROP1644,Elevator / Lift
AMN03754,PROP1644,Swimming Pool
AMN03755,PROP1644,Children's Play Area
AMN03756,PROP1644,EV Charging Point
AMN03757,PROP1644,Intercom
AMN03758,PROP1644,Fire Safety System
AMN03759,PROP1645,Elevator / Lift
AMN03760,PROP1645,24x7 Power Backup
AMN03761,PROP1645,Club House
AMN03762,PROP1645,EV Charging Point
AMN03763,PROP1646,EV Charging Point
AMN03764,PROP1646,Swimming Pool
AMN03765,PROP1646,Children's Play Area
AMN03766,PROP1646,Gated Security
AMN03767,PROP1646,Park / Garden
AMN03768,PROP1647,Fire Safety System
AMN03769,PROP1647,Club House
AMN03770,PROP1647,Swimming Pool
AMN03771,PROP1647,EV Charging Point
AMN03772,PROP1648,Daily Housekeeping
AMN03773,PROP1648,Attached Bathroom
AMN03774,PROP1648,Power Backup
AMN03775,PROP1648,Geyser
AMN03776,PROP1648,CCTV / 24x7 Security
AMN03777,PROP1648,Refrigerator
AMN03778,PROP1649,Club House
AMN03779,PROP1649,Gym / Fitness Center
AMN03780,PROP1649,Swimming Pool
AMN03781,PROP1649,Elevator / Lift
AMN03782,PROP1649,Park / Garden
AMN03783,PROP1649,24x7 Power Backup
AMN03784,PROP1649,Children's Play Area
AMN03785,PROP1649,Gated Security
AMN03786,PROP1650,Swimming Pool
AMN03787,PROP1650,Fire Safety System
AMN03788,PROP1650,EV Charging Point
AMN03789,PROP1650,Children's Play Area
AMN03790,PROP1650,Gym / Fitness Center
AMN03791,PROP1651,24x7 Power Backup
AMN03792,PROP1651,EV Charging Point
AMN03793,PROP1651,Elevator / Lift
AMN03794,PROP1651,Covered Parking
AMN03795,PROP1652,Covered Parking
AMN03796,PROP1652,Elevator / Lift
AMN03797,PROP1652,Children's Play Area
AMN03798,PROP1652,Park / Garden
AMN03799,PROP1652,EV Charging Point
AMN03800,PROP1652,Club House
AMN03801,PROP1652,Gym / Fitness Center
AMN03802,PROP1652,Swimming Pool
AMN03803,PROP1653,Washing Machine
AMN03804,PROP1653,Air Conditioner
AMN03805,PROP1653,RO Drinking Water
AMN03806,PROP1653,Power Backup
AMN03807,PROP1653,High-Speed WiFi
AMN03808,PROP1653,Study Table
AMN03809,PROP1653,Refrigerator
AMN03810,PROP1653,CCTV / 24x7 Security
AMN03811,PROP1654,Solar Water Heater
AMN03812,PROP1654,24x7 Power Backup
AMN03813,PROP1654,Water Storage Tank
AMN03814,PROP1655,24x7 Power Backup
AMN03815,PROP1655,Intercom
AMN03816,PROP1655,Elevator / Lift
AMN03817,PROP1655,Children's Play Area
AMN03818,PROP1655,Covered Parking
AMN03819,PROP1655,Park / Garden
AMN03820,PROP1655,EV Charging Point
AMN03821,PROP1656,24x7 Power Backup
AMN03822,PROP1656,Children's Play Area
AMN03823,PROP1656,EV Charging Point
AMN03824,PROP1656,Club House
AMN03825,PROP1656,Gym / Fitness Center
AMN03826,PROP1656,Intercom
AMN03827,PROP1656,Elevator / Lift
AMN03828,PROP1656,Fire Safety System
AMN03829,PROP1657,Children's Play Area
AMN03830,PROP1657,Fire Safety System
AMN03831,PROP1657,Gym / Fitness Center
AMN03832,PROP1657,Elevator / Lift
AMN03833,PROP1657,Gated Security
AMN03834,PROP1657,24x7 Power Backup
AMN03835,PROP1657,Swimming Pool
AMN03836,PROP1657,Park / Garden
AMN03837,PROP1658,Club House
AMN03838,PROP1658,Elevator / Lift
AMN03839,PROP1658,Gym / Fitness Center
AMN03840,PROP1658,Park / Garden
AMN03841,PROP1658,Swimming Pool
AMN03842,PROP1658,Gated Security
AMN03843,PROP1658,Covered Parking
AMN03844,PROP1659,Intercom
AMN03845,PROP1659,Gated Security
AMN03846,PROP1659,EV Charging Point
AMN03847,PROP1659,Swimming Pool
AMN03848,PROP1659,Gym / Fitness Center
AMN03849,PROP1660,Elevator / Lift
AMN03850,PROP1660,Covered Parking
AMN03851,PROP1660,Gym / Fitness Center
AMN03852,PROP1660,Gated Security
AMN03853,PROP1660,Fire Safety System
AMN03854,PROP1661,Attached Bathroom
AMN03855,PROP1661,CCTV / 24x7 Security
AMN03856,PROP1661,Geyser
AMN03857,PROP1661,Washing Machine
AMN03858,PROP1661,Study Table
AMN03859,PROP1661,Refrigerator
AMN03860,PROP1661,Air Conditioner
AMN03861,PROP1661,High-Speed WiFi
AMN03862,PROP1662,Covered Parking
AMN03863,PROP1662,Swimming Pool
AMN03864,PROP1662,Club House
AMN03865,PROP1662,Elevator / Lift
AMN03866,PROP1662,24x7 Power Backup
AMN03867,PROP1663,Club House
AMN03868,PROP1663,Children's Play Area
AMN03869,PROP1663,EV Charging Point
AMN03870,PROP1663,Intercom
AMN03871,PROP1663,Fire Safety System
AMN03872,PROP1663,Gym / Fitness Center
AMN03873,PROP1664,CCTV / 24x7 Security
AMN03874,PROP1664,Microwave
AMN03875,PROP1664,Refrigerator
AMN03876,PROP1664,RO Drinking Water
AMN03877,PROP1665,Gym / Fitness Center
AMN03878,PROP1665,Club House
AMN03879,PROP1665,Children's Play Area
AMN03880,PROP1665,Park / Garden
AMN03881,PROP1665,Elevator / Lift
AMN03882,PROP1665,Gated Security
AMN03883,PROP1665,Intercom
AMN03884,PROP1665,Swimming Pool
AMN03885,PROP1666,Park / Garden
AMN03886,PROP1666,Club House
AMN03887,PROP1666,Elevator / Lift
AMN03888,PROP1666,Gym / Fitness Center
AMN03889,PROP1666,Intercom
AMN03890,PROP1666,Children's Play Area
AMN03891,PROP1666,Fire Safety System
AMN03892,PROP1667,Park / Garden
AMN03893,PROP1667,Gated Security
AMN03894,PROP1667,24x7 Power Backup
AMN03895,PROP1667,Fire Safety System
AMN03896,PROP1667,Gym / Fitness Center
AMN03897,PROP1667,Elevator / Lift
AMN03898,PROP1667,Intercom
AMN03899,PROP1667,EV Charging Point
AMN03900,PROP1668,Fire Safety System
AMN03901,PROP1668,Club House
AMN03902,PROP1668,Park / Garden
AMN03903,PROP1668,Gated Security
AMN03904,PROP1668,EV Charging Point
AMN03905,PROP1668,Swimming Pool
AMN03906,PROP1669,Fire Safety System
AMN03907,PROP1669,Park / Garden
AMN03908,PROP1669,Intercom
AMN03909,PROP1669,Elevator / Lift
AMN03910,PROP1669,Gated Security
AMN03911,PROP1669,24x7 Power Backup
AMN03912,PROP1670,Power Backup
AMN03913,PROP1670,RO Drinking Water
AMN03914,PROP1670,Washing Machine
AMN03915,PROP1670,Daily Housekeeping
AMN03916,PROP1671,24x7 Power Backup
AMN03917,PROP1671,Fire Safety System
AMN03918,PROP1671,EV Charging Point
AMN03919,PROP1671,Elevator / Lift
AMN03920,PROP1671,Covered Parking
AMN03921,PROP1671,Intercom
AMN03922,PROP1671,Swimming Pool
AMN03923,PROP1672,24x7 Power Backup
AMN03924,PROP1672,Club House
AMN03925,PROP1672,Park / Garden
AMN03926,PROP1672,Gym / Fitness Center
AMN03927,PROP1673,Washing Machine
AMN03928,PROP1673,RO Drinking Water
AMN03929,PROP1673,Microwave
AMN03930,PROP1673,Study Table
AMN03931,PROP1673,Geyser
AMN03932,PROP1673,CCTV / 24x7 Security
AMN03933,PROP1673,Daily Housekeeping
AMN03934,PROP1674,High-Speed WiFi
AMN03935,PROP1674,Study Table
AMN03936,PROP1674,CCTV / 24x7 Security
AMN03937,PROP1674,Refrigerator
AMN03938,PROP1674,Geyser
AMN03939,PROP1675,Club House
AMN03940,PROP1675,Intercom
AMN03941,PROP1675,Elevator / Lift
AMN03942,PROP1675,Gym / Fitness Center
AMN03943,PROP1675,EV Charging Point
AMN03944,PROP1675,Fire Safety System
AMN03945,PROP1675,Gated Security
AMN03946,PROP1675,Swimming Pool
AMN03947,PROP1676,Gated Security
AMN03948,PROP1676,Intercom
AMN03949,PROP1676,EV Charging Point
AMN03950,PROP1676,Club House
AMN03951,PROP1676,Children's Play Area
AMN03952,PROP1676,Swimming Pool
AMN03953,PROP1676,Park / Garden
AMN03954,PROP1676,24x7 Power Backup
AMN03955,PROP1677,Club House
AMN03956,PROP1677,Children's Play Area
AMN03957,PROP1677,Gated Security
AMN03958,PROP1677,Fire Safety System
AMN03959,PROP1677,Gym / Fitness Center
AMN03960,PROP1677,Elevator / Lift
AMN03961,PROP1677,Covered Parking
AMN03962,PROP1678,CCTV / 24x7 Security
AMN03963,PROP1678,Washing Machine
AMN03964,PROP1678,Geyser
AMN03965,PROP1678,Attached Bathroom
AMN03966,PROP1678,High-Speed WiFi
AMN03967,PROP1679,Elevator / Lift
AMN03968,PROP1679,Club House
AMN03969,PROP1679,Covered Parking
AMN03970,PROP1679,Gated Security
AMN03971,PROP1679,EV Charging Point
AMN03972,PROP1679,Fire Safety System
AMN03973,PROP1679,24x7 Power Backup
AMN03974,PROP1680,Children's Play Area
AMN03975,PROP1680,Swimming Pool
AMN03976,PROP1680,Gated Security
AMN03977,PROP1680,Intercom
AMN03978,PROP1680,Park / Garden
AMN03979,PROP1680,EV Charging Point
AMN03980,PROP1680,24x7 Power Backup
AMN03981,PROP1680,Fire Safety System
AMN03982,PROP1681,Gated Security
AMN03983,PROP1681,Swimming Pool
AMN03984,PROP1681,Club House
AMN03985,PROP1681,24x7 Power Backup
AMN03986,PROP1681,Fire Safety System
AMN03987,PROP1681,Children's Play Area
AMN03988,PROP1681,Intercom
AMN03989,PROP1682,Fire Safety System
AMN03990,PROP1682,EV Charging Point
AMN03991,PROP1682,Club House
AMN03992,PROP1682,Park / Garden
AMN03993,PROP1682,Intercom
AMN03994,PROP1682,Swimming Pool
AMN03995,PROP1682,24x7 Power Backup
AMN03996,PROP1682,Covered Parking
AMN03997,PROP1683,Daily Housekeeping
AMN03998,PROP1683,Microwave
AMN03999,PROP1683,Geyser
AMN04000,PROP1683,Refrigerator
AMN04001,PROP1683,Washing Machine
AMN04002,PROP1683,CCTV / 24x7 Security
AMN04003,PROP1684,Children's Play Area
AMN04004,PROP1684,Covered Parking
AMN04005,PROP1684,Gym / Fitness Center
AMN04006,PROP1684,EV Charging Point
AMN04007,PROP1684,Intercom
AMN04008,PROP1685,Washing Machine
AMN04009,PROP1685,Study Table
AMN04010,PROP1685,Power Backup
AMN04011,PROP1685,Geyser
AMN04012,PROP1686,24x7 Power Backup
AMN04013,PROP1686,Gym / Fitness Center
AMN04014,PROP1686,Covered Parking
AMN04015,PROP1686,Elevator / Lift
AMN04016,PROP1686,Swimming Pool
AMN04017,PROP1687,Elevator / Lift
AMN04018,PROP1687,Children's Play Area
AMN04019,PROP1687,Fire Safety System
AMN04020,PROP1687,Covered Parking
AMN04021,PROP1687,EV Charging Point
AMN04022,PROP1687,Intercom
AMN04023,PROP1688,Covered Parking
AMN04024,PROP1688,Club House
AMN04025,PROP1688,Gated Security
AMN04026,PROP1688,24x7 Power Backup
AMN04027,PROP1688,Elevator / Lift
AMN04028,PROP1689,Air Conditioner
AMN04029,PROP1689,High-Speed WiFi
AMN04030,PROP1689,Daily Housekeeping
AMN04031,PROP1689,RO Drinking Water
AMN04032,PROP1689,Study Table
AMN04033,PROP1689,Geyser
AMN04034,PROP1690,Private Garden
AMN04035,PROP1690,Terrace Access
AMN04036,PROP1690,24x7 Power Backup
AMN04037,PROP1690,Water Storage Tank
AMN04038,PROP1691,Elevator / Lift
AMN04039,PROP1691,Gated Security
AMN04040,PROP1691,Club House
AMN04041,PROP1691,Children's Play Area
AMN04042,PROP1691,Gym / Fitness Center
AMN04043,PROP1692,Fire Safety System
AMN04044,PROP1692,Intercom
AMN04045,PROP1692,EV Charging Point
AMN04046,PROP1692,24x7 Power Backup
AMN04047,PROP1693,Swimming Pool
AMN04048,PROP1693,Children's Play Area
AMN04049,PROP1693,Covered Parking
AMN04050,PROP1693,Fire Safety System
AMN04051,PROP1693,24x7 Power Backup
AMN04052,PROP1693,Elevator / Lift
AMN04053,PROP1694,Covered Parking
AMN04054,PROP1694,Gym / Fitness Center
AMN04055,PROP1694,Club House
AMN04056,PROP1694,24x7 Power Backup
AMN04057,PROP1694,Gated Security
AMN04058,PROP1694,Elevator / Lift
AMN04059,PROP1695,Park / Garden
AMN04060,PROP1695,Elevator / Lift
AMN04061,PROP1695,Fire Safety System
AMN04062,PROP1695,Gym / Fitness Center
AMN04063,PROP1696,Swimming Pool
AMN04064,PROP1696,Gym / Fitness Center
AMN04065,PROP1696,Elevator / Lift
AMN04066,PROP1696,24x7 Power Backup
AMN04067,PROP1697,EV Charging Point
AMN04068,PROP1697,Covered Parking
AMN04069,PROP1697,Fire Safety System
AMN04070,PROP1697,Children's Play Area
AMN04071,PROP1697,Gym / Fitness Center
AMN04072,PROP1697,Intercom
AMN04073,PROP1698,Gym / Fitness Center
AMN04074,PROP1698,Elevator / Lift
AMN04075,PROP1698,Swimming Pool
AMN04076,PROP1698,Children's Play Area
AMN04077,PROP1699,Water Storage Tank
AMN04078,PROP1699,Solar Water Heater
AMN04079,PROP1699,Terrace Access
AMN04080,PROP1699,Private Garden
AMN04081,PROP1699,24x7 Power Backup
AMN04082,PROP1700,Club House
AMN04083,PROP1700,Covered Parking
AMN04084,PROP1700,Elevator / Lift
AMN04085,PROP1700,Park / Garden
AMN04086,PROP1700,Fire Safety System
AMN04087,PROP1701,Swimming Pool
AMN04088,PROP1701,Park / Garden
AMN04089,PROP1701,Gym / Fitness Center
AMN04090,PROP1701,Intercom
AMN04091,PROP1701,Children's Play Area
AMN04092,PROP1701,EV Charging Point
AMN04093,PROP1701,Elevator / Lift
AMN04094,PROP1702,Intercom
AMN04095,PROP1702,Gym / Fitness Center
AMN04096,PROP1702,24x7 Power Backup
AMN04097,PROP1702,Fire Safety System
AMN04098,PROP1702,EV Charging Point
AMN04099,PROP1702,Swimming Pool
AMN04100,PROP1702,Elevator / Lift
AMN04101,PROP1702,Children's Play Area
AMN04102,PROP1703,Covered Parking
AMN04103,PROP1703,EV Charging Point
AMN04104,PROP1703,Intercom
AMN04105,PROP1703,Gated Security
AMN04106,PROP1703,Gym / Fitness Center
AMN04107,PROP1703,Fire Safety System
AMN04108,PROP1703,Club House
AMN04109,PROP1704,Swimming Pool
AMN04110,PROP1704,Children's Play Area
AMN04111,PROP1704,24x7 Power Backup
AMN04112,PROP1704,Intercom
AMN04113,PROP1704,Gated Security
AMN04114,PROP1704,Park / Garden
AMN04115,PROP1704,Club House
AMN04116,PROP1704,Fire Safety System
AMN04117,PROP1705,Park / Garden
AMN04118,PROP1705,Club House
AMN04119,PROP1705,Children's Play Area
AMN04120,PROP1705,Gated Security
AMN04121,PROP1705,Fire Safety System
AMN04122,PROP1706,Microwave
AMN04123,PROP1706,Daily Housekeeping
AMN04124,PROP1706,High-Speed WiFi
AMN04125,PROP1706,Power Backup
AMN04126,PROP1706,Attached Bathroom
AMN04127,PROP1706,Air Conditioner
AMN04128,PROP1706,Refrigerator
AMN04129,PROP1706,Study Table
AMN04130,PROP1707,Daily Housekeeping
AMN04131,PROP1707,High-Speed WiFi
AMN04132,PROP1707,Refrigerator
AMN04133,PROP1707,Air Conditioner
AMN04134,PROP1707,Geyser
AMN04135,PROP1708,Club House
AMN04136,PROP1708,Covered Parking
AMN04137,PROP1708,Children's Play Area
AMN04138,PROP1708,Swimming Pool
AMN04139,PROP1708,24x7 Power Backup
AMN04140,PROP1708,EV Charging Point
AMN04141,PROP1708,Elevator / Lift
AMN04142,PROP1708,Intercom
AMN04143,PROP1709,Water Storage Tank
AMN04144,PROP1709,CCTV Security
AMN04145,PROP1709,Solar Water Heater
AMN04146,PROP1710,Study Table
AMN04147,PROP1710,Air Conditioner
AMN04148,PROP1710,CCTV / 24x7 Security
AMN04149,PROP1710,High-Speed WiFi
AMN04150,PROP1710,Washing Machine
AMN04151,PROP1710,Geyser
AMN04152,PROP1710,Attached Bathroom
AMN04153,PROP1710,Refrigerator
AMN04154,PROP1711,Swimming Pool
AMN04155,PROP1711,Intercom
AMN04156,PROP1711,24x7 Power Backup
AMN04157,PROP1711,Park / Garden
AMN04158,PROP1712,Gated Security
AMN04159,PROP1712,Swimming Pool
AMN04160,PROP1712,EV Charging Point
AMN04161,PROP1712,Intercom
AMN04162,PROP1712,Park / Garden
AMN04163,PROP1712,Club House
AMN04164,PROP1712,Children's Play Area
AMN04165,PROP1712,24x7 Power Backup
AMN04166,PROP1713,Gated Security
AMN04167,PROP1713,24x7 Power Backup
AMN04168,PROP1713,Park / Garden
AMN04169,PROP1713,Children's Play Area
AMN04170,PROP1713,Elevator / Lift
AMN04171,PROP1713,Intercom
AMN04172,PROP1713,Fire Safety System
AMN04173,PROP1713,Swimming Pool
AMN04174,PROP1714,Gym / Fitness Center
AMN04175,PROP1714,Intercom
AMN04176,PROP1714,Gated Security
AMN04177,PROP1714,EV Charging Point
AMN04178,PROP1714,Children's Play Area
AMN04179,PROP1715,Park / Garden
AMN04180,PROP1715,Elevator / Lift
AMN04181,PROP1715,Children's Play Area
AMN04182,PROP1715,Fire Safety System
AMN04183,PROP1715,Intercom
AMN04184,PROP1715,Gated Security
AMN04185,PROP1715,Gym / Fitness Center
AMN04186,PROP1715,Swimming Pool
AMN04187,PROP1716,Fire Safety System
AMN04188,PROP1716,Children's Play Area
AMN04189,PROP1716,Park / Garden
AMN04190,PROP1716,Swimming Pool
AMN04191,PROP1716,Intercom
AMN04192,PROP1716,Elevator / Lift
AMN04193,PROP1716,Club House
AMN04194,PROP1717,Solar Water Heater
AMN04195,PROP1717,24x7 Power Backup
AMN04196,PROP1717,CCTV Security
AMN04197,PROP1717,Water Storage Tank
AMN04198,PROP1717,Private Garden
AMN04199,PROP1718,Park / Garden
AMN04200,PROP1718,Covered Parking
AMN04201,PROP1718,Intercom
AMN04202,PROP1718,Gym / Fitness Center
AMN04203,PROP1718,Club House
AMN04204,PROP1718,EV Charging Point
AMN04205,PROP1719,Swimming Pool
AMN04206,PROP1719,Children's Play Area
AMN04207,PROP1719,Covered Parking
AMN04208,PROP1719,Club House
AMN04209,PROP1719,Gym / Fitness Center
AMN04210,PROP1720,CCTV / 24x7 Security
AMN04211,PROP1720,Power Backup
AMN04212,PROP1720,Microwave
AMN04213,PROP1720,Washing Machine
AMN04214,PROP1720,Study Table
AMN04215,PROP1720,Attached Bathroom
AMN04216,PROP1720,Daily Housekeeping
AMN04217,PROP1721,24x7 Power Backup
AMN04218,PROP1721,Park / Garden
AMN04219,PROP1721,Gated Security
AMN04220,PROP1721,Swimming Pool
AMN04221,PROP1721,Fire Safety System
AMN04222,PROP1721,Children's Play Area
AMN04223,PROP1722,Gym / Fitness Center
AMN04224,PROP1722,Elevator / Lift
AMN04225,PROP1722,Park / Garden
AMN04226,PROP1722,24x7 Power Backup
AMN04227,PROP1722,Club House
AMN04228,PROP1722,Covered Parking
AMN04229,PROP1722,Children's Play Area
AMN04230,PROP1723,24x7 Power Backup
AMN04231,PROP1723,Covered Parking
AMN04232,PROP1723,Children's Play Area
AMN04233,PROP1723,Park / Garden
AMN04234,PROP1723,Gated Security
AMN04235,PROP1723,Swimming Pool
AMN04236,PROP1723,EV Charging Point
AMN04237,PROP1724,Fire Safety System
AMN04238,PROP1724,EV Charging Point
AMN04239,PROP1724,Park / Garden
AMN04240,PROP1724,Covered Parking
AMN04241,PROP1724,Gated Security
AMN04242,PROP1725,High-Speed WiFi
AMN04243,PROP1725,CCTV / 24x7 Security
AMN04244,PROP1725,Attached Bathroom
AMN04245,PROP1725,Power Backup
AMN04246,PROP1725,Microwave
AMN04247,PROP1725,Washing Machine
AMN04248,PROP1725,Geyser
AMN04249,PROP1725,Daily Housekeeping
AMN04250,PROP1726,Geyser
AMN04251,PROP1726,Refrigerator
AMN04252,PROP1726,Microwave
AMN04253,PROP1726,Attached Bathroom
AMN04254,PROP1726,Daily Housekeeping
AMN04255,PROP1726,Study Table
AMN04256,PROP1726,RO Drinking Water
AMN04257,PROP1727,Gym / Fitness Center
AMN04258,PROP1727,Fire Safety System
AMN04259,PROP1727,Children's Play Area
AMN04260,PROP1727,24x7 Power Backup
AMN04261,PROP1727,Elevator / Lift
AMN04262,PROP1727,Club House
AMN04263,PROP1727,Park / Garden
AMN04264,PROP1728,Washing Machine
AMN04265,PROP1728,Daily Housekeeping
AMN04266,PROP1728,Air Conditioner
AMN04267,PROP1728,Attached Bathroom
AMN04268,PROP1728,Refrigerator
AMN04269,PROP1728,Geyser
AMN04270,PROP1728,CCTV / 24x7 Security
AMN04271,PROP1729,Geyser
AMN04272,PROP1729,Attached Bathroom
AMN04273,PROP1729,RO Drinking Water
AMN04274,PROP1729,Study Table
AMN04275,PROP1729,Air Conditioner
AMN04276,PROP1730,Intercom
AMN04277,PROP1730,Park / Garden
AMN04278,PROP1730,Fire Safety System
AMN04279,PROP1730,Swimming Pool
AMN04280,PROP1730,EV Charging Point
AMN04281,PROP1731,CCTV / 24x7 Security
AMN04282,PROP1731,Microwave
AMN04283,PROP1731,Refrigerator
AMN04284,PROP1731,Daily Housekeeping
AMN04285,PROP1731,Attached Bathroom
AMN04286,PROP1731,Study Table
AMN04287,PROP1731,RO Drinking Water
AMN04288,PROP1732,Swimming Pool
AMN04289,PROP1732,Children's Play Area
AMN04290,PROP1732,EV Charging Point
AMN04291,PROP1732,Covered Parking
AMN04292,PROP1732,Club House
AMN04293,PROP1732,24x7 Power Backup
AMN04294,PROP1733,Covered Parking
AMN04295,PROP1733,24x7 Power Backup
AMN04296,PROP1733,Private Garden
AMN04297,PROP1733,Terrace Access
AMN04298,PROP1733,Pet Friendly
AMN04299,PROP1733,Water Storage Tank
AMN04300,PROP1734,24x7 Power Backup
AMN04301,PROP1734,Covered Parking
AMN04302,PROP1734,Swimming Pool
AMN04303,PROP1734,Gym / Fitness Center
AMN04304,PROP1735,Covered Parking
AMN04305,PROP1735,Children's Play Area
AMN04306,PROP1735,24x7 Power Backup
AMN04307,PROP1735,Club House
AMN04308,PROP1735,Elevator / Lift
AMN04309,PROP1735,Swimming Pool
AMN04310,PROP1736,Study Table
AMN04311,PROP1736,Attached Bathroom
AMN04312,PROP1736,RO Drinking Water
AMN04313,PROP1736,Refrigerator
AMN04314,PROP1736,Washing Machine
AMN04315,PROP1737,Fire Safety System
AMN04316,PROP1737,Gym / Fitness Center
AMN04317,PROP1737,Covered Parking
AMN04318,PROP1737,Gated Security
AMN04319,PROP1737,Park / Garden
AMN04320,PROP1737,EV Charging Point
AMN04321,PROP1737,24x7 Power Backup
AMN04322,PROP1737,Elevator / Lift
AMN04323,PROP1738,Club House
AMN04324,PROP1738,Covered Parking
AMN04325,PROP1738,Elevator / Lift
AMN04326,PROP1738,EV Charging Point
AMN04327,PROP1738,24x7 Power Backup
AMN04328,PROP1738,Swimming Pool
AMN04329,PROP1738,Children's Play Area
AMN04330,PROP1738,Gym / Fitness Center
AMN04331,PROP1739,24x7 Power Backup
AMN04332,PROP1739,Covered Parking
AMN04333,PROP1739,Club House
AMN04334,PROP1739,Gated Security
AMN04335,PROP1739,Swimming Pool
AMN04336,PROP1739,Elevator / Lift
AMN04337,PROP1740,Children's Play Area
AMN04338,PROP1740,Elevator / Lift
AMN04339,PROP1740,Park / Garden
AMN04340,PROP1740,Intercom
AMN04341,PROP1741,Attached Bathroom
AMN04342,PROP1741,Geyser
AMN04343,PROP1741,Study Table
AMN04344,PROP1741,High-Speed WiFi
AMN04345,PROP1741,Refrigerator
AMN04346,PROP1742,Club House
AMN04347,PROP1742,Children's Play Area
AMN04348,PROP1742,Elevator / Lift
AMN04349,PROP1742,Gated Security
AMN04350,PROP1742,Gym / Fitness Center
AMN04351,PROP1742,Covered Parking
AMN04352,PROP1742,Park / Garden
AMN04353,PROP1742,EV Charging Point
AMN04354,PROP1743,Swimming Pool
AMN04355,PROP1743,Intercom
AMN04356,PROP1743,Club House
AMN04357,PROP1743,Covered Parking
AMN04358,PROP1743,Park / Garden
AMN04359,PROP1743,Fire Safety System
AMN04360,PROP1744,Intercom
AMN04361,PROP1744,Club House
AMN04362,PROP1744,Swimming Pool
AMN04363,PROP1744,Gym / Fitness Center
AMN04364,PROP1745,EV Charging Point
AMN04365,PROP1745,Gym / Fitness Center
AMN04366,PROP1745,24x7 Power Backup
AMN04367,PROP1745,Gated Security
AMN04368,PROP1745,Swimming Pool
AMN04369,PROP1745,Elevator / Lift
AMN04370,PROP1745,Park / Garden
AMN04371,PROP1746,Club House
AMN04372,PROP1746,Park / Garden
AMN04373,PROP1746,Children's Play Area
AMN04374,PROP1746,Elevator / Lift
AMN04375,PROP1746,Gym / Fitness Center
AMN04376,PROP1746,24x7 Power Backup
AMN04377,PROP1746,EV Charging Point
AMN04378,PROP1747,Microwave
AMN04379,PROP1747,RO Drinking Water
AMN04380,PROP1747,Power Backup
AMN04381,PROP1747,Washing Machine
AMN04382,PROP1747,Refrigerator
AMN04383,PROP1747,Study Table
AMN04384,PROP1747,Daily Housekeeping
AMN04385,PROP1747,Attached Bathroom
AMN04386,PROP1748,Terrace Access
AMN04387,PROP1748,Pet Friendly
AMN04388,PROP1748,CCTV Security
AMN04389,PROP1748,Private Garden
AMN04390,PROP1748,Water Storage Tank
AMN04391,PROP1749,Fire Safety System
AMN04392,PROP1749,Covered Parking
AMN04393,PROP1749,Children's Play Area
AMN04394,PROP1749,Gated Security
AMN04395,PROP1749,Intercom
AMN04396,PROP1750,Gym / Fitness Center
AMN04397,PROP1750,Swimming Pool
AMN04398,PROP1750,24x7 Power Backup
AMN04399,PROP1750,Fire Safety System
AMN04400,PROP1750,Intercom
AMN04401,PROP1750,Covered Parking
AMN04402,PROP1751,Park / Garden
AMN04403,PROP1751,Club House
AMN04404,PROP1751,Fire Safety System
AMN04405,PROP1751,Swimming Pool
AMN04406,PROP1751,Intercom
AMN04407,PROP1751,24x7 Power Backup
AMN04408,PROP1751,Children's Play Area
AMN04409,PROP1751,Covered Parking
AMN04410,PROP1752,Gym / Fitness Center
AMN04411,PROP1752,Intercom
AMN04412,PROP1752,Park / Garden
AMN04413,PROP1752,Elevator / Lift
AMN04414,PROP1752,Children's Play Area
AMN04415,PROP1752,24x7 Power Backup
AMN04416,PROP1752,Swimming Pool
AMN04417,PROP1753,Gym / Fitness Center
AMN04418,PROP1753,Swimming Pool
AMN04419,PROP1753,EV Charging Point
AMN04420,PROP1753,Covered Parking
AMN04421,PROP1753,Gated Security
AMN04422,PROP1754,Club House
AMN04423,PROP1754,Gated Security
AMN04424,PROP1754,Swimming Pool
AMN04425,PROP1754,Park / Garden
AMN04426,PROP1755,Gym / Fitness Center
AMN04427,PROP1755,Elevator / Lift
AMN04428,PROP1755,Park / Garden
AMN04429,PROP1755,EV Charging Point
AMN04430,PROP1756,Swimming Pool
AMN04431,PROP1756,Gated Security
AMN04432,PROP1756,EV Charging Point
AMN04433,PROP1756,Covered Parking
AMN04434,PROP1756,Park / Garden
AMN04435,PROP1756,Children's Play Area
AMN04436,PROP1756,Gym / Fitness Center
AMN04437,PROP1757,Park / Garden
AMN04438,PROP1757,Intercom
AMN04439,PROP1757,EV Charging Point
AMN04440,PROP1757,Covered Parking
AMN04441,PROP1757,24x7 Power Backup
AMN04442,PROP1757,Swimming Pool
AMN04443,PROP1757,Gated Security
AMN04444,PROP1757,Fire Safety System
AMN04445,PROP1758,Intercom
AMN04446,PROP1758,Fire Safety System
AMN04447,PROP1758,Gated Security
AMN04448,PROP1758,Covered Parking
AMN04449,PROP1758,Park / Garden
AMN04450,PROP1759,Swimming Pool
AMN04451,PROP1759,Club House
AMN04452,PROP1759,Elevator / Lift
AMN04453,PROP1759,Gated Security
AMN04454,PROP1760,Elevator / Lift
AMN04455,PROP1760,Gym / Fitness Center
AMN04456,PROP1760,Gated Security
AMN04457,PROP1760,Club House
AMN04458,PROP1760,Covered Parking
AMN04459,PROP1760,Children's Play Area
AMN04460,PROP1761,Elevator / Lift
AMN04461,PROP1761,EV Charging Point
AMN04462,PROP1761,Fire Safety System
AMN04463,PROP1761,24x7 Power Backup
AMN04464,PROP1761,Intercom
AMN04465,PROP1762,Study Table
AMN04466,PROP1762,Attached Bathroom
AMN04467,PROP1762,Power Backup
AMN04468,PROP1762,Air Conditioner
AMN04469,PROP1762,Microwave
AMN04470,PROP1762,Refrigerator
AMN04471,PROP1762,RO Drinking Water
AMN04472,PROP1762,High-Speed WiFi
AMN04473,PROP1763,Study Table
AMN04474,PROP1763,RO Drinking Water
AMN04475,PROP1763,Geyser
AMN04476,PROP1763,Daily Housekeeping
AMN04477,PROP1763,Washing Machine
AMN04478,PROP1763,Power Backup
AMN04479,PROP1763,CCTV / 24x7 Security
AMN04480,PROP1763,Attached Bathroom
AMN04481,PROP1764,24x7 Power Backup
AMN04482,PROP1764,Fire Safety System
AMN04483,PROP1764,Elevator / Lift
AMN04484,PROP1764,Children's Play Area
AMN04485,PROP1765,Study Table
AMN04486,PROP1765,Attached Bathroom
AMN04487,PROP1765,Refrigerator
AMN04488,PROP1765,Power Backup
AMN04489,PROP1765,Air Conditioner
AMN04490,PROP1765,Washing Machine
AMN04491,PROP1765,RO Drinking Water
AMN04492,PROP1766,CCTV / 24x7 Security
AMN04493,PROP1766,Refrigerator
AMN04494,PROP1766,Power Backup
AMN04495,PROP1766,Microwave
AMN04496,PROP1766,Attached Bathroom
AMN04497,PROP1767,Air Conditioner
AMN04498,PROP1767,Washing Machine
AMN04499,PROP1767,Microwave
AMN04500,PROP1767,Geyser
AMN04501,PROP1768,24x7 Power Backup
AMN04502,PROP1768,Gym / Fitness Center
AMN04503,PROP1768,Swimming Pool
AMN04504,PROP1768,Covered Parking
AMN04505,PROP1768,Club House
AMN04506,PROP1769,Geyser
AMN04507,PROP1769,Attached Bathroom
AMN04508,PROP1769,High-Speed WiFi
AMN04509,PROP1769,Study Table
AMN04510,PROP1769,RO Drinking Water
AMN04511,PROP1769,Daily Housekeeping
AMN04512,PROP1769,Washing Machine
AMN04513,PROP1770,Gated Security
AMN04514,PROP1770,Elevator / Lift
AMN04515,PROP1770,24x7 Power Backup
AMN04516,PROP1770,Covered Parking
AMN04517,PROP1770,Swimming Pool
AMN04518,PROP1770,Club House
AMN04519,PROP1770,Gym / Fitness Center
AMN04520,PROP1771,Swimming Pool
AMN04521,PROP1771,Covered Parking
AMN04522,PROP1771,Gym / Fitness Center
AMN04523,PROP1771,Park / Garden
AMN04524,PROP1771,EV Charging Point
AMN04525,PROP1771,Children's Play Area
AMN04526,PROP1771,Intercom
AMN04527,PROP1771,Elevator / Lift
AMN04528,PROP1772,Microwave
AMN04529,PROP1772,Refrigerator
AMN04530,PROP1772,Study Table
AMN04531,PROP1772,Washing Machine
AMN04532,PROP1773,Covered Parking
AMN04533,PROP1773,24x7 Power Backup
AMN04534,PROP1773,Gated Security
AMN04535,PROP1773,Gym / Fitness Center
AMN04536,PROP1774,Refrigerator
AMN04537,PROP1774,Microwave
AMN04538,PROP1774,Study Table
AMN04539,PROP1774,Attached Bathroom
AMN04540,PROP1774,Power Backup
AMN04541,PROP1774,RO Drinking Water
AMN04542,PROP1775,Covered Parking
AMN04543,PROP1775,24x7 Power Backup
AMN04544,PROP1775,Club House
AMN04545,PROP1775,Children's Play Area
AMN04546,PROP1775,Intercom
AMN04547,PROP1775,Swimming Pool
AMN04548,PROP1776,Intercom
AMN04549,PROP1776,24x7 Power Backup
AMN04550,PROP1776,Club House
AMN04551,PROP1776,Elevator / Lift
AMN04552,PROP1776,Gym / Fitness Center
AMN04553,PROP1776,Covered Parking
AMN04554,PROP1776,Children's Play Area
AMN04555,PROP1777,Intercom
AMN04556,PROP1777,Gated Security
AMN04557,PROP1777,Fire Safety System
AMN04558,PROP1777,Swimming Pool
AMN04559,PROP1777,Park / Garden
AMN04560,PROP1777,Club House
AMN04561,PROP1778,Study Table
AMN04562,PROP1778,Microwave
AMN04563,PROP1778,Attached Bathroom
AMN04564,PROP1778,Daily Housekeeping
AMN04565,PROP1778,Geyser
AMN04566,PROP1778,CCTV / 24x7 Security
AMN04567,PROP1778,Air Conditioner
AMN04568,PROP1778,Washing Machine
AMN04569,PROP1779,CCTV Security
AMN04570,PROP1779,Pet Friendly
AMN04571,PROP1779,Covered Parking
AMN04572,PROP1779,Solar Water Heater
AMN04573,PROP1779,Water Storage Tank
AMN04574,PROP1780,Water Storage Tank
AMN04575,PROP1780,24x7 Power Backup
AMN04576,PROP1780,Terrace Access
AMN04577,PROP1780,Pet Friendly
AMN04578,PROP1780,Solar Water Heater
AMN04579,PROP1780,Covered Parking
AMN04580,PROP1781,Covered Parking
AMN04581,PROP1781,24x7 Power Backup
AMN04582,PROP1781,Fire Safety System
AMN04583,PROP1781,Elevator / Lift
AMN04584,PROP1781,EV Charging Point
AMN04585,PROP1782,Park / Garden
AMN04586,PROP1782,Gated Security
AMN04587,PROP1782,EV Charging Point
AMN04588,PROP1782,Covered Parking
AMN04589,PROP1782,Children's Play Area
AMN04590,PROP1783,Covered Parking
AMN04591,PROP1783,EV Charging Point
AMN04592,PROP1783,Swimming Pool
AMN04593,PROP1783,Club House
AMN04594,PROP1783,Intercom
AMN04595,PROP1784,Club House
AMN04596,PROP1784,Intercom
AMN04597,PROP1784,EV Charging Point
AMN04598,PROP1784,Children's Play Area
AMN04599,PROP1784,Covered Parking
AMN04600,PROP1784,Elevator / Lift
AMN04601,PROP1785,Gated Security
AMN04602,PROP1785,Park / Garden
AMN04603,PROP1785,EV Charging Point
AMN04604,PROP1785,Covered Parking
AMN04605,PROP1785,Gym / Fitness Center
AMN04606,PROP1785,24x7 Power Backup
AMN04607,PROP1786,EV Charging Point
AMN04608,PROP1786,Elevator / Lift
AMN04609,PROP1786,Fire Safety System
AMN04610,PROP1786,Covered Parking
AMN04611,PROP1786,Gym / Fitness Center
AMN04612,PROP1786,Swimming Pool
AMN04613,PROP1787,Attached Bathroom
AMN04614,PROP1787,CCTV / 24x7 Security
AMN04615,PROP1787,Geyser
AMN04616,PROP1787,Air Conditioner
AMN04617,PROP1787,High-Speed WiFi
AMN04618,PROP1787,Study Table
AMN04619,PROP1787,Washing Machine
AMN04620,PROP1788,Intercom
AMN04621,PROP1788,Fire Safety System
AMN04622,PROP1788,Covered Parking
AMN04623,PROP1788,Swimming Pool
AMN04624,PROP1788,Children's Play Area
AMN04625,PROP1788,Gated Security
AMN04626,PROP1789,Terrace Access
AMN04627,PROP1789,Water Storage Tank
AMN04628,PROP1789,Covered Parking
AMN04629,PROP1789,Private Garden
AMN04630,PROP1789,Solar Water Heater
AMN04631,PROP1790,CCTV Security
AMN04632,PROP1790,Terrace Access
AMN04633,PROP1790,Pet Friendly
AMN04634,PROP1790,Private Garden
AMN04635,PROP1791,Fire Safety System
AMN04636,PROP1791,Children's Play Area
AMN04637,PROP1791,Covered Parking
AMN04638,PROP1791,Club House
AMN04639,PROP1791,Gated Security
AMN04640,PROP1791,Park / Garden
AMN04641,PROP1792,Children's Play Area
AMN04642,PROP1792,Elevator / Lift
AMN04643,PROP1792,Club House
AMN04644,PROP1792,Swimming Pool
AMN04645,PROP1792,Park / Garden
AMN04646,PROP1793,High-Speed WiFi
AMN04647,PROP1793,RO Drinking Water
AMN04648,PROP1793,Daily Housekeeping
AMN04649,PROP1793,Geyser
AMN04650,PROP1793,Study Table
AMN04651,PROP1793,Air Conditioner
AMN04652,PROP1794,Gym / Fitness Center
AMN04653,PROP1794,Swimming Pool
AMN04654,PROP1794,Children's Play Area
AMN04655,PROP1794,Elevator / Lift
AMN04656,PROP1794,Club House
AMN04657,PROP1794,Gated Security
AMN04658,PROP1794,Fire Safety System
AMN04659,PROP1794,24x7 Power Backup
AMN04660,PROP1795,Intercom
AMN04661,PROP1795,EV Charging Point
AMN04662,PROP1795,Gym / Fitness Center
AMN04663,PROP1795,Swimming Pool
AMN04664,PROP1796,Gated Security
AMN04665,PROP1796,Intercom
AMN04666,PROP1796,24x7 Power Backup
AMN04667,PROP1796,Covered Parking
AMN04668,PROP1796,Club House
AMN04669,PROP1796,EV Charging Point
AMN04670,PROP1796,Children's Play Area
AMN04671,PROP1797,Children's Play Area
AMN04672,PROP1797,Elevator / Lift
AMN04673,PROP1797,Covered Parking
AMN04674,PROP1797,24x7 Power Backup
AMN04675,PROP1798,Covered Parking
AMN04676,PROP1798,Park / Garden
AMN04677,PROP1798,Club House
AMN04678,PROP1798,Swimming Pool
AMN04679,PROP1798,Children's Play Area
AMN04680,PROP1798,24x7 Power Backup
AMN04681,PROP1799,Attached Bathroom
AMN04682,PROP1799,CCTV / 24x7 Security
AMN04683,PROP1799,Geyser
AMN04684,PROP1799,Daily Housekeeping
AMN04685,PROP1799,Washing Machine
AMN04686,PROP1799,Study Table
AMN04687,PROP1800,High-Speed WiFi
AMN04688,PROP1800,Refrigerator
AMN04689,PROP1800,Attached Bathroom
AMN04690,PROP1800,Microwave
AMN04691,PROP1801,CCTV / 24x7 Security
AMN04692,PROP1801,Attached Bathroom
AMN04693,PROP1801,Study Table
AMN04694,PROP1801,Washing Machine
AMN04695,PROP1801,Power Backup
AMN04696,PROP1801,Refrigerator
AMN04697,PROP1801,Geyser
AMN04698,PROP1801,Microwave
AMN04699,PROP1802,Club House
AMN04700,PROP1802,Park / Garden
AMN04701,PROP1802,Children's Play Area
AMN04702,PROP1802,Intercom
AMN04703,PROP1803,Covered Parking
AMN04704,PROP1803,Elevator / Lift
AMN04705,PROP1803,Fire Safety System
AMN04706,PROP1803,24x7 Power Backup
AMN04707,PROP1803,Gated Security
AMN04708,PROP1804,Air Conditioner
AMN04709,PROP1804,Power Backup
AMN04710,PROP1804,Refrigerator
AMN04711,PROP1804,Geyser
AMN04712,PROP1804,CCTV / 24x7 Security
AMN04713,PROP1804,Microwave
AMN04714,PROP1804,Study Table
AMN04715,PROP1805,24x7 Power Backup
AMN04716,PROP1805,Elevator / Lift
AMN04717,PROP1805,Park / Garden
AMN04718,PROP1805,Gym / Fitness Center
AMN04719,PROP1805,Fire Safety System
AMN04720,PROP1805,Gated Security
AMN04721,PROP1805,Children's Play Area
AMN04722,PROP1805,Swimming Pool
AMN04723,PROP1806,Microwave
AMN04724,PROP1806,Study Table
AMN04725,PROP1806,Geyser
AMN04726,PROP1806,Refrigerator
AMN04727,PROP1806,RO Drinking Water
AMN04728,PROP1806,Daily Housekeeping
AMN04729,PROP1807,Washing Machine
AMN04730,PROP1807,CCTV / 24x7 Security
AMN04731,PROP1807,Air Conditioner
AMN04732,PROP1807,Power Backup
AMN04733,PROP1807,Microwave
AMN04734,PROP1807,Refrigerator
AMN04735,PROP1807,Attached Bathroom
AMN04736,PROP1807,RO Drinking Water
AMN04737,PROP1808,Elevator / Lift
AMN04738,PROP1808,24x7 Power Backup
AMN04739,PROP1808,Children's Play Area
AMN04740,PROP1808,Fire Safety System
AMN04741,PROP1809,Club House
AMN04742,PROP1809,Children's Play Area
AMN04743,PROP1809,Park / Garden
AMN04744,PROP1809,Gym / Fitness Center
AMN04745,PROP1809,24x7 Power Backup
AMN04746,PROP1810,Children's Play Area
AMN04747,PROP1810,Intercom
AMN04748,PROP1810,24x7 Power Backup
AMN04749,PROP1810,Club House
AMN04750,PROP1811,Park / Garden
AMN04751,PROP1811,Gated Security
AMN04752,PROP1811,Swimming Pool
AMN04753,PROP1811,Fire Safety System
AMN04754,PROP1811,Gym / Fitness Center
AMN04755,PROP1811,Intercom
AMN04756,PROP1811,EV Charging Point
AMN04757,PROP1812,Study Table
AMN04758,PROP1812,Refrigerator
AMN04759,PROP1812,Air Conditioner
AMN04760,PROP1812,Microwave
AMN04761,PROP1812,CCTV / 24x7 Security
AMN04762,PROP1813,Gym / Fitness Center
AMN04763,PROP1813,EV Charging Point
AMN04764,PROP1813,24x7 Power Backup
AMN04765,PROP1813,Elevator / Lift
AMN04766,PROP1813,Park / Garden
AMN04767,PROP1814,Children's Play Area
AMN04768,PROP1814,Intercom
AMN04769,PROP1814,24x7 Power Backup
AMN04770,PROP1814,Elevator / Lift
AMN04771,PROP1814,Gym / Fitness Center
AMN04772,PROP1814,EV Charging Point
AMN04773,PROP1814,Swimming Pool
AMN04774,PROP1815,Microwave
AMN04775,PROP1815,Refrigerator
AMN04776,PROP1815,Air Conditioner
AMN04777,PROP1815,CCTV / 24x7 Security
AMN04778,PROP1816,24x7 Power Backup
AMN04779,PROP1816,Swimming Pool
AMN04780,PROP1816,Gym / Fitness Center
AMN04781,PROP1816,Covered Parking
AMN04782,PROP1817,Elevator / Lift
AMN04783,PROP1817,Intercom
AMN04784,PROP1817,Club House
AMN04785,PROP1817,Gated Security
AMN04786,PROP1817,Fire Safety System
AMN04787,PROP1818,Washing Machine
AMN04788,PROP1818,Refrigerator
AMN04789,PROP1818,Study Table
AMN04790,PROP1818,Air Conditioner
AMN04791,PROP1818,CCTV / 24x7 Security
AMN04792,PROP1818,High-Speed WiFi
AMN04793,PROP1819,Intercom
AMN04794,PROP1819,Gated Security
AMN04795,PROP1819,Gym / Fitness Center
AMN04796,PROP1819,Club House
AMN04797,PROP1819,Covered Parking
AMN04798,PROP1819,Park / Garden
AMN04799,PROP1819,Fire Safety System
AMN04800,PROP1819,Elevator / Lift
AMN04801,PROP1820,CCTV / 24x7 Security
AMN04802,PROP1820,Daily Housekeeping
AMN04803,PROP1820,Washing Machine
AMN04804,PROP1820,High-Speed WiFi
AMN04805,PROP1820,RO Drinking Water
AMN04806,PROP1820,Geyser
AMN04807,PROP1820,Study Table
AMN04808,PROP1820,Refrigerator
AMN04809,PROP1821,Fire Safety System
AMN04810,PROP1821,Gated Security
AMN04811,PROP1821,EV Charging Point
AMN04812,PROP1821,Park / Garden
AMN04813,PROP1821,Intercom
AMN04814,PROP1821,Club House
AMN04815,PROP1822,Elevator / Lift
AMN04816,PROP1822,Gym / Fitness Center
AMN04817,PROP1822,Swimming Pool
AMN04818,PROP1822,Intercom
AMN04819,PROP1822,Gated Security
AMN04820,PROP1823,Gated Security
AMN04821,PROP1823,Gym / Fitness Center
AMN04822,PROP1823,Club House
AMN04823,PROP1823,EV Charging Point
AMN04824,PROP1823,Intercom
AMN04825,PROP1823,Covered Parking
AMN04826,PROP1824,Power Backup
AMN04827,PROP1824,Geyser
AMN04828,PROP1824,Air Conditioner
AMN04829,PROP1824,Study Table
AMN04830,PROP1825,Geyser
AMN04831,PROP1825,Refrigerator
AMN04832,PROP1825,Air Conditioner
AMN04833,PROP1825,Power Backup
AMN04834,PROP1825,Study Table
AMN04835,PROP1825,Washing Machine
AMN04836,PROP1825,RO Drinking Water
AMN04837,PROP1826,Gated Security
AMN04838,PROP1826,Children's Play Area
AMN04839,PROP1826,Swimming Pool
AMN04840,PROP1826,Gym / Fitness Center
AMN04841,PROP1826,Fire Safety System
AMN04842,PROP1826,Club House
AMN04843,PROP1826,Covered Parking
AMN04844,PROP1827,Fire Safety System
AMN04845,PROP1827,Intercom
AMN04846,PROP1827,Club House
AMN04847,PROP1827,Gated Security
AMN04848,PROP1827,Children's Play Area
AMN04849,PROP1828,Refrigerator
AMN04850,PROP1828,Geyser
AMN04851,PROP1828,CCTV / 24x7 Security
AMN04852,PROP1828,Daily Housekeeping
AMN04853,PROP1829,Gym / Fitness Center
AMN04854,PROP1829,Intercom
AMN04855,PROP1829,Club House
AMN04856,PROP1829,Elevator / Lift
AMN04857,PROP1830,Park / Garden
AMN04858,PROP1830,24x7 Power Backup
AMN04859,PROP1830,Swimming Pool
AMN04860,PROP1830,Elevator / Lift
AMN04861,PROP1830,EV Charging Point
AMN04862,PROP1830,Children's Play Area
AMN04863,PROP1830,Gated Security
AMN04864,PROP1830,Club House
AMN04865,PROP1831,Park / Garden
AMN04866,PROP1831,Covered Parking
AMN04867,PROP1831,Children's Play Area
AMN04868,PROP1831,Intercom
AMN04869,PROP1831,EV Charging Point
AMN04870,PROP1831,Swimming Pool
AMN04871,PROP1832,Park / Garden
AMN04872,PROP1832,Children's Play Area
AMN04873,PROP1832,Gated Security
AMN04874,PROP1832,EV Charging Point
AMN04875,PROP1832,Club House
AMN04876,PROP1832,Gym / Fitness Center
AMN04877,PROP1832,24x7 Power Backup
AMN04878,PROP1833,Study Table
AMN04879,PROP1833,Washing Machine
AMN04880,PROP1833,Refrigerator
AMN04881,PROP1833,Microwave
AMN04882,PROP1833,High-Speed WiFi
AMN04883,PROP1833,CCTV / 24x7 Security
AMN04884,PROP1833,RO Drinking Water
AMN04885,PROP1833,Attached Bathroom
AMN04886,PROP1834,Microwave
AMN04887,PROP1834,Washing Machine
AMN04888,PROP1834,Refrigerator
AMN04889,PROP1834,High-Speed WiFi
AMN04890,PROP1835,Gym / Fitness Center
AMN04891,PROP1835,Intercom
AMN04892,PROP1835,24x7 Power Backup
AMN04893,PROP1835,Club House
AMN04894,PROP1836,Club House
AMN04895,PROP1836,Fire Safety System
AMN04896,PROP1836,EV Charging Point
AMN04897,PROP1836,Covered Parking
AMN04898,PROP1836,24x7 Power Backup
AMN04899,PROP1836,Park / Garden
AMN04900,PROP1836,Elevator / Lift
AMN04901,PROP1836,Gated Security
AMN04902,PROP1837,Children's Play Area
AMN04903,PROP1837,Gym / Fitness Center
AMN04904,PROP1837,Club House
AMN04905,PROP1837,Swimming Pool
AMN04906,PROP1837,Elevator / Lift
AMN04907,PROP1837,24x7 Power Backup
AMN04908,PROP1837,Park / Garden
AMN04909,PROP1838,24x7 Power Backup
AMN04910,PROP1838,Gym / Fitness Center
AMN04911,PROP1838,Park / Garden
AMN04912,PROP1838,EV Charging Point
AMN04913,PROP1838,Elevator / Lift
AMN04914,PROP1838,Gated Security
AMN04915,PROP1839,24x7 Power Backup
AMN04916,PROP1839,Solar Water Heater
AMN04917,PROP1839,Water Storage Tank
AMN04918,PROP1839,Terrace Access
AMN04919,PROP1839,Pet Friendly
AMN04920,PROP1839,Covered Parking
AMN04921,PROP1840,Covered Parking
AMN04922,PROP1840,EV Charging Point
AMN04923,PROP1840,Club House
AMN04924,PROP1840,24x7 Power Backup
AMN04925,PROP1840,Fire Safety System
AMN04926,PROP1840,Intercom
AMN04927,PROP1841,Club House
AMN04928,PROP1841,Elevator / Lift
AMN04929,PROP1841,Intercom
AMN04930,PROP1841,Swimming Pool
AMN04931,PROP1841,Gated Security
AMN04932,PROP1841,Children's Play Area
AMN04933,PROP1841,EV Charging Point
AMN04934,PROP1842,Gym / Fitness Center
AMN04935,PROP1842,Intercom
AMN04936,PROP1842,Gated Security
AMN04937,PROP1842,Covered Parking
AMN04938,PROP1842,Club House
AMN04939,PROP1842,Park / Garden
AMN04940,PROP1843,Intercom
AMN04941,PROP1843,EV Charging Point
AMN04942,PROP1843,Covered Parking
AMN04943,PROP1843,24x7 Power Backup
AMN04944,PROP1843,Children's Play Area
AMN04945,PROP1843,Gated Security
AMN04946,PROP1844,Children's Play Area
AMN04947,PROP1844,Club House
AMN04948,PROP1844,EV Charging Point
AMN04949,PROP1844,24x7 Power Backup
AMN04950,PROP1844,Park / Garden
AMN04951,PROP1844,Fire Safety System
AMN04952,PROP1845,EV Charging Point
AMN04953,PROP1845,Swimming Pool
AMN04954,PROP1845,Park / Garden
AMN04955,PROP1845,Fire Safety System
AMN04956,PROP1845,Children's Play Area
AMN04957,PROP1845,Elevator / Lift
AMN04958,PROP1845,Gated Security
AMN04959,PROP1846,Private Garden
AMN04960,PROP1846,Solar Water Heater
AMN04961,PROP1846,Water Storage Tank
AMN04962,PROP1846,CCTV Security
AMN04963,PROP1846,Pet Friendly
AMN04964,PROP1847,24x7 Power Backup
AMN04965,PROP1847,EV Charging Point
AMN04966,PROP1847,Elevator / Lift
AMN04967,PROP1847,Children's Play Area
AMN04968,PROP1847,Swimming Pool
AMN04969,PROP1847,Intercom
AMN04970,PROP1847,Gym / Fitness Center
AMN04971,PROP1847,Gated Security
AMN04972,PROP1848,Refrigerator
AMN04973,PROP1848,Daily Housekeeping
AMN04974,PROP1848,High-Speed WiFi
AMN04975,PROP1848,RO Drinking Water
AMN04976,PROP1849,Terrace Access
AMN04977,PROP1849,Private Garden
AMN04978,PROP1849,Pet Friendly
AMN04979,PROP1850,Power Backup
AMN04980,PROP1850,Daily Housekeeping
AMN04981,PROP1850,Study Table
AMN04982,PROP1850,Washing Machine
AMN04983,PROP1850,Attached Bathroom
AMN04984,PROP1850,RO Drinking Water
AMN04985,PROP1850,CCTV / 24x7 Security
AMN04986,PROP1850,High-Speed WiFi
AMN04987,PROP1851,Gated Security
AMN04988,PROP1851,EV Charging Point
AMN04989,PROP1851,Children's Play Area
AMN04990,PROP1851,Club House
AMN04991,PROP1851,Gym / Fitness Center
AMN04992,PROP1851,Fire Safety System
AMN04993,PROP1852,Air Conditioner
AMN04994,PROP1852,Study Table
AMN04995,PROP1852,CCTV / 24x7 Security
AMN04996,PROP1852,High-Speed WiFi
AMN04997,PROP1853,Gym / Fitness Center
AMN04998,PROP1853,Elevator / Lift
AMN04999,PROP1853,24x7 Power Backup
AMN05000,PROP1853,EV Charging Point
AMN05001,PROP1853,Swimming Pool
AMN05002,PROP1853,Club House
AMN05003,PROP1854,24x7 Power Backup
AMN05004,PROP1854,Gym / Fitness Center
AMN05005,PROP1854,Intercom
AMN05006,PROP1854,Gated Security
AMN05007,PROP1854,Swimming Pool
AMN05008,PROP1854,Club House
AMN05009,PROP1854,Children's Play Area
AMN05010,PROP1855,Study Table
AMN05011,PROP1855,Washing Machine
AMN05012,PROP1855,Daily Housekeeping
AMN05013,PROP1855,High-Speed WiFi
AMN05014,PROP1855,Refrigerator
AMN05015,PROP1855,Attached Bathroom
AMN05016,PROP1855,Microwave
AMN05017,PROP1856,Covered Parking
AMN05018,PROP1856,Elevator / Lift
AMN05019,PROP1856,Gym / Fitness Center
AMN05020,PROP1856,Fire Safety System
AMN05021,PROP1856,Intercom
AMN05022,PROP1856,Children's Play Area
AMN05023,PROP1856,Swimming Pool
AMN05024,PROP1857,Gated Security
AMN05025,PROP1857,Park / Garden
AMN05026,PROP1857,Covered Parking
AMN05027,PROP1857,Intercom
AMN05028,PROP1857,Elevator / Lift
AMN05029,PROP1857,Swimming Pool
AMN05030,PROP1858,Intercom
AMN05031,PROP1858,Swimming Pool
AMN05032,PROP1858,Covered Parking
AMN05033,PROP1858,Gated Security
AMN05034,PROP1859,Terrace Access
AMN05035,PROP1859,Pet Friendly
AMN05036,PROP1859,CCTV Security
AMN05037,PROP1859,Covered Parking
AMN05038,PROP1859,Solar Water Heater
AMN05039,PROP1859,24x7 Power Backup
AMN05040,PROP1860,EV Charging Point
AMN05041,PROP1860,Fire Safety System
AMN05042,PROP1860,24x7 Power Backup
AMN05043,PROP1860,Children's Play Area
AMN05044,PROP1861,24x7 Power Backup
AMN05045,PROP1861,Elevator / Lift
AMN05046,PROP1861,Club House
AMN05047,PROP1861,Swimming Pool
AMN05048,PROP1861,Gym / Fitness Center
AMN05049,PROP1861,Park / Garden
AMN05050,PROP1862,Microwave
AMN05051,PROP1862,RO Drinking Water
AMN05052,PROP1862,Washing Machine
AMN05053,PROP1862,Air Conditioner
AMN05054,PROP1862,Daily Housekeeping
AMN05055,PROP1862,CCTV / 24x7 Security
AMN05056,PROP1862,Attached Bathroom
AMN05057,PROP1863,EV Charging Point
AMN05058,PROP1863,Elevator / Lift
AMN05059,PROP1863,Swimming Pool
AMN05060,PROP1863,Gym / Fitness Center
AMN05061,PROP1864,Study Table
AMN05062,PROP1864,Refrigerator
AMN05063,PROP1864,RO Drinking Water
AMN05064,PROP1864,Geyser
AMN05065,PROP1865,EV Charging Point
AMN05066,PROP1865,Club House
AMN05067,PROP1865,Elevator / Lift
AMN05068,PROP1865,Intercom
AMN05069,PROP1865,Park / Garden
AMN05070,PROP1865,Covered Parking
AMN05071,PROP1865,Gated Security
AMN05072,PROP1865,Gym / Fitness Center
AMN05073,PROP1866,Air Conditioner
AMN05074,PROP1866,Daily Housekeeping
AMN05075,PROP1866,RO Drinking Water
AMN05076,PROP1866,Attached Bathroom
AMN05077,PROP1867,Gym / Fitness Center
AMN05078,PROP1867,Park / Garden
AMN05079,PROP1867,Swimming Pool
AMN05080,PROP1867,24x7 Power Backup
AMN05081,PROP1867,Covered Parking
AMN05082,PROP1867,Children's Play Area
AMN05083,PROP1867,Intercom
AMN05084,PROP1867,EV Charging Point
AMN05085,PROP1868,Park / Garden
AMN05086,PROP1868,Covered Parking
AMN05087,PROP1868,Swimming Pool
AMN05088,PROP1868,Gym / Fitness Center
AMN05089,PROP1868,EV Charging Point
AMN05090,PROP1868,24x7 Power Backup
AMN05091,PROP1868,Children's Play Area
AMN05092,PROP1869,Daily Housekeeping
AMN05093,PROP1869,Geyser
AMN05094,PROP1869,Refrigerator
AMN05095,PROP1869,Power Backup
AMN05096,PROP1869,Study Table
AMN05097,PROP1869,Air Conditioner
AMN05098,PROP1870,Elevator / Lift
AMN05099,PROP1870,Park / Garden
AMN05100,PROP1870,EV Charging Point
AMN05101,PROP1870,Swimming Pool
AMN05102,PROP1871,Air Conditioner
AMN05103,PROP1871,CCTV / 24x7 Security
AMN05104,PROP1871,Study Table
AMN05105,PROP1871,Microwave
AMN05106,PROP1871,Daily Housekeeping
AMN05107,PROP1872,Solar Water Heater
AMN05108,PROP1872,CCTV Security
AMN05109,PROP1872,Terrace Access
AMN05110,PROP1872,Private Garden
AMN05111,PROP1873,24x7 Power Backup
AMN05112,PROP1873,Fire Safety System
AMN05113,PROP1873,Club House
AMN05114,PROP1873,Gym / Fitness Center
AMN05115,PROP1873,Gated Security
AMN05116,PROP1873,EV Charging Point
AMN05117,PROP1874,Gym / Fitness Center
AMN05118,PROP1874,Elevator / Lift
AMN05119,PROP1874,Swimming Pool
AMN05120,PROP1874,Covered Parking
AMN05121,PROP1874,Fire Safety System
AMN05122,PROP1874,Intercom
AMN05123,PROP1874,Children's Play Area
AMN05124,PROP1874,Club House
AMN05125,PROP1875,Covered Parking
AMN05126,PROP1875,Elevator / Lift
AMN05127,PROP1875,24x7 Power Backup
AMN05128,PROP1875,Fire Safety System
AMN05129,PROP1875,Intercom
AMN05130,PROP1876,Study Table
AMN05131,PROP1876,Microwave
AMN05132,PROP1876,Refrigerator
AMN05133,PROP1876,Washing Machine
AMN05134,PROP1877,Fire Safety System
AMN05135,PROP1877,Gym / Fitness Center
AMN05136,PROP1877,Swimming Pool
AMN05137,PROP1877,EV Charging Point
AMN05138,PROP1877,Club House
AMN05139,PROP1877,Elevator / Lift
AMN05140,PROP1877,Park / Garden
AMN05141,PROP1878,Park / Garden
AMN05142,PROP1878,Covered Parking
AMN05143,PROP1878,Fire Safety System
AMN05144,PROP1878,Gym / Fitness Center
AMN05145,PROP1878,Elevator / Lift
AMN05146,PROP1879,EV Charging Point
AMN05147,PROP1879,Club House
AMN05148,PROP1879,Children's Play Area
AMN05149,PROP1879,Gated Security
AMN05150,PROP1880,RO Drinking Water
AMN05151,PROP1880,Daily Housekeeping
AMN05152,PROP1880,Attached Bathroom
AMN05153,PROP1880,Microwave
AMN05154,PROP1880,CCTV / 24x7 Security
AMN05155,PROP1881,Intercom
AMN05156,PROP1881,Swimming Pool
AMN05157,PROP1881,Elevator / Lift
AMN05158,PROP1881,EV Charging Point
AMN05159,PROP1881,Club House
AMN05160,PROP1881,Covered Parking
AMN05161,PROP1881,24x7 Power Backup
AMN05162,PROP1881,Gated Security
AMN05163,PROP1882,Elevator / Lift
AMN05164,PROP1882,Gym / Fitness Center
AMN05165,PROP1882,EV Charging Point
AMN05166,PROP1882,Covered Parking
AMN05167,PROP1882,Intercom
AMN05168,PROP1882,Children's Play Area
AMN05169,PROP1882,Park / Garden
AMN05170,PROP1883,Club House
AMN05171,PROP1883,Children's Play Area
AMN05172,PROP1883,Park / Garden
AMN05173,PROP1883,Elevator / Lift
AMN05174,PROP1883,Covered Parking
AMN05175,PROP1883,Intercom
AMN05176,PROP1883,EV Charging Point
AMN05177,PROP1884,Power Backup
AMN05178,PROP1884,Study Table
AMN05179,PROP1884,High-Speed WiFi
AMN05180,PROP1884,Geyser
AMN05181,PROP1884,Daily Housekeeping
AMN05182,PROP1884,Refrigerator
AMN05183,PROP1884,Attached Bathroom
AMN05184,PROP1884,RO Drinking Water
AMN05185,PROP1885,Gated Security
AMN05186,PROP1885,Swimming Pool
AMN05187,PROP1885,Children's Play Area
AMN05188,PROP1885,EV Charging Point
AMN05189,PROP1885,24x7 Power Backup
AMN05190,PROP1885,Gym / Fitness Center
AMN05191,PROP1886,Fire Safety System
AMN05192,PROP1886,Gated Security
AMN05193,PROP1886,Swimming Pool
AMN05194,PROP1886,EV Charging Point
AMN05195,PROP1886,Park / Garden
AMN05196,PROP1887,Geyser
AMN05197,PROP1887,High-Speed WiFi
AMN05198,PROP1887,Air Conditioner
AMN05199,PROP1887,Power Backup
AMN05200,PROP1887,RO Drinking Water
AMN05201,PROP1887,Washing Machine
AMN05202,PROP1887,Study Table
AMN05203,PROP1887,Daily Housekeeping
AMN05204,PROP1888,Elevator / Lift
AMN05205,PROP1888,Swimming Pool
AMN05206,PROP1888,Children's Play Area
AMN05207,PROP1888,Club House
AMN05208,PROP1888,EV Charging Point
AMN05209,PROP1889,Fire Safety System
AMN05210,PROP1889,Park / Garden
AMN05211,PROP1889,Covered Parking
AMN05212,PROP1889,Club House
AMN05213,PROP1890,Geyser
AMN05214,PROP1890,Air Conditioner
AMN05215,PROP1890,Power Backup
AMN05216,PROP1890,CCTV / 24x7 Security
AMN05217,PROP1890,RO Drinking Water
AMN05218,PROP1890,Refrigerator
AMN05219,PROP1890,Washing Machine
AMN05220,PROP1891,Power Backup
AMN05221,PROP1891,Refrigerator
AMN05222,PROP1891,Attached Bathroom
AMN05223,PROP1891,RO Drinking Water
AMN05224,PROP1891,Daily Housekeeping
AMN05225,PROP1891,Microwave
AMN05226,PROP1891,Washing Machine
AMN05227,PROP1891,Air Conditioner
AMN05228,PROP1892,Park / Garden
AMN05229,PROP1892,Elevator / Lift
AMN05230,PROP1892,EV Charging Point
AMN05231,PROP1892,Club House
AMN05232,PROP1892,Covered Parking
AMN05233,PROP1893,Swimming Pool
AMN05234,PROP1893,Children's Play Area
AMN05235,PROP1893,Gated Security
AMN05236,PROP1893,Fire Safety System
AMN05237,PROP1893,Gym / Fitness Center
AMN05238,PROP1894,CCTV Security
AMN05239,PROP1894,Private Garden
AMN05240,PROP1894,Water Storage Tank
AMN05241,PROP1895,CCTV Security
AMN05242,PROP1895,Pet Friendly
AMN05243,PROP1895,24x7 Power Backup
AMN05244,PROP1896,Elevator / Lift
AMN05245,PROP1896,Fire Safety System
AMN05246,PROP1896,Swimming Pool
AMN05247,PROP1896,24x7 Power Backup
AMN05248,PROP1897,Fire Safety System
AMN05249,PROP1897,Gated Security
AMN05250,PROP1897,Swimming Pool
AMN05251,PROP1897,Gym / Fitness Center
AMN05252,PROP1898,EV Charging Point
AMN05253,PROP1898,24x7 Power Backup
AMN05254,PROP1898,Covered Parking
AMN05255,PROP1898,Elevator / Lift
AMN05256,PROP1898,Club House
AMN05257,PROP1899,Refrigerator
AMN05258,PROP1899,Study Table
AMN05259,PROP1899,High-Speed WiFi
AMN05260,PROP1899,Geyser
AMN05261,PROP1899,Attached Bathroom
AMN05262,PROP1899,Air Conditioner
AMN05263,PROP1899,Daily Housekeeping
AMN05264,PROP1900,Gym / Fitness Center
AMN05265,PROP1900,Children's Play Area
AMN05266,PROP1900,Elevator / Lift
AMN05267,PROP1900,Covered Parking
AMN05268,PROP1900,24x7 Power Backup
AMN05269,PROP1900,Swimming Pool
AMN05270,PROP1900,EV Charging Point
AMN05271,PROP1901,Club House
AMN05272,PROP1901,Gated Security
AMN05273,PROP1901,Fire Safety System
AMN05274,PROP1901,Intercom
AMN05275,PROP1902,EV Charging Point
AMN05276,PROP1902,24x7 Power Backup
AMN05277,PROP1902,Park / Garden
AMN05278,PROP1902,Children's Play Area
AMN05279,PROP1902,Covered Parking
AMN05280,PROP1903,Covered Parking
AMN05281,PROP1903,24x7 Power Backup
AMN05282,PROP1903,Gated Security
AMN05283,PROP1903,Children's Play Area
AMN05284,PROP1903,Elevator / Lift
AMN05285,PROP1903,Club House
AMN05286,PROP1904,Power Backup
AMN05287,PROP1904,Microwave
AMN05288,PROP1904,Attached Bathroom
AMN05289,PROP1904,Daily Housekeeping
AMN05290,PROP1904,RO Drinking Water
AMN05291,PROP1904,Refrigerator
AMN05292,PROP1905,Terrace Access
AMN05293,PROP1905,Solar Water Heater
AMN05294,PROP1905,24x7 Power Backup
AMN05295,PROP1905,Pet Friendly
AMN05296,PROP1906,Fire Safety System
AMN05297,PROP1906,Swimming Pool
AMN05298,PROP1906,Children's Play Area
AMN05299,PROP1906,Park / Garden
AMN05300,PROP1906,Club House
AMN05301,PROP1907,Club House
AMN05302,PROP1907,Covered Parking
AMN05303,PROP1907,24x7 Power Backup
AMN05304,PROP1907,Children's Play Area
AMN05305,PROP1907,Intercom
AMN05306,PROP1907,Swimming Pool
AMN05307,PROP1907,Gated Security
AMN05308,PROP1908,Elevator / Lift
AMN05309,PROP1908,Intercom
AMN05310,PROP1908,EV Charging Point
AMN05311,PROP1908,Club House
AMN05312,PROP1909,EV Charging Point
AMN05313,PROP1909,24x7 Power Backup
AMN05314,PROP1909,Swimming Pool
AMN05315,PROP1909,Elevator / Lift
AMN05316,PROP1909,Fire Safety System
AMN05317,PROP1909,Covered Parking
AMN05318,PROP1910,Club House
AMN05319,PROP1910,24x7 Power Backup
AMN05320,PROP1910,EV Charging Point
AMN05321,PROP1910,Gym / Fitness Center
AMN05322,PROP1910,Fire Safety System
AMN05323,PROP1911,Geyser
AMN05324,PROP1911,Power Backup
AMN05325,PROP1911,RO Drinking Water
AMN05326,PROP1911,Attached Bathroom
AMN05327,PROP1911,High-Speed WiFi
AMN05328,PROP1912,Gym / Fitness Center
AMN05329,PROP1912,Elevator / Lift
AMN05330,PROP1912,Children's Play Area
AMN05331,PROP1912,Gated Security
AMN05332,PROP1912,EV Charging Point
AMN05333,PROP1912,Park / Garden
AMN05334,PROP1912,Intercom
AMN05335,PROP1912,Covered Parking
AMN05336,PROP1913,Covered Parking
AMN05337,PROP1913,Swimming Pool
AMN05338,PROP1913,Intercom
AMN05339,PROP1913,Children's Play Area
AMN05340,PROP1914,EV Charging Point
AMN05341,PROP1914,Fire Safety System
AMN05342,PROP1914,Children's Play Area
AMN05343,PROP1914,Elevator / Lift
AMN05344,PROP1914,Intercom
AMN05345,PROP1914,Swimming Pool
AMN05346,PROP1915,Club House
AMN05347,PROP1915,Gym / Fitness Center
AMN05348,PROP1915,Fire Safety System
AMN05349,PROP1915,Swimming Pool
AMN05350,PROP1915,Elevator / Lift
AMN05351,PROP1916,Covered Parking
AMN05352,PROP1916,Gym / Fitness Center
AMN05353,PROP1916,Children's Play Area
AMN05354,PROP1916,Club House
AMN05355,PROP1916,Elevator / Lift
AMN05356,PROP1916,24x7 Power Backup
AMN05357,PROP1917,Fire Safety System
AMN05358,PROP1917,Intercom
AMN05359,PROP1917,Club House
AMN05360,PROP1917,Gym / Fitness Center
AMN05361,PROP1917,EV Charging Point
AMN05362,PROP1918,Gym / Fitness Center
AMN05363,PROP1918,Swimming Pool
AMN05364,PROP1918,24x7 Power Backup
AMN05365,PROP1918,Covered Parking
AMN05366,PROP1918,Children's Play Area
AMN05367,PROP1919,Club House
AMN05368,PROP1919,Children's Play Area
AMN05369,PROP1919,Gym / Fitness Center
AMN05370,PROP1919,Swimming Pool
AMN05371,PROP1919,Covered Parking
AMN05372,PROP1919,EV Charging Point
AMN05373,PROP1919,Park / Garden
AMN05374,PROP1920,Solar Water Heater
AMN05375,PROP1920,24x7 Power Backup
AMN05376,PROP1920,Pet Friendly
AMN05377,PROP1920,Terrace Access
AMN05378,PROP1921,Covered Parking
AMN05379,PROP1921,Gated Security
AMN05380,PROP1921,Elevator / Lift
AMN05381,PROP1921,Gym / Fitness Center
AMN05382,PROP1922,Covered Parking
AMN05383,PROP1922,Private Garden
AMN05384,PROP1922,Solar Water Heater
AMN05385,PROP1922,Pet Friendly
AMN05386,PROP1922,Water Storage Tank
AMN05387,PROP1923,Elevator / Lift
AMN05388,PROP1923,Club House
AMN05389,PROP1923,Park / Garden
AMN05390,PROP1923,Gym / Fitness Center
AMN05391,PROP1923,Fire Safety System
AMN05392,PROP1923,Intercom
AMN05393,PROP1924,Covered Parking
AMN05394,PROP1924,Gym / Fitness Center
AMN05395,PROP1924,Intercom
AMN05396,PROP1924,24x7 Power Backup
AMN05397,PROP1924,Club House
AMN05398,PROP1924,Fire Safety System
AMN05399,PROP1924,Swimming Pool
AMN05400,PROP1925,Elevator / Lift
AMN05401,PROP1925,Children's Play Area
AMN05402,PROP1925,24x7 Power Backup
AMN05403,PROP1925,EV Charging Point
AMN05404,PROP1925,Covered Parking
AMN05405,PROP1926,Park / Garden
AMN05406,PROP1926,Intercom
AMN05407,PROP1926,Swimming Pool
AMN05408,PROP1926,Club House
AMN05409,PROP1926,Fire Safety System
AMN05410,PROP1927,Geyser
AMN05411,PROP1927,Microwave
AMN05412,PROP1927,Daily Housekeeping
AMN05413,PROP1927,Attached Bathroom
AMN05414,PROP1927,Air Conditioner
AMN05415,PROP1927,Refrigerator
AMN05416,PROP1927,RO Drinking Water
AMN05417,PROP1927,Power Backup
AMN05418,PROP1928,Covered Parking
AMN05419,PROP1928,EV Charging Point
AMN05420,PROP1928,Children's Play Area
AMN05421,PROP1928,Gated Security
AMN05422,PROP1928,Gym / Fitness Center
AMN05423,PROP1928,Park / Garden
AMN05424,PROP1928,Swimming Pool
AMN05425,PROP1928,Elevator / Lift
AMN05426,PROP1929,Club House
AMN05427,PROP1929,Children's Play Area
AMN05428,PROP1929,EV Charging Point
AMN05429,PROP1929,Fire Safety System
AMN05430,PROP1930,24x7 Power Backup
AMN05431,PROP1930,Solar Water Heater
AMN05432,PROP1930,Water Storage Tank
AMN05433,PROP1931,Elevator / Lift
AMN05434,PROP1931,Club House
AMN05435,PROP1931,Gym / Fitness Center
AMN05436,PROP1931,Gated Security
AMN05437,PROP1931,Intercom
AMN05438,PROP1931,24x7 Power Backup
AMN05439,PROP1931,EV Charging Point
AMN05440,PROP1932,Swimming Pool
AMN05441,PROP1932,Club House
AMN05442,PROP1932,Elevator / Lift
AMN05443,PROP1932,Intercom
AMN05444,PROP1932,Children's Play Area
AMN05445,PROP1933,Air Conditioner
AMN05446,PROP1933,Daily Housekeeping
AMN05447,PROP1933,High-Speed WiFi
AMN05448,PROP1933,Study Table
AMN05449,PROP1933,Washing Machine
AMN05450,PROP1933,RO Drinking Water
AMN05451,PROP1933,Microwave
AMN05452,PROP1933,Geyser
AMN05453,PROP1934,Gym / Fitness Center
AMN05454,PROP1934,Swimming Pool
AMN05455,PROP1934,Fire Safety System
AMN05456,PROP1934,Gated Security
AMN05457,PROP1934,Club House
AMN05458,PROP1934,Elevator / Lift
AMN05459,PROP1934,EV Charging Point
AMN05460,PROP1934,Covered Parking
AMN05461,PROP1935,Park / Garden
AMN05462,PROP1935,Club House
AMN05463,PROP1935,Elevator / Lift
AMN05464,PROP1935,Intercom
AMN05465,PROP1935,Fire Safety System
AMN05466,PROP1935,24x7 Power Backup
AMN05467,PROP1936,Power Backup
AMN05468,PROP1936,Washing Machine
AMN05469,PROP1936,Microwave
AMN05470,PROP1936,Geyser
AMN05471,PROP1937,Air Conditioner
AMN05472,PROP1937,Power Backup
AMN05473,PROP1937,Geyser
AMN05474,PROP1937,RO Drinking Water
AMN05475,PROP1937,High-Speed WiFi
AMN05476,PROP1937,Refrigerator
AMN05477,PROP1938,24x7 Power Backup
AMN05478,PROP1938,Park / Garden
AMN05479,PROP1938,Children's Play Area
AMN05480,PROP1938,Elevator / Lift
AMN05481,PROP1938,Gated Security
AMN05482,PROP1938,Intercom
AMN05483,PROP1938,Gym / Fitness Center
AMN05484,PROP1939,Fire Safety System
AMN05485,PROP1939,24x7 Power Backup
AMN05486,PROP1939,Children's Play Area
AMN05487,PROP1939,Intercom
AMN05488,PROP1939,Covered Parking
AMN05489,PROP1939,Gated Security
AMN05490,PROP1939,Gym / Fitness Center
AMN05491,PROP1940,Power Backup
AMN05492,PROP1940,CCTV / 24x7 Security
AMN05493,PROP1940,Geyser
AMN05494,PROP1940,Study Table
AMN05495,PROP1941,Club House
AMN05496,PROP1941,Children's Play Area
AMN05497,PROP1941,Gated Security
AMN05498,PROP1941,EV Charging Point
AMN05499,PROP1942,Attached Bathroom
AMN05500,PROP1942,Microwave
AMN05501,PROP1942,Daily Housekeeping
AMN05502,PROP1942,Study Table
AMN05503,PROP1942,RO Drinking Water
AMN05504,PROP1942,Air Conditioner
AMN05505,PROP1943,Park / Garden
AMN05506,PROP1943,Gym / Fitness Center
AMN05507,PROP1943,Intercom
AMN05508,PROP1943,Children's Play Area
AMN05509,PROP1944,Club House
AMN05510,PROP1944,EV Charging Point
AMN05511,PROP1944,Children's Play Area
AMN05512,PROP1944,24x7 Power Backup
AMN05513,PROP1944,Park / Garden
AMN05514,PROP1944,Gated Security
AMN05515,PROP1945,Attached Bathroom
AMN05516,PROP1945,Washing Machine
AMN05517,PROP1945,CCTV / 24x7 Security
AMN05518,PROP1945,Geyser
AMN05519,PROP1945,Air Conditioner
AMN05520,PROP1946,24x7 Power Backup
AMN05521,PROP1946,Swimming Pool
AMN05522,PROP1946,Gym / Fitness Center
AMN05523,PROP1946,Intercom
AMN05524,PROP1946,EV Charging Point
AMN05525,PROP1947,Park / Garden
AMN05526,PROP1947,Intercom
AMN05527,PROP1947,EV Charging Point
AMN05528,PROP1947,Fire Safety System
AMN05529,PROP1947,24x7 Power Backup
AMN05530,PROP1947,Swimming Pool
AMN05531,PROP1947,Gated Security
AMN05532,PROP1947,Covered Parking
AMN05533,PROP1948,High-Speed WiFi
AMN05534,PROP1948,Geyser
AMN05535,PROP1948,CCTV / 24x7 Security
AMN05536,PROP1948,Washing Machine
AMN05537,PROP1948,Refrigerator
AMN05538,PROP1949,Refrigerator
AMN05539,PROP1949,Attached Bathroom
AMN05540,PROP1949,CCTV / 24x7 Security
AMN05541,PROP1949,Power Backup
AMN05542,PROP1949,Washing Machine
AMN05543,PROP1949,High-Speed WiFi
AMN05544,PROP1949,Study Table
AMN05545,PROP1950,Gym / Fitness Center
AMN05546,PROP1950,Fire Safety System
AMN05547,PROP1950,Swimming Pool
AMN05548,PROP1950,Club House
AMN05549,PROP1950,EV Charging Point
AMN05550,PROP1951,Gated Security
AMN05551,PROP1951,24x7 Power Backup
AMN05552,PROP1951,EV Charging Point
AMN05553,PROP1951,Covered Parking
AMN05554,PROP1952,Covered Parking
AMN05555,PROP1952,Swimming Pool
AMN05556,PROP1952,24x7 Power Backup
AMN05557,PROP1952,Fire Safety System
AMN05558,PROP1952,Intercom
AMN05559,PROP1952,EV Charging Point
AMN05560,PROP1952,Elevator / Lift
AMN05561,PROP1953,Terrace Access
AMN05562,PROP1953,Covered Parking
AMN05563,PROP1953,Solar Water Heater
AMN05564,PROP1954,Daily Housekeeping
AMN05565,PROP1954,Refrigerator
AMN05566,PROP1954,RO Drinking Water
AMN05567,PROP1954,Microwave
AMN05568,PROP1955,High-Speed WiFi
AMN05569,PROP1955,Daily Housekeeping
AMN05570,PROP1955,Power Backup
AMN05571,PROP1955,Washing Machine
AMN05572,PROP1955,CCTV / 24x7 Security
AMN05573,PROP1955,Refrigerator
AMN05574,PROP1956,Study Table
AMN05575,PROP1956,Refrigerator
AMN05576,PROP1956,RO Drinking Water
AMN05577,PROP1956,Attached Bathroom
AMN05578,PROP1956,Daily Housekeeping
AMN05579,PROP1956,High-Speed WiFi
AMN05580,PROP1956,Washing Machine
AMN05581,PROP1956,Air Conditioner
AMN05582,PROP1957,Club House
AMN05583,PROP1957,Gym / Fitness Center
AMN05584,PROP1957,Intercom
AMN05585,PROP1957,Covered Parking
AMN05586,PROP1957,24x7 Power Backup
AMN05587,PROP1958,Solar Water Heater
AMN05588,PROP1958,Water Storage Tank
AMN05589,PROP1958,Pet Friendly
AMN05590,PROP1958,Terrace Access
AMN05591,PROP1958,24x7 Power Backup
AMN05592,PROP1958,Covered Parking
AMN05593,PROP1959,Solar Water Heater
AMN05594,PROP1959,24x7 Power Backup
AMN05595,PROP1959,CCTV Security
AMN05596,PROP1959,Terrace Access
AMN05597,PROP1960,24x7 Power Backup
AMN05598,PROP1960,Children's Play Area
AMN05599,PROP1960,Fire Safety System
AMN05600,PROP1960,Elevator / Lift
AMN05601,PROP1960,Park / Garden
AMN05602,PROP1960,Club House
AMN05603,PROP1960,Intercom
AMN05604,PROP1961,Fire Safety System
AMN05605,PROP1961,Club House
AMN05606,PROP1961,Intercom
AMN05607,PROP1961,Covered Parking
AMN05608,PROP1961,24x7 Power Backup
AMN05609,PROP1961,Gym / Fitness Center
AMN05610,PROP1962,Club House
AMN05611,PROP1962,Elevator / Lift
AMN05612,PROP1962,Park / Garden
AMN05613,PROP1962,Fire Safety System
AMN05614,PROP1962,EV Charging Point
AMN05615,PROP1962,24x7 Power Backup
AMN05616,PROP1962,Intercom
AMN05617,PROP1963,Swimming Pool
AMN05618,PROP1963,24x7 Power Backup
AMN05619,PROP1963,Elevator / Lift
AMN05620,PROP1963,Children's Play Area
AMN05621,PROP1963,Gym / Fitness Center
AMN05622,PROP1963,Covered Parking
AMN05623,PROP1963,Intercom
AMN05624,PROP1964,Gated Security
AMN05625,PROP1964,Elevator / Lift
AMN05626,PROP1964,Intercom
AMN05627,PROP1964,24x7 Power Backup
AMN05628,PROP1965,Air Conditioner
AMN05629,PROP1965,Refrigerator
AMN05630,PROP1965,Daily Housekeeping
AMN05631,PROP1965,Power Backup
AMN05632,PROP1965,Microwave
AMN05633,PROP1965,Attached Bathroom
AMN05634,PROP1965,Geyser
AMN05635,PROP1966,Gated Security
AMN05636,PROP1966,24x7 Power Backup
AMN05637,PROP1966,Swimming Pool
AMN05638,PROP1966,Fire Safety System
AMN05639,PROP1966,Elevator / Lift
AMN05640,PROP1966,Gym / Fitness Center
AMN05641,PROP1966,Children's Play Area
AMN05642,PROP1966,Club House
AMN05643,PROP1967,Children's Play Area
AMN05644,PROP1967,Elevator / Lift
AMN05645,PROP1967,Park / Garden
AMN05646,PROP1967,Gated Security
AMN05647,PROP1967,EV Charging Point
AMN05648,PROP1967,Club House
AMN05649,PROP1967,Gym / Fitness Center
AMN05650,PROP1968,Daily Housekeeping
AMN05651,PROP1968,Study Table
AMN05652,PROP1968,Washing Machine
AMN05653,PROP1968,Geyser
AMN05654,PROP1968,Attached Bathroom
AMN05655,PROP1968,Microwave
AMN05656,PROP1968,CCTV / 24x7 Security
AMN05657,PROP1969,Terrace Access
AMN05658,PROP1969,Solar Water Heater
AMN05659,PROP1969,Private Garden
AMN05660,PROP1970,EV Charging Point
AMN05661,PROP1970,Covered Parking
AMN05662,PROP1970,Gym / Fitness Center
AMN05663,PROP1970,Gated Security
AMN05664,PROP1970,Children's Play Area
AMN05665,PROP1970,24x7 Power Backup
AMN05666,PROP1970,Park / Garden
AMN05667,PROP1971,24x7 Power Backup
AMN05668,PROP1971,EV Charging Point
AMN05669,PROP1971,Intercom
AMN05670,PROP1971,Elevator / Lift
AMN05671,PROP1972,Club House
AMN05672,PROP1972,EV Charging Point
AMN05673,PROP1972,Elevator / Lift
AMN05674,PROP1972,Park / Garden
AMN05675,PROP1972,Fire Safety System
AMN05676,PROP1973,Intercom
AMN05677,PROP1973,Covered Parking
AMN05678,PROP1973,EV Charging Point
AMN05679,PROP1973,Gated Security
AMN05680,PROP1973,24x7 Power Backup
AMN05681,PROP1973,Swimming Pool
AMN05682,PROP1973,Fire Safety System
AMN05683,PROP1973,Gym / Fitness Center
AMN05684,PROP1974,Elevator / Lift
AMN05685,PROP1974,Covered Parking
AMN05686,PROP1974,EV Charging Point
AMN05687,PROP1974,Gym / Fitness Center
AMN05688,PROP1974,Club House
AMN05689,PROP1974,Children's Play Area
AMN05690,PROP1974,24x7 Power Backup
AMN05691,PROP1975,Club House
AMN05692,PROP1975,Gated Security
AMN05693,PROP1975,Elevator / Lift
AMN05694,PROP1975,24x7 Power Backup
AMN05695,PROP1975,Park / Garden
AMN05696,PROP1976,Park / Garden
AMN05697,PROP1976,Elevator / Lift
AMN05698,PROP1976,EV Charging Point
AMN05699,PROP1976,Intercom
AMN05700,PROP1976,Gym / Fitness Center
AMN05701,PROP1976,Club House
AMN05702,PROP1976,Covered Parking
AMN05703,PROP1976,Swimming Pool
AMN05704,PROP1977,Gated Security
AMN05705,PROP1977,Park / Garden
AMN05706,PROP1977,Children's Play Area
AMN05707,PROP1977,Club House
AMN05708,PROP1977,EV Charging Point
AMN05709,PROP1977,Covered Parking
AMN05710,PROP1977,Fire Safety System
AMN05711,PROP1977,Intercom
AMN05712,PROP1978,CCTV / 24x7 Security
AMN05713,PROP1978,Refrigerator
AMN05714,PROP1978,High-Speed WiFi
AMN05715,PROP1978,Study Table
AMN05716,PROP1978,Air Conditioner
AMN05717,PROP1978,Microwave
AMN05718,PROP1979,Gated Security
AMN05719,PROP1979,Children's Play Area
AMN05720,PROP1979,Covered Parking
AMN05721,PROP1979,Swimming Pool
AMN05722,PROP1979,Intercom
AMN05723,PROP1979,24x7 Power Backup
AMN05724,PROP1980,24x7 Power Backup
AMN05725,PROP1980,Fire Safety System
AMN05726,PROP1980,Club House
AMN05727,PROP1980,EV Charging Point
AMN05728,PROP1980,Children's Play Area
AMN05729,PROP1980,Intercom
AMN05730,PROP1980,Covered Parking
AMN05731,PROP1980,Park / Garden
AMN05732,PROP1981,EV Charging Point
AMN05733,PROP1981,Gated Security
AMN05734,PROP1981,Park / Garden
AMN05735,PROP1981,Intercom
AMN05736,PROP1981,Fire Safety System
AMN05737,PROP1981,Gym / Fitness Center
AMN05738,PROP1981,Covered Parking
AMN05739,PROP1982,Covered Parking
AMN05740,PROP1982,Children's Play Area
AMN05741,PROP1982,Gated Security
AMN05742,PROP1982,Park / Garden
AMN05743,PROP1982,EV Charging Point
AMN05744,PROP1982,Club House
AMN05745,PROP1982,Fire Safety System
AMN05746,PROP1982,Swimming Pool
AMN05747,PROP1983,CCTV / 24x7 Security
AMN05748,PROP1983,Geyser
AMN05749,PROP1983,Attached Bathroom
AMN05750,PROP1983,Study Table
AMN05751,PROP1983,Power Backup
AMN05752,PROP1984,Gated Security
AMN05753,PROP1984,Swimming Pool
AMN05754,PROP1984,Elevator / Lift
AMN05755,PROP1984,24x7 Power Backup
AMN05756,PROP1984,EV Charging Point
AMN05757,PROP1984,Gym / Fitness Center
AMN05758,PROP1985,Park / Garden
AMN05759,PROP1985,Gated Security
AMN05760,PROP1985,Swimming Pool
AMN05761,PROP1985,24x7 Power Backup
AMN05762,PROP1985,Intercom
AMN05763,PROP1985,Club House
AMN05764,PROP1986,Park / Garden
AMN05765,PROP1986,Intercom
AMN05766,PROP1986,Elevator / Lift
AMN05767,PROP1986,Gated Security
AMN05768,PROP1987,EV Charging Point
AMN05769,PROP1987,Club House
AMN05770,PROP1987,Intercom
AMN05771,PROP1987,Fire Safety System
AMN05772,PROP1988,Children's Play Area
AMN05773,PROP1988,Swimming Pool
AMN05774,PROP1988,Gated Security
AMN05775,PROP1988,Park / Garden
AMN05776,PROP1988,Club House
AMN05777,PROP1988,Elevator / Lift
AMN05778,PROP1988,Intercom
AMN05779,PROP1988,EV Charging Point
AMN05780,PROP1989,Gym / Fitness Center
AMN05781,PROP1989,Covered Parking
AMN05782,PROP1989,Intercom
AMN05783,PROP1989,Fire Safety System
AMN05784,PROP1989,Elevator / Lift
AMN05785,PROP1989,24x7 Power Backup
AMN05786,PROP1989,Children's Play Area
AMN05787,PROP1989,Swimming Pool
AMN05788,PROP1990,Park / Garden
AMN05789,PROP1990,Gated Security
AMN05790,PROP1990,Fire Safety System
AMN05791,PROP1990,Covered Parking
AMN05792,PROP1990,Swimming Pool
AMN05793,PROP1990,Gym / Fitness Center
AMN05794,PROP1990,Elevator / Lift
AMN05795,PROP1990,24x7 Power Backup
AMN05796,PROP1991,Gated Security
AMN05797,PROP1991,Fire Safety System
AMN05798,PROP1991,Children's Play Area
AMN05799,PROP1991,24x7 Power Backup
AMN05800,PROP1991,Swimming Pool
AMN05801,PROP1991,EV Charging Point
AMN05802,PROP1992,EV Charging Point
AMN05803,PROP1992,Gym / Fitness Center
AMN05804,PROP1992,Club House
AMN05805,PROP1992,Swimming Pool
AMN05806,PROP1992,Gated Security
AMN05807,PROP1992,24x7 Power Backup
AMN05808,PROP1993,High-Speed WiFi
AMN05809,PROP1993,RO Drinking Water
AMN05810,PROP1993,Washing Machine
AMN05811,PROP1993,Geyser
AMN05812,PROP1993,Attached Bathroom
AMN05813,PROP1994,Gated Security
AMN05814,PROP1994,EV Charging Point
AMN05815,PROP1994,Covered Parking
AMN05816,PROP1994,Swimming Pool
AMN05817,PROP1994,Gym / Fitness Center
AMN05818,PROP1994,Elevator / Lift
AMN05819,PROP1994,24x7 Power Backup
AMN05820,PROP1995,Microwave
AMN05821,PROP1995,Attached Bathroom
AMN05822,PROP1995,Power Backup
AMN05823,PROP1995,High-Speed WiFi
AMN05824,PROP1995,Geyser
AMN05825,PROP1995,Air Conditioner
AMN05826,PROP1996,CCTV / 24x7 Security
AMN05827,PROP1996,Refrigerator
AMN05828,PROP1996,Washing Machine
AMN05829,PROP1996,Daily Housekeeping
AMN05830,PROP1997,Solar Water Heater
AMN05831,PROP1997,Water Storage Tank
AMN05832,PROP1997,CCTV Security
AMN05833,PROP1997,Private Garden
AMN05834,PROP1997,24x7 Power Backup
AMN05835,PROP1997,Covered Parking
AMN05836,PROP1998,24x7 Power Backup
AMN05837,PROP1998,Park / Garden
AMN05838,PROP1998,Intercom
AMN05839,PROP1998,Fire Safety System
AMN05840,PROP1998,Club House
AMN05841,PROP1999,Swimming Pool
AMN05842,PROP1999,Park / Garden
AMN05843,PROP1999,24x7 Power Backup
AMN05844,PROP1999,Children's Play Area
AMN05845,PROP2000,Fire Safety System
AMN05846,PROP2000,Gated Security
AMN05847,PROP2000,Swimming Pool
AMN05848,PROP2000,EV Charging Point
AMN05849,PROP2000,Park / Garden
AMN05850,PROP2000,24x7 Power Backup
AMN05851,PROP2000,Covered Parking
AMN05852,PROP2000,Intercom
